id,market_and_exchange_names,report_date_as_yyyy_mm_dd,cftc_contract_market_code,cftc_market_code,open_interest_all,prod_merc_positions_long,prod_merc_positions_short,swap_positions_long_all,swap__positions_short_all,m_money_positions_long_all,m_money_positions_short_all,m_money_positions_spread,futonly_or_combined,reportDate,availableAt,availabilityRule,week
130604022651F,"NO. 2 HEATING OIL, N.Y. HARBOR - NEW YORK MERCANTILE EXCHANGE",2013-06-04T00:00:00.000,022651,NYME,288600,101639,131433,62631,3234,25493,41693,25377,FutOnly,2013-06-04,2013-06-14 20:00:00+00:00,CONSERVATIVE_ONE_CUTOFF_DELAY,2013-06-03
130611022651F,"NO. 2 HEATING OIL, N.Y. HARBOR - NEW YORK MERCANTILE EXCHANGE",2013-06-11T00:00:00.000,022651,NYME,300847,112522,140512,61326,3710,25354,45160,26147,FutOnly,2013-06-11,2013-06-21 20:00:00+00:00,CONSERVATIVE_ONE_CUTOFF_DELAY,2013-06-10
130618022651F,"NO. 2 HEATING OIL, N.Y. HARBOR - NEW YORK MERCANTILE EXCHANGE",2013-06-18T00:00:00.000,022651,NYME,292091,105879,147717,58353,4963,33430,38184,21318,FutOnly,2013-06-18,2013-06-28 20:00:00+00:00,CONSERVATIVE_ONE_CUTOFF_DELAY,2013-06-17
130625022651F,"NO. 2 HEATING OIL, N.Y. HARBOR - NEW YORK MERCANTILE EXCHANGE",2013-06-25T00:00:00.000,022651,NYME,283394,109646,134433,57988,5344,27890,41675,20297,FutOnly,2013-06-25,2013-07-05 20:00:00+00:00,CONSERVATIVE_ONE_CUTOFF_DELAY,2013-06-24
130702022651F,"NO. 2 HEATING OIL, N.Y. HARBOR - NEW YORK MERCANTILE EXCHANGE",2013-07-02T00:00:00.000,022651,NYME,280621,110704,137540,54730,5747,29940,40756,19673,FutOnly,2013-07-02,2013-07-12 20:00:00+00:00,CONSERVATIVE_ONE_CUTOFF_DELAY,2013-07-01
130709022651F,"NO. 2 HEATING OIL, N.Y. HARBOR - NEW YORK MERCANTILE EXCHANGE",2013-07-09T00:00:00.000,022651,NYME,289209,109210,147693,52074,5179,34903,35400,23177,FutOnly,2013-07-09,2013-07-19 20:00:00+00:00,CONSERVATIVE_ONE_CUTOFF_DELAY,2013-07-08
130716022651F,"NO. 2 HEATING OIL, N.Y. HARBOR - NEW YORK MERCANTILE EXCHANGE",2013-07-16T00:00:00.000,022651,NYME,299653,112299,164101,51276,3817,44596,31439,17201,FutOnly,2013-07-16,2013-07-26 20:00:00+00:00,CONSERVATIVE_ONE_CUTOFF_DELAY,2013-07-15
130723022651F,"NO. 2 HEATING OIL, N.Y. HARBOR - NEW YORK MERCANTILE EXCHANGE",2013-07-23T00:00:00.000,022651,NYME,288045,90477,158248,48381,4546,54415,25195,13461,FutOnly,2013-07-23,2013-08-02 20:00:00+00:00,CONSERVATIVE_ONE_CUTOFF_DELAY,2013-07-22
130730022651F,"NO. 2 HEATING OIL, N.Y. HARBOR - NEW YORK MERCANTILE EXCHANGE",2013-07-30T00:00:00.000,022651,NYME,273339,75148,144043,47009,4773,59284,24717,13332,FutOnly,2013-07-30,2013-08-09 20:00:00+00:00,CONSERVATIVE_ONE_CUTOFF_DELAY,2013-07-29
130806022651F,"NO. 2 HEATING OIL, N.Y. HARBOR - NEW YORK MERCANTILE EXCHANGE",2013-08-06T00:00:00.000,022651,NYME,286142,82012,150063,45417,5700,60342,22275,15736,FutOnly,2013-08-06,2013-08-16 20:00:00+00:00,CONSERVATIVE_ONE_CUTOFF_DELAY,2013-08-05
130813022651F,"NO. 2 HEATING OIL, N.Y. HARBOR - NEW YORK MERCANTILE EXCHANGE",2013-08-13T00:00:00.000,022651,NYME,292419,95322,153293,45060,5797,54323,21943,15864,FutOnly,2013-08-13,2013-08-23 20:00:00+00:00,CONSERVATIVE_ONE_CUTOFF_DELAY,2013-08-12
130820022651F,"NO. 2 HEATING OIL, N.Y. HARBOR - NEW YORK MERCANTILE EXCHANGE",2013-08-20T00:00:00.000,022651,NYME,305060,99515,163204,43853,7003,58866,21101,17160,FutOnly,2013-08-20,2013-08-30 20:00:00+00:00,CONSERVATIVE_ONE_CUTOFF_DELAY,2013-08-19
130827022651F,"NO. 2 HEATING OIL, N.Y. HARBOR - NEW YORK MERCANTILE EXCHANGE",2013-08-27T00:00:00.000,022651,NYME,288275,87274,158754,43544,6998,58251,20440,14626,FutOnly,2013-08-27,2013-09-06 20:00:00+00:00,CONSERVATIVE_ONE_CUTOFF_DELAY,2013-08-26
130903022651F,"NO. 2 HEATING OIL, N.Y. HARBOR - NEW YORK MERCANTILE EXCHANGE",2013-09-03T00:00:00.000,022651,NYME,282749,81738,153011,42837,7600,59129,18553,16080,FutOnly,2013-09-03,2013-09-13 20:00:00+00:00,CONSERVATIVE_ONE_CUTOFF_DELAY,2013-09-02
130910022651F,"NO. 2 HEATING OIL, N.Y. HARBOR - NEW YORK MERCANTILE EXCHANGE",2013-09-10T00:00:00.000,022651,NYME,290356,91926,155738,42353,8138,54059,17702,18942,FutOnly,2013-09-10,2013-09-20 20:00:00+00:00,CONSERVATIVE_ONE_CUTOFF_DELAY,2013-09-09
130917022651F,"NO. 2 HEATING OIL, N.Y. HARBOR - NEW YORK MERCANTILE EXCHANGE",2013-09-17T00:00:00.000,022651,NYME,293021,99046,156098,45855,8318,48183,17378,21501,FutOnly,2013-09-17,2013-09-27 20:00:00+00:00,CONSERVATIVE_ONE_CUTOFF_DELAY,2013-09-16
130924022651F,"NO. 2 HEATING OIL, N.Y. HARBOR - NEW YORK MERCANTILE EXCHANGE",2013-09-24T00:00:00.000,022651,NYME,273153,89817,145682,45465,6438,39853,17943,22272,FutOnly,2013-09-24,2013-10-04 20:00:00+00:00,CONSERVATIVE_ONE_CUTOFF_DELAY,2013-09-23
131001022651F,"NO. 2 HEATING OIL, N.Y. HARBOR - NEW YORK MERCANTILE EXCHANGE",2013-10-01T00:00:00.000,022651,NYME,269223,95667,138823,46165,5367,34717,18982,21289,FutOnly,2013-10-01,,2013_SHUTDOWN_INCOMPLETE_ACTUAL_SCHEDULE,2013-09-30
131008022651F,"NO. 2 HEATING OIL, N.Y. HARBOR - NEW YORK MERCANTILE EXCHANGE",2013-10-08T00:00:00.000,022651,NYME,279409,101920,145021,45751,7836,33393,17562,26890,FutOnly,2013-10-08,,2013_SHUTDOWN_INCOMPLETE_ACTUAL_SCHEDULE,2013-10-07
131015022651F,"NO. 2 HEATING OIL, N.Y. HARBOR - NEW YORK MERCANTILE EXCHANGE",2013-10-15T00:00:00.000,022651,NYME,283938,106039,147194,43760,8436,33002,16439,26814,FutOnly,2013-10-15,,2013_SHUTDOWN_INCOMPLETE_ACTUAL_SCHEDULE,2013-10-14
131022022651F,"NO. 2 HEATING OIL, N.Y. HARBOR - NEW YORK MERCANTILE EXCHANGE",2013-10-22T00:00:00.000,022651,NYME,283846,105248,142704,42246,9242,32478,18425,25580,FutOnly,2013-10-22,,2013_SHUTDOWN_INCOMPLETE_ACTUAL_SCHEDULE,2013-10-21
131029022651F,"NO. 2 HEATING OIL, N.Y. HARBOR - NEW YORK MERCANTILE EXCHANGE",2013-10-29T00:00:00.000,022651,NYME,282169,108892,130041,45780,8133,27305,25446,20613,FutOnly,2013-10-29,,2013_SHUTDOWN_INCOMPLETE_ACTUAL_SCHEDULE,2013-10-28
131105022651F,"NO. 2 HEATING OIL, N.Y. HARBOR - NEW YORK MERCANTILE EXCHANGE",2013-11-05T00:00:00.000,022651,NYME,291380,117804,133341,48527,8048,25690,27104,25240,FutOnly,2013-11-05,,2013_SHUTDOWN_INCOMPLETE_ACTUAL_SCHEDULE,2013-11-04
131112022651F,"#2 HEATING OIL, NY HARBOR-ULSD - NEW YORK MERCANTILE EXCHANGE",2013-11-12T00:00:00.000,022651,NYME,308501,123580,134742,51667,8652,25819,33006,33113,FutOnly,2013-11-12,,2013_SHUTDOWN_INCOMPLETE_ACTUAL_SCHEDULE,2013-11-11
131119022651F,"#2 HEATING OIL, NY HARBOR-ULSD - NEW YORK MERCANTILE EXCHANGE",2013-11-19T00:00:00.000,022651,NYME,307976,120906,132725,48750,10419,26373,31557,34533,FutOnly,2013-11-19,2013-11-29 21:00:00+00:00,CONSERVATIVE_ONE_CUTOFF_DELAY,2013-11-18
131126022651F,"#2 HEATING OIL, NY HARBOR-ULSD - NEW YORK MERCANTILE EXCHANGE",2013-11-26T00:00:00.000,022651,NYME,291802,100428,127973,48332,11621,31971,21389,31530,FutOnly,2013-11-26,2013-12-06 21:00:00+00:00,CONSERVATIVE_ONE_CUTOFF_DELAY,2013-11-25
131203022651F,"#2 HEATING OIL, NY HARBOR-ULSD - NEW YORK MERCANTILE EXCHANGE",2013-12-03T00:00:00.000,022651,NYME,289308,91532,134648,49249,12283,37253,17855,32731,FutOnly,2013-12-03,2013-12-13 21:00:00+00:00,CONSERVATIVE_ONE_CUTOFF_DELAY,2013-12-02
131210022651F,"#2 HEATING OIL, NY HARBOR-ULSD - NEW YORK MERCANTILE EXCHANGE",2013-12-10T00:00:00.000,022651,NYME,305984,102166,146938,49150,11548,42992,17499,35246,FutOnly,2013-12-10,2013-12-20 21:00:00+00:00,CONSERVATIVE_ONE_CUTOFF_DELAY,2013-12-09
131217022651F,"#2 HEATING OIL, NY HARBOR-ULSD - NEW YORK MERCANTILE EXCHANGE",2013-12-17T00:00:00.000,022651,NYME,292021,104756,136154,49163,11745,38162,18654,29689,FutOnly,2013-12-17,2013-12-27 21:00:00+00:00,CONSERVATIVE_ONE_CUTOFF_DELAY,2013-12-16
131224022651F,"#2 HEATING OIL, NY HARBOR-ULSD - NEW YORK MERCANTILE EXCHANGE",2013-12-24T00:00:00.000,022651,NYME,287995,102908,139232,48120,10289,35853,16133,26065,FutOnly,2013-12-24,2014-01-03 21:00:00+00:00,CONSERVATIVE_ONE_CUTOFF_DELAY,2013-12-23
131231022651F,"#2 HEATING OIL, NY HARBOR-ULSD - NEW YORK MERCANTILE EXCHANGE",2013-12-31T00:00:00.000,022651,NYME,279100,89424,139851,48114,9006,42260,15620,22668,FutOnly,2013-12-31,2014-01-10 21:00:00+00:00,CONSERVATIVE_ONE_CUTOFF_DELAY,2013-12-30
140107022651F,"#2 HEATING OIL, NY HARBOR-ULSD - NEW YORK MERCANTILE EXCHANGE",2014-01-07T00:00:00.000,022651,NYME,277753,87111,123693,49329,6558,33855,17556,28547,FutOnly,2014-01-07,2014-01-17 21:00:00+00:00,CONSERVATIVE_ONE_CUTOFF_DELAY,2014-01-06
140114022651F,"#2 HEATING OIL, NY HARBOR-ULSD - NEW YORK MERCANTILE EXCHANGE",2014-01-14T00:00:00.000,022651,NYME,285579,98516,121318,48284,4824,28138,24558,24383,FutOnly,2014-01-14,2014-01-24 21:00:00+00:00,CONSERVATIVE_ONE_CUTOFF_DELAY,2014-01-13
140121022651F,"#2 HEATING OIL, NY HARBOR-ULSD - NEW YORK MERCANTILE EXCHANGE",2014-01-21T00:00:00.000,022651,NYME,279427,90087,127513,47354,1597,27647,20703,24414,FutOnly,2014-01-21,2014-01-31 21:00:00+00:00,CONSERVATIVE_ONE_CUTOFF_DELAY,2014-01-20
140128022651F,"#2 HEATING OIL, NY HARBOR-ULSD - NEW YORK MERCANTILE EXCHANGE",2014-01-28T00:00:00.000,022651,NYME,283200,89554,137766,46029,2239,40434,19040,20733,FutOnly,2014-01-28,2014-02-07 21:00:00+00:00,CONSERVATIVE_ONE_CUTOFF_DELAY,2014-01-27
140204022651F,"#2 HEATING OIL, NY HARBOR-ULSD - NEW YORK MERCANTILE EXCHANGE",2014-02-04T00:00:00.000,022651,NYME,284444,91090,149463,45242,3492,45351,18156,16505,FutOnly,2014-02-04,2014-02-14 21:00:00+00:00,CONSERVATIVE_ONE_CUTOFF_DELAY,2014-02-03
140211022651F,"#2 HEATING OIL, NY HARBOR-ULSD - NEW YORK MERCANTILE EXCHANGE",2014-02-11T00:00:00.000,022651,NYME,290530,89682,149562,44951,4756,46837,17612,19552,FutOnly,2014-02-11,2014-02-21 21:00:00+00:00,CONSERVATIVE_ONE_CUTOFF_DELAY,2014-02-10
140218022651F,"#2 HEATING OIL, NY HARBOR-ULSD - NEW YORK MERCANTILE EXCHANGE",2014-02-18T00:00:00.000,022651,NYME,310372,102647,165019,43847,5001,51792,16668,20189,FutOnly,2014-02-18,2014-02-28 21:00:00+00:00,CONSERVATIVE_ONE_CUTOFF_DELAY,2014-02-17
140225022651F,"#2 HEATING OIL, NY HARBOR-ULSD - NEW YORK MERCANTILE EXCHANGE",2014-02-25T00:00:00.000,022651,NYME,300016,87546,162074,44030,6443,58790,13097,18563,FutOnly,2014-02-25,2014-03-07 21:00:00+00:00,CONSERVATIVE_ONE_CUTOFF_DELAY,2014-02-24
140304022651F,"#2 HEATING OIL, NY HARBOR-ULSD - NEW YORK MERCANTILE EXCHANGE",2014-03-04T00:00:00.000,022651,NYME,302763,89917,166302,46543,6480,57588,15311,18594,FutOnly,2014-03-04,2014-03-14 20:00:00+00:00,CONSERVATIVE_ONE_CUTOFF_DELAY,2014-03-03
140311022651F,"#2 HEATING OIL, NY HARBOR-ULSD - NEW YORK MERCANTILE EXCHANGE",2014-03-11T00:00:00.000,022651,NYME,285806,79033,145135,47219,5836,47479,14232,21095,FutOnly,2014-03-11,2014-03-21 20:00:00+00:00,CONSERVATIVE_ONE_CUTOFF_DELAY,2014-03-10
140318022651F,"#2 HEATING OIL, NY HARBOR-ULSD - NEW YORK MERCANTILE EXCHANGE",2014-03-18T00:00:00.000,022651,NYME,281962,82124,136435,50169,4191,39404,16532,21540,FutOnly,2014-03-18,2014-03-28 20:00:00+00:00,CONSERVATIVE_ONE_CUTOFF_DELAY,2014-03-17
140325022651F,"#2 HEATING OIL, NY HARBOR-ULSD - NEW YORK MERCANTILE EXCHANGE",2014-03-25T00:00:00.000,022651,NYME,271061,72126,127610,49577,4755,39672,15963,19243,FutOnly,2014-03-25,2014-04-04 20:00:00+00:00,CONSERVATIVE_ONE_CUTOFF_DELAY,2014-03-24
140401022651F,"#2 HEATING OIL, NY HARBOR-ULSD - NEW YORK MERCANTILE EXCHANGE",2014-04-01T00:00:00.000,022651,NYME,250431,59034,110627,51968,4469,38902,16811,17133,FutOnly,2014-04-01,2014-04-11 20:00:00+00:00,CONSERVATIVE_ONE_CUTOFF_DELAY,2014-03-31
140408022651F,"#2 HEATING OIL, NY HARBOR-ULSD - NEW YORK MERCANTILE EXCHANGE",2014-04-08T00:00:00.000,022651,NYME,247251,56994,107754,52978,3478,34857,19304,19227,FutOnly,2014-04-08,2014-04-18 20:00:00+00:00,CONSERVATIVE_ONE_CUTOFF_DELAY,2014-04-07
140415022651F,"#2 HEATING OIL, NY HARBOR-ULSD - NEW YORK MERCANTILE EXCHANGE",2014-04-15T00:00:00.000,022651,NYME,264061,65888,115567,52771,3762,42749,22239,17436,FutOnly,2014-04-15,2014-04-25 20:00:00+00:00,CONSERVATIVE_ONE_CUTOFF_DELAY,2014-04-14
140422022651F,"#2 HEATING OIL, NY HARBOR-ULSD - NEW YORK MERCANTILE EXCHANGE",2014-04-22T00:00:00.000,022651,NYME,280091,67456,128939,54080,3022,52379,19271,16087,FutOnly,2014-04-22,2014-05-02 20:00:00+00:00,CONSERVATIVE_ONE_CUTOFF_DELAY,2014-04-21
140429022651F,"#2 HEATING OIL, NY HARBOR-ULSD - NEW YORK MERCANTILE EXCHANGE",2014-04-29T00:00:00.000,022651,NYME,270015,65938,128079,53865,6023,53568,17817,13610,FutOnly,2014-04-29,2014-05-09 20:00:00+00:00,CONSERVATIVE_ONE_CUTOFF_DELAY,2014-04-28
140506022651F,"#2 HEATING OIL, NY HARBOR-ULSD - NEW YORK MERCANTILE EXCHANGE",2014-05-06T00:00:00.000,022651,NYME,266412,70490,126294,54998,5865,44656,19851,17726,FutOnly,2014-05-06,2014-05-16 20:00:00+00:00,CONSERVATIVE_ONE_CUTOFF_DELAY,2014-05-05
140513022651F,"#2 HEATING OIL, NY HARBOR-ULSD - NEW YORK MERCANTILE EXCHANGE",2014-05-13T00:00:00.000,022651,NYME,276315,82922,132883,53572,5760,41995,16696,15726,FutOnly,2014-05-13,2014-05-23 20:00:00+00:00,CONSERVATIVE_ONE_CUTOFF_DELAY,2014-05-12
140520022651F,"#2 HEATING OIL, NY HARBOR-ULSD - NEW YORK MERCANTILE EXCHANGE",2014-05-20T00:00:00.000,022651,NYME,271644,79337,133163,51380,5726,44228,15683,15268,FutOnly,2014-05-20,2014-05-30 20:00:00+00:00,CONSERVATIVE_ONE_CUTOFF_DELAY,2014-05-19
140527022651F,"#2 HEATING OIL, NY HARBOR-ULSD - NEW YORK MERCANTILE EXCHANGE",2014-05-27T00:00:00.000,022651,NYME,270902,75927,134913,52220,5053,42939,15356,18792,FutOnly,2014-05-27,2014-06-06 20:00:00+00:00,CONSERVATIVE_ONE_CUTOFF_DELAY,2014-05-26
140603022651F,"#2 HEATING OIL, NY HARBOR-ULSD - NEW YORK MERCANTILE EXCHANGE",2014-06-03T00:00:00.000,022651,NYME,257686,75073,121776,52335,4514,34292,14372,19942,FutOnly,2014-06-03,2014-06-13 20:00:00+00:00,CONSERVATIVE_ONE_CUTOFF_DELAY,2014-06-02
140610022651F,"#2 HEATING OIL, NY HARBOR-ULSD - NEW YORK MERCANTILE EXCHANGE",2014-06-10T00:00:00.000,022651,NYME,279832,84701,127176,53375,4027,34624,18515,25040,FutOnly,2014-06-10,2014-06-20 20:00:00+00:00,CONSERVATIVE_ONE_CUTOFF_DELAY,2014-06-09
140617022651F,"#2 HEATING OIL, NY HARBOR-ULSD - NEW YORK MERCANTILE EXCHANGE",2014-06-17T00:00:00.000,022651,NYME,285621,78626,136334,52729,4468,45449,18424,20012,FutOnly,2014-06-17,2014-06-27 20:00:00+00:00,CONSERVATIVE_ONE_CUTOFF_DELAY,2014-06-16
140624022651F,"#2 HEATING OIL, NY HARBOR-ULSD - NEW YORK MERCANTILE EXCHANGE",2014-06-24T00:00:00.000,022651,NYME,304075,86883,158444,50398,4969,51901,12096,19209,FutOnly,2014-06-24,2014-07-04 20:00:00+00:00,CONSERVATIVE_ONE_CUTOFF_DELAY,2014-06-23
140701022651F,"#2 HEATING OIL, NY HARBOR-ULSD - NEW YORK MERCANTILE EXCHANGE",2014-07-01T00:00:00.000,022651,NYME,292289,79357,150389,50079,4654,51165,12349,13488,FutOnly,2014-07-01,2014-07-11 20:00:00+00:00,CONSERVATIVE_ONE_CUTOFF_DELAY,2014-06-30
140708022651F,"#2 HEATING OIL, NY HARBOR-ULSD - NEW YORK MERCANTILE EXCHANGE",2014-07-08T00:00:00.000,022651,NYME,289193,86937,141091,50070,4486,39012,15372,18383,FutOnly,2014-07-08,2014-07-18 20:00:00+00:00,CONSERVATIVE_ONE_CUTOFF_DELAY,2014-07-07
140715022651F,"#2 HEATING OIL, NY HARBOR-ULSD - NEW YORK MERCANTILE EXCHANGE",2014-07-15T00:00:00.000,022651,NYME,304676,90264,144043,55279,2853,34165,24306,19809,FutOnly,2014-07-15,2014-07-25 20:00:00+00:00,CONSERVATIVE_ONE_CUTOFF_DELAY,2014-07-14
140722022651F,"#2 HEATING OIL, NY HARBOR-ULSD - NEW YORK MERCANTILE EXCHANGE",2014-07-22T00:00:00.000,022651,NYME,329082,108775,155312,58396,3008,30830,31021,23456,FutOnly,2014-07-22,2014-08-01 20:00:00+00:00,CONSERVATIVE_ONE_CUTOFF_DELAY,2014-07-21
140729022651F,"#2 HEATING OIL, NY HARBOR-ULSD - NEW YORK MERCANTILE EXCHANGE",2014-07-29T00:00:00.000,022651,NYME,336160,107150,160048,58715,4839,30368,37686,24959,FutOnly,2014-07-29,2014-08-08 20:00:00+00:00,CONSERVATIVE_ONE_CUTOFF_DELAY,2014-07-28
140805022651F,"#2 HEATING OIL, NY HARBOR-ULSD - NEW YORK MERCANTILE EXCHANGE",2014-08-05T00:00:00.000,022651,NYME,342910,108110,159492,59518,4281,27308,44239,27991,FutOnly,2014-08-05,2014-08-15 20:00:00+00:00,CONSERVATIVE_ONE_CUTOFF_DELAY,2014-08-04
140812022651F,"#2 HEATING OIL, NY HARBOR-ULSD - NEW YORK MERCANTILE EXCHANGE",2014-08-12T00:00:00.000,022651,NYME,356605,98600,161693,61870,4879,31164,42500,32524,FutOnly,2014-08-12,2014-08-22 20:00:00+00:00,CONSERVATIVE_ONE_CUTOFF_DELAY,2014-08-11
140819022651F,"#2 HEATING OIL, NY HARBOR-ULSD - NEW YORK MERCANTILE EXCHANGE",2014-08-19T00:00:00.000,022651,NYME,357649,99089,162117,63470,4871,33073,38231,31047,FutOnly,2014-08-19,2014-08-29 20:00:00+00:00,CONSERVATIVE_ONE_CUTOFF_DELAY,2014-08-18
140826022651F,"#2 HEATING OIL, NY HARBOR-ULSD - NEW YORK MERCANTILE EXCHANGE",2014-08-26T00:00:00.000,022651,NYME,360704,96297,163199,63660,5313,33328,44330,33342,FutOnly,2014-08-26,2014-09-05 20:00:00+00:00,CONSERVATIVE_ONE_CUTOFF_DELAY,2014-08-25
140902022651F,"#2 HEATING OIL, NY HARBOR-ULSD - NEW YORK MERCANTILE EXCHANGE",2014-09-02T00:00:00.000,022651,NYME,363011,95363,165154,67755,3456,31195,46891,34650,FutOnly,2014-09-02,2014-09-12 20:00:00+00:00,CONSERVATIVE_ONE_CUTOFF_DELAY,2014-09-01
140909022651F,"#2 HEATING OIL, NY HARBOR-ULSD - NEW YORK MERCANTILE EXCHANGE",2014-09-09T00:00:00.000,022651,NYME,366013,102017,168155,67552,3269,26692,44808,38306,FutOnly,2014-09-09,2014-09-19 20:00:00+00:00,CONSERVATIVE_ONE_CUTOFF_DELAY,2014-09-08
140916022651F,"#2 HEATING OIL, NY HARBOR-ULSD - NEW YORK MERCANTILE EXCHANGE",2014-09-16T00:00:00.000,022651,NYME,374326,106083,169332,68684,2515,27225,46528,40943,FutOnly,2014-09-16,2014-09-26 20:00:00+00:00,CONSERVATIVE_ONE_CUTOFF_DELAY,2014-09-15
140923022651F,"#2 HEATING OIL, NY HARBOR-ULSD - NEW YORK MERCANTILE EXCHANGE",2014-09-23T00:00:00.000,022651,NYME,384597,112561,172952,71480,1189,26761,50737,42804,FutOnly,2014-09-23,2014-10-03 20:00:00+00:00,CONSERVATIVE_ONE_CUTOFF_DELAY,2014-09-22
140930022651F,"#2 HEATING OIL, NY HARBOR-ULSD - NEW YORK MERCANTILE EXCHANGE",2014-09-30T00:00:00.000,022651,NYME,376640,109572,168352,70050,1087,27847,55325,36550,FutOnly,2014-09-30,2014-10-10 20:00:00+00:00,CONSERVATIVE_ONE_CUTOFF_DELAY,2014-09-29
141007022651F,"#2 HEATING OIL, NY HARBOR-ULSD - NEW YORK MERCANTILE EXCHANGE",2014-10-07T00:00:00.000,022651,NYME,388563,112737,170260,71296,441,28362,55884,37437,FutOnly,2014-10-07,2014-10-17 20:00:00+00:00,CONSERVATIVE_ONE_CUTOFF_DELAY,2014-10-06
141014022651F,"#2 HEATING OIL, NY HARBOR-ULSD - NEW YORK MERCANTILE EXCHANGE",2014-10-14T00:00:00.000,022651,NYME,394133,122863,175226,69985,1490,31877,61213,32658,FutOnly,2014-10-14,2014-10-24 20:00:00+00:00,CONSERVATIVE_ONE_CUTOFF_DELAY,2014-10-13
141021022651F,"#2 HEATING OIL, NY HARBOR-ULSD - NEW YORK MERCANTILE EXCHANGE",2014-10-21T00:00:00.000,022651,NYME,392127,131720,180090,73314,1858,33230,59779,27359,FutOnly,2014-10-21,2014-10-31 20:00:00+00:00,CONSERVATIVE_ONE_CUTOFF_DELAY,2014-10-20
141028022651F,"#2 HEATING OIL, NY HARBOR-ULSD - NEW YORK MERCANTILE EXCHANGE",2014-10-28T00:00:00.000,022651,NYME,388708,135520,183302,74372,1447,32530,62556,22615,FutOnly,2014-10-28,2014-11-07 21:00:00+00:00,CONSERVATIVE_ONE_CUTOFF_DELAY,2014-10-27
141104022651F,"#2 HEATING OIL, NY HARBOR-ULSD - NEW YORK MERCANTILE EXCHANGE",2014-11-04T00:00:00.000,022651,NYME,403115,136960,186890,74805,1222,34667,59073,34279,FutOnly,2014-11-04,2014-11-14 21:00:00+00:00,CONSERVATIVE_ONE_CUTOFF_DELAY,2014-11-03
141111022651F,"#2 HEATING OIL, NY HARBOR-ULSD - NEW YORK MERCANTILE EXCHANGE",2014-11-11T00:00:00.000,022651,NYME,405089,128208,181264,75509,1081,36006,58567,40111,FutOnly,2014-11-11,2014-11-21 21:00:00+00:00,CONSERVATIVE_ONE_CUTOFF_DELAY,2014-11-10
141118022651F,"#2 HEATING OIL, NY HARBOR-ULSD - NEW YORK MERCANTILE EXCHANGE",2014-11-18T00:00:00.000,022651,NYME,387099,113200,168991,76337,2231,36567,53921,36163,FutOnly,2014-11-18,2014-11-28 21:00:00+00:00,CONSERVATIVE_ONE_CUTOFF_DELAY,2014-11-17
141125022651F,"#2 HEATING OIL, NY HARBOR-ULSD - NEW YORK MERCANTILE EXCHANGE",2014-11-25T00:00:00.000,022651,NYME,372718,114718,160709,72066,4681,29207,50668,38450,FutOnly,2014-11-25,2014-12-05 21:00:00+00:00,CONSERVATIVE_ONE_CUTOFF_DELAY,2014-11-24
141202022651F,"#2 HEATING OIL, NY HARBOR-ULSD - NEW YORK MERCANTILE EXCHANGE",2014-12-02T00:00:00.000,022651,NYME,359634,107472,150141,72809,3772,30922,49407,35209,FutOnly,2014-12-02,2014-12-12 21:00:00+00:00,CONSERVATIVE_ONE_CUTOFF_DELAY,2014-12-01
141209022651F,"#2 HEATING OIL, NY HARBOR-ULSD - NEW YORK MERCANTILE EXCHANGE",2014-12-09T00:00:00.000,022651,NYME,361674,114748,154490,71697,4367,32045,52538,30922,FutOnly,2014-12-09,2014-12-19 21:00:00+00:00,CONSERVATIVE_ONE_CUTOFF_DELAY,2014-12-08
141216022651F,"#2 HEATING OIL, NY HARBOR-ULSD - NEW YORK MERCANTILE EXCHANGE",2014-12-16T00:00:00.000,022651,NYME,357248,108872,143482,69940,3240,35613,57078,28870,FutOnly,2014-12-16,2014-12-26 21:00:00+00:00,CONSERVATIVE_ONE_CUTOFF_DELAY,2014-12-15
141223022651F,"#2 HEATING OIL, NY HARBOR-ULSD - NEW YORK MERCANTILE EXCHANGE",2014-12-23T00:00:00.000,022651,NYME,354472,106433,149095,71551,900,33041,55095,33132,FutOnly,2014-12-23,2015-01-02 21:00:00+00:00,CONSERVATIVE_ONE_CUTOFF_DELAY,2014-12-22
141230022651F,"#2 HEATING OIL, NY HARBOR-ULSD - NEW YORK MERCANTILE EXCHANGE",2014-12-30T00:00:00.000,022651,NYME,342899,103974,148563,71394,902,30805,57354,28465,FutOnly,2014-12-30,2015-01-09 21:00:00+00:00,CONSERVATIVE_ONE_CUTOFF_DELAY,2014-12-29
150106022651F,"#2 HEATING OIL, NY HARBOR-ULSD - NEW YORK MERCANTILE EXCHANGE",2015-01-06T00:00:00.000,022651,NYME,359244,104474,154531,74721,912,34549,57231,34662,FutOnly,2015-01-06,2015-01-16 21:00:00+00:00,CONSERVATIVE_ONE_CUTOFF_DELAY,2015-01-05
150113022651F,"#2 HEATING OIL, NY HARBOR-ULSD - NEW YORK MERCANTILE EXCHANGE",2015-01-13T00:00:00.000,022651,NYME,373833,99683,149203,78586,906,38779,65998,41630,FutOnly,2015-01-13,2015-01-23 21:00:00+00:00,CONSERVATIVE_ONE_CUTOFF_DELAY,2015-01-12
150120022651F,"#2 HEATING OIL, NY HARBOR-ULSD - NEW YORK MERCANTILE EXCHANGE",2015-01-20T00:00:00.000,022651,NYME,377479,96784,150291,85037,904,40919,69142,39193,FutOnly,2015-01-20,2015-01-30 21:00:00+00:00,CONSERVATIVE_ONE_CUTOFF_DELAY,2015-01-19
150127022651F,"#2 HEATING OIL, NY HARBOR-ULSD - NEW YORK MERCANTILE EXCHANGE",2015-01-27T00:00:00.000,022651,NYME,392614,107140,165864,85607,961,38338,67375,41738,FutOnly,2015-01-27,2015-02-06 21:00:00+00:00,CONSERVATIVE_ONE_CUTOFF_DELAY,2015-01-26
150203022651F,"#2 HEATING OIL, NY HARBOR-ULSD - NEW YORK MERCANTILE EXCHANGE",2015-02-03T00:00:00.000,022651,NYME,379514,100205,154262,84404,908,37951,66378,37433,FutOnly,2015-02-03,2015-02-13 21:00:00+00:00,CONSERVATIVE_ONE_CUTOFF_DELAY,2015-02-02
150210022651F,"#2 HEATING OIL, NY HARBOR-ULSD - NEW YORK MERCANTILE EXCHANGE",2015-02-10T00:00:00.000,022651,NYME,397329,111726,167754,85943,867,32873,65304,36604,FutOnly,2015-02-10,2015-02-20 21:00:00+00:00,CONSERVATIVE_ONE_CUTOFF_DELAY,2015-02-09
150217022651F,"#2 HEATING OIL, NY HARBOR-ULSD - NEW YORK MERCANTILE EXCHANGE",2015-02-17T00:00:00.000,022651,NYME,395666,111032,172780,84454,2119,35651,55865,34594,FutOnly,2015-02-17,2015-02-27 21:00:00+00:00,CONSERVATIVE_ONE_CUTOFF_DELAY,2015-02-16
150224022651F,"#2 HEATING OIL, NY HARBOR-ULSD - NEW YORK MERCANTILE EXCHANGE",2015-02-24T00:00:00.000,022651,NYME,368870,100446,166240,81776,2991,37721,52618,27196,FutOnly,2015-02-24,2015-03-06 21:00:00+00:00,CONSERVATIVE_ONE_CUTOFF_DELAY,2015-02-23
150303022651F,"#2 HEATING OIL, NY HARBOR-ULSD - NEW YORK MERCANTILE EXCHANGE",2015-03-03T00:00:00.000,022651,NYME,375130,104063,176783,78857,2293,31282,42589,28107,FutOnly,2015-03-03,2015-03-13 20:00:00+00:00,CONSERVATIVE_ONE_CUTOFF_DELAY,2015-03-02
150310022651F,"#2 HEATING OIL, NY HARBOR-ULSD - NEW YORK MERCANTILE EXCHANGE",2015-03-10T00:00:00.000,022651,NYME,385006,106168,172769,78066,1637,31790,44493,33847,FutOnly,2015-03-10,2015-03-20 20:00:00+00:00,CONSERVATIVE_ONE_CUTOFF_DELAY,2015-03-09
150317022651F,"#2 HEATING OIL, NY HARBOR-ULSD - NEW YORK MERCANTILE EXCHANGE",2015-03-17T00:00:00.000,022651,NYME,378817,104095,161620,77081,1592,30065,49994,30592,FutOnly,2015-03-17,2015-03-27 20:00:00+00:00,CONSERVATIVE_ONE_CUTOFF_DELAY,2015-03-16
150324022651F,"#2 HEATING OIL, NY HARBOR-ULSD - NEW YORK MERCANTILE EXCHANGE",2015-03-24T00:00:00.000,022651,NYME,364661,96903,151628,78457,865,25660,51108,28951,FutOnly,2015-03-24,2015-04-03 20:00:00+00:00,CONSERVATIVE_ONE_CUTOFF_DELAY,2015-03-23
150331022651F,"#2 HEATING OIL, NY HARBOR-ULSD - NEW YORK MERCANTILE EXCHANGE",2015-03-31T00:00:00.000,022651,NYME,364522,96245,147881,76389,1060,25992,51481,34476,FutOnly,2015-03-31,2015-04-10 20:00:00+00:00,CONSERVATIVE_ONE_CUTOFF_DELAY,2015-03-30
150407022651F,"#2 HEATING OIL, NY HARBOR-ULSD - NEW YORK MERCANTILE EXCHANGE",2015-04-07T00:00:00.000,022651,NYME,363677,96256,143581,75418,1174,23649,55721,32024,FutOnly,2015-04-07,2015-04-17 20:00:00+00:00,CONSERVATIVE_ONE_CUTOFF_DELAY,2015-04-06
150414022651F,"#2 HEATING OIL, NY HARBOR-ULSD - NEW YORK MERCANTILE EXCHANGE",2015-04-14T00:00:00.000,022651,NYME,365300,94818,151331,74115,943,29317,52568,31802,FutOnly,2015-04-14,2015-04-24 20:00:00+00:00,CONSERVATIVE_ONE_CUTOFF_DELAY,2015-04-13
150421022651F,"#2 HEATING OIL, NY HARBOR-ULSD - NEW YORK MERCANTILE EXCHANGE",2015-04-21T00:00:00.000,022651,NYME,360816,87785,154384,74889,844,31051,51458,28460,FutOnly,2015-04-21,2015-05-01 20:00:00+00:00,CONSERVATIVE_ONE_CUTOFF_DELAY,2015-04-20
150428022651F,"#2 HEATING OIL, NY HARBOR-ULSD - NEW YORK MERCANTILE EXCHANGE",2015-04-28T00:00:00.000,022651,NYME,360668,91191,166551,76070,874,35114,48804,26624,FutOnly,2015-04-28,2015-05-08 20:00:00+00:00,CONSERVATIVE_ONE_CUTOFF_DELAY,2015-04-27
150505022651F,"#2 HEATING OIL, NY HARBOR-ULSD - NEW YORK MERCANTILE EXCHANGE",2015-05-05T00:00:00.000,022651,NYME,354999,87182,167022,77206,1028,37279,46223,22742,FutOnly,2015-05-05,2015-05-15 20:00:00+00:00,CONSERVATIVE_ONE_CUTOFF_DELAY,2015-05-04
150512022651F,"#2 HEATING OIL, NY HARBOR-ULSD - NEW YORK MERCANTILE EXCHANGE",2015-05-12T00:00:00.000,022651,NYME,367727,96603,176604,76707,1148,38279,46998,25423,FutOnly,2015-05-12,2015-05-22 20:00:00+00:00,CONSERVATIVE_ONE_CUTOFF_DELAY,2015-05-11
150519022651F,"#2 HEATING OIL, NY HARBOR-ULSD - NEW YORK MERCANTILE EXCHANGE",2015-05-19T00:00:00.000,022651,NYME,362911,89620,178057,77667,1375,36494,41266,28354,FutOnly,2015-05-19,2015-05-29 20:00:00+00:00,CONSERVATIVE_ONE_CUTOFF_DELAY,2015-05-18
150526022651F,"#2 HEATING OIL, NY HARBOR-ULSD - NEW YORK MERCANTILE EXCHANGE",2015-05-26T00:00:00.000,022651,NYME,352075,87784,176495,78154,325,35107,39079,23509,FutOnly,2015-05-26,2015-06-05 20:00:00+00:00,CONSERVATIVE_ONE_CUTOFF_DELAY,2015-05-25
150602022651F,"#2 HEATING OIL, NY HARBOR-ULSD - NEW YORK MERCANTILE EXCHANGE",2015-06-02T00:00:00.000,022651,NYME,342066,80240,172788,78837,52,31516,36856,24909,FutOnly,2015-06-02,2015-06-12 20:00:00+00:00,CONSERVATIVE_ONE_CUTOFF_DELAY,2015-06-01
150609022651F,"#2 HEATING OIL, NY HARBOR-ULSD - NEW YORK MERCANTILE EXCHANGE",2015-06-09T00:00:00.000,022651,NYME,353855,85683,176534,78104,496,30628,36879,29800,FutOnly,2015-06-09,2015-06-19 20:00:00+00:00,CONSERVATIVE_ONE_CUTOFF_DELAY,2015-06-08
150616022651F,"#2 HEATING OIL, NY HARBOR-ULSD - NEW YORK MERCANTILE EXCHANGE",2015-06-16T00:00:00.000,022651,NYME,368951,97688,189684,79703,871,32077,35420,29090,FutOnly,2015-06-16,2015-06-26 20:00:00+00:00,CONSERVATIVE_ONE_CUTOFF_DELAY,2015-06-15
150623022651F,"#2 HEATING OIL, NY HARBOR-ULSD - NEW YORK MERCANTILE EXCHANGE",2015-06-23T00:00:00.000,022651,NYME,371685,97247,196545,79848,1171,31711,32954,26711,FutOnly,2015-06-23,2015-07-03 20:00:00+00:00,CONSERVATIVE_ONE_CUTOFF_DELAY,2015-06-22
150630022651F,"#2 HEATING OIL, NY HARBOR-ULSD - NEW YORK MERCANTILE EXCHANGE",2015-06-30T00:00:00.000,022651,NYME,367511,93765,189430,79840,1046,29326,33901,26765,FutOnly,2015-06-30,2015-07-10 20:00:00+00:00,CONSERVATIVE_ONE_CUTOFF_DELAY,2015-06-29
150707022651F,"#2 HEATING OIL, NY HARBOR-ULSD - NEW YORK MERCANTILE EXCHANGE",2015-07-07T00:00:00.000,022651,NYME,376020,105095,188698,82415,971,24827,40758,25499,FutOnly,2015-07-07,2015-07-17 20:00:00+00:00,CONSERVATIVE_ONE_CUTOFF_DELAY,2015-07-06
150714022651F,"#2 HEATING OIL, NY HARBOR-ULSD - NEW YORK MERCANTILE EXCHANGE",2015-07-14T00:00:00.000,022651,NYME,376772,102208,190427,81740,1046,24853,42240,24958,FutOnly,2015-07-14,2015-07-24 20:00:00+00:00,CONSERVATIVE_ONE_CUTOFF_DELAY,2015-07-13
150721022651F,"#2 HEATING OIL, NY HARBOR-ULSD - NEW YORK MERCANTILE EXCHANGE",2015-07-21T00:00:00.000,022651,NYME,391674,104674,196111,81797,1121,26678,45663,31951,FutOnly,2015-07-21,2015-07-31 20:00:00+00:00,CONSERVATIVE_ONE_CUTOFF_DELAY,2015-07-20
150728022651F,"#2 HEATING OIL, NY HARBOR-ULSD - NEW YORK MERCANTILE EXCHANGE",2015-07-28T00:00:00.000,022651,NYME,400345,111061,203864,78427,1121,28461,47029,32367,FutOnly,2015-07-28,2015-08-07 20:00:00+00:00,CONSERVATIVE_ONE_CUTOFF_DELAY,2015-07-27
150804022651F,"#2 HEATING OIL, NY HARBOR-ULSD - NEW YORK MERCANTILE EXCHANGE",2015-08-04T00:00:00.000,022651,NYME,409973,117580,201525,75951,1118,31736,57034,30092,FutOnly,2015-08-04,2015-08-14 20:00:00+00:00,CONSERVATIVE_ONE_CUTOFF_DELAY,2015-08-03
150811022651F,"#2 HEATING OIL, NY HARBOR-ULSD - NEW YORK MERCANTILE EXCHANGE",2015-08-11T00:00:00.000,022651,NYME,432352,123991,204907,77368,1118,31028,59526,42168,FutOnly,2015-08-11,2015-08-21 20:00:00+00:00,CONSERVATIVE_ONE_CUTOFF_DELAY,2015-08-10
150818022651F,"#2 HEATING OIL, NY HARBOR-ULSD - NEW YORK MERCANTILE EXCHANGE",2015-08-18T00:00:00.000,022651,NYME,423212,116750,201113,79153,1243,30140,57653,40677,FutOnly,2015-08-18,2015-08-28 20:00:00+00:00,CONSERVATIVE_ONE_CUTOFF_DELAY,2015-08-17
150825022651F,"#2 HEATING OIL, NY HARBOR-ULSD - NEW YORK MERCANTILE EXCHANGE",2015-08-25T00:00:00.000,022651,NYME,435992,136691,212629,78273,1196,30730,59589,38310,FutOnly,2015-08-25,2015-09-04 20:00:00+00:00,CONSERVATIVE_ONE_CUTOFF_DELAY,2015-08-24
150901022651F,"#2 HEATING OIL, NY HARBOR-ULSD - NEW YORK MERCANTILE EXCHANGE",2015-09-01T00:00:00.000,022651,NYME,415701,135178,210123,81894,1485,24105,51120,36954,FutOnly,2015-09-01,2015-09-11 20:00:00+00:00,CONSERVATIVE_ONE_CUTOFF_DELAY,2015-08-31
150908022651F,"#2 HEATING OIL, NY HARBOR-ULSD - NEW YORK MERCANTILE EXCHANGE",2015-09-08T00:00:00.000,022651,NYME,399246,124806,203589,81763,1460,24643,48350,33744,FutOnly,2015-09-08,2015-09-18 20:00:00+00:00,CONSERVATIVE_ONE_CUTOFF_DELAY,2015-09-07
150915022651F,"#2 HEATING OIL, NY HARBOR-ULSD - NEW YORK MERCANTILE EXCHANGE",2015-09-15T00:00:00.000,022651,NYME,410649,128475,200954,80075,1393,22811,48656,38114,FutOnly,2015-09-15,2015-09-25 20:00:00+00:00,CONSERVATIVE_ONE_CUTOFF_DELAY,2015-09-14
150922022651F,"#2 HEATING OIL, NY HARBOR-ULSD - NEW YORK MERCANTILE EXCHANGE",2015-09-22T00:00:00.000,022651,NYME,389170,120820,190249,80245,1310,21340,47232,27551,FutOnly,2015-09-22,2015-10-02 20:00:00+00:00,CONSERVATIVE_ONE_CUTOFF_DELAY,2015-09-21
150929022651F,"#2 HEATING OIL, NY HARBOR-ULSD - NEW YORK MERCANTILE EXCHANGE",2015-09-29T00:00:00.000,022651,NYME,385757,118365,189923,82180,1310,20529,50355,30056,FutOnly,2015-09-29,2015-10-09 20:00:00+00:00,CONSERVATIVE_ONE_CUTOFF_DELAY,2015-09-28
151006022651F,"#2 HEATING OIL, NY HARBOR-ULSD - NEW YORK MERCANTILE EXCHANGE",2015-10-06T00:00:00.000,022651,NYME,385732,116130,196307,81232,1135,19892,43028,30928,FutOnly,2015-10-06,2015-10-16 20:00:00+00:00,CONSERVATIVE_ONE_CUTOFF_DELAY,2015-10-05
151013022651F,"#2 HEATING OIL, NY HARBOR-ULSD - NEW YORK MERCANTILE EXCHANGE",2015-10-13T00:00:00.000,022651,NYME,376990,111902,181580,79786,835,16640,43998,32005,FutOnly,2015-10-13,2015-10-23 20:00:00+00:00,CONSERVATIVE_ONE_CUTOFF_DELAY,2015-10-12
151020022651F,"#2 HEATING OIL, NY HARBOR-ULSD - NEW YORK MERCANTILE EXCHANGE",2015-10-20T00:00:00.000,022651,NYME,394212,123797,196118,79334,840,20487,50719,29797,FutOnly,2015-10-20,2015-10-30 20:00:00+00:00,CONSERVATIVE_ONE_CUTOFF_DELAY,2015-10-19
151027022651F,"#2 HEATING OIL, NY HARBOR-ULSD - NEW YORK MERCANTILE EXCHANGE",2015-10-27T00:00:00.000,022651,NYME,378501,120394,187724,77781,590,20597,55512,24970,FutOnly,2015-10-27,2015-11-06 21:00:00+00:00,CONSERVATIVE_ONE_CUTOFF_DELAY,2015-10-26
151103022651F,"#2 HEATING OIL, NY HARBOR-ULSD - NEW YORK MERCANTILE EXCHANGE",2015-11-03T00:00:00.000,022651,NYME,355913,108029,177752,77780,315,20242,50856,25153,FutOnly,2015-11-03,2015-11-13 21:00:00+00:00,CONSERVATIVE_ONE_CUTOFF_DELAY,2015-11-02
151110022651F,"#2 HEATING OIL, NY HARBOR-ULSD - NEW YORK MERCANTILE EXCHANGE",2015-11-10T00:00:00.000,022651,NYME,369963,127483,190366,76328,565,21532,49960,24404,FutOnly,2015-11-10,2015-11-20 21:00:00+00:00,CONSERVATIVE_ONE_CUTOFF_DELAY,2015-11-09
151117022651F,"#2 HEATING OIL, NY HARBOR-ULSD - NEW YORK MERCANTILE EXCHANGE",2015-11-17T00:00:00.000,022651,NYME,374351,126857,181945,76428,660,21468,58513,22834,FutOnly,2015-11-17,2015-11-27 21:00:00+00:00,CONSERVATIVE_ONE_CUTOFF_DELAY,2015-11-16
151124022651F,"#2 HEATING OIL, NY HARBOR-ULSD - NEW YORK MERCANTILE EXCHANGE",2015-11-24T00:00:00.000,022651,NYME,362990,116730,169287,77415,660,19414,63971,22176,FutOnly,2015-11-24,2015-12-04 21:00:00+00:00,CONSERVATIVE_ONE_CUTOFF_DELAY,2015-11-23
151201022651F,"#2 HEATING OIL, NY HARBOR-ULSD - NEW YORK MERCANTILE EXCHANGE",2015-12-01T00:00:00.000,022651,NYME,345784,105477,158625,74329,660,20703,61586,21419,FutOnly,2015-12-01,2015-12-11 21:00:00+00:00,CONSERVATIVE_ONE_CUTOFF_DELAY,2015-11-30
151208022651F,"#2 HEATING OIL, NY HARBOR-ULSD - NEW YORK MERCANTILE EXCHANGE",2015-12-08T00:00:00.000,022651,NYME,347675,113318,169135,71072,1135,20187,59292,18938,FutOnly,2015-12-08,2015-12-18 21:00:00+00:00,CONSERVATIVE_ONE_CUTOFF_DELAY,2015-12-07
151215022651F,"#2 HEATING OIL, NY HARBOR-ULSD - NEW YORK MERCANTILE EXCHANGE",2015-12-15T00:00:00.000,022651,NYME,350446,115409,173768,69398,860,21294,61675,19922,FutOnly,2015-12-15,2015-12-25 21:00:00+00:00,CONSERVATIVE_ONE_CUTOFF_DELAY,2015-12-14
151222022651F,"#2 HEATING OIL, NY HARBOR-ULSD - NEW YORK MERCANTILE EXCHANGE",2015-12-22T00:00:00.000,022651,NYME,353619,117703,176046,71745,1170,23074,61032,25928,FutOnly,2015-12-22,2016-01-01 21:00:00+00:00,CONSERVATIVE_ONE_CUTOFF_DELAY,2015-12-21
151229022651F,"#2 HEATING OIL, NY HARBOR-ULSD - NEW YORK MERCANTILE EXCHANGE",2015-12-29T00:00:00.000,022651,NYME,343460,106892,172079,72546,1158,23432,58161,26301,FutOnly,2015-12-29,2016-01-08 21:00:00+00:00,CONSERVATIVE_ONE_CUTOFF_DELAY,2015-12-28
160105022651F,"#2 HEATING OIL, NY HARBOR-ULSD - NEW YORK MERCANTILE EXCHANGE",2016-01-05T00:00:00.000,022651,NYME,345966,102617,173508,69722,1158,24848,55430,31943,FutOnly,2016-01-05,2016-01-15 21:00:00+00:00,CONSERVATIVE_ONE_CUTOFF_DELAY,2016-01-04
160112022651F,"#2 HEATING OIL, NY HARBOR-ULSD - NEW YORK MERCANTILE EXCHANGE",2016-01-12T00:00:00.000,022651,NYME,345023,97088,175973,73537,1148,27633,49614,30826,FutOnly,2016-01-12,2016-01-22 21:00:00+00:00,CONSERVATIVE_ONE_CUTOFF_DELAY,2016-01-11
160119022651F,"#2 HEATING OIL, NY HARBOR-ULSD - NEW YORK MERCANTILE EXCHANGE",2016-01-19T00:00:00.000,022651,NYME,361345,106486,183455,76747,1148,29140,53285,30129,FutOnly,2016-01-19,2016-01-29 21:00:00+00:00,CONSERVATIVE_ONE_CUTOFF_DELAY,2016-01-18
160126022651F,"#2 HEATING OIL, NY HARBOR-ULSD - NEW YORK MERCANTILE EXCHANGE",2016-01-26T00:00:00.000,022651,NYME,349566,100336,185369,80189,1148,28099,49051,25530,FutOnly,2016-01-26,2016-02-05 21:00:00+00:00,CONSERVATIVE_ONE_CUTOFF_DELAY,2016-01-25
160202022651F,"#2 HEATING OIL, NY HARBOR-ULSD - NEW YORK MERCANTILE EXCHANGE",2016-02-02T00:00:00.000,022651,NYME,358889,106830,194970,86050,1271,25615,48958,26460,FutOnly,2016-02-02,2016-02-12 21:00:00+00:00,CONSERVATIVE_ONE_CUTOFF_DELAY,2016-02-01
160209022651F,"#2 HEATING OIL, NY HARBOR-ULSD - NEW YORK MERCANTILE EXCHANGE",2016-02-09T00:00:00.000,022651,NYME,358222,104453,192122,87235,1296,28574,50145,24066,FutOnly,2016-02-09,2016-02-19 21:00:00+00:00,CONSERVATIVE_ONE_CUTOFF_DELAY,2016-02-08
160216022651F,"#2 HEATING OIL, NY HARBOR-ULSD - NEW YORK MERCANTILE EXCHANGE",2016-02-16T00:00:00.000,022651,NYME,367721,110980,202107,87519,1317,26859,46022,25368,FutOnly,2016-02-16,2016-02-26 21:00:00+00:00,CONSERVATIVE_ONE_CUTOFF_DELAY,2016-02-15
160223022651F,"#2 HEATING OIL, NY HARBOR-ULSD - NEW YORK MERCANTILE EXCHANGE",2016-02-23T00:00:00.000,022651,NYME,373763,118798,203374,87024,1297,26345,48876,22991,FutOnly,2016-02-23,2016-03-04 21:00:00+00:00,CONSERVATIVE_ONE_CUTOFF_DELAY,2016-02-22
160301022651F,"#2 HEATING OIL, NY HARBOR-ULSD - NEW YORK MERCANTILE EXCHANGE",2016-03-01T00:00:00.000,022651,NYME,364300,119127,201765,88108,1622,23918,49751,17832,FutOnly,2016-03-01,2016-03-11 21:00:00+00:00,CONSERVATIVE_ONE_CUTOFF_DELAY,2016-02-29
160308022651F,"#2 HEATING OIL, NY HARBOR-ULSD - NEW YORK MERCANTILE EXCHANGE",2016-03-08T00:00:00.000,022651,NYME,363738,110447,195033,86893,1597,23726,45399,20155,FutOnly,2016-03-08,2016-03-18 20:00:00+00:00,CONSERVATIVE_ONE_CUTOFF_DELAY,2016-03-07
160315022651F,"#2 HEATING OIL, NY HARBOR-ULSD - NEW YORK MERCANTILE EXCHANGE",2016-03-15T00:00:00.000,022651,NYME,358306,102151,191554,88354,1347,25760,44852,19189,FutOnly,2016-03-15,2016-03-25 20:00:00+00:00,CONSERVATIVE_ONE_CUTOFF_DELAY,2016-03-14
160322022651F,"#2 HEATING OIL, NY HARBOR-ULSD - NEW YORK MERCANTILE EXCHANGE",2016-03-22T00:00:00.000,022651,NYME,378646,116666,214116,88756,1347,26673,39714,21954,FutOnly,2016-03-22,2016-04-01 20:00:00+00:00,CONSERVATIVE_ONE_CUTOFF_DELAY,2016-03-21
160329022651F,"#2 HEATING OIL, NY HARBOR-ULSD - NEW YORK MERCANTILE EXCHANGE",2016-03-29T00:00:00.000,022651,NYME,377333,114834,207131,85251,1389,27648,44413,21179,FutOnly,2016-03-29,2016-04-08 20:00:00+00:00,CONSERVATIVE_ONE_CUTOFF_DELAY,2016-03-28
160405022651F,"#2 HEATING OIL, NY HARBOR-ULSD - NEW YORK MERCANTILE EXCHANGE",2016-04-05T00:00:00.000,022651,NYME,382411,113626,201320,88455,1339,26857,47930,24067,FutOnly,2016-04-05,2016-04-15 20:00:00+00:00,CONSERVATIVE_ONE_CUTOFF_DELAY,2016-04-04
160412022651F,"#2 HEATING OIL, NY HARBOR-ULSD - NEW YORK MERCANTILE EXCHANGE",2016-04-12T00:00:00.000,022651,NYME,387559,112865,212000,90079,1389,28225,37563,26521,FutOnly,2016-04-12,2016-04-22 20:00:00+00:00,CONSERVATIVE_ONE_CUTOFF_DELAY,2016-04-11
160419022651F,"#2 HEATING OIL, NY HARBOR-ULSD - NEW YORK MERCANTILE EXCHANGE",2016-04-19T00:00:00.000,022651,NYME,395331,120543,217514,89300,2465,30301,38981,28475,FutOnly,2016-04-19,2016-04-29 20:00:00+00:00,CONSERVATIVE_ONE_CUTOFF_DELAY,2016-04-18
160426022651F,"#2 HEATING OIL, NY HARBOR-ULSD - NEW YORK MERCANTILE EXCHANGE",2016-04-26T00:00:00.000,022651,NYME,393354,116957,220753,89670,1865,30932,31512,25426,FutOnly,2016-04-26,2016-05-06 20:00:00+00:00,CONSERVATIVE_ONE_CUTOFF_DELAY,2016-04-25
160503022651F,"#2 HEATING OIL, NY HARBOR-ULSD - NEW YORK MERCANTILE EXCHANGE",2016-05-03T00:00:00.000,022651,NYME,393146,111312,222455,91819,1790,31649,27872,28193,FutOnly,2016-05-03,2016-05-13 20:00:00+00:00,CONSERVATIVE_ONE_CUTOFF_DELAY,2016-05-02
160510022651F,"#2 HEATING OIL, NY HARBOR-ULSD - NEW YORK MERCANTILE EXCHANGE",2016-05-10T00:00:00.000,022651,NYME,389661,107435,218893,91663,1730,31409,28971,27639,FutOnly,2016-05-10,2016-05-20 20:00:00+00:00,CONSERVATIVE_ONE_CUTOFF_DELAY,2016-05-09
160517022651F,"#2 HEATING OIL, NY HARBOR-ULSD - NEW YORK MERCANTILE EXCHANGE",2016-05-17T00:00:00.000,022651,NYME,399144,105313,215425,90970,1655,29193,23382,33835,FutOnly,2016-05-17,2016-05-27 20:00:00+00:00,CONSERVATIVE_ONE_CUTOFF_DELAY,2016-05-16
160524022651F,"#2 HEATING OIL, NY HARBOR-ULSD - NEW YORK MERCANTILE EXCHANGE",2016-05-24T00:00:00.000,022651,NYME,413495,120915,235032,88919,1639,34009,21073,30633,FutOnly,2016-05-24,2016-06-03 20:00:00+00:00,CONSERVATIVE_ONE_CUTOFF_DELAY,2016-05-23
160531022651F,"#2 HEATING OIL, NY HARBOR-ULSD - NEW YORK MERCANTILE EXCHANGE",2016-05-31T00:00:00.000,022651,NYME,409390,121718,235887,85554,1559,35177,19758,28703,FutOnly,2016-05-31,2016-06-10 20:00:00+00:00,CONSERVATIVE_ONE_CUTOFF_DELAY,2016-05-30
160607022651F,"#2 HEATING OIL, NY HARBOR-ULSD - NEW YORK MERCANTILE EXCHANGE",2016-06-07T00:00:00.000,022651,NYME,416893,126270,242484,86925,1679,35461,21416,28144,FutOnly,2016-06-07,2016-06-17 20:00:00+00:00,CONSERVATIVE_ONE_CUTOFF_DELAY,2016-06-06
160614022651F,"#2 HEATING OIL, NY HARBOR-ULSD - NEW YORK MERCANTILE EXCHANGE",2016-06-14T00:00:00.000,022651,NYME,412607,117235,235603,85594,1781,36120,20217,25600,FutOnly,2016-06-14,2016-06-24 20:00:00+00:00,CONSERVATIVE_ONE_CUTOFF_DELAY,2016-06-13
160621022651F,"#2 HEATING OIL, NY HARBOR-ULSD - NEW YORK MERCANTILE EXCHANGE",2016-06-21T00:00:00.000,022651,NYME,404416,116125,233531,89038,2211,33327,17094,24140,FutOnly,2016-06-21,2016-07-01 20:00:00+00:00,CONSERVATIVE_ONE_CUTOFF_DELAY,2016-06-20
160628022651F,"#2 HEATING OIL, NY HARBOR-ULSD - NEW YORK MERCANTILE EXCHANGE",2016-06-28T00:00:00.000,022651,NYME,381857,105223,221359,90516,2609,30777,18164,20214,FutOnly,2016-06-28,2016-07-08 20:00:00+00:00,CONSERVATIVE_ONE_CUTOFF_DELAY,2016-06-27
160705022651F,"#2 HEATING OIL, NY HARBOR-ULSD - NEW YORK MERCANTILE EXCHANGE",2016-07-05T00:00:00.000,022651,NYME,375277,96545,217701,93915,1124,33345,16294,21324,FutOnly,2016-07-05,2016-07-15 20:00:00+00:00,CONSERVATIVE_ONE_CUTOFF_DELAY,2016-07-04
160712022651F,"#2 HEATING OIL, NY HARBOR-ULSD - NEW YORK MERCANTILE EXCHANGE",2016-07-12T00:00:00.000,022651,NYME,367029,87830,204595,90388,1392,34862,15409,24676,FutOnly,2016-07-12,2016-07-22 20:00:00+00:00,CONSERVATIVE_ONE_CUTOFF_DELAY,2016-07-11
160719022651F,"#2 HEATING OIL, NY HARBOR-ULSD - NEW YORK MERCANTILE EXCHANGE",2016-07-19T00:00:00.000,022651,NYME,370482,96291,201750,90396,1160,29429,14162,26855,FutOnly,2016-07-19,2016-07-29 20:00:00+00:00,CONSERVATIVE_ONE_CUTOFF_DELAY,2016-07-18
160726022651F,"#2 HEATING OIL, NY HARBOR-ULSD - NEW YORK MERCANTILE EXCHANGE",2016-07-26T00:00:00.000,022651,NYME,368432,96450,205373,91741,1484,27452,15337,26326,FutOnly,2016-07-26,2016-08-05 20:00:00+00:00,CONSERVATIVE_ONE_CUTOFF_DELAY,2016-07-25
160802022651F,"#2 HEATING OIL, NY HARBOR-ULSD - NEW YORK MERCANTILE EXCHANGE",2016-08-02T00:00:00.000,022651,NYME,393209,106505,209980,89601,1775,27774,21254,30633,FutOnly,2016-08-02,2016-08-12 20:00:00+00:00,CONSERVATIVE_ONE_CUTOFF_DELAY,2016-08-01
160809022651F,"#2 HEATING OIL, NY HARBOR-ULSD - NEW YORK MERCANTILE EXCHANGE",2016-08-09T00:00:00.000,022651,NYME,398408,100059,204586,91002,1952,29233,27772,31922,FutOnly,2016-08-09,2016-08-19 20:00:00+00:00,CONSERVATIVE_ONE_CUTOFF_DELAY,2016-08-08
160816022651F,"#2 HEATING OIL, NY HARBOR-ULSD - NEW YORK MERCANTILE EXCHANGE",2016-08-16T00:00:00.000,022651,NYME,401075,97564,211978,93518,2225,28860,18694,35748,FutOnly,2016-08-16,2016-08-26 20:00:00+00:00,CONSERVATIVE_ONE_CUTOFF_DELAY,2016-08-15
160823022651F,"#2 HEATING OIL, NY HARBOR-ULSD - NEW YORK MERCANTILE EXCHANGE",2016-08-23T00:00:00.000,022651,NYME,402986,100217,228945,94412,2135,35877,14559,29448,FutOnly,2016-08-23,2016-09-02 20:00:00+00:00,CONSERVATIVE_ONE_CUTOFF_DELAY,2016-08-22
160830022651F,"#2 HEATING OIL, NY HARBOR-ULSD - NEW YORK MERCANTILE EXCHANGE",2016-08-30T00:00:00.000,022651,NYME,387074,94574,223432,93832,2810,35414,13486,28086,FutOnly,2016-08-30,2016-09-09 20:00:00+00:00,CONSERVATIVE_ONE_CUTOFF_DELAY,2016-08-29
160906022651F,"#2 HEATING OIL, NY HARBOR-ULSD - NEW YORK MERCANTILE EXCHANGE",2016-09-06T00:00:00.000,022651,NYME,382084,99009,217261,94942,2008,27937,18534,28891,FutOnly,2016-09-06,2016-09-16 20:00:00+00:00,CONSERVATIVE_ONE_CUTOFF_DELAY,2016-09-05
160913022651F,"#2 HEATING OIL, NY HARBOR-ULSD - NEW YORK MERCANTILE EXCHANGE",2016-09-13T00:00:00.000,022651,NYME,385339,100945,218792,94408,1996,25888,22111,33069,FutOnly,2016-09-13,2016-09-23 20:00:00+00:00,CONSERVATIVE_ONE_CUTOFF_DELAY,2016-09-12
160920022651F,"#2 HEATING OIL, NY HARBOR-ULSD - NEW YORK MERCANTILE EXCHANGE",2016-09-20T00:00:00.000,022651,NYME,400134,102537,218566,93537,2320,26999,29511,34070,FutOnly,2016-09-20,2016-09-30 20:00:00+00:00,CONSERVATIVE_ONE_CUTOFF_DELAY,2016-09-19
160927022651F,"#2 HEATING OIL, NY HARBOR-ULSD - NEW YORK MERCANTILE EXCHANGE",2016-09-27T00:00:00.000,022651,NYME,399090,107292,223355,92277,1615,28306,30579,28947,FutOnly,2016-09-27,2016-10-07 20:00:00+00:00,CONSERVATIVE_ONE_CUTOFF_DELAY,2016-09-26
161004022651F,"#2 HEATING OIL, NY HARBOR-ULSD - NEW YORK MERCANTILE EXCHANGE",2016-10-04T00:00:00.000,022651,NYME,391294,98818,234643,94594,1439,32070,26101,26957,FutOnly,2016-10-04,2016-10-14 20:00:00+00:00,CONSERVATIVE_ONE_CUTOFF_DELAY,2016-10-03
161011022651F,"#2 HEATING OIL, NY HARBOR-ULSD - NEW YORK MERCANTILE EXCHANGE",2016-10-11T00:00:00.000,022651,NYME,411530,102461,245899,93839,1396,32475,23563,32361,FutOnly,2016-10-11,2016-10-21 20:00:00+00:00,CONSERVATIVE_ONE_CUTOFF_DELAY,2016-10-10
161018022651F,"#2 HEATING OIL, NY HARBOR-ULSD - NEW YORK MERCANTILE EXCHANGE",2016-10-18T00:00:00.000,022651,NYME,420723,105210,244206,94747,1172,36983,28718,30535,FutOnly,2016-10-18,2016-10-28 20:00:00+00:00,CONSERVATIVE_ONE_CUTOFF_DELAY,2016-10-17
161025022651F,"#2 HEATING OIL, NY HARBOR-ULSD - NEW YORK MERCANTILE EXCHANGE",2016-10-25T00:00:00.000,022651,NYME,412448,106821,242451,94214,1344,37606,25525,22674,FutOnly,2016-10-25,2016-11-04 20:00:00+00:00,CONSERVATIVE_ONE_CUTOFF_DELAY,2016-10-24
161101022651F,"#2 HEATING OIL, NY HARBOR-ULSD - NEW YORK MERCANTILE EXCHANGE",2016-11-01T00:00:00.000,022651,NYME,387430,94608,229279,89706,1247,38965,21543,21066,FutOnly,2016-11-01,2016-11-11 21:00:00+00:00,CONSERVATIVE_ONE_CUTOFF_DELAY,2016-10-31
161108022651F,"#2 HEATING OIL, NY HARBOR-ULSD - NEW YORK MERCANTILE EXCHANGE",2016-11-08T00:00:00.000,022651,NYME,392006,95881,218016,90827,950,33759,25527,26266,FutOnly,2016-11-08,2016-11-18 21:00:00+00:00,CONSERVATIVE_ONE_CUTOFF_DELAY,2016-11-07
161115022651F,"#2 HEATING OIL, NY HARBOR-ULSD - NEW YORK MERCANTILE EXCHANGE",2016-11-15T00:00:00.000,022651,NYME,404085,97327,216245,90579,548,32217,31659,33851,FutOnly,2016-11-15,2016-11-25 21:00:00+00:00,CONSERVATIVE_ONE_CUTOFF_DELAY,2016-11-14
161122022651F,"#2 HEATING OIL, NY HARBOR-ULSD - NEW YORK MERCANTILE EXCHANGE",2016-11-22T00:00:00.000,022651,NYME,398285,90816,214921,91047,580,32423,28285,35098,FutOnly,2016-11-22,2016-12-02 21:00:00+00:00,CONSERVATIVE_ONE_CUTOFF_DELAY,2016-11-21
161129022651F,"#2 HEATING OIL, NY HARBOR-ULSD - NEW YORK MERCANTILE EXCHANGE",2016-11-29T00:00:00.000,022651,NYME,388453,89803,216708,87742,1373,31772,21971,33363,FutOnly,2016-11-29,2016-12-09 21:00:00+00:00,CONSERVATIVE_ONE_CUTOFF_DELAY,2016-11-28
161206022651F,"#2 HEATING OIL, NY HARBOR-ULSD - NEW YORK MERCANTILE EXCHANGE",2016-12-06T00:00:00.000,022651,NYME,410034,95538,243600,84712,569,41320,16838,36878,FutOnly,2016-12-06,2016-12-16 21:00:00+00:00,CONSERVATIVE_ONE_CUTOFF_DELAY,2016-12-05
161213022651F,"#2 HEATING OIL, NY HARBOR-ULSD - NEW YORK MERCANTILE EXCHANGE",2016-12-13T00:00:00.000,022651,NYME,446194,118012,267609,83786,1044,42452,14905,44866,FutOnly,2016-12-13,2016-12-23 21:00:00+00:00,CONSERVATIVE_ONE_CUTOFF_DELAY,2016-12-12
161220022651F,"#2 HEATING OIL, NY HARBOR-ULSD - NEW YORK MERCANTILE EXCHANGE",2016-12-20T00:00:00.000,022651,NYME,440699,117193,259691,84235,1404,44649,16943,41083,FutOnly,2016-12-20,2016-12-30 21:00:00+00:00,CONSERVATIVE_ONE_CUTOFF_DELAY,2016-12-19
161227022651F,"#2 HEATING OIL, NY HARBOR-ULSD - NEW YORK MERCANTILE EXCHANGE",2016-12-27T00:00:00.000,022651,NYME,439089,122514,271437,81630,3509,48462,15133,28933,FutOnly,2016-12-27,2017-01-06 21:00:00+00:00,CONSERVATIVE_ONE_CUTOFF_DELAY,2016-12-26
170103022651F,"#2 HEATING OIL, NY HARBOR-ULSD - NEW YORK MERCANTILE EXCHANGE",2017-01-03T00:00:00.000,022651,NYME,429039,114616,270754,80632,3417,53334,14399,26778,FutOnly,2017-01-03,2017-01-13 21:00:00+00:00,CONSERVATIVE_ONE_CUTOFF_DELAY,2017-01-02
170110022651F,"#2 HEATING OIL, NY HARBOR-ULSD - NEW YORK MERCANTILE EXCHANGE",2017-01-10T00:00:00.000,022651,NYME,418260,112670,254685,78093,5236,47599,15655,33082,FutOnly,2017-01-10,2017-01-20 21:00:00+00:00,CONSERVATIVE_ONE_CUTOFF_DELAY,2017-01-09
170117022651F,"#2 HEATING OIL, NY HARBOR-ULSD - NEW YORK MERCANTILE EXCHANGE",2017-01-17T00:00:00.000,022651,NYME,434436,123427,265696,75093,5225,50559,16870,33802,FutOnly,2017-01-17,2017-01-27 21:00:00+00:00,CONSERVATIVE_ONE_CUTOFF_DELAY,2017-01-16
170124022651F,"#2 HEATING OIL, NY HARBOR-ULSD - NEW YORK MERCANTILE EXCHANGE",2017-01-24T00:00:00.000,022651,NYME,423582,112003,252935,74591,4754,52717,18636,35133,FutOnly,2017-01-24,2017-02-03 21:00:00+00:00,CONSERVATIVE_ONE_CUTOFF_DELAY,2017-01-23
170131022651F,"#2 HEATING OIL, NY HARBOR-ULSD - NEW YORK MERCANTILE EXCHANGE",2017-01-31T00:00:00.000,022651,NYME,405318,106013,240989,73491,4334,49519,17877,34442,FutOnly,2017-01-31,2017-02-10 21:00:00+00:00,CONSERVATIVE_ONE_CUTOFF_DELAY,2017-01-30
170207022651F,"#2 HEATING OIL, NY HARBOR-ULSD - NEW YORK MERCANTILE EXCHANGE",2017-02-07T00:00:00.000,022651,NYME,415983,114733,243603,73469,4710,49079,15781,38225,FutOnly,2017-02-07,2017-02-17 21:00:00+00:00,CONSERVATIVE_ONE_CUTOFF_DELAY,2017-02-06
170214022651F,"#2 HEATING OIL, NY HARBOR-ULSD - NEW YORK MERCANTILE EXCHANGE",2017-02-14T00:00:00.000,022651,NYME,441884,137766,262456,72317,4654,46709,16474,40412,FutOnly,2017-02-14,2017-02-24 21:00:00+00:00,CONSERVATIVE_ONE_CUTOFF_DELAY,2017-02-13
170221022651F,"#2 HEATING OIL, NY HARBOR-ULSD - NEW YORK MERCANTILE EXCHANGE",2017-02-21T00:00:00.000,022651,NYME,437684,143059,268225,73540,4502,48286,17157,31308,FutOnly,2017-02-21,2017-03-03 21:00:00+00:00,CONSERVATIVE_ONE_CUTOFF_DELAY,2017-02-20
170228022651F,"#2 HEATING OIL, NY HARBOR-ULSD - NEW YORK MERCANTILE EXCHANGE",2017-02-28T00:00:00.000,022651,NYME,405810,125996,248665,73020,3840,45410,13835,31179,FutOnly,2017-02-28,2017-03-10 21:00:00+00:00,CONSERVATIVE_ONE_CUTOFF_DELAY,2017-02-27
170307022651F,"#2 HEATING OIL, NY HARBOR-ULSD - NEW YORK MERCANTILE EXCHANGE",2017-03-07T00:00:00.000,022651,NYME,393821,115743,235187,74560,4222,41337,9566,33914,FutOnly,2017-03-07,2017-03-17 20:00:00+00:00,CONSERVATIVE_ONE_CUTOFF_DELAY,2017-03-06
170314022651F,"#2 HEATING OIL, NY HARBOR-ULSD - NEW YORK MERCANTILE EXCHANGE",2017-03-14T00:00:00.000,022651,NYME,424538,129746,241083,78232,4195,39994,14052,41013,FutOnly,2017-03-14,2017-03-24 20:00:00+00:00,CONSERVATIVE_ONE_CUTOFF_DELAY,2017-03-13
170321022651F,"#2 HEATING OIL, NY HARBOR-ULSD - NEW YORK MERCANTILE EXCHANGE",2017-03-21T00:00:00.000,022651,NYME,420771,133933,237733,79657,4395,39089,20932,35260,FutOnly,2017-03-21,2017-03-31 20:00:00+00:00,CONSERVATIVE_ONE_CUTOFF_DELAY,2017-03-20
170328022651F,"#2 HEATING OIL, NY HARBOR-ULSD - NEW YORK MERCANTILE EXCHANGE",2017-03-28T00:00:00.000,022651,NYME,418596,137331,241843,78543,4343,38688,20809,33466,FutOnly,2017-03-28,2017-04-07 20:00:00+00:00,CONSERVATIVE_ONE_CUTOFF_DELAY,2017-03-27
170404022651F,"#2 HEATING OIL, NY HARBOR-ULSD - NEW YORK MERCANTILE EXCHANGE",2017-04-04T00:00:00.000,022651,NYME,421223,137598,245637,78727,4305,39577,21055,38001,FutOnly,2017-04-04,2017-04-14 20:00:00+00:00,CONSERVATIVE_ONE_CUTOFF_DELAY,2017-04-03
170411022651F,"#2 HEATING OIL, NY HARBOR-ULSD - NEW YORK MERCANTILE EXCHANGE",2017-04-11T00:00:00.000,022651,NYME,426921,137654,253890,78446,4390,43740,15238,42216,FutOnly,2017-04-11,2017-04-21 20:00:00+00:00,CONSERVATIVE_ONE_CUTOFF_DELAY,2017-04-10
170418022651F,"#2 HEATING OIL, NY HARBOR-ULSD - NEW YORK MERCANTILE EXCHANGE",2017-04-18T00:00:00.000,022651,NYME,434644,136821,259517,77384,4370,48387,15780,39606,FutOnly,2017-04-18,2017-04-28 20:00:00+00:00,CONSERVATIVE_ONE_CUTOFF_DELAY,2017-04-17
170425022651F,"#2 HEATING OIL, NY HARBOR-ULSD - NEW YORK MERCANTILE EXCHANGE",2017-04-25T00:00:00.000,022651,NYME,430616,139986,256341,77162,2884,46817,22350,32581,FutOnly,2017-04-25,2017-05-05 20:00:00+00:00,CONSERVATIVE_ONE_CUTOFF_DELAY,2017-04-24
170502022651F,"#2 HEATING OIL, NY HARBOR-ULSD - NEW YORK MERCANTILE EXCHANGE",2017-05-02T00:00:00.000,022651,NYME,426835,145943,239357,77605,2708,35928,36650,30565,FutOnly,2017-05-02,2017-05-12 20:00:00+00:00,CONSERVATIVE_ONE_CUTOFF_DELAY,2017-05-01
170509022651F,"#2 HEATING OIL, NY HARBOR-ULSD - NEW YORK MERCANTILE EXCHANGE",2017-05-09T00:00:00.000,022651,NYME,435136,146458,231633,78201,2576,36866,46179,40164,FutOnly,2017-05-09,2017-05-19 20:00:00+00:00,CONSERVATIVE_ONE_CUTOFF_DELAY,2017-05-08
170516022651F,"#2 HEATING OIL, NY HARBOR-ULSD - NEW YORK MERCANTILE EXCHANGE",2017-05-16T00:00:00.000,022651,NYME,422713,130873,219239,78206,2044,42520,46242,38235,FutOnly,2017-05-16,2017-05-26 20:00:00+00:00,CONSERVATIVE_ONE_CUTOFF_DELAY,2017-05-15
170523022651F,"#2 HEATING OIL, NY HARBOR-ULSD - NEW YORK MERCANTILE EXCHANGE",2017-05-23T00:00:00.000,022651,NYME,405080,123415,217730,79040,2351,43941,32811,27169,FutOnly,2017-05-23,2017-06-02 20:00:00+00:00,CONSERVATIVE_ONE_CUTOFF_DELAY,2017-05-22
170530022651F,"#2 HEATING OIL, NY HARBOR-ULSD - NEW YORK MERCANTILE EXCHANGE",2017-05-30T00:00:00.000,022651,NYME,385694,109049,215362,83755,2474,41883,24945,28309,FutOnly,2017-05-30,2017-06-09 20:00:00+00:00,CONSERVATIVE_ONE_CUTOFF_DELAY,2017-05-29
170606022651F,"#2 HEATING OIL, NY HARBOR-ULSD - NEW YORK MERCANTILE EXCHANGE",2017-06-06T00:00:00.000,022651,NYME,378134,106749,192583,80368,2459,35397,40844,29045,FutOnly,2017-06-06,2017-06-16 20:00:00+00:00,CONSERVATIVE_ONE_CUTOFF_DELAY,2017-06-05
170613022651F,"#2 HEATING OIL, NY HARBOR-ULSD - NEW YORK MERCANTILE EXCHANGE",2017-06-13T00:00:00.000,022651,NYME,404508,118982,191691,77940,2177,32712,57128,38565,FutOnly,2017-06-13,2017-06-23 20:00:00+00:00,CONSERVATIVE_ONE_CUTOFF_DELAY,2017-06-12
170620022651F,"#2 HEATING OIL, NY HARBOR-ULSD - NEW YORK MERCANTILE EXCHANGE",2017-06-20T00:00:00.000,022651,NYME,417211,133084,201943,76971,2830,31018,57214,37865,FutOnly,2017-06-20,2017-06-30 20:00:00+00:00,CONSERVATIVE_ONE_CUTOFF_DELAY,2017-06-19
170627022651F,"#2 HEATING OIL, NY HARBOR-ULSD - NEW YORK MERCANTILE EXCHANGE",2017-06-27T00:00:00.000,022651,NYME,424566,141781,209480,79263,1994,31528,64056,34296,FutOnly,2017-06-27,2017-07-07 20:00:00+00:00,CONSERVATIVE_ONE_CUTOFF_DELAY,2017-06-26
170703022651F,"#2 HEATING OIL, NY HARBOR-ULSD - NEW YORK MERCANTILE EXCHANGE",2017-07-03T00:00:00.000,022651,NYME,416254,129531,208105,79076,1985,30139,51511,35173,FutOnly,2017-07-03,2017-07-14 20:00:00+00:00,CONSERVATIVE_ONE_CUTOFF_DELAY,2017-07-03
170711022651F,"#2 HEATING OIL, NY HARBOR-ULSD - NEW YORK MERCANTILE EXCHANGE",2017-07-11T00:00:00.000,022651,NYME,413360,116208,201664,79004,1605,30657,41737,40918,FutOnly,2017-07-11,2017-07-21 20:00:00+00:00,CONSERVATIVE_ONE_CUTOFF_DELAY,2017-07-10
170718022651F,"#2 HEATING OIL, NY HARBOR-ULSD - NEW YORK MERCANTILE EXCHANGE",2017-07-18T00:00:00.000,022651,NYME,424156,126406,213345,78124,1315,29140,41957,43258,FutOnly,2017-07-18,2017-07-28 20:00:00+00:00,CONSERVATIVE_ONE_CUTOFF_DELAY,2017-07-17
170725022651F,"#2 HEATING OIL, NY HARBOR-ULSD - NEW YORK MERCANTILE EXCHANGE",2017-07-25T00:00:00.000,022651,NYME,409427,120208,212481,78593,1229,35558,38098,25961,FutOnly,2017-07-25,2017-08-04 20:00:00+00:00,CONSERVATIVE_ONE_CUTOFF_DELAY,2017-07-24
170801022651F,"#2 HEATING OIL, NY HARBOR-ULSD - NEW YORK MERCANTILE EXCHANGE",2017-08-01T00:00:00.000,022651,NYME,404687,106601,217803,78174,1990,48093,30479,21221,FutOnly,2017-08-01,2017-08-11 20:00:00+00:00,CONSERVATIVE_ONE_CUTOFF_DELAY,2017-07-31
170808022651F,"#2 HEATING OIL, NY HARBOR-ULSD - NEW YORK MERCANTILE EXCHANGE",2017-08-08T00:00:00.000,022651,NYME,413357,101396,220927,77577,2041,53810,29926,24744,FutOnly,2017-08-08,2017-08-18 20:00:00+00:00,CONSERVATIVE_ONE_CUTOFF_DELAY,2017-08-07
170815022651F,"#2 HEATING OIL, NY HARBOR-ULSD - NEW YORK MERCANTILE EXCHANGE",2017-08-15T00:00:00.000,022651,NYME,414679,94200,216181,74813,2066,60589,28776,29769,FutOnly,2017-08-15,2017-08-25 20:00:00+00:00,CONSERVATIVE_ONE_CUTOFF_DELAY,2017-08-14
170822022651F,"#2 HEATING OIL, NY HARBOR-ULSD - NEW YORK MERCANTILE EXCHANGE",2017-08-22T00:00:00.000,022651,NYME,400167,86681,199100,74969,2023,50093,31098,29883,FutOnly,2017-08-22,2017-09-01 20:00:00+00:00,CONSERVATIVE_ONE_CUTOFF_DELAY,2017-08-21
170829022651F,"#2 HEATING OIL, NY HARBOR-ULSD - NEW YORK MERCANTILE EXCHANGE",2017-08-29T00:00:00.000,022651,NYME,395651,92439,214518,73887,2020,54123,24936,23821,FutOnly,2017-08-29,2017-09-08 20:00:00+00:00,CONSERVATIVE_ONE_CUTOFF_DELAY,2017-08-28
170905022651F,"#2 HEATING OIL, NY HARBOR-ULSD - NEW YORK MERCANTILE EXCHANGE",2017-09-05T00:00:00.000,022651,NYME,413259,92899,225750,68884,2340,61044,20833,25356,FutOnly,2017-09-05,2017-09-15 20:00:00+00:00,CONSERVATIVE_ONE_CUTOFF_DELAY,2017-09-04
170912022651F,"#2 HEATING OIL, NY HARBOR-ULSD - NEW YORK MERCANTILE EXCHANGE",2017-09-12T00:00:00.000,022651,NYME,437212,109071,245441,67614,2161,64465,18860,28457,FutOnly,2017-09-12,2017-09-22 20:00:00+00:00,CONSERVATIVE_ONE_CUTOFF_DELAY,2017-09-11
170919022651F,"#2 HEATING OIL, NY HARBOR-ULSD - NEW YORK MERCANTILE EXCHANGE",2017-09-19T00:00:00.000,022651,NYME,451351,124634,268306,66754,2174,67632,16836,24860,FutOnly,2017-09-19,2017-09-29 20:00:00+00:00,CONSERVATIVE_ONE_CUTOFF_DELAY,2017-09-18
170926022651F,"#2 HEATING OIL, NY HARBOR-ULSD - NEW YORK MERCANTILE EXCHANGE",2017-09-26T00:00:00.000,022651,NYME,463971,123498,274419,66037,2483,77343,15633,27958,FutOnly,2017-09-26,2017-10-06 20:00:00+00:00,CONSERVATIVE_ONE_CUTOFF_DELAY,2017-09-25
171003022651F,#2 HEATING OIL- NY HARBOR-ULSD - NEW YORK MERCANTILE EXCHANGE,2017-10-03T00:00:00.000,022651,NYME,449485,116361,262372,66103,2592,79308,17554,26732,FutOnly,2017-10-03,2017-10-13 20:00:00+00:00,CONSERVATIVE_ONE_CUTOFF_DELAY,2017-10-02
171010022651F,#2 HEATING OIL- NY HARBOR-ULSD - NEW YORK MERCANTILE EXCHANGE,2017-10-10T00:00:00.000,022651,NYME,443169,111920,253575,63152,2066,74113,17312,32057,FutOnly,2017-10-10,2017-10-20 20:00:00+00:00,CONSERVATIVE_ONE_CUTOFF_DELAY,2017-10-09
171017022651F,#2 HEATING OIL- NY HARBOR-ULSD - NEW YORK MERCANTILE EXCHANGE,2017-10-17T00:00:00.000,022651,NYME,455118,108360,246979,63650,1533,75710,16605,35342,FutOnly,2017-10-17,2017-10-27 20:00:00+00:00,CONSERVATIVE_ONE_CUTOFF_DELAY,2017-10-16
171024022651F,#2 HEATING OIL- NY HARBOR-ULSD - NEW YORK MERCANTILE EXCHANGE,2017-10-24T00:00:00.000,022651,NYME,431665,91677,230625,63866,1919,77905,18020,29963,FutOnly,2017-10-24,2017-11-03 20:00:00+00:00,CONSERVATIVE_ONE_CUTOFF_DELAY,2017-10-23
171031022651F,#2 HEATING OIL- NY HARBOR-ULSD - NEW YORK MERCANTILE EXCHANGE,2017-10-31T00:00:00.000,022651,NYME,431874,85723,231857,63538,2944,82643,16343,33975,FutOnly,2017-10-31,2017-11-10 21:00:00+00:00,CONSERVATIVE_ONE_CUTOFF_DELAY,2017-10-30
171107022651F,#2 HEATING OIL- NY HARBOR-ULSD - NEW YORK MERCANTILE EXCHANGE,2017-11-07T00:00:00.000,022651,NYME,435238,84684,231273,62210,2885,85333,15758,36031,FutOnly,2017-11-07,2017-11-17 21:00:00+00:00,CONSERVATIVE_ONE_CUTOFF_DELAY,2017-11-06
171114022651F,#2 HEATING OIL- NY HARBOR-ULSD - NEW YORK MERCANTILE EXCHANGE,2017-11-14T00:00:00.000,022651,NYME,453966,87502,233271,61834,3001,87037,15062,38686,FutOnly,2017-11-14,2017-11-24 21:00:00+00:00,CONSERVATIVE_ONE_CUTOFF_DELAY,2017-11-13
171121022651F,#2 HEATING OIL- NY HARBOR-ULSD - NEW YORK MERCANTILE EXCHANGE,2017-11-21T00:00:00.000,022651,NYME,452617,84898,229033,62382,4043,88560,16588,39821,FutOnly,2017-11-21,2017-12-01 21:00:00+00:00,CONSERVATIVE_ONE_CUTOFF_DELAY,2017-11-20
171128022651F,#2 HEATING OIL- NY HARBOR-ULSD - NEW YORK MERCANTILE EXCHANGE,2017-11-28T00:00:00.000,022651,NYME,433665,69368,218815,66021,2748,89784,16094,36651,FutOnly,2017-11-28,2017-12-08 21:00:00+00:00,CONSERVATIVE_ONE_CUTOFF_DELAY,2017-11-27
171205022651F,#2 HEATING OIL- NY HARBOR-ULSD - NEW YORK MERCANTILE EXCHANGE,2017-12-05T00:00:00.000,022651,NYME,421613,68980,208035,66031,2654,81597,20737,39795,FutOnly,2017-12-05,2017-12-15 21:00:00+00:00,CONSERVATIVE_ONE_CUTOFF_DELAY,2017-12-04
171212022651F,#2 HEATING OIL- NY HARBOR-ULSD - NEW YORK MERCANTILE EXCHANGE,2017-12-12T00:00:00.000,022651,NYME,447105,88305,226125,66843,3237,80055,16718,45110,FutOnly,2017-12-12,2017-12-22 21:00:00+00:00,CONSERVATIVE_ONE_CUTOFF_DELAY,2017-12-11
171219022651F,#2 HEATING OIL- NY HARBOR-ULSD - NEW YORK MERCANTILE EXCHANGE,2017-12-19T00:00:00.000,022651,NYME,457983,87002,223996,66182,3326,81346,16653,53017,FutOnly,2017-12-19,2017-12-29 21:00:00+00:00,CONSERVATIVE_ONE_CUTOFF_DELAY,2017-12-18
171226022651F,#2 HEATING OIL- NY HARBOR-ULSD - NEW YORK MERCANTILE EXCHANGE,2017-12-26T00:00:00.000,022651,NYME,447530,81082,225533,66008,2994,92968,11676,44415,FutOnly,2017-12-26,2018-01-05 21:00:00+00:00,CONSERVATIVE_ONE_CUTOFF_DELAY,2017-12-25
180102022651F,#2 HEATING OIL- NY HARBOR-ULSD - NEW YORK MERCANTILE EXCHANGE,2018-01-02T00:00:00.000,022651,NYME,445181,76030,228660,65073,3061,101127,10178,44436,FutOnly,2018-01-02,2018-01-12 21:00:00+00:00,CONSERVATIVE_ONE_CUTOFF_DELAY,2018-01-01
180109022651F,#2 HEATING OIL- NY HARBOR-ULSD - NEW YORK MERCANTILE EXCHANGE,2018-01-09T00:00:00.000,022651,NYME,457919,89075,239541,65038,3567,108391,13088,38529,FutOnly,2018-01-09,2018-01-19 21:00:00+00:00,CONSERVATIVE_ONE_CUTOFF_DELAY,2018-01-08
180116022651F,#2 HEATING OIL- NY HARBOR-ULSD - NEW YORK MERCANTILE EXCHANGE,2018-01-16T00:00:00.000,022651,NYME,478605,96562,242060,63954,4017,106307,12490,49095,FutOnly,2018-01-16,2018-01-26 21:00:00+00:00,CONSERVATIVE_ONE_CUTOFF_DELAY,2018-01-15
180123022651F,#2 HEATING OIL- NY HARBOR-ULSD - NEW YORK MERCANTILE EXCHANGE,2018-01-23T00:00:00.000,022651,NYME,479213,94215,238313,66349,4945,109281,12012,51003,FutOnly,2018-01-23,2018-02-02 21:00:00+00:00,CONSERVATIVE_ONE_CUTOFF_DELAY,2018-01-22
180130022651F,#2 HEATING OIL- NY HARBOR-ULSD - NEW YORK MERCANTILE EXCHANGE,2018-01-30T00:00:00.000,022651,NYME,474372,91409,229831,67050,8056,111288,15391,49002,FutOnly,2018-01-30,2018-02-09 21:00:00+00:00,CONSERVATIVE_ONE_CUTOFF_DELAY,2018-01-29
180206022651F,#2 HEATING OIL- NY HARBOR-ULSD - NEW YORK MERCANTILE EXCHANGE,2018-02-06T00:00:00.000,022651,NYME,456755,87232,218586,68761,7172,100043,19313,43031,FutOnly,2018-02-06,2018-02-16 21:00:00+00:00,CONSERVATIVE_ONE_CUTOFF_DELAY,2018-02-05
180213022651F,#2 HEATING OIL- NY HARBOR-ULSD - NEW YORK MERCANTILE EXCHANGE,2018-02-13T00:00:00.000,022651,NYME,427932,70370,181497,70680,4776,73247,24023,52960,FutOnly,2018-02-13,2018-02-23 21:00:00+00:00,CONSERVATIVE_ONE_CUTOFF_DELAY,2018-02-12
180220022651F,#2 HEATING OIL- NY HARBOR-ULSD - NEW YORK MERCANTILE EXCHANGE,2018-02-20T00:00:00.000,022651,NYME,425679,79154,182609,72864,6370,63836,23816,50656,FutOnly,2018-02-20,2018-03-02 21:00:00+00:00,CONSERVATIVE_ONE_CUTOFF_DELAY,2018-02-19
180227022651F,#2 HEATING OIL- NY HARBOR-ULSD - NEW YORK MERCANTILE EXCHANGE,2018-02-27T00:00:00.000,022651,NYME,408024,81024,189420,73485,6524,66361,21387,42904,FutOnly,2018-02-27,2018-03-09 21:00:00+00:00,CONSERVATIVE_ONE_CUTOFF_DELAY,2018-02-26
180306022651F,#2 HEATING OIL- NY HARBOR-ULSD - NEW YORK MERCANTILE EXCHANGE,2018-03-06T00:00:00.000,022651,NYME,388432,71701,175069,72768,5677,61865,22083,41940,FutOnly,2018-03-06,2018-03-16 20:00:00+00:00,CONSERVATIVE_ONE_CUTOFF_DELAY,2018-03-05
180313022651F,#2 HEATING OIL- NY HARBOR-ULSD - NEW YORK MERCANTILE EXCHANGE,2018-03-13T00:00:00.000,022651,NYME,392611,72529,163717,73230,5807,61038,23312,47540,FutOnly,2018-03-13,2018-03-23 20:00:00+00:00,CONSERVATIVE_ONE_CUTOFF_DELAY,2018-03-12
180320022651F,#2 HEATING OIL- NY HARBOR-ULSD - NEW YORK MERCANTILE EXCHANGE,2018-03-20T00:00:00.000,022651,NYME,403141,79846,176333,73308,6653,64717,20312,48234,FutOnly,2018-03-20,2018-03-30 20:00:00+00:00,CONSERVATIVE_ONE_CUTOFF_DELAY,2018-03-19
180327022651F,#2 HEATING OIL- NY HARBOR-ULSD - NEW YORK MERCANTILE EXCHANGE,2018-03-27T00:00:00.000,022651,NYME,418447,80347,182424,72104,6670,72308,21675,56393,FutOnly,2018-03-27,2018-04-06 20:00:00+00:00,CONSERVATIVE_ONE_CUTOFF_DELAY,2018-03-26
180403022651F,#2 HEATING OIL- NY HARBOR-ULSD - NEW YORK MERCANTILE EXCHANGE,2018-04-03T00:00:00.000,022651,NYME,429952,85894,186885,71858,6775,73332,22526,61156,FutOnly,2018-04-03,2018-04-13 20:00:00+00:00,CONSERVATIVE_ONE_CUTOFF_DELAY,2018-04-02
180410022651F,#2 HEATING OIL- NY HARBOR-ULSD - NEW YORK MERCANTILE EXCHANGE,2018-04-10T00:00:00.000,022651,NYME,426214,90457,195003,71954,6641,72813,23371,54802,FutOnly,2018-04-10,2018-04-20 20:00:00+00:00,CONSERVATIVE_ONE_CUTOFF_DELAY,2018-04-09
180417022651F,#2 HEATING OIL- NY HARBOR-ULSD - NEW YORK MERCANTILE EXCHANGE,2018-04-17T00:00:00.000,022651,NYME,444457,95252,198066,67540,6032,84854,22988,60223,FutOnly,2018-04-17,2018-04-27 20:00:00+00:00,CONSERVATIVE_ONE_CUTOFF_DELAY,2018-04-16
180424022651F,#2 HEATING OIL- NY HARBOR-ULSD - NEW YORK MERCANTILE EXCHANGE,2018-04-24T00:00:00.000,022651,NYME,446685,98116,207949,71112,3817,93756,24507,50232,FutOnly,2018-04-24,2018-05-04 20:00:00+00:00,CONSERVATIVE_ONE_CUTOFF_DELAY,2018-04-23
180501022651F,#2 HEATING OIL- NY HARBOR-ULSD - NEW YORK MERCANTILE EXCHANGE,2018-05-01T00:00:00.000,022651,NYME,437185,89948,206416,67597,2991,97073,26569,54738,FutOnly,2018-05-01,2018-05-11 20:00:00+00:00,CONSERVATIVE_ONE_CUTOFF_DELAY,2018-04-30
180508022651F,#2 HEATING OIL- NY HARBOR-ULSD - NEW YORK MERCANTILE EXCHANGE,2018-05-08T00:00:00.000,022651,NYME,423576,81164,196725,65762,4237,97336,19979,48718,FutOnly,2018-05-08,2018-05-18 20:00:00+00:00,CONSERVATIVE_ONE_CUTOFF_DELAY,2018-05-07
180515022651F,#2 HEATING OIL- NY HARBOR-ULSD - NEW YORK MERCANTILE EXCHANGE,2018-05-15T00:00:00.000,022651,NYME,448472,93814,215586,65294,5341,103307,17075,54076,FutOnly,2018-05-15,2018-05-25 20:00:00+00:00,CONSERVATIVE_ONE_CUTOFF_DELAY,2018-05-14
180522022651F,#2 HEATING OIL- NY HARBOR-ULSD - NEW YORK MERCANTILE EXCHANGE,2018-05-22T00:00:00.000,022651,NYME,453302,88294,212505,66124,5268,105942,19478,53763,FutOnly,2018-05-22,2018-06-01 20:00:00+00:00,CONSERVATIVE_ONE_CUTOFF_DELAY,2018-05-21
180529022651F,#2 HEATING OIL- NY HARBOR-ULSD - NEW YORK MERCANTILE EXCHANGE,2018-05-29T00:00:00.000,022651,NYME,430364,74404,201718,67197,4044,103255,16846,44361,FutOnly,2018-05-29,2018-06-08 20:00:00+00:00,CONSERVATIVE_ONE_CUTOFF_DELAY,2018-05-28
180605022651F,#2 HEATING OIL- NY HARBOR-ULSD - NEW YORK MERCANTILE EXCHANGE,2018-06-05T00:00:00.000,022651,NYME,407264,65545,183807,63958,3653,93986,19619,46285,FutOnly,2018-06-05,2018-06-15 20:00:00+00:00,CONSERVATIVE_ONE_CUTOFF_DELAY,2018-06-04
180612022651F,#2 HEATING OIL- NY HARBOR-ULSD - NEW YORK MERCANTILE EXCHANGE,2018-06-12T00:00:00.000,022651,NYME,416105,82726,199733,62526,3696,88029,21307,45899,FutOnly,2018-06-12,2018-06-22 20:00:00+00:00,CONSERVATIVE_ONE_CUTOFF_DELAY,2018-06-11
180619022651F,#2 HEATING OIL- NY HARBOR-ULSD - NEW YORK MERCANTILE EXCHANGE,2018-06-19T00:00:00.000,022651,NYME,403990,86125,201729,61824,17014,84123,18787,42307,FutOnly,2018-06-19,2018-06-29 20:00:00+00:00,CONSERVATIVE_ONE_CUTOFF_DELAY,2018-06-18
180626022651F,#2 HEATING OIL- NY HARBOR-ULSD - NEW YORK MERCANTILE EXCHANGE,2018-06-26T00:00:00.000,022651,NYME,375282,78424,191539,64652,15987,73795,19486,33931,FutOnly,2018-06-26,2018-07-06 20:00:00+00:00,CONSERVATIVE_ONE_CUTOFF_DELAY,2018-06-25
180703022651F,#2 HEATING OIL- NY HARBOR-ULSD - NEW YORK MERCANTILE EXCHANGE,2018-07-03T00:00:00.000,022651,NYME,415366,96744,213740,65045,14596,73712,17756,51651,FutOnly,2018-07-03,2018-07-13 20:00:00+00:00,CONSERVATIVE_ONE_CUTOFF_DELAY,2018-07-02
180710022651F,#2 HEATING OIL- NY HARBOR-ULSD - NEW YORK MERCANTILE EXCHANGE,2018-07-10T00:00:00.000,022651,NYME,412861,97604,212317,62208,14241,75522,14966,54170,FutOnly,2018-07-10,2018-07-20 20:00:00+00:00,CONSERVATIVE_ONE_CUTOFF_DELAY,2018-07-09
180717022651F,#2 HEATING OIL- NY HARBOR-ULSD - NEW YORK MERCANTILE EXCHANGE,2018-07-17T00:00:00.000,022651,NYME,405880,108640,210960,62564,12588,65438,21456,47265,FutOnly,2018-07-17,2018-07-27 20:00:00+00:00,CONSERVATIVE_ONE_CUTOFF_DELAY,2018-07-16
180724022651F,#2 HEATING OIL- NY HARBOR-ULSD - NEW YORK MERCANTILE EXCHANGE,2018-07-24T00:00:00.000,022651,NYME,390739,99874,205965,62852,12747,73229,17032,36317,FutOnly,2018-07-24,2018-08-03 20:00:00+00:00,CONSERVATIVE_ONE_CUTOFF_DELAY,2018-07-23
180731022651F,#2 HEATING OIL- NY HARBOR-ULSD - NEW YORK MERCANTILE EXCHANGE,2018-07-31T00:00:00.000,022651,NYME,395728,93736,201462,63129,12382,77408,18238,42334,FutOnly,2018-07-31,2018-08-10 20:00:00+00:00,CONSERVATIVE_ONE_CUTOFF_DELAY,2018-07-30
180807022651F,#2 HEATING OIL- NY HARBOR-ULSD - NEW YORK MERCANTILE EXCHANGE,2018-08-07T00:00:00.000,022651,NYME,378072,87974,194426,62681,11806,73847,16643,35747,FutOnly,2018-08-07,2018-08-17 20:00:00+00:00,CONSERVATIVE_ONE_CUTOFF_DELAY,2018-08-06
180814022651F,#2 HEATING OIL- NY HARBOR-ULSD - NEW YORK MERCANTILE EXCHANGE,2018-08-14T00:00:00.000,022651,NYME,391186,81563,188524,63990,11054,75515,18733,48015,FutOnly,2018-08-14,2018-08-24 20:00:00+00:00,CONSERVATIVE_ONE_CUTOFF_DELAY,2018-08-13
180821022651F,#2 HEATING OIL- NY HARBOR-ULSD - NEW YORK MERCANTILE EXCHANGE,2018-08-21T00:00:00.000,022651,NYME,394006,89148,196208,64301,10104,69949,19353,41160,FutOnly,2018-08-21,2018-08-31 20:00:00+00:00,CONSERVATIVE_ONE_CUTOFF_DELAY,2018-08-20
180828022651F,#2 HEATING OIL- NY HARBOR-ULSD - NEW YORK MERCANTILE EXCHANGE,2018-08-28T00:00:00.000,022651,NYME,398978,90467,204566,64698,10550,77177,17933,41189,FutOnly,2018-08-28,2018-09-07 20:00:00+00:00,CONSERVATIVE_ONE_CUTOFF_DELAY,2018-08-27
180904022651F,#2 HEATING OIL- NY HARBOR-ULSD - NEW YORK MERCANTILE EXCHANGE,2018-09-04T00:00:00.000,022651,NYME,418039,93529,213036,64897,11496,82606,19707,48825,FutOnly,2018-09-04,2018-09-14 20:00:00+00:00,CONSERVATIVE_ONE_CUTOFF_DELAY,2018-09-03
180911022651F,#2 HEATING OIL- NY HARBOR-ULSD - NEW YORK MERCANTILE EXCHANGE,2018-09-11T00:00:00.000,022651,NYME,424546,114339,226555,61971,10996,77139,20170,48832,FutOnly,2018-09-11,2018-09-21 20:00:00+00:00,CONSERVATIVE_ONE_CUTOFF_DELAY,2018-09-10
180918022651F,#2 HEATING OIL- NY HARBOR-ULSD - NEW YORK MERCANTILE EXCHANGE,2018-09-18T00:00:00.000,022651,NYME,419211,106743,215040,59777,9866,72947,19531,54741,FutOnly,2018-09-18,2018-09-28 20:00:00+00:00,CONSERVATIVE_ONE_CUTOFF_DELAY,2018-09-17
180925022651F,#2 HEATING OIL- NY HARBOR-ULSD - NEW YORK MERCANTILE EXCHANGE,2018-09-25T00:00:00.000,022651,NYME,416090,103348,217491,58651,7318,75071,19464,53903,FutOnly,2018-09-25,2018-10-05 20:00:00+00:00,CONSERVATIVE_ONE_CUTOFF_DELAY,2018-09-24
181002022651F,#2 HEATING OIL- NY HARBOR-ULSD - NEW YORK MERCANTILE EXCHANGE,2018-10-02T00:00:00.000,022651,NYME,421971,94192,213803,58860,7657,79007,16230,59128,FutOnly,2018-10-02,2018-10-12 20:00:00+00:00,CONSERVATIVE_ONE_CUTOFF_DELAY,2018-10-01
181009022651F,#2 HEATING OIL- NY HARBOR-ULSD - NEW YORK MERCANTILE EXCHANGE,2018-10-09T00:00:00.000,022651,NYME,414138,98330,221398,58083,6685,79187,16751,56527,FutOnly,2018-10-09,2018-10-19 20:00:00+00:00,CONSERVATIVE_ONE_CUTOFF_DELAY,2018-10-08
181016022651F,#2 HEATING OIL- NY HARBOR-ULSD - NEW YORK MERCANTILE EXCHANGE,2018-10-16T00:00:00.000,022651,NYME,422325,108488,220448,56416,5629,71894,15409,65831,FutOnly,2018-10-16,2018-10-26 20:00:00+00:00,CONSERVATIVE_ONE_CUTOFF_DELAY,2018-10-15
181023022651F,#2 HEATING OIL- NY HARBOR-ULSD - NEW YORK MERCANTILE EXCHANGE,2018-10-23T00:00:00.000,022651,NYME,424721,112537,217791,57230,4524,68262,18876,61378,FutOnly,2018-10-23,2018-11-02 20:00:00+00:00,CONSERVATIVE_ONE_CUTOFF_DELAY,2018-10-22
181030022651F,#2 HEATING OIL- NY HARBOR-ULSD - NEW YORK MERCANTILE EXCHANGE,2018-10-30T00:00:00.000,022651,NYME,417803,120550,222219,57968,5697,64623,19342,59151,FutOnly,2018-10-30,2018-11-09 21:00:00+00:00,CONSERVATIVE_ONE_CUTOFF_DELAY,2018-10-29
181106022651F,#2 HEATING OIL- NY HARBOR-ULSD - NEW YORK MERCANTILE EXCHANGE,2018-11-06T00:00:00.000,022651,NYME,389963,105546,206466,65991,4056,59176,19789,53227,FutOnly,2018-11-06,2018-11-16 21:00:00+00:00,CONSERVATIVE_ONE_CUTOFF_DELAY,2018-11-05
181113022651F,#2 HEATING OIL- NY HARBOR-ULSD - NEW YORK MERCANTILE EXCHANGE,2018-11-13T00:00:00.000,022651,NYME,373280,107443,201964,69163,2045,51958,20782,41789,FutOnly,2018-11-13,2018-11-23 21:00:00+00:00,CONSERVATIVE_ONE_CUTOFF_DELAY,2018-11-12
181120022651F,#2 HEATING OIL- NY HARBOR-ULSD - NEW YORK MERCANTILE EXCHANGE,2018-11-20T00:00:00.000,022651,NYME,363730,101361,187427,71335,662,46125,21267,44231,FutOnly,2018-11-20,2018-11-30 21:00:00+00:00,CONSERVATIVE_ONE_CUTOFF_DELAY,2018-11-19
181127022651F,#2 HEATING OIL- NY HARBOR-ULSD - NEW YORK MERCANTILE EXCHANGE,2018-11-27T00:00:00.000,022651,NYME,368216,116423,193620,72349,0,39000,24260,43476,FutOnly,2018-11-27,2018-12-07 21:00:00+00:00,CONSERVATIVE_ONE_CUTOFF_DELAY,2018-11-26
181204022651F,#2 HEATING OIL- NY HARBOR-ULSD - NEW YORK MERCANTILE EXCHANGE,2018-12-04T00:00:00.000,022651,NYME,365630,114707,187479,71551,198,34502,26900,48582,FutOnly,2018-12-04,2018-12-14 21:00:00+00:00,CONSERVATIVE_ONE_CUTOFF_DELAY,2018-12-03
181211022651F,#2 HEATING OIL- NY HARBOR-ULSD - NEW YORK MERCANTILE EXCHANGE,2018-12-11T00:00:00.000,022651,NYME,365338,110840,184071,70579,800,31834,24576,54000,FutOnly,2018-12-11,2018-12-21 21:00:00+00:00,CONSERVATIVE_ONE_CUTOFF_DELAY,2018-12-10
181218022651F,#2 HEATING OIL- NY HARBOR-ULSD - NEW YORK MERCANTILE EXCHANGE,2018-12-18T00:00:00.000,022651,NYME,377724,112517,181022,74383,1058,30223,28918,61215,FutOnly,2018-12-18,2018-12-28 21:00:00+00:00,CONSERVATIVE_ONE_CUTOFF_DELAY,2018-12-17
181224022651F,#2 HEATING OIL- NY HARBOR-ULSD - NEW YORK MERCANTILE EXCHANGE,2018-12-24T00:00:00.000,022651,NYME,369393,103944,177371,76607,781,31679,29370,53696,FutOnly,2018-12-24,,2019_SHUTDOWN_INCOMPLETE_ACTUAL_SCHEDULE,2018-12-24
181231022651F,#2 HEATING OIL- NY HARBOR-ULSD - NEW YORK MERCANTILE EXCHANGE,2018-12-31T00:00:00.000,022651,NYME,368298,107889,184833,76305,755,30902,29780,51007,FutOnly,2018-12-31,,2019_SHUTDOWN_INCOMPLETE_ACTUAL_SCHEDULE,2018-12-31
190108022651F,#2 HEATING OIL- NY HARBOR-ULSD - NEW YORK MERCANTILE EXCHANGE,2019-01-08T00:00:00.000,022651,NYME,365700,105043,181142,76696,0,27163,27428,52034,FutOnly,2019-01-08,,2019_SHUTDOWN_INCOMPLETE_ACTUAL_SCHEDULE,2019-01-07
190115022651F,#2 HEATING OIL- NY HARBOR-ULSD - NEW YORK MERCANTILE EXCHANGE,2019-01-15T00:00:00.000,022651,NYME,357990,102774,178152,73188,0,23792,19303,49492,FutOnly,2019-01-15,,2019_SHUTDOWN_INCOMPLETE_ACTUAL_SCHEDULE,2019-01-14
190122022651F,#2 HEATING OIL- NY HARBOR-ULSD - NEW YORK MERCANTILE EXCHANGE,2019-01-22T00:00:00.000,022651,NYME,367478,116614,189797,72262,0,24484,21569,45449,FutOnly,2019-01-22,,2019_SHUTDOWN_INCOMPLETE_ACTUAL_SCHEDULE,2019-01-21
190129022651F,#2 HEATING OIL- NY HARBOR-ULSD - NEW YORK MERCANTILE EXCHANGE,2019-01-29T00:00:00.000,022651,NYME,373547,116306,186410,70183,0,27599,25394,45389,FutOnly,2019-01-29,,2019_SHUTDOWN_INCOMPLETE_ACTUAL_SCHEDULE,2019-01-28
190205022651F,#2 HEATING OIL- NY HARBOR-ULSD - NEW YORK MERCANTILE EXCHANGE,2019-02-05T00:00:00.000,022651,NYME,379630,121392,187354,71282,221,25165,26125,47340,FutOnly,2019-02-05,,2019_SHUTDOWN_INCOMPLETE_ACTUAL_SCHEDULE,2019-02-04
190212022651F,#2 HEATING OIL- NY HARBOR-ULSD - NEW YORK MERCANTILE EXCHANGE,2019-02-12T00:00:00.000,022651,NYME,421819,152933,217676,71135,306,27193,26230,53432,FutOnly,2019-02-12,,2019_SHUTDOWN_INCOMPLETE_ACTUAL_SCHEDULE,2019-02-11
190219022651F,#2 HEATING OIL- NY HARBOR-ULSD - NEW YORK MERCANTILE EXCHANGE,2019-02-19T00:00:00.000,022651,NYME,427741,153848,225666,70467,343,29128,22258,50505,FutOnly,2019-02-19,,2019_SHUTDOWN_INCOMPLETE_ACTUAL_SCHEDULE,2019-02-18
190226022651F,#2 HEATING OIL- NY HARBOR-ULSD - NEW YORK MERCANTILE EXCHANGE,2019-02-26T00:00:00.000,022651,NYME,428977,150570,228308,69209,0,30349,21018,52895,FutOnly,2019-02-26,,2019_SHUTDOWN_INCOMPLETE_ACTUAL_SCHEDULE,2019-02-25
190305022651F,#2 HEATING OIL- NY HARBOR-ULSD - NEW YORK MERCANTILE EXCHANGE,2019-03-05T00:00:00.000,022651,NYME,441195,155874,230936,68653,400,34212,23638,59209,FutOnly,2019-03-05,,2019_SHUTDOWN_INCOMPLETE_ACTUAL_SCHEDULE,2019-03-04
190312022651F,#2 HEATING OIL- NY HARBOR-ULSD - NEW YORK MERCANTILE EXCHANGE,2019-03-12T00:00:00.000,022651,NYME,403891,125820,197901,68216,4,34115,26013,55158,FutOnly,2019-03-12,,2019_SHUTDOWN_INCOMPLETE_ACTUAL_SCHEDULE,2019-03-11
190319022651F,#2 HEATING OIL- NY HARBOR-ULSD - NEW YORK MERCANTILE EXCHANGE,2019-03-19T00:00:00.000,022651,NYME,385787,111576,182471,67098,4,29449,25718,58651,FutOnly,2019-03-19,2019-03-29 20:00:00+00:00,CONSERVATIVE_ONE_CUTOFF_DELAY,2019-03-18
190326022651F,#2 HEATING OIL- NY HARBOR-ULSD - NEW YORK MERCANTILE EXCHANGE,2019-03-26T00:00:00.000,022651,NYME,370687,102298,172497,66824,375,30180,31222,54133,FutOnly,2019-03-26,2019-04-05 20:00:00+00:00,CONSERVATIVE_ONE_CUTOFF_DELAY,2019-03-25
190402022651F,#2 HEATING OIL- NY HARBOR-ULSD - NEW YORK MERCANTILE EXCHANGE,2019-04-02T00:00:00.000,022651,NYME,384627,119132,186314,66158,362,28973,33690,56953,FutOnly,2019-04-02,2019-04-12 20:00:00+00:00,CONSERVATIVE_ONE_CUTOFF_DELAY,2019-04-01
190409022651F,#2 HEATING OIL- NY HARBOR-ULSD - NEW YORK MERCANTILE EXCHANGE,2019-04-09T00:00:00.000,022651,NYME,383658,111904,184560,63923,445,33002,31956,57619,FutOnly,2019-04-09,2019-04-19 20:00:00+00:00,CONSERVATIVE_ONE_CUTOFF_DELAY,2019-04-08
190416022651F,#2 HEATING OIL- NY HARBOR-ULSD - NEW YORK MERCANTILE EXCHANGE,2019-04-16T00:00:00.000,022651,NYME,397636,120303,189111,60968,1400,34377,30615,65765,FutOnly,2019-04-16,2019-04-26 20:00:00+00:00,CONSERVATIVE_ONE_CUTOFF_DELAY,2019-04-15
190423022651F,#2 HEATING OIL- NY HARBOR-ULSD - NEW YORK MERCANTILE EXCHANGE,2019-04-23T00:00:00.000,022651,NYME,411784,132093,201671,61180,2100,35790,31490,62417,FutOnly,2019-04-23,2019-05-03 20:00:00+00:00,CONSERVATIVE_ONE_CUTOFF_DELAY,2019-04-22
190430022651F,#2 HEATING OIL- NY HARBOR-ULSD - NEW YORK MERCANTILE EXCHANGE,2019-04-30T00:00:00.000,022651,NYME,399038,130955,195706,60086,2350,33544,31527,58394,FutOnly,2019-04-30,2019-05-10 20:00:00+00:00,CONSERVATIVE_ONE_CUTOFF_DELAY,2019-04-29
190507022651F,#2 HEATING OIL- NY HARBOR-ULSD - NEW YORK MERCANTILE EXCHANGE,2019-05-07T00:00:00.000,022651,NYME,395250,126095,186182,59348,2453,33256,32810,60654,FutOnly,2019-05-07,2019-05-17 20:00:00+00:00,CONSERVATIVE_ONE_CUTOFF_DELAY,2019-05-06
190514022651F,#2 HEATING OIL- NY HARBOR-ULSD - NEW YORK MERCANTILE EXCHANGE,2019-05-14T00:00:00.000,022651,NYME,405071,140196,201482,58960,2180,30486,31864,59379,FutOnly,2019-05-14,2019-05-24 20:00:00+00:00,CONSERVATIVE_ONE_CUTOFF_DELAY,2019-05-13
190521022651F,#2 HEATING OIL- NY HARBOR-ULSD - NEW YORK MERCANTILE EXCHANGE,2019-05-21T00:00:00.000,022651,NYME,404925,136663,202387,59740,2351,32945,28213,58797,FutOnly,2019-05-21,2019-05-31 20:00:00+00:00,CONSERVATIVE_ONE_CUTOFF_DELAY,2019-05-20
190528022651F,#2 HEATING OIL- NY HARBOR-ULSD - NEW YORK MERCANTILE EXCHANGE,2019-05-28T00:00:00.000,022651,NYME,389696,141175,199379,61414,738,25787,33177,46463,FutOnly,2019-05-28,2019-06-07 20:00:00+00:00,CONSERVATIVE_ONE_CUTOFF_DELAY,2019-05-27
190604022651F,#2 HEATING OIL- NY HARBOR-ULSD - NEW YORK MERCANTILE EXCHANGE,2019-06-04T00:00:00.000,022651,NYME,409788,153986,210909,67782,0,22080,35189,51813,FutOnly,2019-06-04,2019-06-14 20:00:00+00:00,CONSERVATIVE_ONE_CUTOFF_DELAY,2019-06-03
190611022651F,#2 HEATING OIL- NY HARBOR-ULSD - NEW YORK MERCANTILE EXCHANGE,2019-06-11T00:00:00.000,022651,NYME,414562,147330,199051,68722,0,20172,39268,56326,FutOnly,2019-06-11,2019-06-21 20:00:00+00:00,CONSERVATIVE_ONE_CUTOFF_DELAY,2019-06-10
190618022651F,#2 HEATING OIL- NY HARBOR-ULSD - NEW YORK MERCANTILE EXCHANGE,2019-06-18T00:00:00.000,022651,NYME,411744,139181,192316,66477,305,17841,32234,64214,FutOnly,2019-06-18,2019-06-28 20:00:00+00:00,CONSERVATIVE_ONE_CUTOFF_DELAY,2019-06-17
190625022651F,#2 HEATING OIL- NY HARBOR-ULSD - NEW YORK MERCANTILE EXCHANGE,2019-06-25T00:00:00.000,022651,NYME,393915,134578,196986,64806,305,19669,23508,58477,FutOnly,2019-06-25,2019-07-05 20:00:00+00:00,CONSERVATIVE_ONE_CUTOFF_DELAY,2019-06-24
190702022651F,#2 HEATING OIL- NY HARBOR-ULSD - NEW YORK MERCANTILE EXCHANGE,2019-07-02T00:00:00.000,022651,NYME,384203,133316,198847,66523,2051,22323,20607,48350,FutOnly,2019-07-02,2019-07-12 20:00:00+00:00,CONSERVATIVE_ONE_CUTOFF_DELAY,2019-07-01
190709022651F,#2 HEATING OIL- NY HARBOR-ULSD - NEW YORK MERCANTILE EXCHANGE,2019-07-09T00:00:00.000,022651,NYME,401423,137493,204084,64740,2372,24718,19874,55440,FutOnly,2019-07-09,2019-07-19 20:00:00+00:00,CONSERVATIVE_ONE_CUTOFF_DELAY,2019-07-08
190716022651F,#2 HEATING OIL- NY HARBOR-ULSD - NEW YORK MERCANTILE EXCHANGE,2019-07-16T00:00:00.000,022651,NYME,405808,142891,209178,63911,2932,28357,21040,46079,FutOnly,2019-07-16,2019-07-26 20:00:00+00:00,CONSERVATIVE_ONE_CUTOFF_DELAY,2019-07-15
190723022651F,#2 HEATING OIL- NY HARBOR-ULSD - NEW YORK MERCANTILE EXCHANGE,2019-07-23T00:00:00.000,022651,NYME,431740,162813,225641,62612,2895,31569,25320,51846,FutOnly,2019-07-23,2019-08-02 20:00:00+00:00,CONSERVATIVE_ONE_CUTOFF_DELAY,2019-07-22
190730022651F,#2 HEATING OIL- NY HARBOR-ULSD - NEW YORK MERCANTILE EXCHANGE,2019-07-30T00:00:00.000,022651,NYME,433032,165831,235990,61663,3548,38406,25602,54122,FutOnly,2019-07-30,2019-08-09 20:00:00+00:00,CONSERVATIVE_ONE_CUTOFF_DELAY,2019-07-29
190806022651F,#2 HEATING OIL- NY HARBOR-ULSD - NEW YORK MERCANTILE EXCHANGE,2019-08-06T00:00:00.000,022651,NYME,441184,162159,230930,64821,4290,40786,28967,57177,FutOnly,2019-08-06,2019-08-16 20:00:00+00:00,CONSERVATIVE_ONE_CUTOFF_DELAY,2019-08-05
190813022651F,#2 HEATING OIL- NY HARBOR-ULSD - NEW YORK MERCANTILE EXCHANGE,2019-08-13T00:00:00.000,022651,NYME,451439,165621,233795,66572,3867,36840,33730,57168,FutOnly,2019-08-13,2019-08-23 20:00:00+00:00,CONSERVATIVE_ONE_CUTOFF_DELAY,2019-08-12
190820022651F,#2 HEATING OIL- NY HARBOR-ULSD - NEW YORK MERCANTILE EXCHANGE,2019-08-20T00:00:00.000,022651,NYME,446804,154362,223000,67293,3950,37916,32963,59758,FutOnly,2019-08-20,2019-08-30 20:00:00+00:00,CONSERVATIVE_ONE_CUTOFF_DELAY,2019-08-19
190827022651F,#2 HEATING OIL- NY HARBOR-ULSD - NEW YORK MERCANTILE EXCHANGE,2019-08-27T00:00:00.000,022651,NYME,426837,136718,207940,65959,3425,36556,35886,57517,FutOnly,2019-08-27,2019-09-06 20:00:00+00:00,CONSERVATIVE_ONE_CUTOFF_DELAY,2019-08-26
190903022651F,#2 HEATING OIL- NY HARBOR-ULSD - NEW YORK MERCANTILE EXCHANGE,2019-09-03T00:00:00.000,022651,NYME,418483,137054,197972,65457,3093,33787,37380,55329,FutOnly,2019-09-03,2019-09-13 20:00:00+00:00,CONSERVATIVE_ONE_CUTOFF_DELAY,2019-09-02
190910022651F,#2 HEATING OIL- NY HARBOR-ULSD - NEW YORK MERCANTILE EXCHANGE,2019-09-10T00:00:00.000,022651,NYME,416941,132479,204158,65800,2571,35250,29963,55012,FutOnly,2019-09-10,2019-09-20 20:00:00+00:00,CONSERVATIVE_ONE_CUTOFF_DELAY,2019-09-09
190917022651F,#2 HEATING OIL- NY HARBOR-ULSD - NEW YORK MERCANTILE EXCHANGE,2019-09-17T00:00:00.000,022651,NYME,420119,139428,205005,59596,3148,34906,24893,60178,FutOnly,2019-09-17,2019-09-27 20:00:00+00:00,CONSERVATIVE_ONE_CUTOFF_DELAY,2019-09-16
190924022651F,#2 HEATING OIL- NY HARBOR-ULSD - NEW YORK MERCANTILE EXCHANGE,2019-09-24T00:00:00.000,022651,NYME,417082,144967,207930,59436,2764,34751,24137,53359,FutOnly,2019-09-24,2019-10-04 20:00:00+00:00,CONSERVATIVE_ONE_CUTOFF_DELAY,2019-09-23
191001022651F,#2 HEATING OIL- NY HARBOR-ULSD - NEW YORK MERCANTILE EXCHANGE,2019-10-01T00:00:00.000,022651,NYME,407627,146641,207688,59758,2303,31459,26160,50780,FutOnly,2019-10-01,2019-10-11 20:00:00+00:00,CONSERVATIVE_ONE_CUTOFF_DELAY,2019-09-30
191008022651F,#2 HEATING OIL- NY HARBOR-ULSD - NEW YORK MERCANTILE EXCHANGE,2019-10-08T00:00:00.000,022651,NYME,423517,165364,222839,63799,2623,29808,30942,44306,FutOnly,2019-10-08,2019-10-18 20:00:00+00:00,CONSERVATIVE_ONE_CUTOFF_DELAY,2019-10-07
191015022651F,#2 HEATING OIL- NY HARBOR-ULSD - NEW YORK MERCANTILE EXCHANGE,2019-10-15T00:00:00.000,022651,NYME,430656,166439,227667,63938,4127,34896,29602,44246,FutOnly,2019-10-15,2019-10-25 20:00:00+00:00,CONSERVATIVE_ONE_CUTOFF_DELAY,2019-10-14
191022022651F,#2 HEATING OIL- NY HARBOR-ULSD - NEW YORK MERCANTILE EXCHANGE,2019-10-22T00:00:00.000,022651,NYME,464515,182790,249494,63401,4151,38260,23656,52010,FutOnly,2019-10-22,2019-11-01 20:00:00+00:00,CONSERVATIVE_ONE_CUTOFF_DELAY,2019-10-21
191029022651F,#2 HEATING OIL- NY HARBOR-ULSD - NEW YORK MERCANTILE EXCHANGE,2019-10-29T00:00:00.000,022651,NYME,466389,172980,250015,64172,4181,43807,22689,58846,FutOnly,2019-10-29,2019-11-08 21:00:00+00:00,CONSERVATIVE_ONE_CUTOFF_DELAY,2019-10-28
191105022651F,#2 HEATING OIL- NY HARBOR-ULSD - NEW YORK MERCANTILE EXCHANGE,2019-11-05T00:00:00.000,022651,NYME,453680,178497,251896,64660,5663,38187,25003,45082,FutOnly,2019-11-05,2019-11-15 21:00:00+00:00,CONSERVATIVE_ONE_CUTOFF_DELAY,2019-11-04
191112022651F,#2 HEATING OIL- NY HARBOR-ULSD - NEW YORK MERCANTILE EXCHANGE,2019-11-12T00:00:00.000,022651,NYME,437034,160919,230529,65256,5980,35472,28364,51323,FutOnly,2019-11-12,2019-11-22 21:00:00+00:00,CONSERVATIVE_ONE_CUTOFF_DELAY,2019-11-11
191119022651F,#2 HEATING OIL- NY HARBOR-ULSD - NEW YORK MERCANTILE EXCHANGE,2019-11-19T00:00:00.000,022651,NYME,423335,151190,219161,66465,5538,36197,28757,47706,FutOnly,2019-11-19,2019-11-29 21:00:00+00:00,CONSERVATIVE_ONE_CUTOFF_DELAY,2019-11-18
191126022651F,#2 HEATING OIL- NY HARBOR-ULSD - NEW YORK MERCANTILE EXCHANGE,2019-11-26T00:00:00.000,022651,NYME,422855,159416,232461,63639,6181,41401,26573,35472,FutOnly,2019-11-26,2019-12-06 21:00:00+00:00,CONSERVATIVE_ONE_CUTOFF_DELAY,2019-11-25
191203022651F,#2 HEATING OIL- NY HARBOR-ULSD - NEW YORK MERCANTILE EXCHANGE,2019-12-03T00:00:00.000,022651,NYME,415600,150485,219930,64298,4694,35096,30841,45811,FutOnly,2019-12-03,2019-12-13 21:00:00+00:00,CONSERVATIVE_ONE_CUTOFF_DELAY,2019-12-02
191210022651F,#2 HEATING OIL- NY HARBOR-ULSD - NEW YORK MERCANTILE EXCHANGE,2019-12-10T00:00:00.000,022651,NYME,415376,143764,216294,62661,4471,42565,27395,51037,FutOnly,2019-12-10,2019-12-20 21:00:00+00:00,CONSERVATIVE_ONE_CUTOFF_DELAY,2019-12-09
191217022651F,#2 HEATING OIL- NY HARBOR-ULSD - NEW YORK MERCANTILE EXCHANGE,2019-12-17T00:00:00.000,022651,NYME,428515,142374,217309,61267,4791,43370,27034,62241,FutOnly,2019-12-17,2019-12-27 21:00:00+00:00,CONSERVATIVE_ONE_CUTOFF_DELAY,2019-12-16
191224022651F,#2 HEATING OIL- NY HARBOR-ULSD - NEW YORK MERCANTILE EXCHANGE,2019-12-24T00:00:00.000,022651,NYME,438369,141782,219947,60291,3432,46839,26541,66823,FutOnly,2019-12-24,2020-01-03 21:00:00+00:00,CONSERVATIVE_ONE_CUTOFF_DELAY,2019-12-23
191231022651F,#2 HEATING OIL- NY HARBOR-ULSD - NEW YORK MERCANTILE EXCHANGE,2019-12-31T00:00:00.000,022651,NYME,438777,143726,222200,58231,4130,46994,26027,66793,FutOnly,2019-12-31,2020-01-10 21:00:00+00:00,CONSERVATIVE_ONE_CUTOFF_DELAY,2019-12-30
200107022651F,#2 HEATING OIL- NY HARBOR-ULSD - NEW YORK MERCANTILE EXCHANGE,2020-01-07T00:00:00.000,022651,NYME,437426,134784,209867,60849,4511,46240,27676,64568,FutOnly,2020-01-07,2020-01-17 21:00:00+00:00,CONSERVATIVE_ONE_CUTOFF_DELAY,2020-01-06
200114022651F,#2 HEATING OIL- NY HARBOR-ULSD - NEW YORK MERCANTILE EXCHANGE,2020-01-14T00:00:00.000,022651,NYME,415868,136373,196042,63050,5706,36343,33559,55548,FutOnly,2020-01-14,2020-01-24 21:00:00+00:00,CONSERVATIVE_ONE_CUTOFF_DELAY,2020-01-13
200121022651F,#2 HEATING OIL- NY HARBOR-ULSD - NEW YORK MERCANTILE EXCHANGE,2020-01-21T00:00:00.000,022651,NYME,398636,99786,164595,63690,3605,36896,35289,67367,FutOnly,2020-01-21,2020-01-31 21:00:00+00:00,CONSERVATIVE_ONE_CUTOFF_DELAY,2020-01-20
200128022651F,#2 HEATING OIL- NY HARBOR-ULSD - NEW YORK MERCANTILE EXCHANGE,2020-01-28T00:00:00.000,022651,NYME,411182,109177,157962,65502,3979,28968,43280,66182,FutOnly,2020-01-28,2020-02-07 21:00:00+00:00,CONSERVATIVE_ONE_CUTOFF_DELAY,2020-01-27
200204022651F,#2 HEATING OIL- NY HARBOR-ULSD - NEW YORK MERCANTILE EXCHANGE,2020-02-04T00:00:00.000,022651,NYME,411245,113205,152320,65763,3318,27624,49474,63147,FutOnly,2020-02-04,2020-02-14 21:00:00+00:00,CONSERVATIVE_ONE_CUTOFF_DELAY,2020-02-03
200211022651F,#2 HEATING OIL- NY HARBOR-ULSD - NEW YORK MERCANTILE EXCHANGE,2020-02-11T00:00:00.000,022651,NYME,406772,116460,156014,64955,5238,33303,51156,61120,FutOnly,2020-02-11,2020-02-21 21:00:00+00:00,CONSERVATIVE_ONE_CUTOFF_DELAY,2020-02-10
200218022651F,#2 HEATING OIL- NY HARBOR-ULSD - NEW YORK MERCANTILE EXCHANGE,2020-02-18T00:00:00.000,022651,NYME,409801,120597,163300,63006,4028,33053,49014,65413,FutOnly,2020-02-18,2020-02-28 21:00:00+00:00,CONSERVATIVE_ONE_CUTOFF_DELAY,2020-02-17
200225022651F,#2 HEATING OIL- NY HARBOR-ULSD - NEW YORK MERCANTILE EXCHANGE,2020-02-25T00:00:00.000,022651,NYME,403622,133133,167550,63388,2050,25132,50306,62092,FutOnly,2020-02-25,2020-03-06 21:00:00+00:00,CONSERVATIVE_ONE_CUTOFF_DELAY,2020-02-24
200303022651F,#2 HEATING OIL- NY HARBOR-ULSD - NEW YORK MERCANTILE EXCHANGE,2020-03-03T00:00:00.000,022651,NYME,411198,127653,168963,67246,1893,19040,47971,69596,FutOnly,2020-03-03,2020-03-13 20:00:00+00:00,CONSERVATIVE_ONE_CUTOFF_DELAY,2020-03-02
200310022651F,#2 HEATING OIL- NY HARBOR-ULSD - NEW YORK MERCANTILE EXCHANGE,2020-03-10T00:00:00.000,022651,NYME,399686,117497,165712,70574,1952,19570,38574,75495,FutOnly,2020-03-10,2020-03-20 20:00:00+00:00,CONSERVATIVE_ONE_CUTOFF_DELAY,2020-03-09
200317022651F,#2 HEATING OIL- NY HARBOR-ULSD - NEW YORK MERCANTILE EXCHANGE,2020-03-17T00:00:00.000,022651,NYME,382817,109435,168462,74383,2965,19892,22321,64314,FutOnly,2020-03-17,2020-03-27 20:00:00+00:00,CONSERVATIVE_ONE_CUTOFF_DELAY,2020-03-16
200324022651F,#2 HEATING OIL- NY HARBOR-ULSD - NEW YORK MERCANTILE EXCHANGE,2020-03-24T00:00:00.000,022651,NYME,352167,95866,162331,77026,2529,18247,21026,41429,FutOnly,2020-03-24,2020-04-03 20:00:00+00:00,CONSERVATIVE_ONE_CUTOFF_DELAY,2020-03-23
200331022651F,#2 HEATING OIL- NY HARBOR-ULSD - NEW YORK MERCANTILE EXCHANGE,2020-03-31T00:00:00.000,022651,NYME,353331,98960,166749,77059,2462,17466,21632,38269,FutOnly,2020-03-31,2020-04-10 20:00:00+00:00,CONSERVATIVE_ONE_CUTOFF_DELAY,2020-03-30
200407022651F,#2 HEATING OIL- NY HARBOR-ULSD - NEW YORK MERCANTILE EXCHANGE,2020-04-07T00:00:00.000,022651,NYME,357444,99722,170995,77203,1345,19358,20693,35993,FutOnly,2020-04-07,2020-04-17 20:00:00+00:00,CONSERVATIVE_ONE_CUTOFF_DELAY,2020-04-06
200414022651F,#2 HEATING OIL- NY HARBOR-ULSD - NEW YORK MERCANTILE EXCHANGE,2020-04-14T00:00:00.000,022651,NYME,369912,105511,184968,77652,1378,18609,19925,38140,FutOnly,2020-04-14,2020-04-24 20:00:00+00:00,CONSERVATIVE_ONE_CUTOFF_DELAY,2020-04-13
200421022651F,#2 HEATING OIL- NY HARBOR-ULSD - NEW YORK MERCANTILE EXCHANGE,2020-04-21T00:00:00.000,022651,NYME,369126,102914,181450,81660,1442,19553,23348,33629,FutOnly,2020-04-21,2020-05-01 20:00:00+00:00,CONSERVATIVE_ONE_CUTOFF_DELAY,2020-04-20
200428022651F,#2 HEATING OIL- NY HARBOR-ULSD - NEW YORK MERCANTILE EXCHANGE,2020-04-28T00:00:00.000,022651,NYME,370747,105956,192049,83903,236,22512,26113,29603,FutOnly,2020-04-28,2020-05-08 20:00:00+00:00,CONSERVATIVE_ONE_CUTOFF_DELAY,2020-04-27
200505022651F,#2 HEATING OIL- NY HARBOR-ULSD - NEW YORK MERCANTILE EXCHANGE,2020-05-05T00:00:00.000,022651,NYME,365224,101962,192174,83969,900,20729,25678,31002,FutOnly,2020-05-05,2020-05-15 20:00:00+00:00,CONSERVATIVE_ONE_CUTOFF_DELAY,2020-05-04
200512022651F,#2 HEATING OIL- NY HARBOR-ULSD - NEW YORK MERCANTILE EXCHANGE,2020-05-12T00:00:00.000,022651,NYME,387129,120709,208334,84398,841,18916,30071,31539,FutOnly,2020-05-12,2020-05-22 20:00:00+00:00,CONSERVATIVE_ONE_CUTOFF_DELAY,2020-05-11
200519022651F,#2 HEATING OIL- NY HARBOR-ULSD - NEW YORK MERCANTILE EXCHANGE,2020-05-19T00:00:00.000,022651,NYME,390960,121181,212697,84721,812,20093,28366,35239,FutOnly,2020-05-19,2020-05-29 20:00:00+00:00,CONSERVATIVE_ONE_CUTOFF_DELAY,2020-05-18
200526022651F,#2 HEATING OIL- NY HARBOR-ULSD - NEW YORK MERCANTILE EXCHANGE,2020-05-26T00:00:00.000,022651,NYME,385618,115314,205501,85002,311,18308,30443,33314,FutOnly,2020-05-26,2020-06-05 20:00:00+00:00,CONSERVATIVE_ONE_CUTOFF_DELAY,2020-05-25
200602022651F,#2 HEATING OIL- NY HARBOR-ULSD - NEW YORK MERCANTILE EXCHANGE,2020-06-02T00:00:00.000,022651,NYME,389754,118436,214229,85016,0,20371,32155,32790,FutOnly,2020-06-02,2020-06-12 20:00:00+00:00,CONSERVATIVE_ONE_CUTOFF_DELAY,2020-06-01
200609022651F,#2 HEATING OIL- NY HARBOR-ULSD - NEW YORK MERCANTILE EXCHANGE,2020-06-09T00:00:00.000,022651,NYME,382738,118036,215015,85979,315,18928,31616,26924,FutOnly,2020-06-09,2020-06-19 20:00:00+00:00,CONSERVATIVE_ONE_CUTOFF_DELAY,2020-06-08
200616022651F,#2 HEATING OIL- NY HARBOR-ULSD - NEW YORK MERCANTILE EXCHANGE,2020-06-16T00:00:00.000,022651,NYME,383795,116156,215575,85284,317,18989,29970,30715,FutOnly,2020-06-16,2020-06-26 20:00:00+00:00,CONSERVATIVE_ONE_CUTOFF_DELAY,2020-06-15
200623022651F,#2 HEATING OIL- NY HARBOR-ULSD - NEW YORK MERCANTILE EXCHANGE,2020-06-23T00:00:00.000,022651,NYME,370707,110703,203820,84120,1121,18963,30921,27804,FutOnly,2020-06-23,2020-07-03 20:00:00+00:00,CONSERVATIVE_ONE_CUTOFF_DELAY,2020-06-22
200630022651F,#2 HEATING OIL- NY HARBOR-ULSD - NEW YORK MERCANTILE EXCHANGE,2020-06-30T00:00:00.000,022651,NYME,366923,107248,197427,83019,4221,20062,32577,28471,FutOnly,2020-06-30,2020-07-10 20:00:00+00:00,CONSERVATIVE_ONE_CUTOFF_DELAY,2020-06-29
200707022651F,#2 HEATING OIL- NY HARBOR-ULSD - NEW YORK MERCANTILE EXCHANGE,2020-07-07T00:00:00.000,022651,NYME,351038,97079,188543,82161,3056,22097,32673,26952,FutOnly,2020-07-07,2020-07-17 20:00:00+00:00,CONSERVATIVE_ONE_CUTOFF_DELAY,2020-07-06
200714022651F,#2 HEATING OIL- NY HARBOR-ULSD - NEW YORK MERCANTILE EXCHANGE,2020-07-14T00:00:00.000,022651,NYME,359232,103806,196075,80618,2663,21941,31735,30746,FutOnly,2020-07-14,2020-07-24 20:00:00+00:00,CONSERVATIVE_ONE_CUTOFF_DELAY,2020-07-13
200721022651F,#2 HEATING OIL- NY HARBOR-ULSD - NEW YORK MERCANTILE EXCHANGE,2020-07-21T00:00:00.000,022651,NYME,361506,95052,188086,79623,1260,26695,32870,32175,FutOnly,2020-07-21,2020-07-31 20:00:00+00:00,CONSERVATIVE_ONE_CUTOFF_DELAY,2020-07-20
200728022651F,#2 HEATING OIL- NY HARBOR-ULSD - NEW YORK MERCANTILE EXCHANGE,2020-07-28T00:00:00.000,022651,NYME,361430,89805,185134,78947,1570,27694,31410,34083,FutOnly,2020-07-28,2020-08-07 20:00:00+00:00,CONSERVATIVE_ONE_CUTOFF_DELAY,2020-07-27
200804022651F,#2 HEATING OIL- NY HARBOR-ULSD - NEW YORK MERCANTILE EXCHANGE,2020-08-04T00:00:00.000,022651,NYME,360551,84131,189397,79618,935,26716,29009,37876,FutOnly,2020-08-04,2020-08-14 20:00:00+00:00,CONSERVATIVE_ONE_CUTOFF_DELAY,2020-08-03
200811022651F,#2 HEATING OIL- NY HARBOR-ULSD - NEW YORK MERCANTILE EXCHANGE,2020-08-11T00:00:00.000,022651,NYME,366646,89210,188564,77422,1231,27832,28359,38325,FutOnly,2020-08-11,2020-08-21 20:00:00+00:00,CONSERVATIVE_ONE_CUTOFF_DELAY,2020-08-10
200818022651F,#2 HEATING OIL- NY HARBOR-ULSD - NEW YORK MERCANTILE EXCHANGE,2020-08-18T00:00:00.000,022651,NYME,383702,97118,197304,76036,924,31227,26494,43208,FutOnly,2020-08-18,2020-08-28 20:00:00+00:00,CONSERVATIVE_ONE_CUTOFF_DELAY,2020-08-17
200825022651F,#2 HEATING OIL- NY HARBOR-ULSD - NEW YORK MERCANTILE EXCHANGE,2020-08-25T00:00:00.000,022651,NYME,382502,97729,197965,75546,824,31039,29323,41161,FutOnly,2020-08-25,2020-09-04 20:00:00+00:00,CONSERVATIVE_ONE_CUTOFF_DELAY,2020-08-24
200901022651F,#2 HEATING OIL- NY HARBOR-ULSD - NEW YORK MERCANTILE EXCHANGE,2020-09-01T00:00:00.000,022651,NYME,389602,109666,198078,75215,530,24714,34207,50187,FutOnly,2020-09-01,2020-09-11 20:00:00+00:00,CONSERVATIVE_ONE_CUTOFF_DELAY,2020-08-31
200908022651F,#2 HEATING OIL- NY HARBOR-ULSD - NEW YORK MERCANTILE EXCHANGE,2020-09-08T00:00:00.000,022651,NYME,422439,114754,196434,75123,711,25732,44296,71209,FutOnly,2020-09-08,2020-09-18 20:00:00+00:00,CONSERVATIVE_ONE_CUTOFF_DELAY,2020-09-07
200915022651F,#2 HEATING OIL- NY HARBOR-ULSD - NEW YORK MERCANTILE EXCHANGE,2020-09-15T00:00:00.000,022651,NYME,437871,117836,198993,75484,1057,27873,39920,83840,FutOnly,2020-09-15,2020-09-25 20:00:00+00:00,CONSERVATIVE_ONE_CUTOFF_DELAY,2020-09-14
200922022651F,#2 HEATING OIL- NY HARBOR-ULSD - NEW YORK MERCANTILE EXCHANGE,2020-09-22T00:00:00.000,022651,NYME,427106,107675,189233,74124,1651,26421,43829,81768,FutOnly,2020-09-22,2020-10-02 20:00:00+00:00,CONSERVATIVE_ONE_CUTOFF_DELAY,2020-09-21
200929022651F,#2 HEATING OIL- NY HARBOR-ULSD - NEW YORK MERCANTILE EXCHANGE,2020-09-29T00:00:00.000,022651,NYME,427550,115822,196794,73477,1344,32404,47283,72973,FutOnly,2020-09-29,2020-10-09 20:00:00+00:00,CONSERVATIVE_ONE_CUTOFF_DELAY,2020-09-28
201006022651F,#2 HEATING OIL- NY HARBOR-ULSD - NEW YORK MERCANTILE EXCHANGE,2020-10-06T00:00:00.000,022651,NYME,432234,110696,198271,73280,989,33515,42931,77083,FutOnly,2020-10-06,2020-10-16 20:00:00+00:00,CONSERVATIVE_ONE_CUTOFF_DELAY,2020-10-05
201013022651F,#2 HEATING OIL- NY HARBOR-ULSD - NEW YORK MERCANTILE EXCHANGE,2020-10-13T00:00:00.000,022651,NYME,435778,120133,202206,72245,2989,31600,40924,70607,FutOnly,2020-10-13,2020-10-23 20:00:00+00:00,CONSERVATIVE_ONE_CUTOFF_DELAY,2020-10-12
201020022651F,#2 HEATING OIL- NY HARBOR-ULSD - NEW YORK MERCANTILE EXCHANGE,2020-10-20T00:00:00.000,022651,NYME,435434,124935,205570,70769,3065,34879,41643,67843,FutOnly,2020-10-20,2020-10-30 20:00:00+00:00,CONSERVATIVE_ONE_CUTOFF_DELAY,2020-10-19
201027022651F,#2 HEATING OIL- NY HARBOR-ULSD - NEW YORK MERCANTILE EXCHANGE,2020-10-27T00:00:00.000,022651,NYME,405262,103006,178329,70793,2141,34970,48179,61371,FutOnly,2020-10-27,2020-11-06 21:00:00+00:00,CONSERVATIVE_ONE_CUTOFF_DELAY,2020-10-26
201103022651F,#2 HEATING OIL- NY HARBOR-ULSD - NEW YORK MERCANTILE EXCHANGE,2020-11-03T00:00:00.000,022651,NYME,412412,117403,195941,74239,2154,36534,51569,54617,FutOnly,2020-11-03,2020-11-13 21:00:00+00:00,CONSERVATIVE_ONE_CUTOFF_DELAY,2020-11-02
201110022651F,#2 HEATING OIL- NY HARBOR-ULSD - NEW YORK MERCANTILE EXCHANGE,2020-11-10T00:00:00.000,022651,NYME,406752,113813,216190,76206,1045,40602,40285,47434,FutOnly,2020-11-10,2020-11-20 21:00:00+00:00,CONSERVATIVE_ONE_CUTOFF_DELAY,2020-11-09
201117022651F,#2 HEATING OIL- NY HARBOR-ULSD - NEW YORK MERCANTILE EXCHANGE,2020-11-17T00:00:00.000,022651,NYME,403248,114592,215745,74876,1078,39444,37721,43668,FutOnly,2020-11-17,2020-11-27 21:00:00+00:00,CONSERVATIVE_ONE_CUTOFF_DELAY,2020-11-16
201124022651F,#2 HEATING OIL- NY HARBOR-ULSD - NEW YORK MERCANTILE EXCHANGE,2020-11-24T00:00:00.000,022651,NYME,376787,104971,205485,73438,581,37959,34918,28006,FutOnly,2020-11-24,2020-12-04 21:00:00+00:00,CONSERVATIVE_ONE_CUTOFF_DELAY,2020-11-23
201201022651F,#2 HEATING OIL- NY HARBOR-ULSD - NEW YORK MERCANTILE EXCHANGE,2020-12-01T00:00:00.000,022651,NYME,373170,103252,208053,72415,526,36791,27878,33070,FutOnly,2020-12-01,2020-12-11 21:00:00+00:00,CONSERVATIVE_ONE_CUTOFF_DELAY,2020-11-30
201208022651F,#2 HEATING OIL- NY HARBOR-ULSD - NEW YORK MERCANTILE EXCHANGE,2020-12-08T00:00:00.000,022651,NYME,380967,105933,213291,70743,570,36946,26461,35829,FutOnly,2020-12-08,2020-12-18 21:00:00+00:00,CONSERVATIVE_ONE_CUTOFF_DELAY,2020-12-07
201215022651F,#2 HEATING OIL- NY HARBOR-ULSD - NEW YORK MERCANTILE EXCHANGE,2020-12-15T00:00:00.000,022651,NYME,381753,104062,210119,71845,250,38010,27130,38390,FutOnly,2020-12-15,2020-12-25 21:00:00+00:00,CONSERVATIVE_ONE_CUTOFF_DELAY,2020-12-14
201221022651F,#2 HEATING OIL- NY HARBOR-ULSD - NEW YORK MERCANTILE EXCHANGE,2020-12-21T00:00:00.000,022651,NYME,374222,107673,215098,74258,1070,38997,29445,29623,FutOnly,2020-12-21,2021-01-01 21:00:00+00:00,CONSERVATIVE_ONE_CUTOFF_DELAY,2020-12-21
201229022651F,#2 HEATING OIL- NY HARBOR-ULSD - NEW YORK MERCANTILE EXCHANGE,2020-12-29T00:00:00.000,022651,NYME,357447,101511,210464,74691,1145,37339,27244,25448,FutOnly,2020-12-29,2021-01-08 21:00:00+00:00,CONSERVATIVE_ONE_CUTOFF_DELAY,2020-12-28
210105022651F,#2 HEATING OIL- NY HARBOR-ULSD - NEW YORK MERCANTILE EXCHANGE,2021-01-05T00:00:00.000,022651,NYME,368741,112782,218457,73757,265,34449,30174,27095,FutOnly,2021-01-05,2021-01-15 21:00:00+00:00,CONSERVATIVE_ONE_CUTOFF_DELAY,2021-01-04
210112022651F,#2 HEATING OIL- NY HARBOR-ULSD - NEW YORK MERCANTILE EXCHANGE,2021-01-12T00:00:00.000,022651,NYME,367980,114706,224207,78220,0,32247,28796,26449,FutOnly,2021-01-12,2021-01-22 21:00:00+00:00,CONSERVATIVE_ONE_CUTOFF_DELAY,2021-01-11
210119022651F,#2 HEATING OIL- NY HARBOR-ULSD - NEW YORK MERCANTILE EXCHANGE,2021-01-19T00:00:00.000,022651,NYME,376133,112427,226914,79186,0,38410,28893,29005,FutOnly,2021-01-19,2021-01-29 21:00:00+00:00,CONSERVATIVE_ONE_CUTOFF_DELAY,2021-01-18
210126022651F,#2 HEATING OIL- NY HARBOR-ULSD - NEW YORK MERCANTILE EXCHANGE,2021-01-26T00:00:00.000,022651,NYME,381441,117202,232166,76455,50,41729,26751,27734,FutOnly,2021-01-26,2021-02-05 21:00:00+00:00,CONSERVATIVE_ONE_CUTOFF_DELAY,2021-01-25
210202022651F,#2 HEATING OIL- NY HARBOR-ULSD - NEW YORK MERCANTILE EXCHANGE,2021-02-02T00:00:00.000,022651,NYME,397367,121229,237770,77038,1303,44222,26237,32918,FutOnly,2021-02-02,2021-02-12 21:00:00+00:00,CONSERVATIVE_ONE_CUTOFF_DELAY,2021-02-01
210209022651F,#2 HEATING OIL- NY HARBOR-ULSD - NEW YORK MERCANTILE EXCHANGE,2021-02-09T00:00:00.000,022651,NYME,418337,139730,256991,79272,687,44411,25663,30498,FutOnly,2021-02-09,2021-02-19 21:00:00+00:00,CONSERVATIVE_ONE_CUTOFF_DELAY,2021-02-08
210216022651F,#2 HEATING OIL- NY HARBOR-ULSD - NEW YORK MERCANTILE EXCHANGE,2021-02-16T00:00:00.000,022651,NYME,425743,140837,260355,80819,503,46472,27933,29877,FutOnly,2021-02-16,2021-02-26 21:00:00+00:00,CONSERVATIVE_ONE_CUTOFF_DELAY,2021-02-15
210223022651F,#2 HEATING OIL- NY HARBOR-ULSD - NEW YORK MERCANTILE EXCHANGE,2021-02-23T00:00:00.000,022651,NYME,417824,143425,251877,81922,1319,42777,30806,30438,FutOnly,2021-02-23,2021-03-05 21:00:00+00:00,CONSERVATIVE_ONE_CUTOFF_DELAY,2021-02-22
210302022651F,#2 HEATING OIL- NY HARBOR-ULSD - NEW YORK MERCANTILE EXCHANGE,2021-03-02T00:00:00.000,022651,NYME,433803,159097,268638,82218,532,46045,30957,32105,FutOnly,2021-03-02,2021-03-12 21:00:00+00:00,CONSERVATIVE_ONE_CUTOFF_DELAY,2021-03-01
210309022651F,#2 HEATING OIL- NY HARBOR-ULSD - NEW YORK MERCANTILE EXCHANGE,2021-03-09T00:00:00.000,022651,NYME,427716,125071,234060,82786,516,47448,29357,47249,FutOnly,2021-03-09,2021-03-19 20:00:00+00:00,CONSERVATIVE_ONE_CUTOFF_DELAY,2021-03-08
210316022651F,#2 HEATING OIL- NY HARBOR-ULSD - NEW YORK MERCANTILE EXCHANGE,2021-03-16T00:00:00.000,022651,NYME,459716,146731,255173,76848,207,49368,28549,52877,FutOnly,2021-03-16,2021-03-26 20:00:00+00:00,CONSERVATIVE_ONE_CUTOFF_DELAY,2021-03-15
210323022651F,#2 HEATING OIL- NY HARBOR-ULSD - NEW YORK MERCANTILE EXCHANGE,2021-03-23T00:00:00.000,022651,NYME,422869,114922,222177,80704,192,44579,28559,50389,FutOnly,2021-03-23,2021-04-02 20:00:00+00:00,CONSERVATIVE_ONE_CUTOFF_DELAY,2021-03-22
210330022651F,#2 HEATING OIL- NY HARBOR-ULSD - NEW YORK MERCANTILE EXCHANGE,2021-03-30T00:00:00.000,022651,NYME,408005,114231,218724,79380,235,40327,27056,45001,FutOnly,2021-03-30,2021-04-09 20:00:00+00:00,CONSERVATIVE_ONE_CUTOFF_DELAY,2021-03-29
210406022651F,#2 HEATING OIL- NY HARBOR-ULSD - NEW YORK MERCANTILE EXCHANGE,2021-04-06T00:00:00.000,022651,NYME,407284,114437,218784,77547,207,41538,24896,44981,FutOnly,2021-04-06,2021-04-16 20:00:00+00:00,CONSERVATIVE_ONE_CUTOFF_DELAY,2021-04-05
210413022651F,#2 HEATING OIL- NY HARBOR-ULSD - NEW YORK MERCANTILE EXCHANGE,2021-04-13T00:00:00.000,022651,NYME,407342,109522,214302,74861,308,41886,24992,47392,FutOnly,2021-04-13,2021-04-23 20:00:00+00:00,CONSERVATIVE_ONE_CUTOFF_DELAY,2021-04-12
210420022651F,#2 HEATING OIL- NY HARBOR-ULSD - NEW YORK MERCANTILE EXCHANGE,2021-04-20T00:00:00.000,022651,NYME,399621,106078,210600,73091,481,43519,26560,44686,FutOnly,2021-04-20,2021-04-30 20:00:00+00:00,CONSERVATIVE_ONE_CUTOFF_DELAY,2021-04-19
210427022651F,#2 HEATING OIL- NY HARBOR-ULSD - NEW YORK MERCANTILE EXCHANGE,2021-04-27T00:00:00.000,022651,NYME,391694,101205,204307,75533,1089,42592,24185,45317,FutOnly,2021-04-27,2021-05-07 20:00:00+00:00,CONSERVATIVE_ONE_CUTOFF_DELAY,2021-04-26
210504022651F,#2 HEATING OIL- NY HARBOR-ULSD - NEW YORK MERCANTILE EXCHANGE,2021-05-04T00:00:00.000,022651,NYME,395932,100943,206787,77523,737,46853,27338,44298,FutOnly,2021-05-04,2021-05-14 20:00:00+00:00,CONSERVATIVE_ONE_CUTOFF_DELAY,2021-05-03
210511022651F,#2 HEATING OIL- NY HARBOR-ULSD - NEW YORK MERCANTILE EXCHANGE,2021-05-11T00:00:00.000,022651,NYME,399477,106341,211674,74844,1075,53675,31366,43373,FutOnly,2021-05-11,2021-05-21 20:00:00+00:00,CONSERVATIVE_ONE_CUTOFF_DELAY,2021-05-10
210518022651F,#2 HEATING OIL- NY HARBOR-ULSD - NEW YORK MERCANTILE EXCHANGE,2021-05-18T00:00:00.000,022651,NYME,426302,121420,242736,75358,1212,55429,30975,45658,FutOnly,2021-05-18,2021-05-28 20:00:00+00:00,CONSERVATIVE_ONE_CUTOFF_DELAY,2021-05-17
210525022651F,#2 HEATING OIL- NY HARBOR-ULSD - NEW YORK MERCANTILE EXCHANGE,2021-05-25T00:00:00.000,022651,NYME,428941,123104,245674,76041,1605,57030,26145,45307,FutOnly,2021-05-25,2021-06-04 20:00:00+00:00,CONSERVATIVE_ONE_CUTOFF_DELAY,2021-05-24
210601022651F,#2 HEATING OIL- NY HARBOR-ULSD - NEW YORK MERCANTILE EXCHANGE,2021-06-01T00:00:00.000,022651,NYME,434151,129907,253081,78323,1243,54167,25592,43063,FutOnly,2021-06-01,2021-06-11 20:00:00+00:00,CONSERVATIVE_ONE_CUTOFF_DELAY,2021-05-31
210608022651F,#2 HEATING OIL- NY HARBOR-ULSD - NEW YORK MERCANTILE EXCHANGE,2021-06-08T00:00:00.000,022651,NYME,439934,126025,249099,78387,0,52447,25167,52542,FutOnly,2021-06-08,2021-06-18 20:00:00+00:00,CONSERVATIVE_ONE_CUTOFF_DELAY,2021-06-07
210615022651F,#2 HEATING OIL- NY HARBOR-ULSD - NEW YORK MERCANTILE EXCHANGE,2021-06-15T00:00:00.000,022651,NYME,441854,125004,246536,77720,991,53494,27070,55504,FutOnly,2021-06-15,2021-06-25 20:00:00+00:00,CONSERVATIVE_ONE_CUTOFF_DELAY,2021-06-14
210622022651F,#2 HEATING OIL- NY HARBOR-ULSD - NEW YORK MERCANTILE EXCHANGE,2021-06-22T00:00:00.000,022651,NYME,430531,123306,243027,76551,2031,57138,24829,44913,FutOnly,2021-06-22,2021-07-02 20:00:00+00:00,CONSERVATIVE_ONE_CUTOFF_DELAY,2021-06-21
210629022651F,#2 HEATING OIL- NY HARBOR-ULSD - NEW YORK MERCANTILE EXCHANGE,2021-06-29T00:00:00.000,022651,NYME,421617,123921,246358,76691,1321,52533,20170,47746,FutOnly,2021-06-29,2021-07-09 20:00:00+00:00,CONSERVATIVE_ONE_CUTOFF_DELAY,2021-06-28
210706022651F,#2 HEATING OIL- NY HARBOR-ULSD - NEW YORK MERCANTILE EXCHANGE,2021-07-06T00:00:00.000,022651,NYME,410201,112436,233397,76120,877,50786,22253,51748,FutOnly,2021-07-06,2021-07-16 20:00:00+00:00,CONSERVATIVE_ONE_CUTOFF_DELAY,2021-07-05
210713022651F,#2 HEATING OIL- NY HARBOR-ULSD - NEW YORK MERCANTILE EXCHANGE,2021-07-13T00:00:00.000,022651,NYME,416765,117206,240130,76225,774,51606,19720,49725,FutOnly,2021-07-13,2021-07-23 20:00:00+00:00,CONSERVATIVE_ONE_CUTOFF_DELAY,2021-07-12
210720022651F,#2 HEATING OIL- NY HARBOR-ULSD - NEW YORK MERCANTILE EXCHANGE,2021-07-20T00:00:00.000,022651,NYME,418267,127019,246591,78872,1089,50861,19800,42551,FutOnly,2021-07-20,2021-07-30 20:00:00+00:00,CONSERVATIVE_ONE_CUTOFF_DELAY,2021-07-19
210727022651F,#2 HEATING OIL- NY HARBOR-ULSD - NEW YORK MERCANTILE EXCHANGE,2021-07-27T00:00:00.000,022651,NYME,404751,109721,232424,78004,909,56604,18671,45641,FutOnly,2021-07-27,2021-08-06 20:00:00+00:00,CONSERVATIVE_ONE_CUTOFF_DELAY,2021-07-26
210803022651F,#2 HEATING OIL- NY HARBOR-ULSD - NEW YORK MERCANTILE EXCHANGE,2021-08-03T00:00:00.000,022651,NYME,402206,109506,234750,77820,1919,55942,17469,42452,FutOnly,2021-08-03,2021-08-13 20:00:00+00:00,CONSERVATIVE_ONE_CUTOFF_DELAY,2021-08-02
210810022651F,#2 HEATING OIL- NY HARBOR-ULSD - NEW YORK MERCANTILE EXCHANGE,2021-08-10T00:00:00.000,022651,NYME,391917,105741,232079,76177,3137,59264,16805,37341,FutOnly,2021-08-10,2021-08-20 20:00:00+00:00,CONSERVATIVE_ONE_CUTOFF_DELAY,2021-08-09
210817022651F,#2 HEATING OIL- NY HARBOR-ULSD - NEW YORK MERCANTILE EXCHANGE,2021-08-17T00:00:00.000,022651,NYME,392405,112146,236186,76310,3232,60487,19207,30902,FutOnly,2021-08-17,2021-08-27 20:00:00+00:00,CONSERVATIVE_ONE_CUTOFF_DELAY,2021-08-16
210824022651F,#2 HEATING OIL- NY HARBOR-ULSD - NEW YORK MERCANTILE EXCHANGE,2021-08-24T00:00:00.000,022651,NYME,392226,115476,242627,76728,2123,55134,17196,29990,FutOnly,2021-08-24,2021-09-03 20:00:00+00:00,CONSERVATIVE_ONE_CUTOFF_DELAY,2021-08-23
210831022651F,#2 HEATING OIL- NY HARBOR-ULSD - NEW YORK MERCANTILE EXCHANGE,2021-08-31T00:00:00.000,022651,NYME,391410,103118,235402,78883,3306,56534,11753,34767,FutOnly,2021-08-31,2021-09-10 20:00:00+00:00,CONSERVATIVE_ONE_CUTOFF_DELAY,2021-08-30
210907022651F,#2 HEATING OIL- NY HARBOR-ULSD - NEW YORK MERCANTILE EXCHANGE,2021-09-07T00:00:00.000,022651,NYME,415194,122692,254247,77633,4998,59370,13810,40574,FutOnly,2021-09-07,2021-09-17 20:00:00+00:00,CONSERVATIVE_ONE_CUTOFF_DELAY,2021-09-06
210914022651F,#2 HEATING OIL- NY HARBOR-ULSD - NEW YORK MERCANTILE EXCHANGE,2021-09-14T00:00:00.000,022651,NYME,433667,133826,258678,76962,4679,53833,15053,43543,FutOnly,2021-09-14,2021-09-24 20:00:00+00:00,CONSERVATIVE_ONE_CUTOFF_DELAY,2021-09-13
210921022651F,#2 HEATING OIL- NY HARBOR-ULSD - NEW YORK MERCANTILE EXCHANGE,2021-09-21T00:00:00.000,022651,NYME,423663,107117,236045,76137,6260,60219,13090,49583,FutOnly,2021-09-21,2021-10-01 20:00:00+00:00,CONSERVATIVE_ONE_CUTOFF_DELAY,2021-09-20
210928022651F,#2 HEATING OIL- NY HARBOR-ULSD - NEW YORK MERCANTILE EXCHANGE,2021-09-28T00:00:00.000,022651,NYME,434928,114784,246929,76693,4905,57175,12796,58311,FutOnly,2021-09-28,2021-10-08 20:00:00+00:00,CONSERVATIVE_ONE_CUTOFF_DELAY,2021-09-27
211005022651F,#2 HEATING OIL- NY HARBOR-ULSD - NEW YORK MERCANTILE EXCHANGE,2021-10-05T00:00:00.000,022651,NYME,440286,114470,253302,76523,4576,58129,10441,57203,FutOnly,2021-10-05,2021-10-15 20:00:00+00:00,CONSERVATIVE_ONE_CUTOFF_DELAY,2021-10-04
211012022651F,#2 HEATING OIL- NY HARBOR-ULSD - NEW YORK MERCANTILE EXCHANGE,2021-10-12T00:00:00.000,022651,NYME,429908,120800,259314,76049,3179,59838,10334,44304,FutOnly,2021-10-12,2021-10-22 20:00:00+00:00,CONSERVATIVE_ONE_CUTOFF_DELAY,2021-10-11
211019022651F,#2 HEATING OIL- NY HARBOR-ULSD - NEW YORK MERCANTILE EXCHANGE,2021-10-19T00:00:00.000,022651,NYME,415556,112327,236123,76691,3145,56219,13314,45151,FutOnly,2021-10-19,2021-10-29 20:00:00+00:00,CONSERVATIVE_ONE_CUTOFF_DELAY,2021-10-18
211026022651F,#2 HEATING OIL- NY HARBOR-ULSD - NEW YORK MERCANTILE EXCHANGE,2021-10-26T00:00:00.000,022651,NYME,423143,127116,250123,77263,3891,55577,11282,41787,FutOnly,2021-10-26,2021-11-05 20:00:00+00:00,CONSERVATIVE_ONE_CUTOFF_DELAY,2021-10-25
211102022651F,#2 HEATING OIL- NY HARBOR-ULSD - NEW YORK MERCANTILE EXCHANGE,2021-11-02T00:00:00.000,022651,NYME,426636,133027,252812,77004,3063,51485,13086,47595,FutOnly,2021-11-02,2021-11-12 21:00:00+00:00,CONSERVATIVE_ONE_CUTOFF_DELAY,2021-11-01
211109022651F,#2 HEATING OIL- NY HARBOR-ULSD - NEW YORK MERCANTILE EXCHANGE,2021-11-09T00:00:00.000,022651,NYME,421299,142507,258892,76515,3051,42737,13307,43992,FutOnly,2021-11-09,2021-11-19 21:00:00+00:00,CONSERVATIVE_ONE_CUTOFF_DELAY,2021-11-08
211116022651F,#2 HEATING OIL- NY HARBOR-ULSD - NEW YORK MERCANTILE EXCHANGE,2021-11-16T00:00:00.000,022651,NYME,380887,107951,218616,76909,3254,42459,15329,37074,FutOnly,2021-11-16,2021-11-26 21:00:00+00:00,CONSERVATIVE_ONE_CUTOFF_DELAY,2021-11-15
211123022651F,#2 HEATING OIL- NY HARBOR-ULSD - NEW YORK MERCANTILE EXCHANGE,2021-11-23T00:00:00.000,022651,NYME,338034,73834,177765,76344,3410,41041,18792,38480,FutOnly,2021-11-23,2021-12-03 21:00:00+00:00,CONSERVATIVE_ONE_CUTOFF_DELAY,2021-11-22
211130022651F,#2 HEATING OIL- NY HARBOR-ULSD - NEW YORK MERCANTILE EXCHANGE,2021-11-30T00:00:00.000,022651,NYME,298300,55667,157560,78569,3510,32652,18157,30815,FutOnly,2021-11-30,2021-12-10 21:00:00+00:00,CONSERVATIVE_ONE_CUTOFF_DELAY,2021-11-29
211207022651F,#2 HEATING OIL- NY HARBOR-ULSD - NEW YORK MERCANTILE EXCHANGE,2021-12-07T00:00:00.000,022651,NYME,298997,65297,163862,79771,2557,30239,15324,29331,FutOnly,2021-12-07,2021-12-17 21:00:00+00:00,CONSERVATIVE_ONE_CUTOFF_DELAY,2021-12-06
211214022651F,#2 HEATING OIL- NY HARBOR-ULSD - NEW YORK MERCANTILE EXCHANGE,2021-12-14T00:00:00.000,022651,NYME,304130,65781,163860,79167,1569,26621,16462,34685,FutOnly,2021-12-14,2021-12-24 21:00:00+00:00,CONSERVATIVE_ONE_CUTOFF_DELAY,2021-12-13
211221022651F,#2 HEATING OIL- NY HARBOR-ULSD - NEW YORK MERCANTILE EXCHANGE,2021-12-21T00:00:00.000,022651,NYME,302721,63605,159340,75579,904,27745,13720,34140,FutOnly,2021-12-21,2021-12-31 21:00:00+00:00,CONSERVATIVE_ONE_CUTOFF_DELAY,2021-12-20
211228022651F,#2 HEATING OIL- NY HARBOR-ULSD - NEW YORK MERCANTILE EXCHANGE,2021-12-28T00:00:00.000,022651,NYME,297274,62419,161106,75931,47,30028,14515,30097,FutOnly,2021-12-28,2022-01-07 21:00:00+00:00,CONSERVATIVE_ONE_CUTOFF_DELAY,2021-12-27
220104022651F,#2 HEATING OIL- NY HARBOR-ULSD - NEW YORK MERCANTILE EXCHANGE,2022-01-04T00:00:00.000,022651,NYME,320686,74948,178856,74089,0,35738,16090,33234,FutOnly,2022-01-04,2022-01-14 21:00:00+00:00,CONSERVATIVE_ONE_CUTOFF_DELAY,2022-01-03
220111022651F,#2 HEATING OIL- NY HARBOR-ULSD - NEW YORK MERCANTILE EXCHANGE,2022-01-11T00:00:00.000,022651,NYME,356728,95403,205689,70802,0,44115,16940,35521,FutOnly,2022-01-11,2022-01-21 21:00:00+00:00,CONSERVATIVE_ONE_CUTOFF_DELAY,2022-01-10
220118022651F,#2 HEATING OIL- NY HARBOR-ULSD - NEW YORK MERCANTILE EXCHANGE,2022-01-18T00:00:00.000,022651,NYME,367686,100138,211417,71344,0,49028,21702,30957,FutOnly,2022-01-18,2022-01-28 21:00:00+00:00,CONSERVATIVE_ONE_CUTOFF_DELAY,2022-01-17
220125022651F,#2 HEATING OIL- NY HARBOR-ULSD - NEW YORK MERCANTILE EXCHANGE,2022-01-25T00:00:00.000,022651,NYME,360969,97786,210927,72182,0,50686,18847,31273,FutOnly,2022-01-25,2022-02-04 21:00:00+00:00,CONSERVATIVE_ONE_CUTOFF_DELAY,2022-01-24
220201022651F,#2 HEATING OIL- NY HARBOR-ULSD - NEW YORK MERCANTILE EXCHANGE,2022-02-01T00:00:00.000,022651,NYME,347383,82114,199815,74823,259,56034,21846,31090,FutOnly,2022-02-01,2022-02-11 21:00:00+00:00,CONSERVATIVE_ONE_CUTOFF_DELAY,2022-01-31
220208022651F,NY HARBOR USLD - NEW YORK MERCANTILE EXCHANGE,2022-02-08T00:00:00.000,022651,NYME,349618,91029,198842,75379,0,50579,26541,31222,FutOnly,2022-02-08,2022-02-18 21:00:00+00:00,CONSERVATIVE_ONE_CUTOFF_DELAY,2022-02-07
220215022651F,NY HARBOR ULSD - NEW YORK MERCANTILE EXCHANGE,2022-02-15T00:00:00.000,022651,NYME,363155,96964,198259,74121,0,49637,25288,33372,FutOnly,2022-02-15,2022-02-25 21:00:00+00:00,CONSERVATIVE_ONE_CUTOFF_DELAY,2022-02-14
220222022651F,NY HARBOR ULSD - NEW YORK MERCANTILE EXCHANGE,2022-02-22T00:00:00.000,022651,NYME,334202,77232,178490,74017,0,49355,26875,34001,FutOnly,2022-02-22,2022-03-04 21:00:00+00:00,CONSERVATIVE_ONE_CUTOFF_DELAY,2022-02-21
220301022651F,NY HARBOR ULSD - NEW YORK MERCANTILE EXCHANGE,2022-03-01T00:00:00.000,022651,NYME,285261,59415,158392,72464,827,42467,18858,26975,FutOnly,2022-03-01,2022-03-11 21:00:00+00:00,CONSERVATIVE_ONE_CUTOFF_DELAY,2022-02-28
220308022651F,NY HARBOR ULSD - NEW YORK MERCANTILE EXCHANGE,2022-03-08T00:00:00.000,022651,NYME,245668,50728,128541,66768,1497,30814,18100,16755,FutOnly,2022-03-08,2022-03-18 20:00:00+00:00,CONSERVATIVE_ONE_CUTOFF_DELAY,2022-03-07
220315022651F,NY HARBOR ULSD - NEW YORK MERCANTILE EXCHANGE,2022-03-15T00:00:00.000,022651,NYME,237476,63405,135524,65374,1863,25482,13989,8630,FutOnly,2022-03-15,2022-03-25 20:00:00+00:00,CONSERVATIVE_ONE_CUTOFF_DELAY,2022-03-14
220322022651F,NY HARBOR ULSD - NEW YORK MERCANTILE EXCHANGE,2022-03-22T00:00:00.000,022651,NYME,228666,57877,121936,64223,4283,24996,16211,6584,FutOnly,2022-03-22,2022-04-01 20:00:00+00:00,CONSERVATIVE_ONE_CUTOFF_DELAY,2022-03-21
220329022651F,NY HARBOR ULSD - NEW YORK MERCANTILE EXCHANGE,2022-03-29T00:00:00.000,022651,NYME,214110,42504,108870,62940,4142,26191,15860,5210,FutOnly,2022-03-29,2022-04-08 20:00:00+00:00,CONSERVATIVE_ONE_CUTOFF_DELAY,2022-03-28
220405022651F,NY HARBOR ULSD - NEW YORK MERCANTILE EXCHANGE,2022-04-05T00:00:00.000,022651,NYME,210320,39035,104827,60661,4037,28530,17039,5067,FutOnly,2022-04-05,2022-04-15 20:00:00+00:00,CONSERVATIVE_ONE_CUTOFF_DELAY,2022-04-04
220412022651F,NY HARBOR ULSD - NEW YORK MERCANTILE EXCHANGE,2022-04-12T00:00:00.000,022651,NYME,229433,50472,119410,61658,3613,29654,18784,6947,FutOnly,2022-04-12,2022-04-22 20:00:00+00:00,CONSERVATIVE_ONE_CUTOFF_DELAY,2022-04-11
220419022651F,NY HARBOR ULSD - NEW YORK MERCANTILE EXCHANGE,2022-04-19T00:00:00.000,022651,NYME,234426,51574,118253,60511,4895,31546,19791,8571,FutOnly,2022-04-19,2022-04-29 20:00:00+00:00,CONSERVATIVE_ONE_CUTOFF_DELAY,2022-04-18
220426022651F,NY HARBOR ULSD - NEW YORK MERCANTILE EXCHANGE,2022-04-26T00:00:00.000,022651,NYME,228150,42877,113727,60088,4593,32521,19495,9392,FutOnly,2022-04-26,2022-05-06 20:00:00+00:00,CONSERVATIVE_ONE_CUTOFF_DELAY,2022-04-25
220503022651F,NY HARBOR ULSD - NEW YORK MERCANTILE EXCHANGE,2022-05-03T00:00:00.000,022651,NYME,232939,42994,113653,60127,3488,34333,20972,11417,FutOnly,2022-05-03,2022-05-13 20:00:00+00:00,CONSERVATIVE_ONE_CUTOFF_DELAY,2022-05-02
220510022651F,NY HARBOR ULSD - NEW YORK MERCANTILE EXCHANGE,2022-05-10T00:00:00.000,022651,NYME,247283,53200,128308,60578,1730,34465,18479,16769,FutOnly,2022-05-10,2022-05-20 20:00:00+00:00,CONSERVATIVE_ONE_CUTOFF_DELAY,2022-05-09
220517022651F,NY HARBOR ULSD - NEW YORK MERCANTILE EXCHANGE,2022-05-17T00:00:00.000,022651,NYME,253795,60446,138237,62208,828,34782,16962,14223,FutOnly,2022-05-17,2022-05-27 20:00:00+00:00,CONSERVATIVE_ONE_CUTOFF_DELAY,2022-05-16
220524022651F,NY HARBOR ULSD - NEW YORK MERCANTILE EXCHANGE,2022-05-24T00:00:00.000,022651,NYME,251687,58669,132900,63688,670,32588,17229,10487,FutOnly,2022-05-24,2022-06-03 20:00:00+00:00,CONSERVATIVE_ONE_CUTOFF_DELAY,2022-05-23
220531022651F,NY HARBOR ULSD - NEW YORK MERCANTILE EXCHANGE,2022-05-31T00:00:00.000,022651,NYME,248966,58476,137851,62058,650,34653,16786,11345,FutOnly,2022-05-31,2022-06-10 20:00:00+00:00,CONSERVATIVE_ONE_CUTOFF_DELAY,2022-05-30
220607022651F,NY HARBOR ULSD - NEW YORK MERCANTILE EXCHANGE,2022-06-07T00:00:00.000,022651,NYME,261651,62117,148523,62551,573,35551,17005,13215,FutOnly,2022-06-07,2022-06-17 20:00:00+00:00,CONSERVATIVE_ONE_CUTOFF_DELAY,2022-06-06
220614022651F,NY HARBOR ULSD - NEW YORK MERCANTILE EXCHANGE,2022-06-14T00:00:00.000,022651,NYME,268199,61248,152107,62775,602,36373,17419,15329,FutOnly,2022-06-14,2022-06-24 20:00:00+00:00,CONSERVATIVE_ONE_CUTOFF_DELAY,2022-06-13
220621022651F,NY HARBOR ULSD - NEW YORK MERCANTILE EXCHANGE,2022-06-21T00:00:00.000,022651,NYME,268818,64263,152705,61253,1015,35446,20164,15777,FutOnly,2022-06-21,2022-07-01 20:00:00+00:00,CONSERVATIVE_ONE_CUTOFF_DELAY,2022-06-20
220628022651F,NY HARBOR ULSD - NEW YORK MERCANTILE EXCHANGE,2022-06-28T00:00:00.000,022651,NYME,269168,68795,154972,61851,1417,33272,20232,19414,FutOnly,2022-06-28,2022-07-08 20:00:00+00:00,CONSERVATIVE_ONE_CUTOFF_DELAY,2022-06-27
220705022651F,NY HARBOR ULSD - NEW YORK MERCANTILE EXCHANGE,2022-07-05T00:00:00.000,022651,NYME,264269,68304,151078,61926,1927,30695,17917,22699,FutOnly,2022-07-05,2022-07-15 20:00:00+00:00,CONSERVATIVE_ONE_CUTOFF_DELAY,2022-07-04
220712022651F,NY HARBOR ULSD - NEW YORK MERCANTILE EXCHANGE,2022-07-12T00:00:00.000,022651,NYME,266330,69867,152683,61897,1934,28332,15381,23698,FutOnly,2022-07-12,2022-07-22 20:00:00+00:00,CONSERVATIVE_ONE_CUTOFF_DELAY,2022-07-11
220719022651F,NY HARBOR ULSD - NEW YORK MERCANTILE EXCHANGE,2022-07-19T00:00:00.000,022651,NYME,267576,74966,158186,60847,1427,29115,15089,22018,FutOnly,2022-07-19,2022-07-29 20:00:00+00:00,CONSERVATIVE_ONE_CUTOFF_DELAY,2022-07-18
220726022651F,NY HARBOR ULSD - NEW YORK MERCANTILE EXCHANGE,2022-07-26T00:00:00.000,022651,NYME,269127,68896,161781,60967,1613,34794,12112,23460,FutOnly,2022-07-26,2022-08-05 20:00:00+00:00,CONSERVATIVE_ONE_CUTOFF_DELAY,2022-07-25
220802022651F,NY HARBOR ULSD - NEW YORK MERCANTILE EXCHANGE,2022-08-02T00:00:00.000,022651,NYME,276520,73724,168932,61577,1758,38062,11994,23281,FutOnly,2022-08-02,2022-08-12 20:00:00+00:00,CONSERVATIVE_ONE_CUTOFF_DELAY,2022-08-01
220809022651F,NY HARBOR ULSD - NEW YORK MERCANTILE EXCHANGE,2022-08-09T00:00:00.000,022651,NYME,283749,73882,170447,62048,1955,38242,9913,26457,FutOnly,2022-08-09,2022-08-19 20:00:00+00:00,CONSERVATIVE_ONE_CUTOFF_DELAY,2022-08-08
220816022651F,NY HARBOR ULSD - NEW YORK MERCANTILE EXCHANGE,2022-08-16T00:00:00.000,022651,NYME,296987,78932,178760,61648,1842,38820,10281,29604,FutOnly,2022-08-16,2022-08-26 20:00:00+00:00,CONSERVATIVE_ONE_CUTOFF_DELAY,2022-08-15
220823022651F,NY HARBOR ULSD - NEW YORK MERCANTILE EXCHANGE,2022-08-23T00:00:00.000,022651,NYME,295930,79264,178232,60229,2015,37897,9774,28883,FutOnly,2022-08-23,2022-09-02 20:00:00+00:00,CONSERVATIVE_ONE_CUTOFF_DELAY,2022-08-22
220830022651F,NY HARBOR ULSD - NEW YORK MERCANTILE EXCHANGE,2022-08-30T00:00:00.000,022651,NYME,283427,74491,174829,58699,2122,40649,9933,27416,FutOnly,2022-08-30,2022-09-09 20:00:00+00:00,CONSERVATIVE_ONE_CUTOFF_DELAY,2022-08-29
220906022651F,NY HARBOR ULSD - NEW YORK MERCANTILE EXCHANGE,2022-09-06T00:00:00.000,022651,NYME,280210,78789,173149,59255,984,33956,11495,26066,FutOnly,2022-09-06,2022-09-16 20:00:00+00:00,CONSERVATIVE_ONE_CUTOFF_DELAY,2022-09-05
220913022651F,NY HARBOR ULSD - NEW YORK MERCANTILE EXCHANGE,2022-09-13T00:00:00.000,022651,NYME,290916,86939,175426,58200,1066,32322,13395,27288,FutOnly,2022-09-13,2022-09-23 20:00:00+00:00,CONSERVATIVE_ONE_CUTOFF_DELAY,2022-09-12
220920022651F,NY HARBOR ULSD - NEW YORK MERCANTILE EXCHANGE,2022-09-20T00:00:00.000,022651,NYME,292634,84588,169371,59748,906,31918,16160,29345,FutOnly,2022-09-20,2022-09-30 20:00:00+00:00,CONSERVATIVE_ONE_CUTOFF_DELAY,2022-09-19
220927022651F,NY HARBOR ULSD - NEW YORK MERCANTILE EXCHANGE,2022-09-27T00:00:00.000,022651,NYME,290265,83439,162354,58259,969,30921,18789,33591,FutOnly,2022-09-27,2022-10-07 20:00:00+00:00,CONSERVATIVE_ONE_CUTOFF_DELAY,2022-09-26
221004022651F,NY HARBOR ULSD - NEW YORK MERCANTILE EXCHANGE,2022-10-04T00:00:00.000,022651,NYME,282988,74528,163588,57902,945,30413,12680,34591,FutOnly,2022-10-04,2022-10-14 20:00:00+00:00,CONSERVATIVE_ONE_CUTOFF_DELAY,2022-10-03
221011022651F,NY HARBOR ULSD - NEW YORK MERCANTILE EXCHANGE,2022-10-11T00:00:00.000,022651,NYME,275262,59891,153104,56025,1260,33815,9768,31628,FutOnly,2022-10-11,2022-10-21 20:00:00+00:00,CONSERVATIVE_ONE_CUTOFF_DELAY,2022-10-10
221018022651F,NY HARBOR ULSD - NEW YORK MERCANTILE EXCHANGE,2022-10-18T00:00:00.000,022651,NYME,283702,64380,162801,56732,2342,36472,7884,30417,FutOnly,2022-10-18,2022-10-28 20:00:00+00:00,CONSERVATIVE_ONE_CUTOFF_DELAY,2022-10-17
221025022651F,NY HARBOR ULSD - NEW YORK MERCANTILE EXCHANGE,2022-10-25T00:00:00.000,022651,NYME,272663,60262,153273,58116,3343,32707,8710,33614,FutOnly,2022-10-25,2022-11-04 20:00:00+00:00,CONSERVATIVE_ONE_CUTOFF_DELAY,2022-10-24
221101022651F,NY HARBOR ULSD - NEW YORK MERCANTILE EXCHANGE,2022-11-01T00:00:00.000,022651,NYME,268025,48529,143634,56890,3080,32520,7063,40332,FutOnly,2022-11-01,2022-11-11 21:00:00+00:00,CONSERVATIVE_ONE_CUTOFF_DELAY,2022-10-31
221108022651F,NY HARBOR ULSD - NEW YORK MERCANTILE EXCHANGE,2022-11-08T00:00:00.000,022651,NYME,266730,44147,145647,54319,3878,36840,6904,37071,FutOnly,2022-11-08,2022-11-18 21:00:00+00:00,CONSERVATIVE_ONE_CUTOFF_DELAY,2022-11-07
221115022651F,NY HARBOR ULSD - NEW YORK MERCANTILE EXCHANGE,2022-11-15T00:00:00.000,022651,NYME,275254,48485,147282,54353,2489,34880,6732,37396,FutOnly,2022-11-15,2022-11-25 21:00:00+00:00,CONSERVATIVE_ONE_CUTOFF_DELAY,2022-11-14
221122022651F,NY HARBOR ULSD - NEW YORK MERCANTILE EXCHANGE,2022-11-22T00:00:00.000,022651,NYME,278363,54253,151661,54442,2417,37054,6424,35216,FutOnly,2022-11-22,2022-12-02 21:00:00+00:00,CONSERVATIVE_ONE_CUTOFF_DELAY,2022-11-21
221129022651F,NY HARBOR ULSD - NEW YORK MERCANTILE EXCHANGE,2022-11-29T00:00:00.000,022651,NYME,266829,46045,144645,52777,2432,37503,5801,34668,FutOnly,2022-11-29,2022-12-09 21:00:00+00:00,CONSERVATIVE_ONE_CUTOFF_DELAY,2022-11-28
221206022651F,NY HARBOR ULSD - NEW YORK MERCANTILE EXCHANGE,2022-12-06T00:00:00.000,022651,NYME,257158,45938,134993,52958,3409,31084,9602,23404,FutOnly,2022-12-06,2022-12-16 21:00:00+00:00,CONSERVATIVE_ONE_CUTOFF_DELAY,2022-12-05
221213022651F,NY HARBOR ULSD - NEW YORK MERCANTILE EXCHANGE,2022-12-13T00:00:00.000,022651,NYME,270751,60914,145070,53886,2501,28626,13679,20997,FutOnly,2022-12-13,2022-12-23 21:00:00+00:00,CONSERVATIVE_ONE_CUTOFF_DELAY,2022-12-12
221220022651F,NY HARBOR ULSD - NEW YORK MERCANTILE EXCHANGE,2022-12-20T00:00:00.000,022651,NYME,268734,61731,150490,53520,1850,30181,9897,20144,FutOnly,2022-12-20,2022-12-30 21:00:00+00:00,CONSERVATIVE_ONE_CUTOFF_DELAY,2022-12-19
221227022651F,NY HARBOR ULSD - NEW YORK MERCANTILE EXCHANGE,2022-12-27T00:00:00.000,022651,NYME,257404,59459,150765,53553,1253,30530,10404,18836,FutOnly,2022-12-27,2023-01-06 21:00:00+00:00,CONSERVATIVE_ONE_CUTOFF_DELAY,2022-12-26
230103022651F,NY HARBOR ULSD - NEW YORK MERCANTILE EXCHANGE,2023-01-03T00:00:00.000,022651,NYME,252205,56591,142021,52484,1085,30029,11998,19581,FutOnly,2023-01-03,2023-01-13 21:00:00+00:00,CONSERVATIVE_ONE_CUTOFF_DELAY,2023-01-02
230110022651F,NY HARBOR ULSD - NEW YORK MERCANTILE EXCHANGE,2023-01-10T00:00:00.000,022651,NYME,260845,61650,144726,48869,828,28017,10963,23838,FutOnly,2023-01-10,2023-01-20 21:00:00+00:00,CONSERVATIVE_ONE_CUTOFF_DELAY,2023-01-09
230117022651F,NY HARBOR ULSD - NEW YORK MERCANTILE EXCHANGE,2023-01-17T00:00:00.000,022651,NYME,269911,69502,156614,47916,1416,28704,10935,23754,FutOnly,2023-01-17,2023-01-27 21:00:00+00:00,CONSERVATIVE_ONE_CUTOFF_DELAY,2023-01-16
230124022651F,NY HARBOR ULSD - NEW YORK MERCANTILE EXCHANGE,2023-01-24T00:00:00.000,022651,NYME,278159,71473,162368,45948,3593,35107,8839,24146,FutOnly,2023-01-24,2023-02-03 21:00:00+00:00,CONSERVATIVE_ONE_CUTOFF_DELAY,2023-01-23
230131022651F,NY HARBOR ULSD - NEW YORK MERCANTILE EXCHANGE,2023-01-31T00:00:00.000,022651,NYME,265444,65769,155006,46971,3162,31612,8701,24347,FutOnly,2023-01-31,2023-02-25 05:00:00+00:00,ACTUAL_ISSUE_PLUS_NEXT_MIDNIGHT,2023-01-30
230207022651F,NY HARBOR ULSD - NEW YORK MERCANTILE EXCHANGE,2023-02-07T00:00:00.000,022651,NYME,263450,73957,152061,50209,3322,23420,9956,26682,FutOnly,2023-02-07,2023-03-04 05:00:00+00:00,ACTUAL_ISSUE_PLUS_NEXT_MIDNIGHT,2023-02-06
230214022651F,NY HARBOR ULSD - NEW YORK MERCANTILE EXCHANGE,2023-02-14T00:00:00.000,022651,NYME,280645,86784,166006,50810,3062,27734,10799,26025,FutOnly,2023-02-14,2023-03-09 05:00:00+00:00,ACTUAL_ISSUE_PLUS_NEXT_MIDNIGHT,2023-02-13
230221022651F,NY HARBOR ULSD - NEW YORK MERCANTILE EXCHANGE,2023-02-21T00:00:00.000,022651,NYME,259558,75983,153770,54737,3041,27019,10133,23100,FutOnly,2023-02-21,2023-03-11 05:00:00+00:00,ACTUAL_ISSUE_PLUS_NEXT_MIDNIGHT,2023-02-20
230228022651F,NY HARBOR ULSD - NEW YORK MERCANTILE EXCHANGE,2023-02-28T00:00:00.000,022651,NYME,246341,68881,144834,54831,2817,25033,12746,22170,FutOnly,2023-02-28,2023-03-15 04:00:00+00:00,ACTUAL_ISSUE_PLUS_NEXT_MIDNIGHT,2023-02-27
230307022651F,NY HARBOR ULSD - NEW YORK MERCANTILE EXCHANGE,2023-03-07T00:00:00.000,022651,NYME,255096,72427,148171,53663,3234,25219,12488,22987,FutOnly,2023-03-07,2023-03-17 04:00:00+00:00,ACTUAL_ISSUE_PLUS_NEXT_MIDNIGHT,2023-03-06
230314022651F,NY HARBOR ULSD - NEW YORK MERCANTILE EXCHANGE,2023-03-14T00:00:00.000,022651,NYME,259967,66832,145551,53009,2988,26878,10442,27654,FutOnly,2023-03-14,2023-03-22 04:00:00+00:00,ACTUAL_ISSUE_PLUS_NEXT_MIDNIGHT,2023-03-13
230321022651F,NY HARBOR ULSD - NEW YORK MERCANTILE EXCHANGE,2023-03-21T00:00:00.000,022651,NYME,279105,86795,158958,52055,2369,24450,13895,28308,FutOnly,2023-03-21,,ION_REMAINING_RECOVERY_NOT_PROVEN,2023-03-20
230328022651F,NY HARBOR ULSD - NEW YORK MERCANTILE EXCHANGE,2023-03-28T00:00:00.000,022651,NYME,271542,78144,155374,53712,3458,28557,12691,27872,FutOnly,2023-03-28,,ION_REMAINING_RECOVERY_NOT_PROVEN,2023-03-27
230404022651F,NY HARBOR ULSD - NEW YORK MERCANTILE EXCHANGE,2023-04-04T00:00:00.000,022651,NYME,270347,81886,154208,53973,4258,27215,14083,24519,FutOnly,2023-04-04,2023-04-14 20:00:00+00:00,CONSERVATIVE_ONE_CUTOFF_DELAY,2023-04-03
230411022651F,NY HARBOR ULSD - NEW YORK MERCANTILE EXCHANGE,2023-04-11T00:00:00.000,022651,NYME,268008,77736,156827,53072,4751,29565,12208,21773,FutOnly,2023-04-11,2023-04-21 20:00:00+00:00,CONSERVATIVE_ONE_CUTOFF_DELAY,2023-04-10
230418022651F,NY HARBOR ULSD - NEW YORK MERCANTILE EXCHANGE,2023-04-18T00:00:00.000,022651,NYME,260459,70731,142990,52907,5635,28863,14751,23715,FutOnly,2023-04-18,2023-04-28 20:00:00+00:00,CONSERVATIVE_ONE_CUTOFF_DELAY,2023-04-17
230425022651F,NY HARBOR ULSD - NEW YORK MERCANTILE EXCHANGE,2023-04-25T00:00:00.000,022651,NYME,268225,74089,136131,51729,5705,27811,19712,31982,FutOnly,2023-04-25,2023-05-05 20:00:00+00:00,CONSERVATIVE_ONE_CUTOFF_DELAY,2023-04-24
230502022651F,NY HARBOR ULSD - NEW YORK MERCANTILE EXCHANGE,2023-05-02T00:00:00.000,022651,NYME,285472,83188,135529,50807,6283,28741,31109,34022,FutOnly,2023-05-02,2023-05-12 20:00:00+00:00,CONSERVATIVE_ONE_CUTOFF_DELAY,2023-05-01
230509022651F,NY HARBOR ULSD - NEW YORK MERCANTILE EXCHANGE,2023-05-09T00:00:00.000,022651,NYME,294110,84234,140532,51151,6447,31176,31097,38010,FutOnly,2023-05-09,2023-05-19 20:00:00+00:00,CONSERVATIVE_ONE_CUTOFF_DELAY,2023-05-08
230516022651F,NY HARBOR ULSD - NEW YORK MERCANTILE EXCHANGE,2023-05-16T00:00:00.000,022651,NYME,299991,85076,145074,49039,6093,35359,28091,38923,FutOnly,2023-05-16,2023-05-26 20:00:00+00:00,CONSERVATIVE_ONE_CUTOFF_DELAY,2023-05-15
230523022651F,NY HARBOR ULSD - NEW YORK MERCANTILE EXCHANGE,2023-05-23T00:00:00.000,022651,NYME,306360,95442,153161,47449,6435,35083,29074,37813,FutOnly,2023-05-23,2023-06-02 20:00:00+00:00,CONSERVATIVE_ONE_CUTOFF_DELAY,2023-05-22
230530022651F,NY HARBOR ULSD - NEW YORK MERCANTILE EXCHANGE,2023-05-30T00:00:00.000,022651,NYME,309819,91482,154251,46730,6904,38465,30568,40744,FutOnly,2023-05-30,2023-06-09 20:00:00+00:00,CONSERVATIVE_ONE_CUTOFF_DELAY,2023-05-29
230606022651F,NY HARBOR ULSD - NEW YORK MERCANTILE EXCHANGE,2023-06-06T00:00:00.000,022651,NYME,307550,85162,155525,48318,6790,41324,26504,45278,FutOnly,2023-06-06,2023-06-16 20:00:00+00:00,CONSERVATIVE_ONE_CUTOFF_DELAY,2023-06-05
230613022651F,NY HARBOR ULSD - NEW YORK MERCANTILE EXCHANGE,2023-06-13T00:00:00.000,022651,NYME,328892,97170,168089,47926,7823,39924,25682,49379,FutOnly,2023-06-13,2023-06-23 20:00:00+00:00,CONSERVATIVE_ONE_CUTOFF_DELAY,2023-06-12
230620022651F,NY HARBOR ULSD - NEW YORK MERCANTILE EXCHANGE,2023-06-20T00:00:00.000,022651,NYME,310297,91569,160117,47228,7176,33177,22812,40742,FutOnly,2023-06-20,2023-06-30 20:00:00+00:00,CONSERVATIVE_ONE_CUTOFF_DELAY,2023-06-19
230627022651F,NY HARBOR ULSD - NEW YORK MERCANTILE EXCHANGE,2023-06-27T00:00:00.000,022651,NYME,296513,76461,154489,47310,6910,38064,21253,39363,FutOnly,2023-06-27,2023-07-07 20:00:00+00:00,CONSERVATIVE_ONE_CUTOFF_DELAY,2023-06-26
230703022651F,NY HARBOR ULSD - NEW YORK MERCANTILE EXCHANGE,2023-07-03T00:00:00.000,022651,NYME,305681,82660,165111,47315,6674,40553,21609,41504,FutOnly,2023-07-03,2023-07-14 20:00:00+00:00,CONSERVATIVE_ONE_CUTOFF_DELAY,2023-07-03
230711022651F,NY HARBOR ULSD - NEW YORK MERCANTILE EXCHANGE,2023-07-11T00:00:00.000,022651,NYME,320001,90961,180495,48379,6573,40874,16958,39689,FutOnly,2023-07-11,2023-07-21 20:00:00+00:00,CONSERVATIVE_ONE_CUTOFF_DELAY,2023-07-10
230718022651F,NY HARBOR ULSD - NEW YORK MERCANTILE EXCHANGE,2023-07-18T00:00:00.000,022651,NYME,331790,97197,181156,48143,6969,36781,18225,41615,FutOnly,2023-07-18,2023-07-28 20:00:00+00:00,CONSERVATIVE_ONE_CUTOFF_DELAY,2023-07-17
230725022651F,NY HARBOR ULSD - NEW YORK MERCANTILE EXCHANGE,2023-07-25T00:00:00.000,022651,NYME,324610,86734,176488,47946,6660,41263,16538,31115,FutOnly,2023-07-25,2023-08-04 20:00:00+00:00,CONSERVATIVE_ONE_CUTOFF_DELAY,2023-07-24
230801022651F,NY HARBOR ULSD - NEW YORK MERCANTILE EXCHANGE,2023-08-01T00:00:00.000,022651,NYME,328403,88397,178315,47571,7738,48436,20086,30991,FutOnly,2023-08-01,2023-08-11 20:00:00+00:00,CONSERVATIVE_ONE_CUTOFF_DELAY,2023-07-31
230808022651F,NY HARBOR ULSD - NEW YORK MERCANTILE EXCHANGE,2023-08-08T00:00:00.000,022651,NYME,324934,81005,177148,45976,7349,51784,18746,29116,FutOnly,2023-08-08,2023-08-18 20:00:00+00:00,CONSERVATIVE_ONE_CUTOFF_DELAY,2023-08-07
230815022651F,NY HARBOR ULSD - NEW YORK MERCANTILE EXCHANGE,2023-08-15T00:00:00.000,022651,NYME,332712,94902,189022,43021,7082,49022,16329,30398,FutOnly,2023-08-15,2023-08-25 20:00:00+00:00,CONSERVATIVE_ONE_CUTOFF_DELAY,2023-08-14
230822022651F,NY HARBOR ULSD - NEW YORK MERCANTILE EXCHANGE,2023-08-22T00:00:00.000,022651,NYME,333182,97527,198116,43465,8751,53704,15638,25933,FutOnly,2023-08-22,2023-09-01 20:00:00+00:00,CONSERVATIVE_ONE_CUTOFF_DELAY,2023-08-21
230829022651F,NY HARBOR ULSD - NEW YORK MERCANTILE EXCHANGE,2023-08-29T00:00:00.000,022651,NYME,321359,91193,187663,41926,10118,50354,13354,31402,FutOnly,2023-08-29,2023-09-08 20:00:00+00:00,CONSERVATIVE_ONE_CUTOFF_DELAY,2023-08-28
230905022651F,NY HARBOR ULSD - NEW YORK MERCANTILE EXCHANGE,2023-09-05T00:00:00.000,022651,NYME,319491,95368,193482,41422,10434,48462,12433,30210,FutOnly,2023-09-05,2023-09-15 20:00:00+00:00,CONSERVATIVE_ONE_CUTOFF_DELAY,2023-09-04
230912022651F,NY HARBOR ULSD - NEW YORK MERCANTILE EXCHANGE,2023-09-12T00:00:00.000,022651,NYME,334395,109847,201344,40348,11650,47607,13661,31428,FutOnly,2023-09-12,2023-09-22 20:00:00+00:00,CONSERVATIVE_ONE_CUTOFF_DELAY,2023-09-11
230919022651F,NY HARBOR ULSD - NEW YORK MERCANTILE EXCHANGE,2023-09-19T00:00:00.000,022651,NYME,330256,103340,200445,39856,12645,48782,13340,34092,FutOnly,2023-09-19,2023-09-29 20:00:00+00:00,CONSERVATIVE_ONE_CUTOFF_DELAY,2023-09-18
230926022651F,NY HARBOR ULSD - NEW YORK MERCANTILE EXCHANGE,2023-09-26T00:00:00.000,022651,NYME,321163,93354,190444,39694,12198,49963,12341,33893,FutOnly,2023-09-26,2023-10-06 20:00:00+00:00,CONSERVATIVE_ONE_CUTOFF_DELAY,2023-09-25
231003022651F,NY HARBOR ULSD - NEW YORK MERCANTILE EXCHANGE,2023-10-03T00:00:00.000,022651,NYME,330825,89339,185895,40222,10014,52396,13238,45053,FutOnly,2023-10-03,2023-10-13 20:00:00+00:00,CONSERVATIVE_ONE_CUTOFF_DELAY,2023-10-02
231010022651F,NY HARBOR ULSD - NEW YORK MERCANTILE EXCHANGE,2023-10-10T00:00:00.000,022651,NYME,330440,90199,183248,41217,8993,46321,14629,42376,FutOnly,2023-10-10,2023-10-20 20:00:00+00:00,CONSERVATIVE_ONE_CUTOFF_DELAY,2023-10-09
231017022651F,NY HARBOR ULSD - NEW YORK MERCANTILE EXCHANGE,2023-10-17T00:00:00.000,022651,NYME,333451,87152,179983,45635,8948,50923,15336,46812,FutOnly,2023-10-17,2023-10-27 20:00:00+00:00,CONSERVATIVE_ONE_CUTOFF_DELAY,2023-10-16
231024022651F,NY HARBOR ULSD - NEW YORK MERCANTILE EXCHANGE,2023-10-24T00:00:00.000,022651,NYME,322791,83124,172733,46820,8682,49024,17279,46429,FutOnly,2023-10-24,2023-11-03 20:00:00+00:00,CONSERVATIVE_ONE_CUTOFF_DELAY,2023-10-23
231031022651F,NY HARBOR ULSD - NEW YORK MERCANTILE EXCHANGE,2023-10-31T00:00:00.000,022651,NYME,299928,68942,160066,46999,8002,47854,16417,44589,FutOnly,2023-10-31,2023-11-10 21:00:00+00:00,CONSERVATIVE_ONE_CUTOFF_DELAY,2023-10-30
231107022651F,NY HARBOR ULSD - NEW YORK MERCANTILE EXCHANGE,2023-11-07T00:00:00.000,022651,NYME,306918,69364,160355,47709,8324,48235,20204,42860,FutOnly,2023-11-07,2023-11-17 21:00:00+00:00,CONSERVATIVE_ONE_CUTOFF_DELAY,2023-11-06
231114022651F,NY HARBOR ULSD - NEW YORK MERCANTILE EXCHANGE,2023-11-14T00:00:00.000,022651,NYME,303453,67738,161651,49102,6693,50704,16836,41778,FutOnly,2023-11-14,2023-11-24 21:00:00+00:00,CONSERVATIVE_ONE_CUTOFF_DELAY,2023-11-13
231121022651F,NY HARBOR ULSD - NEW YORK MERCANTILE EXCHANGE,2023-11-21T00:00:00.000,022651,NYME,310327,76833,168310,49736,6076,48406,16181,43372,FutOnly,2023-11-21,2023-12-01 21:00:00+00:00,CONSERVATIVE_ONE_CUTOFF_DELAY,2023-11-20
231128022651F,NY HARBOR ULSD - NEW YORK MERCANTILE EXCHANGE,2023-11-28T00:00:00.000,022651,NYME,303447,62987,165470,49840,5648,49845,13915,44580,FutOnly,2023-11-28,2023-12-08 21:00:00+00:00,CONSERVATIVE_ONE_CUTOFF_DELAY,2023-11-27
231205022651F,NY HARBOR ULSD - NEW YORK MERCANTILE EXCHANGE,2023-12-05T00:00:00.000,022651,NYME,307563,72538,168805,49091,4763,47371,18727,46239,FutOnly,2023-12-05,2023-12-15 21:00:00+00:00,CONSERVATIVE_ONE_CUTOFF_DELAY,2023-12-04
231212022651F,NY HARBOR ULSD - NEW YORK MERCANTILE EXCHANGE,2023-12-12T00:00:00.000,022651,NYME,302940,71494,159826,50224,3179,40540,21908,47271,FutOnly,2023-12-12,2023-12-22 21:00:00+00:00,CONSERVATIVE_ONE_CUTOFF_DELAY,2023-12-11
231219022651F,NY HARBOR ULSD - NEW YORK MERCANTILE EXCHANGE,2023-12-19T00:00:00.000,022651,NYME,314171,72777,160359,50102,2641,37556,20148,47302,FutOnly,2023-12-19,2023-12-29 21:00:00+00:00,CONSERVATIVE_ONE_CUTOFF_DELAY,2023-12-18
231226022651F,NY HARBOR ULSD - NEW YORK MERCANTILE EXCHANGE,2023-12-26T00:00:00.000,022651,NYME,302179,68457,164244,50917,2589,40053,21313,44535,FutOnly,2023-12-26,2024-01-05 21:00:00+00:00,CONSERVATIVE_ONE_CUTOFF_DELAY,2023-12-25
240102022651F,NY HARBOR ULSD - NEW YORK MERCANTILE EXCHANGE,2024-01-02T00:00:00.000,022651,NYME,300942,71863,165569,53014,2368,38326,19385,45667,FutOnly,2024-01-02,2024-01-12 21:00:00+00:00,CONSERVATIVE_ONE_CUTOFF_DELAY,2024-01-01
240109022651F,NY HARBOR ULSD - NEW YORK MERCANTILE EXCHANGE,2024-01-09T00:00:00.000,022651,NYME,317129,74359,174477,52682,2563,41743,16015,45909,FutOnly,2024-01-09,2024-01-19 21:00:00+00:00,CONSERVATIVE_ONE_CUTOFF_DELAY,2024-01-08
240116022651F,NY HARBOR ULSD - NEW YORK MERCANTILE EXCHANGE,2024-01-16T00:00:00.000,022651,NYME,336198,81182,181215,53226,2796,38280,15566,53647,FutOnly,2024-01-16,2024-01-26 21:00:00+00:00,CONSERVATIVE_ONE_CUTOFF_DELAY,2024-01-15
240123022651F,NY HARBOR ULSD - NEW YORK MERCANTILE EXCHANGE,2024-01-23T00:00:00.000,022651,NYME,350421,97190,186623,52275,3174,34361,17549,56966,FutOnly,2024-01-23,2024-02-02 21:00:00+00:00,CONSERVATIVE_ONE_CUTOFF_DELAY,2024-01-22
240130022651F,NY HARBOR ULSD - NEW YORK MERCANTILE EXCHANGE,2024-01-30T00:00:00.000,022651,NYME,349721,98502,190875,54523,3636,37282,13411,56584,FutOnly,2024-01-30,2024-02-09 21:00:00+00:00,CONSERVATIVE_ONE_CUTOFF_DELAY,2024-01-29
240206022651F,NY HARBOR ULSD - NEW YORK MERCANTILE EXCHANGE,2024-02-06T00:00:00.000,022651,NYME,356853,109234,201715,54869,3631,35011,18003,47669,FutOnly,2024-02-06,2024-02-16 21:00:00+00:00,CONSERVATIVE_ONE_CUTOFF_DELAY,2024-02-05
240213022651F,NY HARBOR ULSD - NEW YORK MERCANTILE EXCHANGE,2024-02-13T00:00:00.000,022651,NYME,377975,117126,211821,53553,4915,48718,21650,50466,FutOnly,2024-02-13,2024-02-23 21:00:00+00:00,CONSERVATIVE_ONE_CUTOFF_DELAY,2024-02-12
240220022651F,NY HARBOR ULSD - NEW YORK MERCANTILE EXCHANGE,2024-02-20T00:00:00.000,022651,NYME,364397,105893,193405,53534,4341,47216,24438,46514,FutOnly,2024-02-20,2024-03-01 21:00:00+00:00,CONSERVATIVE_ONE_CUTOFF_DELAY,2024-02-19
240227022651F,NY HARBOR ULSD - NEW YORK MERCANTILE EXCHANGE,2024-02-27T00:00:00.000,022651,NYME,332225,89022,176518,53116,2725,43540,19012,45170,FutOnly,2024-02-27,2024-03-08 21:00:00+00:00,CONSERVATIVE_ONE_CUTOFF_DELAY,2024-02-26
240305022651F,NY HARBOR ULSD - NEW YORK MERCANTILE EXCHANGE,2024-03-05T00:00:00.000,022651,NYME,312072,83944,170235,52952,2026,40439,23434,41138,FutOnly,2024-03-05,2024-03-15 20:00:00+00:00,CONSERVATIVE_ONE_CUTOFF_DELAY,2024-03-04
240312022651F,NY HARBOR ULSD - NEW YORK MERCANTILE EXCHANGE,2024-03-12T00:00:00.000,022651,NYME,311436,84859,169172,54358,1788,38814,27577,38887,FutOnly,2024-03-12,2024-03-22 20:00:00+00:00,CONSERVATIVE_ONE_CUTOFF_DELAY,2024-03-11
240319022651F,NY HARBOR ULSD - NEW YORK MERCANTILE EXCHANGE,2024-03-19T00:00:00.000,022651,NYME,309514,72948,157978,54216,1559,36253,24704,40496,FutOnly,2024-03-19,2024-03-29 20:00:00+00:00,CONSERVATIVE_ONE_CUTOFF_DELAY,2024-03-18
240326022651F,NY HARBOR ULSD - NEW YORK MERCANTILE EXCHANGE,2024-03-26T00:00:00.000,022651,NYME,314421,71365,154859,55884,427,35056,31121,47128,FutOnly,2024-03-26,2024-04-05 20:00:00+00:00,CONSERVATIVE_ONE_CUTOFF_DELAY,2024-03-25
240402022651F,NY HARBOR ULSD - NEW YORK MERCANTILE EXCHANGE,2024-04-02T00:00:00.000,022651,NYME,317587,73866,159345,52289,942,32727,26469,49163,FutOnly,2024-04-02,2024-04-12 20:00:00+00:00,CONSERVATIVE_ONE_CUTOFF_DELAY,2024-04-01
240409022651F,NY HARBOR ULSD - NEW YORK MERCANTILE EXCHANGE,2024-04-09T00:00:00.000,022651,NYME,326852,79529,164115,53632,981,36866,27725,52116,FutOnly,2024-04-09,2024-04-19 20:00:00+00:00,CONSERVATIVE_ONE_CUTOFF_DELAY,2024-04-08
240416022651F,NY HARBOR ULSD - NEW YORK MERCANTILE EXCHANGE,2024-04-16T00:00:00.000,022651,NYME,339288,89679,169916,55775,756,33817,30207,51393,FutOnly,2024-04-16,2024-04-26 20:00:00+00:00,CONSERVATIVE_ONE_CUTOFF_DELAY,2024-04-15
240423022651F,NY HARBOR ULSD - NEW YORK MERCANTILE EXCHANGE,2024-04-23T00:00:00.000,022651,NYME,357753,97549,180603,60205,392,29652,26011,62066,FutOnly,2024-04-23,2024-05-03 20:00:00+00:00,CONSERVATIVE_ONE_CUTOFF_DELAY,2024-04-22
240430022651F,NY HARBOR ULSD - NEW YORK MERCANTILE EXCHANGE,2024-04-30T00:00:00.000,022651,NYME,362786,101224,179678,61696,490,27891,29705,68178,FutOnly,2024-04-30,2024-05-10 20:00:00+00:00,CONSERVATIVE_ONE_CUTOFF_DELAY,2024-04-29
240507022651F,NY HARBOR ULSD - NEW YORK MERCANTILE EXCHANGE,2024-05-07T00:00:00.000,022651,NYME,380627,113046,196198,61159,611,25382,22531,72057,FutOnly,2024-05-07,2024-05-17 20:00:00+00:00,CONSERVATIVE_ONE_CUTOFF_DELAY,2024-05-06
240514022651F,NY HARBOR ULSD - NEW YORK MERCANTILE EXCHANGE,2024-05-14T00:00:00.000,022651,NYME,397078,120121,199673,61405,619,27767,23862,73884,FutOnly,2024-05-14,2024-05-24 20:00:00+00:00,CONSERVATIVE_ONE_CUTOFF_DELAY,2024-05-13
240521022651F,NY HARBOR ULSD - NEW YORK MERCANTILE EXCHANGE,2024-05-21T00:00:00.000,022651,NYME,399254,113557,199710,60735,235,31203,22341,76520,FutOnly,2024-05-21,2024-05-31 20:00:00+00:00,CONSERVATIVE_ONE_CUTOFF_DELAY,2024-05-20
240528022651F,NY HARBOR ULSD - NEW YORK MERCANTILE EXCHANGE,2024-05-28T00:00:00.000,022651,NYME,397141,104614,198379,64087,1387,33004,22656,75996,FutOnly,2024-05-28,2024-06-07 20:00:00+00:00,CONSERVATIVE_ONE_CUTOFF_DELAY,2024-05-27
240604022651F,NY HARBOR ULSD - NEW YORK MERCANTILE EXCHANGE,2024-06-04T00:00:00.000,022651,NYME,392535,104169,186236,65725,480,33229,38574,71008,FutOnly,2024-06-04,2024-06-14 20:00:00+00:00,CONSERVATIVE_ONE_CUTOFF_DELAY,2024-06-03
240611022651F,NY HARBOR ULSD - NEW YORK MERCANTILE EXCHANGE,2024-06-11T00:00:00.000,022651,NYME,399679,119934,199916,63673,1898,23412,33403,70232,FutOnly,2024-06-11,2024-06-21 20:00:00+00:00,CONSERVATIVE_ONE_CUTOFF_DELAY,2024-06-10
240618022651F,NY HARBOR ULSD - NEW YORK MERCANTILE EXCHANGE,2024-06-18T00:00:00.000,022651,NYME,380121,97811,185385,61545,1731,25079,30454,68737,FutOnly,2024-06-18,2024-06-28 20:00:00+00:00,CONSERVATIVE_ONE_CUTOFF_DELAY,2024-06-17
240625022651F,NY HARBOR ULSD - NEW YORK MERCANTILE EXCHANGE,2024-06-25T00:00:00.000,022651,NYME,369626,89929,177310,62582,1221,22176,34654,71100,FutOnly,2024-06-25,2024-07-05 20:00:00+00:00,CONSERVATIVE_ONE_CUTOFF_DELAY,2024-06-24
240702022651F,NY HARBOR ULSD - NEW YORK MERCANTILE EXCHANGE,2024-07-02T00:00:00.000,022651,NYME,362479,79966,178927,65161,1146,26642,27167,66419,FutOnly,2024-07-02,2024-07-12 20:00:00+00:00,CONSERVATIVE_ONE_CUTOFF_DELAY,2024-07-01
240709022651F,NY HARBOR ULSD - NEW YORK MERCANTILE EXCHANGE,2024-07-09T00:00:00.000,022651,NYME,376947,86510,181970,66598,375,22163,29314,73891,FutOnly,2024-07-09,2024-07-19 20:00:00+00:00,CONSERVATIVE_ONE_CUTOFF_DELAY,2024-07-08
240716022651F,NY HARBOR ULSD - NEW YORK MERCANTILE EXCHANGE,2024-07-16T00:00:00.000,022651,NYME,374401,84376,175879,69287,858,24070,34605,68973,FutOnly,2024-07-16,2024-07-26 20:00:00+00:00,CONSERVATIVE_ONE_CUTOFF_DELAY,2024-07-15
240723022651F,NY HARBOR ULSD - NEW YORK MERCANTILE EXCHANGE,2024-07-23T00:00:00.000,022651,NYME,379769,83922,173796,69402,791,24544,40061,68045,FutOnly,2024-07-23,2024-08-02 20:00:00+00:00,CONSERVATIVE_ONE_CUTOFF_DELAY,2024-07-22
240730022651F,NY HARBOR ULSD - NEW YORK MERCANTILE EXCHANGE,2024-07-30T00:00:00.000,022651,NYME,398471,102489,191600,70788,274,23050,39204,75484,FutOnly,2024-07-30,2024-08-09 20:00:00+00:00,CONSERVATIVE_ONE_CUTOFF_DELAY,2024-07-29
240806022651F,NY HARBOR ULSD - NEW YORK MERCANTILE EXCHANGE,2024-08-06T00:00:00.000,022651,NYME,409414,98368,183574,72227,241,25501,50552,77731,FutOnly,2024-08-06,2024-08-16 20:00:00+00:00,CONSERVATIVE_ONE_CUTOFF_DELAY,2024-08-05
240813022651F,NY HARBOR ULSD - NEW YORK MERCANTILE EXCHANGE,2024-08-13T00:00:00.000,022651,NYME,406318,91206,176947,72241,268,27223,48114,79003,FutOnly,2024-08-13,2024-08-23 20:00:00+00:00,CONSERVATIVE_ONE_CUTOFF_DELAY,2024-08-12
240820022651F,NY HARBOR ULSD - NEW YORK MERCANTILE EXCHANGE,2024-08-20T00:00:00.000,022651,NYME,414283,103639,184344,74156,277,25547,50898,74774,FutOnly,2024-08-20,2024-08-30 20:00:00+00:00,CONSERVATIVE_ONE_CUTOFF_DELAY,2024-08-19
240827022651F,NY HARBOR ULSD - NEW YORK MERCANTILE EXCHANGE,2024-08-27T00:00:00.000,022651,NYME,410761,101138,188022,75437,670,26292,47168,71526,FutOnly,2024-08-27,2024-09-06 20:00:00+00:00,CONSERVATIVE_ONE_CUTOFF_DELAY,2024-08-26
240903022651F,NY HARBOR ULSD - NEW YORK MERCANTILE EXCHANGE,2024-09-03T00:00:00.000,022651,NYME,410334,93297,179862,75268,374,28770,53525,73880,FutOnly,2024-09-03,2024-09-13 20:00:00+00:00,CONSERVATIVE_ONE_CUTOFF_DELAY,2024-09-02
240910022651F,NY HARBOR ULSD - NEW YORK MERCANTILE EXCHANGE,2024-09-10T00:00:00.000,022651,NYME,431760,110778,180386,77411,779,26024,65664,75864,FutOnly,2024-09-10,2024-09-20 20:00:00+00:00,CONSERVATIVE_ONE_CUTOFF_DELAY,2024-09-09
240917022651F,NY HARBOR ULSD - NEW YORK MERCANTILE EXCHANGE,2024-09-17T00:00:00.000,022651,NYME,446071,118413,181362,79554,882,27161,73443,78719,FutOnly,2024-09-17,2024-09-27 20:00:00+00:00,CONSERVATIVE_ONE_CUTOFF_DELAY,2024-09-16
240924022651F,NY HARBOR ULSD - NEW YORK MERCANTILE EXCHANGE,2024-09-24T00:00:00.000,022651,NYME,418315,104825,167585,78220,1127,28022,70937,69321,FutOnly,2024-09-24,2024-10-04 20:00:00+00:00,CONSERVATIVE_ONE_CUTOFF_DELAY,2024-09-23
241001022651F,NY HARBOR ULSD - NEW YORK MERCANTILE EXCHANGE,2024-10-01T00:00:00.000,022651,NYME,424295,108345,173030,78446,1637,26196,67115,72397,FutOnly,2024-10-01,2024-10-11 20:00:00+00:00,CONSERVATIVE_ONE_CUTOFF_DELAY,2024-09-30
241008022651F,NY HARBOR ULSD - NEW YORK MERCANTILE EXCHANGE,2024-10-08T00:00:00.000,022651,NYME,409235,103222,177274,76456,2088,25696,45092,64763,FutOnly,2024-10-08,2024-10-18 20:00:00+00:00,CONSERVATIVE_ONE_CUTOFF_DELAY,2024-10-07
241015022651F,NY HARBOR ULSD - NEW YORK MERCANTILE EXCHANGE,2024-10-15T00:00:00.000,022651,NYME,409439,109934,177526,76240,3706,22263,45641,68183,FutOnly,2024-10-15,2024-10-25 20:00:00+00:00,CONSERVATIVE_ONE_CUTOFF_DELAY,2024-10-14
241022022651F,NY HARBOR ULSD - NEW YORK MERCANTILE EXCHANGE,2024-10-22T00:00:00.000,022651,NYME,421943,125125,188875,76050,3639,25681,52579,64715,FutOnly,2024-10-22,2024-11-01 20:00:00+00:00,CONSERVATIVE_ONE_CUTOFF_DELAY,2024-10-21
241029022651F,NY HARBOR ULSD - NEW YORK MERCANTILE EXCHANGE,2024-10-29T00:00:00.000,022651,NYME,424484,134663,191245,77111,3671,25598,52297,60502,FutOnly,2024-10-29,2024-11-08 21:00:00+00:00,CONSERVATIVE_ONE_CUTOFF_DELAY,2024-10-28
241105022651F,NY HARBOR ULSD - NEW YORK MERCANTILE EXCHANGE,2024-11-05T00:00:00.000,022651,NYME,413568,124721,191543,77301,4207,24882,41102,55078,FutOnly,2024-11-05,2024-11-15 21:00:00+00:00,CONSERVATIVE_ONE_CUTOFF_DELAY,2024-11-04
241112022651F,NY HARBOR ULSD - NEW YORK MERCANTILE EXCHANGE,2024-11-12T00:00:00.000,022651,NYME,416168,127328,187888,76145,4202,20563,40975,61998,FutOnly,2024-11-12,2024-11-22 21:00:00+00:00,CONSERVATIVE_ONE_CUTOFF_DELAY,2024-11-11
241119022651F,NY HARBOR ULSD - NEW YORK MERCANTILE EXCHANGE,2024-11-19T00:00:00.000,022651,NYME,413413,123649,180664,75928,2962,22701,47263,59822,FutOnly,2024-11-19,2024-11-29 21:00:00+00:00,CONSERVATIVE_ONE_CUTOFF_DELAY,2024-11-18
241126022651F,NY HARBOR ULSD - NEW YORK MERCANTILE EXCHANGE,2024-11-26T00:00:00.000,022651,NYME,394853,126204,178559,76216,2561,21168,48104,56243,FutOnly,2024-11-26,2024-12-06 21:00:00+00:00,CONSERVATIVE_ONE_CUTOFF_DELAY,2024-11-25
241203022651F,NY HARBOR ULSD - NEW YORK MERCANTILE EXCHANGE,2024-12-03T00:00:00.000,022651,NYME,386394,124826,179485,78078,1814,24085,51576,52292,FutOnly,2024-12-03,2024-12-13 21:00:00+00:00,CONSERVATIVE_ONE_CUTOFF_DELAY,2024-12-02
241210022651F,NY HARBOR ULSD - NEW YORK MERCANTILE EXCHANGE,2024-12-10T00:00:00.000,022651,NYME,388945,121570,163937,79087,1607,20428,66917,52359,FutOnly,2024-12-10,2024-12-20 21:00:00+00:00,CONSERVATIVE_ONE_CUTOFF_DELAY,2024-12-09
241217022651F,NY HARBOR ULSD - NEW YORK MERCANTILE EXCHANGE,2024-12-17T00:00:00.000,022651,NYME,384897,117384,173974,79828,1719,24876,56768,48186,FutOnly,2024-12-17,2024-12-27 21:00:00+00:00,CONSERVATIVE_ONE_CUTOFF_DELAY,2024-12-16
241224022651F,NY HARBOR ULSD - NEW YORK MERCANTILE EXCHANGE,2024-12-24T00:00:00.000,022651,NYME,374637,108064,178924,79954,1824,27646,46338,52247,FutOnly,2024-12-24,2025-01-03 21:00:00+00:00,CONSERVATIVE_ONE_CUTOFF_DELAY,2024-12-23
241231022651F,NY HARBOR ULSD - NEW YORK MERCANTILE EXCHANGE,2024-12-31T00:00:00.000,022651,NYME,356068,99012,179927,78138,2063,28638,41315,46758,FutOnly,2024-12-31,2025-01-10 21:00:00+00:00,CONSERVATIVE_ONE_CUTOFF_DELAY,2024-12-30
250107022651F,NY HARBOR ULSD - NEW YORK MERCANTILE EXCHANGE,2025-01-07T00:00:00.000,022651,NYME,371308,110090,197470,78386,2125,30084,40007,42923,FutOnly,2025-01-07,2025-01-17 21:00:00+00:00,CONSERVATIVE_ONE_CUTOFF_DELAY,2025-01-06
250114022651F,NY HARBOR ULSD - NEW YORK MERCANTILE EXCHANGE,2025-01-14T00:00:00.000,022651,NYME,371161,99214,197702,77953,2214,38889,39372,33367,FutOnly,2025-01-14,2025-01-24 21:00:00+00:00,CONSERVATIVE_ONE_CUTOFF_DELAY,2025-01-13
250121022651F,NY HARBOR ULSD - NEW YORK MERCANTILE EXCHANGE,2025-01-21T00:00:00.000,022651,NYME,364415,93371,191879,77275,3163,42626,38974,30007,FutOnly,2025-01-21,2025-01-31 21:00:00+00:00,CONSERVATIVE_ONE_CUTOFF_DELAY,2025-01-20
250128022651F,NY HARBOR ULSD - NEW YORK MERCANTILE EXCHANGE,2025-01-28T00:00:00.000,022651,NYME,350843,94263,185759,75982,2692,41619,41345,21890,FutOnly,2025-01-28,2025-02-07 21:00:00+00:00,CONSERVATIVE_ONE_CUTOFF_DELAY,2025-01-27
250204022651F,NY HARBOR ULSD - NEW YORK MERCANTILE EXCHANGE,2025-02-04T00:00:00.000,022651,NYME,347563,89641,183215,75902,2402,44989,38136,26108,FutOnly,2025-02-04,2025-02-14 21:00:00+00:00,CONSERVATIVE_ONE_CUTOFF_DELAY,2025-02-03
250211022651F,NY HARBOR ULSD - NEW YORK MERCANTILE EXCHANGE,2025-02-11T00:00:00.000,022651,NYME,348412,82675,179925,74673,3411,51453,36713,27201,FutOnly,2025-02-11,2025-02-21 21:00:00+00:00,CONSERVATIVE_ONE_CUTOFF_DELAY,2025-02-10
250218022651F,NY HARBOR ULSD - NEW YORK MERCANTILE EXCHANGE,2025-02-18T00:00:00.000,022651,NYME,349120,89254,184189,71307,3242,50908,38255,21948,FutOnly,2025-02-18,2025-02-28 21:00:00+00:00,CONSERVATIVE_ONE_CUTOFF_DELAY,2025-02-17
250225022651F,NY HARBOR ULSD - NEW YORK MERCANTILE EXCHANGE,2025-02-25T00:00:00.000,022651,NYME,346579,91262,184724,74365,3153,55979,37753,23875,FutOnly,2025-02-25,2025-03-07 21:00:00+00:00,CONSERVATIVE_ONE_CUTOFF_DELAY,2025-02-24
250304022651F,NY HARBOR ULSD - NEW YORK MERCANTILE EXCHANGE,2025-03-04T00:00:00.000,022651,NYME,342716,90367,176558,74818,3201,52265,38063,28820,FutOnly,2025-03-04,2025-03-14 20:00:00+00:00,CONSERVATIVE_ONE_CUTOFF_DELAY,2025-03-03
250311022651F,NY HARBOR ULSD - NEW YORK MERCANTILE EXCHANGE,2025-03-11T00:00:00.000,022651,NYME,342451,95263,176337,73713,1965,43555,40177,34904,FutOnly,2025-03-11,2025-03-21 20:00:00+00:00,CONSERVATIVE_ONE_CUTOFF_DELAY,2025-03-10
250318022651F,NY HARBOR ULSD - NEW YORK MERCANTILE EXCHANGE,2025-03-18T00:00:00.000,022651,NYME,325959,95849,158041,75182,1987,32599,44960,32333,FutOnly,2025-03-18,2025-03-28 20:00:00+00:00,CONSERVATIVE_ONE_CUTOFF_DELAY,2025-03-17
250325022651F,NY HARBOR ULSD - NEW YORK MERCANTILE EXCHANGE,2025-03-25T00:00:00.000,022651,NYME,325936,93831,162760,76246,2382,39671,44382,29666,FutOnly,2025-03-25,2025-04-04 20:00:00+00:00,CONSERVATIVE_ONE_CUTOFF_DELAY,2025-03-24
250401022651F,NY HARBOR ULSD - NEW YORK MERCANTILE EXCHANGE,2025-04-01T00:00:00.000,022651,NYME,325749,92909,164389,70775,2187,42023,46835,29877,FutOnly,2025-04-01,2025-04-11 20:00:00+00:00,CONSERVATIVE_ONE_CUTOFF_DELAY,2025-03-31
250408022651F,NY HARBOR ULSD - NEW YORK MERCANTILE EXCHANGE,2025-04-08T00:00:00.000,022651,NYME,331179,94885,160347,74142,1951,40298,46547,35699,FutOnly,2025-04-08,2025-04-18 20:00:00+00:00,CONSERVATIVE_ONE_CUTOFF_DELAY,2025-04-07
250415022651F,NY HARBOR ULSD - NEW YORK MERCANTILE EXCHANGE,2025-04-15T00:00:00.000,022651,NYME,337638,112110,179727,75861,1942,38069,46467,25815,FutOnly,2025-04-15,2025-04-25 20:00:00+00:00,CONSERVATIVE_ONE_CUTOFF_DELAY,2025-04-14
250422022651F,NY HARBOR ULSD - NEW YORK MERCANTILE EXCHANGE,2025-04-22T00:00:00.000,022651,NYME,354154,115253,183812,76438,1844,39074,50021,29406,FutOnly,2025-04-22,2025-05-02 20:00:00+00:00,CONSERVATIVE_ONE_CUTOFF_DELAY,2025-04-21
250429022651F,NY HARBOR ULSD - NEW YORK MERCANTILE EXCHANGE,2025-04-29T00:00:00.000,022651,NYME,349630,116476,179060,77101,914,36720,46490,30007,FutOnly,2025-04-29,2025-05-09 20:00:00+00:00,CONSERVATIVE_ONE_CUTOFF_DELAY,2025-04-28
250506022651F,NY HARBOR ULSD - NEW YORK MERCANTILE EXCHANGE,2025-05-06T00:00:00.000,022651,NYME,357341,121429,170503,77018,1366,35515,55529,32994,FutOnly,2025-05-06,2025-05-16 20:00:00+00:00,CONSERVATIVE_ONE_CUTOFF_DELAY,2025-05-05
250513022651F,NY HARBOR ULSD - NEW YORK MERCANTILE EXCHANGE,2025-05-13T00:00:00.000,022651,NYME,347357,106189,168940,75583,1171,35811,52192,36901,FutOnly,2025-05-13,2025-05-23 20:00:00+00:00,CONSERVATIVE_ONE_CUTOFF_DELAY,2025-05-12
250520022651F,NY HARBOR ULSD - NEW YORK MERCANTILE EXCHANGE,2025-05-20T00:00:00.000,022651,NYME,353456,118986,197198,72843,1457,38075,34678,34330,FutOnly,2025-05-20,2025-05-30 20:00:00+00:00,CONSERVATIVE_ONE_CUTOFF_DELAY,2025-05-19
250527022651F,NY HARBOR ULSD - NEW YORK MERCANTILE EXCHANGE,2025-05-27T00:00:00.000,022651,NYME,350946,118473,197331,73315,1997,38673,30188,33569,FutOnly,2025-05-27,2025-06-06 20:00:00+00:00,CONSERVATIVE_ONE_CUTOFF_DELAY,2025-05-26
250603022651F,NY HARBOR ULSD - NEW YORK MERCANTILE EXCHANGE,2025-06-03T00:00:00.000,022651,NYME,344681,106552,183843,74081,1980,38427,32422,39398,FutOnly,2025-06-03,2025-06-13 20:00:00+00:00,CONSERVATIVE_ONE_CUTOFF_DELAY,2025-06-02
250610022651F,NY HARBOR ULSD - NEW YORK MERCANTILE EXCHANGE,2025-06-10T00:00:00.000,022651,NYME,339421,98871,191292,74199,2551,40937,25348,37240,FutOnly,2025-06-10,2025-06-20 20:00:00+00:00,CONSERVATIVE_ONE_CUTOFF_DELAY,2025-06-09
250617022651F,NY HARBOR ULSD - NEW YORK MERCANTILE EXCHANGE,2025-06-17T00:00:00.000,022651,NYME,306878,70590,164816,71097,2994,37170,21934,34915,FutOnly,2025-06-17,2025-06-27 20:00:00+00:00,CONSERVATIVE_ONE_CUTOFF_DELAY,2025-06-16
250624022651F,NY HARBOR ULSD - NEW YORK MERCANTILE EXCHANGE,2025-06-24T00:00:00.000,022651,NYME,296038,59832,160234,66962,2645,46400,18116,32083,FutOnly,2025-06-24,2025-07-04 20:00:00+00:00,CONSERVATIVE_ONE_CUTOFF_DELAY,2025-06-23
250701022651F,NY HARBOR ULSD - NEW YORK MERCANTILE EXCHANGE,2025-07-01T00:00:00.000,022651,NYME,324449,70804,174640,65483,3656,47748,20523,38670,FutOnly,2025-07-01,2025-07-11 20:00:00+00:00,CONSERVATIVE_ONE_CUTOFF_DELAY,2025-06-30
250708022651F,NY HARBOR ULSD - NEW YORK MERCANTILE EXCHANGE,2025-07-08T00:00:00.000,022651,NYME,344654,80677,184816,60170,4278,52437,18678,39434,FutOnly,2025-07-08,2025-07-18 20:00:00+00:00,CONSERVATIVE_ONE_CUTOFF_DELAY,2025-07-07
250715022651F,NY HARBOR ULSD - NEW YORK MERCANTILE EXCHANGE,2025-07-15T00:00:00.000,022651,NYME,348265,76428,180306,58751,4766,53938,12936,38485,FutOnly,2025-07-15,2025-07-25 20:00:00+00:00,CONSERVATIVE_ONE_CUTOFF_DELAY,2025-07-14
250722022651F,NY HARBOR ULSD - NEW YORK MERCANTILE EXCHANGE,2025-07-22T00:00:00.000,022651,NYME,359772,76764,177468,58984,5946,54436,14725,45270,FutOnly,2025-07-22,2025-08-01 20:00:00+00:00,CONSERVATIVE_ONE_CUTOFF_DELAY,2025-07-21
250729022651F,NY HARBOR ULSD - NEW YORK MERCANTILE EXCHANGE,2025-07-29T00:00:00.000,022651,NYME,354014,69281,175330,60031,5165,55584,13831,43097,FutOnly,2025-07-29,2025-08-08 20:00:00+00:00,CONSERVATIVE_ONE_CUTOFF_DELAY,2025-07-28
250805022651F,NY HARBOR ULSD - NEW YORK MERCANTILE EXCHANGE,2025-08-05T00:00:00.000,022651,NYME,349856,67744,161974,61287,4244,44713,17929,51500,FutOnly,2025-08-05,2025-08-15 20:00:00+00:00,CONSERVATIVE_ONE_CUTOFF_DELAY,2025-08-04
250812022651F,NY HARBOR ULSD - NEW YORK MERCANTILE EXCHANGE,2025-08-12T00:00:00.000,022651,NYME,360135,78338,177130,64137,4126,44627,17232,47251,FutOnly,2025-08-12,2025-08-22 20:00:00+00:00,CONSERVATIVE_ONE_CUTOFF_DELAY,2025-08-11
250819022651F,NY HARBOR ULSD - NEW YORK MERCANTILE EXCHANGE,2025-08-19T00:00:00.000,022651,NYME,361601,81400,181777,65204,4019,49011,17240,39931,FutOnly,2025-08-19,2025-08-29 20:00:00+00:00,CONSERVATIVE_ONE_CUTOFF_DELAY,2025-08-18
250826022651F,NY HARBOR ULSD - NEW YORK MERCANTILE EXCHANGE,2025-08-26T00:00:00.000,022651,NYME,367003,86086,192384,64583,3970,50373,17031,41415,FutOnly,2025-08-26,2025-09-05 20:00:00+00:00,CONSERVATIVE_ONE_CUTOFF_DELAY,2025-08-25
250902022651F,NY HARBOR ULSD - NEW YORK MERCANTILE EXCHANGE,2025-09-02T00:00:00.000,022651,NYME,364849,72669,187358,64888,3709,55401,15730,44975,FutOnly,2025-09-02,2025-09-12 20:00:00+00:00,CONSERVATIVE_ONE_CUTOFF_DELAY,2025-09-01
250909022651F,NY HARBOR ULSD - NEW YORK MERCANTILE EXCHANGE,2025-09-09T00:00:00.000,022651,NYME,384129,90942,198630,66069,3650,46614,20493,47494,FutOnly,2025-09-09,2025-09-19 20:00:00+00:00,CONSERVATIVE_ONE_CUTOFF_DELAY,2025-09-08
250916022651F,NY HARBOR ULSD - NEW YORK MERCANTILE EXCHANGE,2025-09-16T00:00:00.000,022651,NYME,396541,99789,206422,65070,4186,47034,22731,45200,FutOnly,2025-09-16,2025-09-26 20:00:00+00:00,CONSERVATIVE_ONE_CUTOFF_DELAY,2025-09-15
250923022651F,NY HARBOR ULSD - NEW YORK MERCANTILE EXCHANGE,2025-09-23T00:00:00.000,022651,NYME,412201,118916,220288,64609,4160,47175,25355,43037,FutOnly,2025-09-23,2025-10-03 20:00:00+00:00,CONSERVATIVE_ONE_CUTOFF_DELAY,2025-09-22
250930022651F,NY HARBOR ULSD - NEW YORK MERCANTILE EXCHANGE,2025-09-30T00:00:00.000,022651,NYME,404481,107269,214555,62290,5091,54647,21880,42531,FutOnly,2025-09-30,,2025_ANNOUNCED_CATCHUP_NOT_ACTUAL_RELEASE_PROOF,2025-09-29
251007022651F,NY HARBOR ULSD - NEW YORK MERCANTILE EXCHANGE,2025-10-07T00:00:00.000,022651,NYME,398258,119277,219517,65657,4008,49462,30816,37971,FutOnly,2025-10-07,,2025_ANNOUNCED_CATCHUP_NOT_ACTUAL_RELEASE_PROOF,2025-10-06
251014022651F,NY HARBOR ULSD - NEW YORK MERCANTILE EXCHANGE,2025-10-14T00:00:00.000,022651,NYME,407548,137920,232633,64850,3968,44535,32383,40588,FutOnly,2025-10-14,,2025_ANNOUNCED_CATCHUP_NOT_ACTUAL_RELEASE_PROOF,2025-10-13
251021022651F,NY HARBOR ULSD - NEW YORK MERCANTILE EXCHANGE,2025-10-21T00:00:00.000,022651,NYME,395778,132053,226517,66170,3972,42982,31034,39918,FutOnly,2025-10-21,,2025_ANNOUNCED_CATCHUP_NOT_ACTUAL_RELEASE_PROOF,2025-10-20
251028022651F,NY HARBOR ULSD - NEW YORK MERCANTILE EXCHANGE,2025-10-28T00:00:00.000,022651,NYME,369838,103115,208003,63734,5658,51683,25252,39896,FutOnly,2025-10-28,,2025_ANNOUNCED_CATCHUP_NOT_ACTUAL_RELEASE_PROOF,2025-10-27
251104022651F,NY HARBOR ULSD - NEW YORK MERCANTILE EXCHANGE,2025-11-04T00:00:00.000,022651,NYME,359296,81099,194149,61827,6954,56982,23869,40527,FutOnly,2025-11-04,,2025_ANNOUNCED_CATCHUP_NOT_ACTUAL_RELEASE_PROOF,2025-11-03
251110022651F,NY HARBOR ULSD - NEW YORK MERCANTILE EXCHANGE,2025-11-10T00:00:00.000,022651,NYME,363010,78094,192056,57371,7904,61385,22712,47104,FutOnly,2025-11-10,,2025_ANNOUNCED_CATCHUP_NOT_ACTUAL_RELEASE_PROOF,2025-11-10
251118022651F,NY HARBOR ULSD - NEW YORK MERCANTILE EXCHANGE,2025-11-18T00:00:00.000,022651,NYME,379648,79974,192472,60974,7179,64791,26135,50342,FutOnly,2025-11-18,,2025_ANNOUNCED_CATCHUP_NOT_ACTUAL_RELEASE_PROOF,2025-11-17
251125022651F,NY HARBOR ULSD - NEW YORK MERCANTILE EXCHANGE,2025-11-25T00:00:00.000,022651,NYME,346258,69962,166762,61703,5932,52171,30217,47486,FutOnly,2025-11-25,,2025_ANNOUNCED_CATCHUP_NOT_ACTUAL_RELEASE_PROOF,2025-11-24
251202022651F,NY HARBOR ULSD - NEW YORK MERCANTILE EXCHANGE,2025-12-02T00:00:00.000,022651,NYME,351063,74432,181289,60522,5764,49401,28164,46472,FutOnly,2025-12-02,,2025_ANNOUNCED_CATCHUP_NOT_ACTUAL_RELEASE_PROOF,2025-12-01
251209022651F,NY HARBOR ULSD - NEW YORK MERCANTILE EXCHANGE,2025-12-09T00:00:00.000,022651,NYME,359715,88588,187529,60997,5682,47593,27624,44805,FutOnly,2025-12-09,,2025_ANNOUNCED_CATCHUP_NOT_ACTUAL_RELEASE_PROOF,2025-12-08
251216022651F,NY HARBOR ULSD - NEW YORK MERCANTILE EXCHANGE,2025-12-16T00:00:00.000,022651,NYME,352627,83355,181554,66254,4364,41109,28654,45096,FutOnly,2025-12-16,,2025_ANNOUNCED_CATCHUP_NOT_ACTUAL_RELEASE_PROOF,2025-12-15
251223022651F,NY HARBOR ULSD - NEW YORK MERCANTILE EXCHANGE,2025-12-23T00:00:00.000,022651,NYME,347639,82651,179749,70994,4211,33117,29956,42749,FutOnly,2025-12-23,,2025_ANNOUNCED_CATCHUP_NOT_ACTUAL_RELEASE_PROOF,2025-12-22
251230022651F,NY HARBOR ULSD - NEW YORK MERCANTILE EXCHANGE,2025-12-30T00:00:00.000,022651,NYME,343725,83292,182979,71843,4572,34619,30991,41179,FutOnly,2025-12-30,2026-01-09 21:00:00+00:00,CONSERVATIVE_ONE_CUTOFF_DELAY,2025-12-29
260106022651F,NY HARBOR ULSD - NEW YORK MERCANTILE EXCHANGE,2026-01-06T00:00:00.000,022651,NYME,353374,83721,180040,72805,4096,34025,33574,43076,FutOnly,2026-01-06,2026-01-16 21:00:00+00:00,CONSERVATIVE_ONE_CUTOFF_DELAY,2026-01-05
260113022651F,NY HARBOR ULSD - NEW YORK MERCANTILE EXCHANGE,2026-01-13T00:00:00.000,022651,NYME,367652,85517,185827,77509,4534,30152,35612,43706,FutOnly,2026-01-13,2026-01-23 21:00:00+00:00,CONSERVATIVE_ONE_CUTOFF_DELAY,2026-01-12
260120022651F,NY HARBOR ULSD - NEW YORK MERCANTILE EXCHANGE,2026-01-20T00:00:00.000,022651,NYME,395075,102646,208889,78190,4885,32534,32977,42694,FutOnly,2026-01-20,2026-01-30 21:00:00+00:00,CONSERVATIVE_ONE_CUTOFF_DELAY,2026-01-19
260127022651F,NY HARBOR ULSD - NEW YORK MERCANTILE EXCHANGE,2026-01-27T00:00:00.000,022651,NYME,381075,87628,199718,77235,6808,42613,31439,43392,FutOnly,2026-01-27,2026-02-06 21:00:00+00:00,CONSERVATIVE_ONE_CUTOFF_DELAY,2026-01-26
260203022651F,NY HARBOR ULSD - NEW YORK MERCANTILE EXCHANGE,2026-02-03T00:00:00.000,022651,NYME,366997,88829,198067,72434,7247,46860,22483,37339,FutOnly,2026-02-03,2026-02-13 21:00:00+00:00,CONSERVATIVE_ONE_CUTOFF_DELAY,2026-02-02
260210022651F,NY HARBOR ULSD - NEW YORK MERCANTILE EXCHANGE,2026-02-10T00:00:00.000,022651,NYME,360147,89084,191660,71307,7577,46494,25919,36436,FutOnly,2026-02-10,2026-02-20 21:00:00+00:00,CONSERVATIVE_ONE_CUTOFF_DELAY,2026-02-09
260217022651F,NY HARBOR ULSD - NEW YORK MERCANTILE EXCHANGE,2026-02-17T00:00:00.000,022651,NYME,377488,101825,198800,69402,8042,45463,32583,34981,FutOnly,2026-02-17,2026-02-27 21:00:00+00:00,CONSERVATIVE_ONE_CUTOFF_DELAY,2026-02-16
260224022651F,NY HARBOR ULSD - NEW YORK MERCANTILE EXCHANGE,2026-02-24T00:00:00.000,022651,NYME,365555,81846,181971,70256,9914,52940,30064,35909,FutOnly,2026-02-24,2026-03-06 21:00:00+00:00,CONSERVATIVE_ONE_CUTOFF_DELAY,2026-02-23
260303022651F,NY HARBOR ULSD - NEW YORK MERCANTILE EXCHANGE,2026-03-03T00:00:00.000,022651,NYME,309519,59922,155073,67587,15038,46027,22675,33988,FutOnly,2026-03-03,2026-03-13 20:00:00+00:00,CONSERVATIVE_ONE_CUTOFF_DELAY,2026-03-02
260310022651F,NY HARBOR ULSD - NEW YORK MERCANTILE EXCHANGE,2026-03-10T00:00:00.000,022651,NYME,287020,66064,149241,65097,18948,35570,15131,27581,FutOnly,2026-03-10,2026-03-20 20:00:00+00:00,CONSERVATIVE_ONE_CUTOFF_DELAY,2026-03-09
260317022651F,NY HARBOR ULSD - NEW YORK MERCANTILE EXCHANGE,2026-03-17T00:00:00.000,022651,NYME,266684,59869,141274,62785,19702,34917,10598,23572,FutOnly,2026-03-17,2026-03-27 20:00:00+00:00,CONSERVATIVE_ONE_CUTOFF_DELAY,2026-03-16
260324022651F,NY HARBOR ULSD - NEW YORK MERCANTILE EXCHANGE,2026-03-24T00:00:00.000,022651,NYME,255642,63345,137660,63304,18585,29280,9709,16655,FutOnly,2026-03-24,2026-04-03 20:00:00+00:00,CONSERVATIVE_ONE_CUTOFF_DELAY,2026-03-23
260331022651F,NY HARBOR ULSD - NEW YORK MERCANTILE EXCHANGE,2026-03-31T00:00:00.000,022651,NYME,234794,50979,122174,61272,19837,27311,7886,15629,FutOnly,2026-03-31,2026-04-10 20:00:00+00:00,CONSERVATIVE_ONE_CUTOFF_DELAY,2026-03-30
260407022651F,NY HARBOR ULSD - NEW YORK MERCANTILE EXCHANGE,2026-04-07T00:00:00.000,022651,NYME,228879,45207,117475,61084,19047,26603,8837,15536,FutOnly,2026-04-07,2026-04-17 20:00:00+00:00,CONSERVATIVE_ONE_CUTOFF_DELAY,2026-04-06
260414022651F,NY HARBOR ULSD - NEW YORK MERCANTILE EXCHANGE,2026-04-14T00:00:00.000,022651,NYME,243365,55542,122111,56110,18834,27170,10588,17951,FutOnly,2026-04-14,2026-04-24 20:00:00+00:00,CONSERVATIVE_ONE_CUTOFF_DELAY,2026-04-13
260421022651F,NY HARBOR ULSD - NEW YORK MERCANTILE EXCHANGE,2026-04-21T00:00:00.000,022651,NYME,247175,57336,123605,55346,17177,27895,14029,17069,FutOnly,2026-04-21,2026-05-01 20:00:00+00:00,CONSERVATIVE_ONE_CUTOFF_DELAY,2026-04-20
260428022651F,NY HARBOR ULSD - NEW YORK MERCANTILE EXCHANGE,2026-04-28T00:00:00.000,022651,NYME,240526,55884,122988,52917,15960,28393,15894,15927,FutOnly,2026-04-28,2026-05-08 20:00:00+00:00,CONSERVATIVE_ONE_CUTOFF_DELAY,2026-04-27
260505022651F,NY HARBOR ULSD - NEW YORK MERCANTILE EXCHANGE,2026-05-05T00:00:00.000,022651,NYME,242727,55889,121819,51160,14767,29682,17903,16176,FutOnly,2026-05-05,2026-05-15 20:00:00+00:00,CONSERVATIVE_ONE_CUTOFF_DELAY,2026-05-04
260512022651F,NY HARBOR ULSD - NEW YORK MERCANTILE EXCHANGE,2026-05-12T00:00:00.000,022651,NYME,261758,63107,129999,50567,14859,27224,17454,18271,FutOnly,2026-05-12,2026-05-22 20:00:00+00:00,CONSERVATIVE_ONE_CUTOFF_DELAY,2026-05-11
260519022651F,NY HARBOR ULSD - NEW YORK MERCANTILE EXCHANGE,2026-05-19T00:00:00.000,022651,NYME,257101,58180,124856,48730,13830,27616,16593,17770,FutOnly,2026-05-19,2026-05-29 20:00:00+00:00,CONSERVATIVE_ONE_CUTOFF_DELAY,2026-05-18
260526022651F,NY HARBOR ULSD - NEW YORK MERCANTILE EXCHANGE,2026-05-26T00:00:00.000,022651,NYME,248371,49368,116080,49583,12723,25271,17582,17347,FutOnly,2026-05-26,2026-06-05 20:00:00+00:00,CONSERVATIVE_ONE_CUTOFF_DELAY,2026-05-25
260602022651F,NY HARBOR ULSD - NEW YORK MERCANTILE EXCHANGE,2026-06-02T00:00:00.000,022651,NYME,249449,45811,113654,49119,12462,30147,18150,17809,FutOnly,2026-06-02,2026-06-12 20:00:00+00:00,CONSERVATIVE_ONE_CUTOFF_DELAY,2026-06-01
260609022651F,NY HARBOR ULSD - NEW YORK MERCANTILE EXCHANGE,2026-06-09T00:00:00.000,022651,NYME,254634,52944,116670,49074,11689,30002,20495,18704,FutOnly,2026-06-09,2026-06-19 20:00:00+00:00,CONSERVATIVE_ONE_CUTOFF_DELAY,2026-06-08
260616022651F,NY HARBOR ULSD - NEW YORK MERCANTILE EXCHANGE,2026-06-16T00:00:00.000,022651,NYME,271983,68324,131738,48685,10688,31819,22300,19985,FutOnly,2026-06-16,2026-06-26 20:00:00+00:00,CONSERVATIVE_ONE_CUTOFF_DELAY,2026-06-15
260623022651F,NY HARBOR ULSD - NEW YORK MERCANTILE EXCHANGE,2026-06-23T00:00:00.000,022651,NYME,270034,69202,129207,48687,9466,29976,23568,19461,FutOnly,2026-06-23,2026-07-03 20:00:00+00:00,CONSERVATIVE_ONE_CUTOFF_DELAY,2026-06-22
260630022651F,NY HARBOR ULSD - NEW YORK MERCANTILE EXCHANGE,2026-06-30T00:00:00.000,022651,NYME,263160,57472,124302,50315,6812,33123,24642,19938,FutOnly,2026-06-30,2026-07-10 20:00:00+00:00,CONSERVATIVE_ONE_CUTOFF_DELAY,2026-06-29
260707022651F,NY HARBOR ULSD - NEW YORK MERCANTILE EXCHANGE,2026-07-07T00:00:00.000,022651,NYME,275975,65638,132693,50218,6759,34566,29780,20703,FutOnly,2026-07-07,2026-07-17 20:00:00+00:00,CONSERVATIVE_ONE_CUTOFF_DELAY,2026-07-06
260714022651F,NY HARBOR ULSD - NEW YORK MERCANTILE EXCHANGE,2026-07-14T00:00:00.000,022651,NYME,262842,53003,127827,50475,8046,36372,25667,17056,FutOnly,2026-07-14,2026-07-24 20:00:00+00:00,CONSERVATIVE_ONE_CUTOFF_DELAY,2026-07-13
260721022651F,NY HARBOR ULSD - NEW YORK MERCANTILE EXCHANGE,2026-07-21T00:00:00.000,022651,NYME,259203,47969,124547,51813,9131,36734,23353,20242,FutOnly,2026-07-21,2026-07-31 20:00:00+00:00,CONSERVATIVE_ONE_CUTOFF_DELAY,2026-07-20
260728022651F,NY HARBOR ULSD - NEW YORK MERCANTILE EXCHANGE,2026-07-28T00:00:00.000,022651,NYME,249594,38687,117284,52922,7829,37032,25786,19807,FutOnly,2026-07-28,2026-08-07 20:00:00+00:00,CONSERVATIVE_ONE_CUTOFF_DELAY,2026-07-27
260804022651F,NY HARBOR ULSD - NEW YORK MERCANTILE EXCHANGE,2026-08-04T00:00:00.000,022651,NYME,253378,40334,118731,52053,7808,35595,24498,20872,FutOnly,2026-08-04,2026-08-14 20:00:00+00:00,CONSERVATIVE_ONE_CUTOFF_DELAY,2026-08-03
260811022651F,NY HARBOR ULSD - NEW YORK MERCANTILE EXCHANGE,2026-08-11T00:00:00.000,022651,NYME,266020,47014,128595,52402,8223,36292,22718,19550,FutOnly,2026-08-11,2026-08-21 20:00:00+00:00,CONSERVATIVE_ONE_CUTOFF_DELAY,2026-08-10
260818022651F,NY HARBOR ULSD - NEW YORK MERCANTILE EXCHANGE,2026-08-18T00:00:00.000,022651,NYME,271139,50190,134067,56615,7791,39534,23651,19842,FutOnly,2026-08-18,2026-08-28 20:00:00+00:00,CONSERVATIVE_ONE_CUTOFF_DELAY,2026-08-17
260825022651F,NY HARBOR ULSD - NEW YORK MERCANTILE EXCHANGE,2026-08-25T00:00:00.000,022651,NYME,271269,54398,138585,56891,6800,39164,22523,19057,FutOnly,2026-08-25,2026-09-04 20:00:00+00:00,CONSERVATIVE_ONE_CUTOFF_DELAY,2026-08-24
260901022651F,NY HARBOR ULSD - NEW YORK MERCANTILE EXCHANGE,2026-09-01T00:00:00.000,022651,NYME,265540,49928,136479,56017,7196,40889,20545,18369,FutOnly,2026-09-01,2026-09-11 20:00:00+00:00,CONSERVATIVE_ONE_CUTOFF_DELAY,2026-08-31
260908022651F,NY HARBOR ULSD - NEW YORK MERCANTILE EXCHANGE,2026-09-08T00:00:00.000,022651,NYME,265080,52040,134229,55741,6979,36642,21283,18567,FutOnly,2026-09-08,2026-09-18 20:00:00+00:00,CONSERVATIVE_ONE_CUTOFF_DELAY,2026-09-07
260915022651F,NY HARBOR ULSD - NEW YORK MERCANTILE EXCHANGE,2026-09-15T00:00:00.000,022651,NYME,277030,62493,146578,56258,6432,35227,22527,20018,FutOnly,2026-09-15,2026-09-25 20:00:00+00:00,CONSERVATIVE_ONE_CUTOFF_DELAY,2026-09-14
260922022651F,NY HARBOR ULSD - NEW YORK MERCANTILE EXCHANGE,2026-09-22T00:00:00.000,022651,NYME,274811,61778,144909,57451,6077,35142,25705,19948,FutOnly,2026-09-22,2026-10-02 20:00:00+00:00,CONSERVATIVE_ONE_CUTOFF_DELAY,2026-09-21
