snapshotDate,return7d,startObservationDate,endObservationDate,labelKnownAt,target
2014-03-18,-0.0008843274071186347,2014-03-17,2014-03-24,2014-04-01T05:00:00+00:00,FLAT
2014-03-19,0.003549015092082719,2014-03-18,2014-03-25,2014-04-03T05:00:00+00:00,FLAT
2014-03-20,0.0019488693477887065,2014-03-19,2014-03-26,2014-04-03T05:00:00+00:00,FLAT
2014-03-21,0.005611232165849689,2014-03-20,2014-03-27,2014-04-03T05:00:00+00:00,FLAT
2014-03-22,-0.007317372301837488,2014-03-21,2014-03-28,2014-04-03T05:00:00+00:00,FLAT
2014-03-23,-0.007317372301837488,2014-03-21,2014-03-28,2014-04-03T05:00:00+00:00,FLAT
2014-03-24,-0.007317372301837488,2014-03-21,2014-03-28,2014-04-03T05:00:00+00:00,FLAT
2014-03-25,-0.002667252163998657,2014-03-24,2014-03-31,2014-04-08T05:00:00+00:00,FLAT
2014-03-26,-0.011381679804486233,2014-03-25,2014-04-01,2014-04-08T05:00:00+00:00,FLAT
2014-03-27,-0.024362134727575757,2014-03-26,2014-04-02,2014-04-10T05:00:00+00:00,DOWN
2014-03-28,-0.016283106921819335,2014-03-27,2014-04-03,2014-04-10T05:00:00+00:00,FLAT
2014-03-29,-0.0021407252661563847,2014-03-28,2014-04-04,2014-04-10T05:00:00+00:00,FLAT
2014-03-30,-0.0021407252661563847,2014-03-28,2014-04-04,2014-04-10T05:00:00+00:00,FLAT
2014-03-31,-0.0021407252661563847,2014-03-28,2014-04-04,2014-04-10T05:00:00+00:00,FLAT
2014-04-01,-0.010737294056225366,2014-03-31,2014-04-07,2014-04-15T05:00:00+00:00,FLAT
2014-04-02,-0.00035106130260642576,2014-04-01,2014-04-08,2014-04-17T05:00:00+00:00,FLAT
2014-04-03,0.038035599653522434,2014-04-02,2014-04-09,2014-04-17T05:00:00+00:00,UP
2014-04-04,0.021512359123953884,2014-04-03,2014-04-10,2014-04-17T05:00:00+00:00,UP
2014-04-05,0.008626106467267025,2014-04-04,2014-04-11,2014-04-17T05:00:00+00:00,FLAT
2014-04-06,0.008626106467267025,2014-04-04,2014-04-11,2014-04-17T05:00:00+00:00,FLAT
2014-04-07,0.008626106467267025,2014-04-04,2014-04-11,2014-04-17T05:00:00+00:00,FLAT
2014-04-08,0.0277231032505032,2014-04-07,2014-04-14,2014-04-22T05:00:00+00:00,UP
2014-04-09,0.03504110451074505,2014-04-08,2014-04-15,2014-04-24T05:00:00+00:00,UP
2014-04-10,0.024915313649285675,2014-04-09,2014-04-16,2014-04-24T05:00:00+00:00,UP
2014-04-11,0.02618930460432778,2014-04-10,2014-04-17,2014-04-24T05:00:00+00:00,UP
2014-04-12,0.024092681375056824,2014-04-11,2014-04-17,2014-04-24T05:00:00+00:00,UP
2014-04-13,0.024092681375056824,2014-04-11,2014-04-17,2014-04-24T05:00:00+00:00,UP
2014-04-14,0.024092681375056824,2014-04-11,2014-04-17,2014-04-24T05:00:00+00:00,UP
2014-04-15,0.020026038753317543,2014-04-14,2014-04-21,2014-04-29T05:00:00+00:00,UP
2014-04-16,-0.0026063605310607807,2014-04-15,2014-04-22,2014-05-01T05:00:00+00:00,FLAT
2014-04-17,-0.008509072277764873,2014-04-16,2014-04-23,2014-05-01T05:00:00+00:00,FLAT
2014-04-18,0.004759760725541851,2014-04-17,2014-04-24,2014-05-01T05:00:00+00:00,FLAT
2014-04-19,0.0031824410768510614,2014-04-17,2014-04-25,2014-05-01T05:00:00+00:00,FLAT
2014-04-20,0.0031824410768510614,2014-04-17,2014-04-25,2014-05-01T05:00:00+00:00,FLAT
2014-04-21,0.0031824410768510614,2014-04-17,2014-04-25,2014-05-01T05:00:00+00:00,FLAT
2014-04-22,-0.0011865109713161681,2014-04-21,2014-04-28,2014-05-06T05:00:00+00:00,FLAT
2014-04-23,0.015765368562251636,2014-04-22,2014-04-29,2014-05-08T05:00:00+00:00,FLAT
2014-04-24,0.004866567637525243,2014-04-23,2014-04-30,2014-05-08T05:00:00+00:00,FLAT
2014-04-25,-0.008871279882698757,2014-04-24,2014-05-01,2014-05-08T05:00:00+00:00,FLAT
2014-04-26,0.0004545921066232417,2014-04-25,2014-05-02,2014-05-08T05:00:00+00:00,FLAT
2014-04-27,0.0004545921066232417,2014-04-25,2014-05-02,2014-05-08T05:00:00+00:00,FLAT
2014-04-28,0.0004545921066232417,2014-04-25,2014-05-02,2014-05-08T05:00:00+00:00,FLAT
2014-04-29,0.002223927639342982,2014-04-28,2014-05-05,2014-05-13T05:00:00+00:00,FLAT
2014-04-30,-0.019555890181349622,2014-04-29,2014-05-06,2014-05-15T05:00:00+00:00,FLAT
2014-05-01,-0.00808455586815282,2014-04-30,2014-05-07,2014-05-15T05:00:00+00:00,FLAT
2014-05-02,-0.009126382428130908,2014-05-01,2014-05-08,2014-05-15T05:00:00+00:00,FLAT
2014-05-03,-0.016214970469565437,2014-05-02,2014-05-09,2014-05-15T05:00:00+00:00,FLAT
2014-05-04,-0.016214970469565437,2014-05-02,2014-05-09,2014-05-15T05:00:00+00:00,FLAT
2014-05-05,-0.016214970469565437,2014-05-02,2014-05-09,2014-05-15T05:00:00+00:00,FLAT
2014-05-06,-0.01154946122699474,2014-05-05,2014-05-12,2014-05-20T05:00:00+00:00,FLAT
2014-05-07,0.004883889444962097,2014-05-06,2014-05-13,2014-05-22T05:00:00+00:00,FLAT
2014-05-08,0.01462451800699438,2014-05-07,2014-05-14,2014-05-22T05:00:00+00:00,FLAT
2014-05-09,0.014636131864054214,2014-05-08,2014-05-15,2014-05-22T05:00:00+00:00,FLAT
2014-05-10,0.025323428532165515,2014-05-09,2014-05-16,2014-05-22T05:00:00+00:00,UP
2014-05-11,0.025323428532165515,2014-05-09,2014-05-16,2014-05-22T05:00:00+00:00,UP
2014-05-12,0.025323428532165515,2014-05-09,2014-05-16,2014-05-22T05:00:00+00:00,UP
2014-05-13,0.02285788714297121,2014-05-12,2014-05-19,2014-05-28T05:00:00+00:00,UP
2014-05-14,0.01596382278912034,2014-05-13,2014-05-20,2014-05-30T05:00:00+00:00,FLAT
2014-05-15,0.014059613884261246,2014-05-14,2014-05-21,2014-05-30T05:00:00+00:00,FLAT
2014-05-16,0.01140396390578391,2014-05-15,2014-05-22,2014-05-30T05:00:00+00:00,FLAT
2014-05-17,-0.0058282632006186885,2014-05-16,2014-05-23,2014-05-30T05:00:00+00:00,FLAT
2014-05-18,-0.0058282632006186885,2014-05-16,2014-05-23,2014-05-30T05:00:00+00:00,FLAT
2014-05-19,-0.0058282632006186885,2014-05-16,2014-05-23,2014-05-30T05:00:00+00:00,FLAT
2014-05-20,-0.005944008093704545,2014-05-19,2014-05-23,2014-05-30T05:00:00+00:00,FLAT
2014-05-21,-0.0033939292754693318,2014-05-20,2014-05-27,2014-06-03T05:00:00+00:00,FLAT
2014-05-22,-0.01688814200715194,2014-05-21,2014-05-28,2014-06-05T05:00:00+00:00,FLAT
2014-05-23,-0.007776831190148381,2014-05-22,2014-05-29,2014-06-05T05:00:00+00:00,FLAT
2014-05-24,-0.0071773350416712844,2014-05-23,2014-05-30,2014-06-05T05:00:00+00:00,FLAT
2014-05-25,-0.0071773350416712844,2014-05-23,2014-05-30,2014-06-05T05:00:00+00:00,FLAT
2014-05-26,-0.0071773350416712844,2014-05-23,2014-05-30,2014-06-05T05:00:00+00:00,FLAT
2014-05-27,-0.005995511523270158,2014-05-23,2014-06-02,2014-06-10T05:00:00+00:00,FLAT
2014-05-28,-0.007528664414030106,2014-05-27,2014-06-03,2014-06-12T05:00:00+00:00,FLAT
2014-05-29,-0.0008388475063736411,2014-05-28,2014-06-04,2014-06-12T05:00:00+00:00,FLAT
2014-05-30,-0.011359013353129277,2014-05-29,2014-06-05,2014-06-12T05:00:00+00:00,FLAT
2014-05-31,0.0004322005410510865,2014-05-30,2014-06-06,2014-06-12T05:00:00+00:00,FLAT
2014-06-01,0.0004322005410510865,2014-05-30,2014-06-06,2014-06-12T05:00:00+00:00,FLAT
2014-06-02,0.0004322005410510865,2014-05-30,2014-06-06,2014-06-12T05:00:00+00:00,FLAT
2014-06-03,0.00986874006118299,2014-06-02,2014-06-09,2014-06-17T05:00:00+00:00,FLAT
2014-06-04,-0.0018993185946755142,2014-06-03,2014-06-10,2014-06-19T05:00:00+00:00,FLAT
2014-06-05,0.003471473630038968,2014-06-04,2014-06-11,2014-06-19T05:00:00+00:00,FLAT
2014-06-06,0.02841486243591218,2014-06-05,2014-06-12,2014-06-19T05:00:00+00:00,UP
2014-06-07,0.029313553361974387,2014-06-06,2014-06-13,2014-06-19T05:00:00+00:00,UP
2014-06-08,0.029313553361974387,2014-06-06,2014-06-13,2014-06-19T05:00:00+00:00,UP
2014-06-09,0.029313553361974387,2014-06-06,2014-06-13,2014-06-19T05:00:00+00:00,UP
2014-06-10,0.023544059769251557,2014-06-09,2014-06-16,2014-06-24T05:00:00+00:00,UP
2014-06-11,0.04471638248857679,2014-06-10,2014-06-17,2014-06-26T05:00:00+00:00,UP
2014-06-12,0.040778525549350464,2014-06-11,2014-06-18,2014-06-26T05:00:00+00:00,UP
2014-06-13,0.028681578510267647,2014-06-12,2014-06-19,2014-06-26T05:00:00+00:00,UP
2014-06-14,0.014818695396551673,2014-06-13,2014-06-20,2014-06-26T05:00:00+00:00,FLAT
2014-06-15,0.014818695396551673,2014-06-13,2014-06-20,2014-06-26T05:00:00+00:00,FLAT
2014-06-16,0.014818695396551673,2014-06-13,2014-06-20,2014-06-26T05:00:00+00:00,FLAT
2014-06-17,0.0017633574325515156,2014-06-16,2014-06-23,2014-07-01T05:00:00+00:00,FLAT
2014-06-18,-0.0017347437332214666,2014-06-17,2014-06-24,2014-07-03T05:00:00+00:00,FLAT
2014-06-19,-0.01180242339188109,2014-06-18,2014-06-25,2014-07-03T05:00:00+00:00,FLAT
2014-06-20,-0.023213924061100233,2014-06-19,2014-06-26,2014-07-03T05:00:00+00:00,DOWN
2014-06-21,-0.017796305875567686,2014-06-20,2014-06-27,2014-07-03T05:00:00+00:00,FLAT
2014-06-22,-0.017796305875567686,2014-06-20,2014-06-27,2014-07-03T05:00:00+00:00,FLAT
2014-06-23,-0.017796305875567686,2014-06-20,2014-06-27,2014-07-03T05:00:00+00:00,FLAT
2014-06-24,-0.026154669019326726,2014-06-23,2014-06-30,2014-07-08T05:00:00+00:00,DOWN
2014-06-25,-0.03039209777564167,2014-06-24,2014-07-01,2014-07-10T05:00:00+00:00,DOWN
2014-06-26,-0.02736344665541779,2014-06-25,2014-07-02,2014-07-10T05:00:00+00:00,DOWN
2014-06-27,-0.03410116829822518,2014-06-26,2014-07-03,2014-07-10T05:00:00+00:00,DOWN
2014-06-28,-0.03333264502853439,2014-06-27,2014-07-03,2014-07-10T05:00:00+00:00,DOWN
2014-06-29,-0.03333264502853439,2014-06-27,2014-07-03,2014-07-10T05:00:00+00:00,DOWN
2014-06-30,-0.03333264502853439,2014-06-27,2014-07-03,2014-07-10T05:00:00+00:00,DOWN
2014-07-01,-0.020985319283076675,2014-06-30,2014-07-07,2014-07-15T05:00:00+00:00,DOWN
2014-07-02,-0.028545232268501364,2014-07-01,2014-07-08,2014-07-17T05:00:00+00:00,DOWN
2014-07-03,-0.031984800149122194,2014-07-02,2014-07-09,2014-07-17T05:00:00+00:00,DOWN
2014-07-04,-0.026952609096072888,2014-07-03,2014-07-10,2014-07-17T05:00:00+00:00,DOWN
2014-07-05,-0.030720568487162647,2014-07-03,2014-07-11,2014-07-17T05:00:00+00:00,DOWN
2014-07-06,-0.030720568487162647,2014-07-03,2014-07-11,2014-07-17T05:00:00+00:00,DOWN
2014-07-07,-0.030720568487162647,2014-07-03,2014-07-11,2014-07-17T05:00:00+00:00,DOWN
2014-07-08,-0.036165327453572926,2014-07-07,2014-07-14,2014-07-22T05:00:00+00:00,DOWN
2014-07-09,-0.026105156765315107,2014-07-08,2014-07-15,2014-07-24T05:00:00+00:00,DOWN
2014-07-10,-0.01273199775966527,2014-07-09,2014-07-16,2014-07-24T05:00:00+00:00,FLAT
2014-07-11,-0.0013456037343294591,2014-07-10,2014-07-17,2014-07-24T05:00:00+00:00,FLAT
2014-07-12,0.0031207164879638594,2014-07-11,2014-07-18,2014-07-24T05:00:00+00:00,FLAT
2014-07-13,0.0031207164879638594,2014-07-11,2014-07-18,2014-07-24T05:00:00+00:00,FLAT
2014-07-14,0.0031207164879638594,2014-07-11,2014-07-18,2014-07-24T05:00:00+00:00,FLAT
2014-07-15,0.009829065141155224,2014-07-14,2014-07-21,2014-07-29T05:00:00+00:00,FLAT
2014-07-16,0.015890697822246613,2014-07-15,2014-07-22,2014-07-31T05:00:00+00:00,FLAT
2014-07-17,0.012794915258604656,2014-07-16,2014-07-23,2014-07-31T05:00:00+00:00,FLAT
2014-07-18,-0.003883107373465977,2014-07-17,2014-07-24,2014-07-31T05:00:00+00:00,FLAT
2014-07-19,0.005479998308976386,2014-07-18,2014-07-25,2014-07-31T05:00:00+00:00,FLAT
2014-07-20,0.005479998308976386,2014-07-18,2014-07-25,2014-07-31T05:00:00+00:00,FLAT
2014-07-21,0.005479998308976386,2014-07-18,2014-07-25,2014-07-31T05:00:00+00:00,FLAT
2014-07-22,0.005821216330056167,2014-07-21,2014-07-28,2014-08-05T05:00:00+00:00,FLAT
2014-07-23,0.001051113935481407,2014-07-22,2014-07-29,2014-08-07T05:00:00+00:00,FLAT
2014-07-24,-0.007896998852460202,2014-07-23,2014-07-30,2014-08-07T05:00:00+00:00,FLAT
2014-07-25,-0.01125620096068336,2014-07-24,2014-07-31,2014-08-07T05:00:00+00:00,FLAT
2014-07-26,-0.03405844478695397,2014-07-25,2014-08-01,2014-08-07T05:00:00+00:00,DOWN
2014-07-27,-0.03405844478695397,2014-07-25,2014-08-01,2014-08-07T05:00:00+00:00,DOWN
2014-07-28,-0.03405844478695397,2014-07-25,2014-08-01,2014-08-07T05:00:00+00:00,DOWN
2014-07-29,-0.03018506773203611,2014-07-28,2014-08-04,2014-08-12T05:00:00+00:00,DOWN
2014-07-30,-0.040363214005460946,2014-07-29,2014-08-05,2014-08-14T05:00:00+00:00,DOWN
2014-07-31,-0.022981649319127495,2014-07-30,2014-08-06,2014-08-14T05:00:00+00:00,DOWN
2014-08-01,-0.010677547227446516,2014-07-31,2014-08-07,2014-08-14T05:00:00+00:00,FLAT
2014-08-02,-0.004685865671489764,2014-08-01,2014-08-08,2014-08-14T05:00:00+00:00,FLAT
2014-08-03,-0.004685865671489764,2014-08-01,2014-08-08,2014-08-14T05:00:00+00:00,FLAT
2014-08-04,-0.004685865671489764,2014-08-01,2014-08-08,2014-08-14T05:00:00+00:00,FLAT
2014-08-05,-0.005616646643012646,2014-08-04,2014-08-11,2014-08-19T05:00:00+00:00,FLAT
2014-08-06,-0.013170776785673799,2014-08-05,2014-08-12,2014-08-21T05:00:00+00:00,FLAT
2014-08-07,-0.019736949723896835,2014-08-06,2014-08-13,2014-08-21T05:00:00+00:00,FLAT
2014-08-08,-0.02826944172638013,2014-08-07,2014-08-14,2014-08-21T05:00:00+00:00,DOWN
2014-08-09,-0.022957909055670966,2014-08-08,2014-08-15,2014-08-21T05:00:00+00:00,DOWN
2014-08-10,-0.022957909055670966,2014-08-08,2014-08-15,2014-08-21T05:00:00+00:00,DOWN
2014-08-11,-0.022957909055670966,2014-08-08,2014-08-15,2014-08-21T05:00:00+00:00,DOWN
2014-08-12,-0.041232713025986856,2014-08-11,2014-08-18,2014-08-26T05:00:00+00:00,DOWN
2014-08-13,-0.021469039982137006,2014-08-12,2014-08-19,2014-08-28T05:00:00+00:00,DOWN
2014-08-14,-0.02513787012867752,2014-08-13,2014-08-20,2014-08-28T05:00:00+00:00,DOWN
2014-08-15,-0.009647631209824481,2014-08-14,2014-08-21,2014-08-28T05:00:00+00:00,FLAT
2014-08-16,-0.009639761117462786,2014-08-15,2014-08-22,2014-08-28T05:00:00+00:00,FLAT
2014-08-17,-0.009639761117462786,2014-08-15,2014-08-22,2014-08-28T05:00:00+00:00,FLAT
2014-08-18,-0.009639761117462786,2014-08-15,2014-08-22,2014-08-28T05:00:00+00:00,FLAT
2014-08-19,0.013164310819538727,2014-08-18,2014-08-25,2014-09-03T05:00:00+00:00,FLAT
2014-08-20,0.009211006002664224,2014-08-19,2014-08-26,2014-09-05T05:00:00+00:00,FLAT
2014-08-21,0.005376660641160491,2014-08-20,2014-08-27,2014-09-05T05:00:00+00:00,FLAT
2014-08-22,0.0028675244999256666,2014-08-21,2014-08-28,2014-09-05T05:00:00+00:00,FLAT
2014-08-23,0.008976752657285703,2014-08-22,2014-08-29,2014-09-05T05:00:00+00:00,FLAT
2014-08-24,0.008976752657285703,2014-08-22,2014-08-29,2014-09-05T05:00:00+00:00,FLAT
2014-08-25,0.008976752657285703,2014-08-22,2014-08-29,2014-09-05T05:00:00+00:00,FLAT
2014-08-26,0.004470619153020605,2014-08-25,2014-08-29,2014-09-05T05:00:00+00:00,FLAT
2014-08-27,-0.003566284826962307,2014-08-26,2014-09-02,2014-09-09T05:00:00+00:00,FLAT
2014-08-28,0.00442103310670694,2014-08-27,2014-09-03,2014-09-11T05:00:00+00:00,FLAT
2014-08-29,0.004310295264173369,2014-08-28,2014-09-04,2014-09-11T05:00:00+00:00,FLAT
2014-08-30,-0.01640226242898679,2014-08-29,2014-09-05,2014-09-11T05:00:00+00:00,FLAT
2014-08-31,-0.01640226242898679,2014-08-29,2014-09-05,2014-09-11T05:00:00+00:00,FLAT
2014-09-01,-0.01640226242898679,2014-08-29,2014-09-05,2014-09-11T05:00:00+00:00,FLAT
2014-09-02,-0.016204574209195632,2014-08-29,2014-09-08,2014-09-16T05:00:00+00:00,FLAT
2014-09-03,-0.023133891177258947,2014-09-02,2014-09-09,2014-09-18T05:00:00+00:00,DOWN
2014-09-04,-0.04772379041506125,2014-09-03,2014-09-10,2014-09-18T05:00:00+00:00,DOWN
2014-09-05,-0.04869311138266896,2014-09-04,2014-09-11,2014-09-18T05:00:00+00:00,DOWN
2014-09-06,-0.03304029483884707,2014-09-05,2014-09-12,2014-09-18T05:00:00+00:00,DOWN
2014-09-07,-0.03304029483884707,2014-09-05,2014-09-12,2014-09-18T05:00:00+00:00,DOWN
2014-09-08,-0.03304029483884707,2014-09-05,2014-09-12,2014-09-18T05:00:00+00:00,DOWN
2014-09-09,-0.030909697401892977,2014-09-08,2014-09-15,2014-09-23T05:00:00+00:00,DOWN
2014-09-10,-0.0054654114382206576,2014-09-09,2014-09-16,2014-09-25T05:00:00+00:00,FLAT
2014-09-11,0.01663220367601692,2014-09-10,2014-09-17,2014-09-25T05:00:00+00:00,FLAT
2014-09-12,0.005868650591070557,2014-09-11,2014-09-18,2014-09-25T05:00:00+00:00,FLAT
2014-09-13,0.00553476389085894,2014-09-12,2014-09-19,2014-09-25T05:00:00+00:00,FLAT
2014-09-14,0.00553476389085894,2014-09-12,2014-09-19,2014-09-25T05:00:00+00:00,FLAT
2014-09-15,0.00553476389085894,2014-09-12,2014-09-19,2014-09-25T05:00:00+00:00,FLAT
2014-09-16,-0.011233984957182974,2014-09-15,2014-09-22,2014-09-30T05:00:00+00:00,FLAT
2014-09-17,-0.02731769580960486,2014-09-16,2014-09-23,2014-10-02T05:00:00+00:00,DOWN
2014-09-18,-0.03306098421218362,2014-09-17,2014-09-24,2014-10-02T05:00:00+00:00,DOWN
2014-09-19,-0.017452716246340372,2014-09-18,2014-09-25,2014-10-02T05:00:00+00:00,FLAT
2014-09-20,-0.01945363122045274,2014-09-19,2014-09-26,2014-10-02T05:00:00+00:00,FLAT
2014-09-21,-0.01945363122045274,2014-09-19,2014-09-26,2014-10-02T05:00:00+00:00,FLAT
2014-09-22,-0.01945363122045274,2014-09-19,2014-09-26,2014-10-02T05:00:00+00:00,FLAT
2014-09-23,0.00501279262423493,2014-09-22,2014-09-29,2014-10-07T05:00:00+00:00,FLAT
2014-09-24,-0.0019130185723550408,2014-09-23,2014-09-30,2014-10-09T05:00:00+00:00,FLAT
2014-09-25,0.00097761397771845,2014-09-24,2014-10-01,2014-10-09T05:00:00+00:00,FLAT
2014-09-26,-0.04068069897668136,2014-09-25,2014-10-02,2014-10-09T05:00:00+00:00,DOWN
2014-09-27,-0.043159809027967455,2014-09-26,2014-10-03,2014-10-09T05:00:00+00:00,DOWN
2014-09-28,-0.043159809027967455,2014-09-26,2014-10-03,2014-10-09T05:00:00+00:00,DOWN
2014-09-29,-0.043159809027967455,2014-09-26,2014-10-03,2014-10-09T05:00:00+00:00,DOWN
2014-09-30,-0.05446344194798658,2014-09-29,2014-10-06,2014-10-15T05:00:00+00:00,DOWN
2014-10-01,-0.03974432563555397,2014-09-30,2014-10-07,2014-10-17T05:00:00+00:00,DOWN
2014-10-02,-0.04560270970456981,2014-10-01,2014-10-08,2014-10-17T05:00:00+00:00,DOWN
2014-10-03,-0.010290158429727914,2014-10-02,2014-10-09,2014-10-17T05:00:00+00:00,FLAT
2014-10-04,-0.024793096506880996,2014-10-03,2014-10-10,2014-10-17T05:00:00+00:00,DOWN
2014-10-05,-0.024793096506880996,2014-10-03,2014-10-10,2014-10-17T05:00:00+00:00,DOWN
2014-10-06,-0.024793096506880996,2014-10-03,2014-10-10,2014-10-17T05:00:00+00:00,DOWN
2014-10-07,-0.02317940609845348,2014-10-06,2014-10-10,2014-10-17T05:00:00+00:00,DOWN
2014-10-08,-0.05203438809304073,2014-10-07,2014-10-14,2014-10-21T05:00:00+00:00,DOWN
2014-10-09,-0.07109305714782732,2014-10-08,2014-10-15,2014-10-23T05:00:00+00:00,DOWN
2014-10-10,-0.07233973075812372,2014-10-09,2014-10-16,2014-10-23T05:00:00+00:00,DOWN
2014-10-11,-0.03933407664489419,2014-10-10,2014-10-17,2014-10-23T05:00:00+00:00,DOWN
2014-10-12,-0.03933407664489419,2014-10-10,2014-10-17,2014-10-23T05:00:00+00:00,DOWN
2014-10-13,-0.03933407664489419,2014-10-10,2014-10-17,2014-10-23T05:00:00+00:00,DOWN
2014-10-14,-0.048987972420056036,2014-10-10,2014-10-20,2014-10-28T05:00:00+00:00,DOWN
2014-10-15,-0.014504097702073171,2014-10-14,2014-10-21,2014-10-30T05:00:00+00:00,FLAT
2014-10-16,0.026930358211834315,2014-10-15,2014-10-22,2014-10-30T05:00:00+00:00,UP
2014-10-17,0.022183499002030205,2014-10-16,2014-10-23,2014-10-30T05:00:00+00:00,UP
2014-10-18,0.0074081743399116995,2014-10-17,2014-10-24,2014-10-30T05:00:00+00:00,FLAT
2014-10-19,0.0074081743399116995,2014-10-17,2014-10-24,2014-10-30T05:00:00+00:00,FLAT
2014-10-20,0.0074081743399116995,2014-10-17,2014-10-24,2014-10-30T05:00:00+00:00,FLAT
2014-10-21,0.013242155470848171,2014-10-20,2014-10-27,2014-11-04T06:00:00+00:00,FLAT
2014-10-22,0.0034653442601817463,2014-10-21,2014-10-28,2014-11-06T06:00:00+00:00,FLAT
2014-10-23,0.004935158067914891,2014-10-22,2014-10-29,2014-11-06T06:00:00+00:00,FLAT
2014-10-24,-0.0059327944719695935,2014-10-23,2014-10-30,2014-11-06T06:00:00+00:00,FLAT
2014-10-25,-0.021983093455158143,2014-10-24,2014-10-31,2014-11-06T06:00:00+00:00,DOWN
2014-10-26,-0.021983093455158143,2014-10-24,2014-10-31,2014-11-06T06:00:00+00:00,DOWN
2014-10-27,-0.021983093455158143,2014-10-24,2014-10-31,2014-11-06T06:00:00+00:00,DOWN
2014-10-28,-0.00834905511962536,2014-10-27,2014-11-03,2014-11-11T06:00:00+00:00,FLAT
2014-10-29,-0.04000388767189911,2014-10-28,2014-11-04,2014-11-14T06:00:00+00:00,DOWN
2014-10-30,-0.045932842436029575,2014-10-29,2014-11-05,2014-11-14T06:00:00+00:00,DOWN
2014-10-31,-0.0403611383709519,2014-10-30,2014-11-06,2014-11-14T06:00:00+00:00,DOWN
2014-11-01,-0.009890959798632637,2014-10-31,2014-11-07,2014-11-14T06:00:00+00:00,FLAT
2014-11-02,-0.009890959798632637,2014-10-31,2014-11-07,2014-11-14T06:00:00+00:00,FLAT
2014-11-03,-0.009890959798632637,2014-10-31,2014-11-07,2014-11-14T06:00:00+00:00,FLAT
2014-11-04,-0.02336559779355174,2014-11-03,2014-11-10,2014-11-18T06:00:00+00:00,DOWN
2014-11-05,0.010158637480439658,2014-11-04,2014-11-10,2014-11-18T06:00:00+00:00,FLAT
2014-11-06,-0.02774511548434,2014-11-05,2014-11-12,2014-11-20T06:00:00+00:00,DOWN
2014-11-07,-0.050922632782340216,2014-11-06,2014-11-13,2014-11-20T06:00:00+00:00,DOWN
2014-11-08,-0.06740037142318689,2014-11-07,2014-11-14,2014-11-20T06:00:00+00:00,DOWN
2014-11-09,-0.06740037142318689,2014-11-07,2014-11-14,2014-11-20T06:00:00+00:00,DOWN
2014-11-10,-0.06740037142318689,2014-11-07,2014-11-14,2014-11-20T06:00:00+00:00,DOWN
2014-11-11,-0.072070970386096,2014-11-10,2014-11-17,2014-11-25T06:00:00+00:00,DOWN
2014-11-12,-0.06812161136257944,2014-11-10,2014-11-18,2014-11-27T06:00:00+00:00,DOWN
2014-11-13,-0.04096553885155174,2014-11-12,2014-11-19,2014-11-27T06:00:00+00:00,DOWN
2014-11-14,-0.0018841549948209746,2014-11-13,2014-11-20,2014-11-27T06:00:00+00:00,FLAT
2014-11-15,0.021036743683871206,2014-11-14,2014-11-21,2014-11-27T06:00:00+00:00,UP
2014-11-16,0.021036743683871206,2014-11-14,2014-11-21,2014-11-27T06:00:00+00:00,UP
2014-11-17,0.021036743683871206,2014-11-14,2014-11-21,2014-11-27T06:00:00+00:00,UP
2014-11-18,0.03878499856509188,2014-11-17,2014-11-24,2014-12-02T06:00:00+00:00,UP
2014-11-19,0.00746362589662497,2014-11-18,2014-11-25,2014-12-04T06:00:00+00:00,FLAT
2014-11-20,0.005541909491455499,2014-11-19,2014-11-26,2014-12-04T06:00:00+00:00,FLAT
2014-11-21,-0.0002941376817124919,2014-11-20,2014-11-26,2014-12-04T06:00:00+00:00,FLAT
2014-11-22,-0.08955608061214315,2014-11-21,2014-11-28,2014-12-04T06:00:00+00:00,DOWN
2014-11-23,-0.08955608061214315,2014-11-21,2014-11-28,2014-12-04T06:00:00+00:00,DOWN
2014-11-24,-0.08955608061214315,2014-11-21,2014-11-28,2014-12-04T06:00:00+00:00,DOWN
2014-11-25,-0.10840413305937535,2014-11-24,2014-12-01,2014-12-09T06:00:00+00:00,DOWN
2014-11-26,-0.08159613466818283,2014-11-25,2014-12-02,2014-12-11T06:00:00+00:00,DOWN
2014-11-27,-0.09214244672491534,2014-11-26,2014-12-03,2014-12-11T06:00:00+00:00,DOWN
2014-11-28,-0.11289685501424818,2014-11-26,2014-12-04,2014-12-11T06:00:00+00:00,DOWN
2014-11-29,-0.053063376082376545,2014-11-28,2014-12-05,2014-12-11T06:00:00+00:00,DOWN
2014-11-30,-0.053063376082376545,2014-11-28,2014-12-05,2014-12-11T06:00:00+00:00,DOWN
2014-12-01,-0.053063376082376545,2014-11-28,2014-12-05,2014-12-11T06:00:00+00:00,DOWN
2014-12-02,-0.07063522038611136,2014-12-01,2014-12-08,2014-12-16T06:00:00+00:00,DOWN
2014-12-03,-0.06505800686942964,2014-12-02,2014-12-09,2014-12-18T06:00:00+00:00,DOWN
2014-12-04,-0.09322947236964019,2014-12-03,2014-12-10,2014-12-18T06:00:00+00:00,DOWN
2014-12-05,-0.06539644064886763,2014-12-04,2014-12-11,2014-12-18T06:00:00+00:00,DOWN
2014-12-06,-0.0876759937596191,2014-12-05,2014-12-12,2014-12-18T06:00:00+00:00,DOWN
2014-12-07,-0.0876759937596191,2014-12-05,2014-12-12,2014-12-18T06:00:00+00:00,DOWN
2014-12-08,-0.0876759937596191,2014-12-05,2014-12-12,2014-12-18T06:00:00+00:00,DOWN
2014-12-09,-0.06667885929338546,2014-12-08,2014-12-15,2014-12-23T06:00:00+00:00,DOWN
2014-12-10,-0.08797311320441537,2014-12-09,2014-12-16,2014-12-25T06:00:00+00:00,DOWN
2014-12-11,-0.05199052776774549,2014-12-10,2014-12-17,2014-12-25T06:00:00+00:00,DOWN
2014-12-12,-0.07218859226714613,2014-12-11,2014-12-18,2014-12-25T06:00:00+00:00,DOWN
2014-12-13,-0.040280000522547876,2014-12-12,2014-12-19,2014-12-25T06:00:00+00:00,DOWN
2014-12-14,-0.040280000522547876,2014-12-12,2014-12-19,2014-12-25T06:00:00+00:00,DOWN
2014-12-15,-0.040280000522547876,2014-12-12,2014-12-19,2014-12-25T06:00:00+00:00,DOWN
2014-12-16,-0.04068019297252323,2014-12-15,2014-12-22,2014-12-30T06:00:00+00:00,DOWN
2014-12-17,-0.013950824501163916,2014-12-16,2014-12-23,2015-01-01T06:00:00+00:00,FLAT
2014-12-18,-0.016529630822964325,2014-12-17,2014-12-24,2015-01-01T06:00:00+00:00,FLAT
2014-12-19,-0.002236055740220344,2014-12-18,2014-12-24,2015-01-01T06:00:00+00:00,FLAT
2014-12-20,-0.004166448039138015,2014-12-19,2014-12-24,2015-01-01T06:00:00+00:00,FLAT
2014-12-21,-0.004166448039138015,2014-12-19,2014-12-24,2015-01-01T06:00:00+00:00,FLAT
2014-12-22,-0.004166448039138015,2014-12-19,2014-12-24,2015-01-01T06:00:00+00:00,FLAT
2014-12-23,-0.007573824793194905,2014-12-22,2014-12-29,2015-01-06T06:00:00+00:00,FLAT
2014-12-24,-0.062387571915360596,2014-12-23,2014-12-30,2015-01-08T06:00:00+00:00,DOWN
2014-12-25,-0.05949738413706962,2014-12-24,2014-12-31,2015-01-08T06:00:00+00:00,DOWN
2014-12-26,-0.05949738413706962,2014-12-24,2014-12-31,2015-01-08T06:00:00+00:00,DOWN
2014-12-27,-0.057625567821800616,2014-12-24,2015-01-02,2015-01-08T06:00:00+00:00,DOWN
2014-12-28,-0.057625567821800616,2014-12-24,2015-01-02,2015-01-08T06:00:00+00:00,DOWN
2014-12-29,-0.057625567821800616,2014-12-24,2015-01-02,2015-01-08T06:00:00+00:00,DOWN
2014-12-30,-0.11747735156532768,2014-12-29,2015-01-05,2015-01-13T06:00:00+00:00,DOWN
2014-12-31,-0.09696221092947466,2014-12-30,2015-01-06,2015-01-15T06:00:00+00:00,DOWN
2015-01-01,-0.11119871544438142,2014-12-31,2015-01-07,2015-01-15T06:00:00+00:00,DOWN
2015-01-02,-0.10426494123514041,2014-12-31,2015-01-08,2015-01-15T06:00:00+00:00,DOWN
2015-01-03,-0.13922093030687155,2015-01-02,2015-01-09,2015-01-15T06:00:00+00:00,DOWN
2015-01-04,-0.13922093030687155,2015-01-02,2015-01-09,2015-01-15T06:00:00+00:00,DOWN
2015-01-05,-0.13922093030687155,2015-01-02,2015-01-09,2015-01-15T06:00:00+00:00,DOWN
2015-01-06,-0.08440088581896388,2015-01-05,2015-01-12,2015-01-21T06:00:00+00:00,DOWN
2015-01-07,-0.10180762146703037,2015-01-06,2015-01-13,2015-01-23T06:00:00+00:00,DOWN
2015-01-08,-0.06859720056750795,2015-01-07,2015-01-14,2015-01-23T06:00:00+00:00,DOWN
2015-01-09,-0.04004399815948578,2015-01-08,2015-01-15,2015-01-23T06:00:00+00:00,DOWN
2015-01-10,-0.005777979554180912,2015-01-09,2015-01-16,2015-01-23T06:00:00+00:00,FLAT
2015-01-11,-0.005777979554180912,2015-01-09,2015-01-16,2015-01-23T06:00:00+00:00,FLAT
2015-01-12,-0.005777979554180912,2015-01-09,2015-01-16,2015-01-23T06:00:00+00:00,FLAT
2015-01-13,0.010853448063387283,2015-01-12,2015-01-16,2015-01-23T06:00:00+00:00,FLAT
2015-01-14,0.03291122724693896,2015-01-13,2015-01-20,2015-01-27T06:00:00+00:00,UP
2015-01-15,0.017379543451683688,2015-01-14,2015-01-21,2015-01-29T06:00:00+00:00,FLAT
2015-01-16,-0.02958111511412287,2015-01-15,2015-01-22,2015-01-29T06:00:00+00:00,DOWN
2015-01-17,-0.011165322293649416,2015-01-16,2015-01-23,2015-01-29T06:00:00+00:00,FLAT
2015-01-18,-0.011165322293649416,2015-01-16,2015-01-23,2015-01-29T06:00:00+00:00,FLAT
2015-01-19,-0.011165322293649416,2015-01-16,2015-01-23,2015-01-29T06:00:00+00:00,FLAT
2015-01-20,-0.0202854671383238,2015-01-16,2015-01-26,2015-02-03T06:00:00+00:00,DOWN
2015-01-21,0.0060120727755959,2015-01-20,2015-01-27,2015-02-05T06:00:00+00:00,FLAT
2015-01-22,0.018173985391633618,2015-01-21,2015-01-28,2015-02-05T06:00:00+00:00,FLAT
2015-01-23,0.01743939227068725,2015-01-22,2015-01-29,2015-02-05T06:00:00+00:00,FLAT
2015-01-24,0.02130674437481761,2015-01-23,2015-01-30,2015-02-05T06:00:00+00:00,UP
2015-01-25,0.02130674437481761,2015-01-23,2015-01-30,2015-02-05T06:00:00+00:00,UP
2015-01-26,0.02130674437481761,2015-01-23,2015-01-30,2015-02-05T06:00:00+00:00,UP
2015-01-27,0.12413317177067196,2015-01-26,2015-02-02,2015-02-10T06:00:00+00:00,UP
2015-01-28,0.1715280271799151,2015-01-27,2015-02-03,2015-02-12T06:00:00+00:00,UP
2015-01-29,0.16990345405211182,2015-01-28,2015-02-04,2015-02-12T06:00:00+00:00,UP
2015-01-30,0.2020488985089557,2015-01-29,2015-02-05,2015-02-12T06:00:00+00:00,UP
2015-01-31,0.17445825295653283,2015-01-30,2015-02-06,2015-02-12T06:00:00+00:00,UP
2015-02-01,0.17445825295653283,2015-01-30,2015-02-06,2015-02-12T06:00:00+00:00,UP
2015-02-02,0.17445825295653283,2015-01-30,2015-02-06,2015-02-12T06:00:00+00:00,UP
2015-02-03,0.09942694120011031,2015-02-02,2015-02-09,2015-02-19T06:00:00+00:00,UP
2015-02-04,0.022610024500022252,2015-02-03,2015-02-10,2015-02-20T06:00:00+00:00,UP
2015-02-05,-0.029649594621804498,2015-02-04,2015-02-11,2015-02-20T06:00:00+00:00,DOWN
2015-02-06,0.003244762766955178,2015-02-05,2015-02-12,2015-02-20T06:00:00+00:00,FLAT
2015-02-07,0.07932358366613768,2015-02-06,2015-02-13,2015-02-20T06:00:00+00:00,UP
2015-02-08,0.07932358366613768,2015-02-06,2015-02-13,2015-02-20T06:00:00+00:00,UP
2015-02-09,0.07932358366613768,2015-02-06,2015-02-13,2015-02-20T06:00:00+00:00,UP
2015-02-10,0.05726888218031734,2015-02-09,2015-02-13,2015-02-20T06:00:00+00:00,UP
2015-02-11,0.09190407634338027,2015-02-10,2015-02-17,2015-02-24T06:00:00+00:00,UP
2015-02-12,0.137633115417495,2015-02-11,2015-02-18,2015-02-26T06:00:00+00:00,UP
2015-02-13,0.04712407389664253,2015-02-12,2015-02-19,2015-02-26T06:00:00+00:00,UP
2015-02-14,0.013321410044081272,2015-02-13,2015-02-20,2015-02-26T06:00:00+00:00,FLAT
2015-02-15,0.013321410044081272,2015-02-13,2015-02-20,2015-02-26T06:00:00+00:00,FLAT
2015-02-16,0.013321410044081272,2015-02-13,2015-02-20,2015-02-26T06:00:00+00:00,FLAT
2015-02-17,-0.006782195565909421,2015-02-13,2015-02-23,2015-03-03T06:00:00+00:00,FLAT
2015-02-18,-0.007403751233958533,2015-02-17,2015-02-24,2015-03-05T06:00:00+00:00,FLAT
2015-02-19,-0.014937372365348756,2015-02-18,2015-02-25,2015-03-05T06:00:00+00:00,FLAT
2015-02-20,0.045037388038715154,2015-02-19,2015-02-26,2015-03-05T06:00:00+00:00,UP
2015-02-21,0.01717391779286448,2015-02-20,2015-02-27,2015-03-05T06:00:00+00:00,FLAT
2015-02-22,0.01717391779286448,2015-02-20,2015-02-27,2015-03-05T06:00:00+00:00,FLAT
2015-02-23,0.01717391779286448,2015-02-20,2015-02-27,2015-03-05T06:00:00+00:00,FLAT
2015-02-24,0.019053255492482046,2015-02-23,2015-03-02,2015-03-10T05:00:00+00:00,FLAT
2015-02-25,0.017250807466702378,2015-02-24,2015-03-03,2015-03-12T05:00:00+00:00,FLAT
2015-02-26,-0.008131079668999175,2015-02-25,2015-03-04,2015-03-12T05:00:00+00:00,FLAT
2015-02-27,-0.01610466124829757,2015-02-26,2015-03-05,2015-03-12T05:00:00+00:00,FLAT
2015-02-28,-0.04541540202292238,2015-02-27,2015-03-06,2015-03-12T05:00:00+00:00,DOWN
2015-03-01,-0.04541540202292238,2015-02-27,2015-03-06,2015-03-12T05:00:00+00:00,DOWN
2015-03-02,-0.04541540202292238,2015-02-27,2015-03-06,2015-03-12T05:00:00+00:00,DOWN
2015-03-03,-0.035547511442848845,2015-03-02,2015-03-09,2015-03-17T05:00:00+00:00,DOWN
2015-03-04,-0.08732203223910917,2015-03-03,2015-03-10,2015-03-19T05:00:00+00:00,DOWN
2015-03-05,-0.047300453556165634,2015-03-04,2015-03-11,2015-03-19T05:00:00+00:00,DOWN
2015-03-06,-0.06149159714561492,2015-03-05,2015-03-12,2015-03-19T05:00:00+00:00,DOWN
2015-03-07,-0.07405966512174911,2015-03-06,2015-03-13,2015-03-19T05:00:00+00:00,DOWN
2015-03-08,-0.07405966512174911,2015-03-06,2015-03-13,2015-03-19T05:00:00+00:00,DOWN
2015-03-09,-0.07405966512174911,2015-03-06,2015-03-13,2015-03-19T05:00:00+00:00,DOWN
2015-03-10,-0.11389897905746027,2015-03-09,2015-03-16,2015-03-24T05:00:00+00:00,DOWN
2015-03-11,-0.06942177599650967,2015-03-10,2015-03-17,2015-03-26T05:00:00+00:00,DOWN
2015-03-12,-0.07336405491941766,2015-03-11,2015-03-18,2015-03-26T05:00:00+00:00,DOWN
2015-03-13,-0.07513931440446908,2015-03-12,2015-03-19,2015-03-26T05:00:00+00:00,DOWN
2015-03-14,-0.0253974128032588,2015-03-13,2015-03-20,2015-03-26T05:00:00+00:00,DOWN
2015-03-15,-0.0253974128032588,2015-03-13,2015-03-20,2015-03-26T05:00:00+00:00,DOWN
2015-03-16,-0.0253974128032588,2015-03-13,2015-03-20,2015-03-26T05:00:00+00:00,DOWN
2015-03-17,0.026983791121047762,2015-03-16,2015-03-23,2015-03-31T05:00:00+00:00,UP
2015-03-18,0.02030081684834939,2015-03-17,2015-03-24,2015-04-02T05:00:00+00:00,UP
2015-03-19,0.02737253746743673,2015-03-18,2015-03-25,2015-04-02T05:00:00+00:00,UP
2015-03-20,0.0792335936739974,2015-03-19,2015-03-26,2015-04-02T05:00:00+00:00,UP
2015-03-21,0.049336603599554385,2015-03-20,2015-03-27,2015-04-02T05:00:00+00:00,UP
2015-03-22,0.049336603599554385,2015-03-20,2015-03-27,2015-04-02T05:00:00+00:00,UP
2015-03-23,0.049336603599554385,2015-03-20,2015-03-27,2015-04-02T05:00:00+00:00,UP
2015-03-24,0.002028539349099967,2015-03-23,2015-03-30,2015-04-07T05:00:00+00:00,FLAT
2015-03-25,0.0005883558914352438,2015-03-24,2015-03-31,2015-04-09T05:00:00+00:00,FLAT
2015-03-26,0.02629001607656689,2015-03-25,2015-04-01,2015-04-09T05:00:00+00:00,UP
2015-03-27,-0.024748269404309964,2015-03-26,2015-04-02,2015-04-09T05:00:00+00:00,DOWN
2015-03-28,-0.01599586002854836,2015-03-27,2015-04-03,2015-04-09T05:00:00+00:00,FLAT
2015-03-29,-0.01599586002854836,2015-03-27,2015-04-03,2015-04-09T05:00:00+00:00,FLAT
2015-03-30,-0.01599586002854836,2015-03-27,2015-04-03,2015-04-09T05:00:00+00:00,FLAT
2015-03-31,0.02998295064562484,2015-03-30,2015-04-06,2015-04-14T05:00:00+00:00,UP
2015-04-01,0.07128900830591367,2015-03-31,2015-04-07,2015-04-16T05:00:00+00:00,UP
2015-04-02,0.013099865518695797,2015-04-01,2015-04-08,2015-04-16T05:00:00+00:00,FLAT
2015-04-03,0.006893157962696073,2015-04-02,2015-04-09,2015-04-16T05:00:00+00:00,FLAT
2015-04-04,0.02206097430203502,2015-04-03,2015-04-10,2015-04-16T05:00:00+00:00,UP
2015-04-05,0.02206097430203502,2015-04-03,2015-04-10,2015-04-16T05:00:00+00:00,UP
2015-04-06,0.02206097430203502,2015-04-03,2015-04-10,2015-04-16T05:00:00+00:00,UP
2015-04-07,0.02897594335958531,2015-04-06,2015-04-13,2015-04-21T05:00:00+00:00,UP
2015-04-08,0.004989109202532704,2015-04-07,2015-04-14,2015-04-23T05:00:00+00:00,FLAT
2015-04-09,0.051688406879760285,2015-04-08,2015-04-15,2015-04-23T05:00:00+00:00,UP
2015-04-10,0.07120248228357662,2015-04-09,2015-04-16,2015-04-23T05:00:00+00:00,UP
2015-04-11,0.07717912931428472,2015-04-10,2015-04-17,2015-04-23T05:00:00+00:00,UP
2015-04-12,0.07717912931428472,2015-04-10,2015-04-17,2015-04-23T05:00:00+00:00,UP
2015-04-13,0.07717912931428472,2015-04-10,2015-04-17,2015-04-23T05:00:00+00:00,UP
2015-04-14,0.06867542501851553,2015-04-13,2015-04-20,2015-04-28T05:00:00+00:00,UP
2015-04-15,0.040393567830038,2015-04-14,2015-04-21,2015-04-28T05:00:00+00:00,UP
2015-04-16,0.01168912846488146,2015-04-15,2015-04-22,2015-04-30T05:00:00+00:00,FLAT
2015-04-17,0.042546520463887516,2015-04-16,2015-04-23,2015-04-30T05:00:00+00:00,UP
2015-04-18,0.026150214528931626,2015-04-17,2015-04-24,2015-04-30T05:00:00+00:00,UP
2015-04-19,0.026150214528931626,2015-04-17,2015-04-24,2015-04-30T05:00:00+00:00,UP
2015-04-20,0.026150214528931626,2015-04-17,2015-04-24,2015-04-30T05:00:00+00:00,UP
2015-04-21,0.02995641823235795,2015-04-20,2015-04-27,2015-05-05T05:00:00+00:00,UP
2015-04-22,0.04183702422601998,2015-04-21,2015-04-28,2015-05-07T05:00:00+00:00,UP
2015-04-23,0.06510388237364162,2015-04-22,2015-04-29,2015-05-07T05:00:00+00:00,UP
2015-04-24,0.0204968978487281,2015-04-23,2015-04-30,2015-05-07T05:00:00+00:00,UP
2015-04-25,0.020030592600450037,2015-04-24,2015-05-01,2015-05-07T05:00:00+00:00,UP
2015-04-26,0.020030592600450037,2015-04-24,2015-05-01,2015-05-07T05:00:00+00:00,UP
2015-04-27,0.020030592600450037,2015-04-24,2015-05-01,2015-05-07T05:00:00+00:00,UP
2015-04-28,0.026345597592969616,2015-04-27,2015-05-04,2015-05-12T05:00:00+00:00,UP
2015-04-29,0.04558796410314292,2015-04-28,2015-05-05,2015-05-14T05:00:00+00:00,UP
2015-04-30,0.03537312878757026,2015-04-29,2015-05-06,2015-05-14T05:00:00+00:00,UP
2015-05-01,0.01685622746407467,2015-04-30,2015-05-07,2015-05-14T05:00:00+00:00,FLAT
2015-05-02,-0.0037748682159280955,2015-05-01,2015-05-08,2015-05-14T05:00:00+00:00,FLAT
2015-05-03,-0.0037748682159280955,2015-05-01,2015-05-08,2015-05-14T05:00:00+00:00,FLAT
2015-05-04,-0.0037748682159280955,2015-05-01,2015-05-08,2015-05-14T05:00:00+00:00,FLAT
2015-05-05,-0.02783949491475779,2015-05-04,2015-05-11,2015-05-19T05:00:00+00:00,DOWN
2015-05-06,-0.004899633090300171,2015-05-05,2015-05-12,2015-05-21T05:00:00+00:00,FLAT
2015-05-07,0.002339663260173319,2015-05-06,2015-05-13,2015-05-21T05:00:00+00:00,FLAT
2015-05-08,0.009197082839808912,2015-05-07,2015-05-14,2015-05-21T05:00:00+00:00,FLAT
2015-05-09,0.01309330636461814,2015-05-08,2015-05-15,2015-05-21T05:00:00+00:00,FLAT
2015-05-10,0.01309330636461814,2015-05-08,2015-05-15,2015-05-21T05:00:00+00:00,FLAT
2015-05-11,0.01309330636461814,2015-05-08,2015-05-15,2015-05-21T05:00:00+00:00,FLAT
2015-05-12,0.036338414668634744,2015-05-11,2015-05-18,2015-05-27T05:00:00+00:00,UP
2015-05-13,-0.02508056475635234,2015-05-12,2015-05-19,2015-05-29T05:00:00+00:00,DOWN
2015-05-14,-0.04247198315226708,2015-05-13,2015-05-20,2015-05-29T05:00:00+00:00,DOWN
2015-05-15,-0.01429373481768581,2015-05-14,2015-05-21,2015-05-29T05:00:00+00:00,FLAT
2015-05-16,-0.0011187596924314702,2015-05-15,2015-05-22,2015-05-29T05:00:00+00:00,FLAT
2015-05-17,-0.0011187596924314702,2015-05-15,2015-05-22,2015-05-29T05:00:00+00:00,FLAT
2015-05-18,-0.0011187596924314702,2015-05-15,2015-05-22,2015-05-29T05:00:00+00:00,FLAT
2015-05-19,-0.008011623239814636,2015-05-18,2015-05-22,2015-05-29T05:00:00+00:00,FLAT
2015-05-20,-0.029234823032849633,2015-05-19,2015-05-26,2015-06-02T05:00:00+00:00,DOWN
2015-05-21,-0.03455169312999862,2015-05-20,2015-05-27,2015-06-04T05:00:00+00:00,DOWN
2015-05-22,-0.07012836586264037,2015-05-21,2015-05-28,2015-06-04T05:00:00+00:00,DOWN
2015-05-23,-0.023676145910637603,2015-05-22,2015-05-29,2015-06-04T05:00:00+00:00,DOWN
2015-05-24,-0.023676145910637603,2015-05-22,2015-05-29,2015-06-04T05:00:00+00:00,DOWN
2015-05-25,-0.023676145910637603,2015-05-22,2015-05-29,2015-06-04T05:00:00+00:00,DOWN
2015-05-26,-0.028080550612127664,2015-05-22,2015-06-01,2015-06-16T05:00:00+00:00,DOWN
2015-05-27,0.02321118780585696,2015-05-26,2015-06-02,2015-06-16T05:00:00+00:00,UP
2015-05-28,0.02273131155832342,2015-05-27,2015-06-03,2015-06-16T05:00:00+00:00,UP
2015-05-29,0.003724098098009554,2015-05-28,2015-06-04,2015-06-16T05:00:00+00:00,FLAT
2015-05-30,-0.04365342065235456,2015-05-29,2015-06-05,2015-06-16T05:00:00+00:00,DOWN
2015-05-31,-0.04365342065235456,2015-05-29,2015-06-05,2015-06-16T05:00:00+00:00,DOWN
2015-06-01,-0.04365342065235456,2015-05-29,2015-06-05,2015-06-16T05:00:00+00:00,DOWN
2015-06-02,-0.023424822028664916,2015-06-01,2015-06-08,2015-06-16T05:00:00+00:00,DOWN
2015-06-03,0.0025079385862565307,2015-06-02,2015-06-09,2015-06-18T05:00:00+00:00,FLAT
2015-06-04,0.031577680050685286,2015-06-03,2015-06-10,2015-06-18T05:00:00+00:00,UP
2015-06-05,0.05768427191778702,2015-06-04,2015-06-11,2015-06-18T05:00:00+00:00,UP
2015-06-06,0.04784744123504381,2015-06-05,2015-06-12,2015-06-18T05:00:00+00:00,UP
2015-06-07,0.04784744123504381,2015-06-05,2015-06-12,2015-06-18T05:00:00+00:00,UP
2015-06-08,0.04784744123504381,2015-06-05,2015-06-12,2015-06-18T05:00:00+00:00,UP
2015-06-09,-0.005111079797349483,2015-06-08,2015-06-15,2015-06-23T05:00:00+00:00,FLAT
2015-06-10,-0.038633470398987124,2015-06-09,2015-06-16,2015-06-25T05:00:00+00:00,DOWN
2015-06-11,-0.0602914644663326,2015-06-10,2015-06-17,2015-06-25T05:00:00+00:00,DOWN
2015-06-12,-0.037329234306406334,2015-06-11,2015-06-18,2015-06-25T05:00:00+00:00,DOWN
2015-06-13,-0.05975901404879369,2015-06-12,2015-06-19,2015-06-25T05:00:00+00:00,DOWN
2015-06-14,-0.05975901404879369,2015-06-12,2015-06-19,2015-06-25T05:00:00+00:00,DOWN
2015-06-15,-0.05975901404879369,2015-06-12,2015-06-19,2015-06-25T05:00:00+00:00,DOWN
2015-06-16,-0.007298311747912067,2015-06-15,2015-06-22,2015-06-30T05:00:00+00:00,FLAT
2015-06-17,0.014833366309496832,2015-06-16,2015-06-23,2015-07-02T05:00:00+00:00,FLAT
2015-06-18,0.014077096564184544,2015-06-17,2015-06-24,2015-07-02T05:00:00+00:00,FLAT
2015-06-19,-0.01827058903591483,2015-06-18,2015-06-25,2015-07-02T05:00:00+00:00,FLAT
2015-06-20,0.01220596936694518,2015-06-19,2015-06-26,2015-07-02T05:00:00+00:00,FLAT
2015-06-21,0.01220596936694518,2015-06-19,2015-06-26,2015-07-02T05:00:00+00:00,FLAT
2015-06-22,0.01220596936694518,2015-06-19,2015-06-26,2015-07-02T05:00:00+00:00,FLAT
2015-06-23,-0.024942186983812453,2015-06-22,2015-06-29,2015-07-07T05:00:00+00:00,DOWN
2015-06-24,-0.02309279548323495,2015-06-23,2015-06-30,2015-07-09T05:00:00+00:00,DOWN
2015-06-25,-0.0005297583420821317,2015-06-24,2015-07-01,2015-07-09T05:00:00+00:00,FLAT
2015-06-26,0.024074171282997048,2015-06-25,2015-07-02,2015-07-09T05:00:00+00:00,UP
2015-06-27,0.02584308220680942,2015-06-26,2015-07-02,2015-07-09T05:00:00+00:00,UP
2015-06-28,0.02584308220680942,2015-06-26,2015-07-02,2015-07-09T05:00:00+00:00,UP
2015-06-29,0.02584308220680942,2015-06-26,2015-07-02,2015-07-09T05:00:00+00:00,UP
2015-06-30,-0.03110817167684099,2015-06-29,2015-07-06,2015-07-14T05:00:00+00:00,DOWN
2015-07-01,-0.09126827520178016,2015-06-30,2015-07-07,2015-07-16T05:00:00+00:00,DOWN
2015-07-02,-0.09536150163707502,2015-07-01,2015-07-08,2015-07-16T05:00:00+00:00,DOWN
2015-07-03,-0.06254418630683267,2015-07-02,2015-07-09,2015-07-16T05:00:00+00:00,DOWN
2015-07-04,-0.06423692270958592,2015-07-02,2015-07-10,2015-07-16T05:00:00+00:00,DOWN
2015-07-05,-0.06423692270958592,2015-07-02,2015-07-10,2015-07-16T05:00:00+00:00,DOWN
2015-07-06,-0.06423692270958592,2015-07-02,2015-07-10,2015-07-16T05:00:00+00:00,DOWN
2015-07-07,0.007563814130267854,2015-07-06,2015-07-13,2015-07-21T05:00:00+00:00,FLAT
2015-07-08,0.045170134218422975,2015-07-07,2015-07-14,2015-07-23T05:00:00+00:00,UP
2015-07-09,0.029360543736927314,2015-07-08,2015-07-15,2015-07-23T05:00:00+00:00,UP
2015-07-10,-0.008864177839166487,2015-07-09,2015-07-16,2015-07-23T05:00:00+00:00,FLAT
2015-07-11,-0.023325641931903562,2015-07-10,2015-07-17,2015-07-23T05:00:00+00:00,DOWN
2015-07-12,-0.023325641931903562,2015-07-10,2015-07-17,2015-07-23T05:00:00+00:00,DOWN
2015-07-13,-0.023325641931903562,2015-07-10,2015-07-17,2015-07-23T05:00:00+00:00,DOWN
2015-07-14,-0.02077523204020626,2015-07-13,2015-07-20,2015-07-28T05:00:00+00:00,DOWN
2015-07-15,-0.02191771232890305,2015-07-14,2015-07-21,2015-07-30T05:00:00+00:00,DOWN
2015-07-16,-0.016916879188114797,2015-07-15,2015-07-22,2015-07-30T05:00:00+00:00,FLAT
2015-07-17,-0.027092897925225734,2015-07-16,2015-07-23,2015-07-30T05:00:00+00:00,DOWN
2015-07-18,-0.03691478426328687,2015-07-17,2015-07-24,2015-07-30T05:00:00+00:00,DOWN
2015-07-19,-0.03691478426328687,2015-07-17,2015-07-24,2015-07-30T05:00:00+00:00,DOWN
2015-07-20,-0.03691478426328687,2015-07-17,2015-07-24,2015-07-30T05:00:00+00:00,DOWN
2015-07-21,-0.04171363080760482,2015-07-20,2015-07-27,2015-08-04T05:00:00+00:00,DOWN
2015-07-22,-0.029489079942352503,2015-07-21,2015-07-28,2015-08-06T05:00:00+00:00,DOWN
2015-07-23,-0.028983777133128164,2015-07-22,2015-07-29,2015-08-06T05:00:00+00:00,DOWN
2015-07-24,-0.026284580180794936,2015-07-23,2015-07-30,2015-08-06T05:00:00+00:00,DOWN
2015-07-25,-0.018387983011847298,2015-07-24,2015-07-31,2015-08-06T05:00:00+00:00,FLAT
2015-07-26,-0.018387983011847298,2015-07-24,2015-07-31,2015-08-06T05:00:00+00:00,FLAT
2015-07-27,-0.018387983011847298,2015-07-24,2015-07-31,2015-08-06T05:00:00+00:00,FLAT
2015-07-28,-0.08476397676597236,2015-07-27,2015-08-03,2015-08-11T05:00:00+00:00,DOWN
2015-07-29,-0.09610347912167472,2015-07-28,2015-08-04,2015-08-13T05:00:00+00:00,DOWN
2015-07-30,-0.1038638984535667,2015-07-29,2015-08-05,2015-08-13T05:00:00+00:00,DOWN
2015-07-31,-0.11954319395837187,2015-07-30,2015-08-06,2015-08-13T05:00:00+00:00,DOWN
2015-08-01,-0.10804383119475769,2015-07-31,2015-08-07,2015-08-13T05:00:00+00:00,DOWN
2015-08-02,-0.10804383119475769,2015-07-31,2015-08-07,2015-08-13T05:00:00+00:00,DOWN
2015-08-03,-0.10804383119475769,2015-07-31,2015-08-07,2015-08-13T05:00:00+00:00,DOWN
2015-08-04,-0.02393522763342404,2015-08-03,2015-08-10,2015-08-18T05:00:00+00:00,DOWN
2015-08-05,-0.017855953467389885,2015-08-04,2015-08-11,2015-08-20T05:00:00+00:00,FLAT
2015-08-06,0.012441665995881479,2015-08-05,2015-08-12,2015-08-20T05:00:00+00:00,FLAT
2015-08-07,0.034899067067431844,2015-08-06,2015-08-13,2015-08-20T05:00:00+00:00,UP
2015-08-08,0.03474277842878437,2015-08-07,2015-08-14,2015-08-20T05:00:00+00:00,UP
2015-08-09,0.03474277842878437,2015-08-07,2015-08-14,2015-08-20T05:00:00+00:00,UP
2015-08-10,0.03474277842878437,2015-08-07,2015-08-14,2015-08-20T05:00:00+00:00,UP
2015-08-11,0.018382031623596973,2015-08-10,2015-08-17,2015-08-25T05:00:00+00:00,FLAT
2015-08-12,0.003958018084754489,2015-08-11,2015-08-18,2015-08-27T05:00:00+00:00,FLAT
2015-08-13,-0.05095174377931533,2015-08-12,2015-08-19,2015-08-27T05:00:00+00:00,DOWN
2015-08-14,-0.05116244778565893,2015-08-13,2015-08-20,2015-08-27T05:00:00+00:00,DOWN
2015-08-15,-0.08295471245460417,2015-08-14,2015-08-21,2015-08-27T05:00:00+00:00,DOWN
2015-08-16,-0.08295471245460417,2015-08-14,2015-08-21,2015-08-27T05:00:00+00:00,DOWN
2015-08-17,-0.08295471245460417,2015-08-14,2015-08-21,2015-08-27T05:00:00+00:00,DOWN
2015-08-18,-0.12811713346318576,2015-08-17,2015-08-24,2015-09-01T05:00:00+00:00,DOWN
2015-08-19,-0.10665891415076012,2015-08-18,2015-08-25,2015-09-03T05:00:00+00:00,DOWN
2015-08-20,-0.08540055714533268,2015-08-19,2015-08-26,2015-09-03T05:00:00+00:00,DOWN
2015-08-21,-0.02292578654222488,2015-08-20,2015-08-27,2015-09-03T05:00:00+00:00,DOWN
2015-08-22,0.09425758601609413,2015-08-21,2015-08-28,2015-09-03T05:00:00+00:00,UP
2015-08-23,0.09425758601609413,2015-08-21,2015-08-28,2015-09-03T05:00:00+00:00,UP
2015-08-24,0.09425758601609413,2015-08-21,2015-08-28,2015-09-03T05:00:00+00:00,UP
2015-08-25,0.14855656199094458,2015-08-24,2015-08-31,2015-09-09T05:00:00+00:00,UP
2015-08-26,0.15684576610284817,2015-08-25,2015-09-01,2015-09-11T05:00:00+00:00,UP
2015-08-27,0.131921676288707,2015-08-26,2015-09-02,2015-09-11T05:00:00+00:00,UP
2015-08-28,0.12490665150715574,2015-08-27,2015-09-03,2015-09-11T05:00:00+00:00,UP
2015-08-29,0.007518462930394376,2015-08-28,2015-09-04,2015-09-11T05:00:00+00:00,FLAT
2015-08-30,0.007518462930394376,2015-08-28,2015-09-04,2015-09-11T05:00:00+00:00,FLAT
2015-08-31,0.007518462930394376,2015-08-28,2015-09-04,2015-09-11T05:00:00+00:00,FLAT
2015-09-01,0.009572688152805764,2015-08-31,2015-09-04,2015-09-11T05:00:00+00:00,FLAT
2015-09-02,0.0020643680293088718,2015-09-01,2015-09-08,2015-09-15T05:00:00+00:00,FLAT
2015-09-03,0.011314172319817795,2015-09-02,2015-09-09,2015-09-17T05:00:00+00:00,FLAT
2015-09-04,-0.04907505547306612,2015-09-03,2015-09-10,2015-09-17T05:00:00+00:00,DOWN
2015-09-05,-0.03257496097012191,2015-09-04,2015-09-11,2015-09-17T05:00:00+00:00,DOWN
2015-09-06,-0.03257496097012191,2015-09-04,2015-09-11,2015-09-17T05:00:00+00:00,DOWN
2015-09-07,-0.03257496097012191,2015-09-04,2015-09-11,2015-09-17T05:00:00+00:00,DOWN
2015-09-08,-0.05427026959386094,2015-09-04,2015-09-14,2015-09-22T05:00:00+00:00,DOWN
2015-09-09,-0.06034791629659453,2015-09-08,2015-09-15,2015-09-24T05:00:00+00:00,DOWN
2015-09-10,0.026076841466636136,2015-09-09,2015-09-16,2015-09-24T05:00:00+00:00,UP
2015-09-11,0.00848613408119725,2015-09-10,2015-09-17,2015-09-24T05:00:00+00:00,FLAT
2015-09-12,0.0070540876521456575,2015-09-11,2015-09-18,2015-09-24T05:00:00+00:00,FLAT
2015-09-13,0.0070540876521456575,2015-09-11,2015-09-18,2015-09-24T05:00:00+00:00,FLAT
2015-09-14,0.0070540876521456575,2015-09-11,2015-09-18,2015-09-24T05:00:00+00:00,FLAT
2015-09-15,0.03878307484470067,2015-09-14,2015-09-21,2015-09-29T05:00:00+00:00,UP
2015-09-16,0.01802775165908188,2015-09-15,2015-09-22,2015-10-01T05:00:00+00:00,FLAT
2015-09-17,-0.025187200619069317,2015-09-16,2015-09-23,2015-10-01T05:00:00+00:00,DOWN
2015-09-18,-0.022417265153394372,2015-09-17,2015-09-24,2015-10-01T05:00:00+00:00,DOWN
2015-09-19,0.0017130822908153487,2015-09-18,2015-09-25,2015-10-01T05:00:00+00:00,FLAT
2015-09-20,0.0017130822908153487,2015-09-18,2015-09-25,2015-10-01T05:00:00+00:00,FLAT
2015-09-21,0.0017130822908153487,2015-09-18,2015-09-25,2015-10-01T05:00:00+00:00,FLAT
2015-09-22,-0.033448628918999024,2015-09-21,2015-09-28,2015-10-06T05:00:00+00:00,DOWN
2015-09-23,0.01699979590036893,2015-09-22,2015-09-29,2015-10-08T05:00:00+00:00,FLAT
2015-09-24,-0.019113026609854367,2015-09-23,2015-09-30,2015-10-08T05:00:00+00:00,FLAT
2015-09-25,0.004830140301367081,2015-09-24,2015-10-01,2015-10-08T05:00:00+00:00,FLAT
2015-09-26,-0.018189539172010494,2015-09-25,2015-10-02,2015-10-08T05:00:00+00:00,FLAT
2015-09-27,-0.018189539172010494,2015-09-25,2015-10-02,2015-10-08T05:00:00+00:00,FLAT
2015-09-28,-0.018189539172010494,2015-09-25,2015-10-02,2015-10-08T05:00:00+00:00,FLAT
2015-09-29,0.0719410029285239,2015-09-28,2015-10-05,2015-10-14T05:00:00+00:00,UP
2015-09-30,0.07797326801800297,2015-09-29,2015-10-06,2015-10-16T05:00:00+00:00,UP
2015-10-01,0.09246010741068278,2015-09-30,2015-10-07,2015-10-16T05:00:00+00:00,UP
2015-10-02,0.0974177446363147,2015-10-01,2015-10-08,2015-10-16T05:00:00+00:00,UP
2015-10-03,0.11687832050429248,2015-10-02,2015-10-09,2015-10-16T05:00:00+00:00,UP
2015-10-04,0.11687832050429248,2015-10-02,2015-10-09,2015-10-16T05:00:00+00:00,UP
2015-10-05,0.11687832050429248,2015-10-02,2015-10-09,2015-10-16T05:00:00+00:00,UP
2015-10-06,0.05137888411475866,2015-10-05,2015-10-09,2015-10-16T05:00:00+00:00,UP
2015-10-07,-0.04887688039185434,2015-10-06,2015-10-13,2015-10-20T05:00:00+00:00,DOWN
2015-10-08,-0.06743391998497794,2015-10-07,2015-10-14,2015-10-22T05:00:00+00:00,DOWN
2015-10-09,-0.08273059639402092,2015-10-08,2015-10-15,2015-10-22T05:00:00+00:00,DOWN
2015-10-10,-0.058826246581908825,2015-10-09,2015-10-16,2015-10-22T05:00:00+00:00,DOWN
2015-10-11,-0.058826246581908825,2015-10-09,2015-10-16,2015-10-22T05:00:00+00:00,DOWN
2015-10-12,-0.058826246581908825,2015-10-09,2015-10-16,2015-10-22T05:00:00+00:00,DOWN
2015-10-13,-0.0857223928998122,2015-10-09,2015-10-19,2015-10-27T05:00:00+00:00,DOWN
2015-10-14,-0.040118074976241314,2015-10-13,2015-10-20,2015-10-29T05:00:00+00:00,DOWN
2015-10-15,-0.031328399696738174,2015-10-14,2015-10-21,2015-10-29T05:00:00+00:00,DOWN
2015-10-16,-0.02492933718526158,2015-10-15,2015-10-22,2015-10-29T05:00:00+00:00,DOWN
2015-10-17,-0.05485111203095705,2015-10-16,2015-10-23,2015-10-29T05:00:00+00:00,DOWN
2015-10-18,-0.05485111203095705,2015-10-16,2015-10-23,2015-10-29T05:00:00+00:00,DOWN
2015-10-19,-0.05485111203095705,2015-10-16,2015-10-23,2015-10-29T05:00:00+00:00,DOWN
2015-10-20,-0.020925971141461108,2015-10-19,2015-10-26,2015-11-03T06:00:00+00:00,DOWN
2015-10-21,-0.029052983629642593,2015-10-20,2015-10-27,2015-11-05T06:00:00+00:00,DOWN
2015-10-22,0.020344122871881254,2015-10-21,2015-10-28,2015-11-05T06:00:00+00:00,UP
2015-10-23,0.03071709638846576,2015-10-22,2015-10-29,2015-11-05T06:00:00+00:00,UP
2015-10-24,0.03168762628022037,2015-10-23,2015-10-30,2015-11-05T06:00:00+00:00,UP
2015-10-25,0.03168762628022037,2015-10-23,2015-10-30,2015-11-05T06:00:00+00:00,UP
2015-10-26,0.03168762628022037,2015-10-23,2015-10-30,2015-11-05T06:00:00+00:00,UP
2015-10-27,0.023315557920917884,2015-10-26,2015-11-02,2015-11-10T06:00:00+00:00,UP
2015-10-28,0.04842617528368898,2015-10-27,2015-11-03,2015-11-13T06:00:00+00:00,UP
2015-10-29,-0.016921074275796588,2015-10-28,2015-11-04,2015-11-13T06:00:00+00:00,FLAT
2015-10-30,-0.023443494029396494,2015-10-29,2015-11-05,2015-11-13T06:00:00+00:00,DOWN
2015-10-31,-0.03979166666666667,2015-10-30,2015-11-06,2015-11-13T06:00:00+00:00,DOWN
2015-11-01,-0.03979166666666667,2015-10-30,2015-11-06,2015-11-13T06:00:00+00:00,DOWN
2015-11-02,-0.03979166666666667,2015-10-30,2015-11-06,2015-11-13T06:00:00+00:00,DOWN
2015-11-03,-0.04622587236052267,2015-11-02,2015-11-09,2015-11-17T06:00:00+00:00,DOWN
2015-11-04,-0.026022435897436025,2015-11-03,2015-11-10,2015-11-17T06:00:00+00:00,DOWN
2015-11-05,-0.007233489015317174,2015-11-04,2015-11-10,2015-11-17T06:00:00+00:00,FLAT
2015-11-06,-0.039137816915594814,2015-11-05,2015-11-12,2015-11-19T06:00:00+00:00,DOWN
2015-11-07,-0.08117226772755815,2015-11-06,2015-11-13,2015-11-19T06:00:00+00:00,DOWN
2015-11-08,-0.08117226772755815,2015-11-06,2015-11-13,2015-11-19T06:00:00+00:00,DOWN
2015-11-09,-0.08117226772755815,2015-11-06,2015-11-13,2015-11-19T06:00:00+00:00,DOWN
2015-11-10,-0.1112541939377415,2015-11-09,2015-11-16,2015-11-24T06:00:00+00:00,DOWN
2015-11-11,-0.1087632134752553,2015-11-10,2015-11-17,2015-11-26T06:00:00+00:00,DOWN
2015-11-12,-0.10420881939612403,2015-11-10,2015-11-18,2015-11-26T06:00:00+00:00,DOWN
2015-11-13,-0.05937102521306881,2015-11-12,2015-11-19,2015-11-26T06:00:00+00:00,DOWN
2015-11-14,0.013736700015880565,2015-11-13,2015-11-20,2015-11-26T06:00:00+00:00,FLAT
2015-11-15,0.013736700015880565,2015-11-13,2015-11-20,2015-11-26T06:00:00+00:00,FLAT
2015-11-16,0.013736700015880565,2015-11-13,2015-11-20,2015-11-26T06:00:00+00:00,FLAT
2015-11-17,0.08814164272385328,2015-11-16,2015-11-23,2015-12-01T06:00:00+00:00,UP
2015-11-18,0.07698507492713458,2015-11-17,2015-11-24,2015-12-03T06:00:00+00:00,UP
2015-11-19,0.0516126172102076,2015-11-18,2015-11-25,2015-12-03T06:00:00+00:00,UP
2015-11-20,0.032579098572137255,2015-11-19,2015-11-25,2015-12-03T06:00:00+00:00,UP
2015-11-21,0.015396985303311794,2015-11-20,2015-11-27,2015-12-03T06:00:00+00:00,FLAT
2015-11-22,0.015396985303311794,2015-11-20,2015-11-27,2015-12-03T06:00:00+00:00,FLAT
2015-11-23,0.015396985303311794,2015-11-20,2015-11-27,2015-12-03T06:00:00+00:00,FLAT
2015-11-24,0.0005768603288043295,2015-11-23,2015-11-30,2015-12-08T06:00:00+00:00,FLAT
2015-11-25,-0.03177106804867069,2015-11-24,2015-12-01,2015-12-08T06:00:00+00:00,DOWN
2015-11-26,-0.03755882535554256,2015-11-25,2015-12-02,2015-12-10T06:00:00+00:00,DOWN
2015-11-27,-0.03572210555660282,2015-11-25,2015-12-03,2015-12-10T06:00:00+00:00,DOWN
2015-11-28,-0.038778257006802264,2015-11-27,2015-12-04,2015-12-10T06:00:00+00:00,DOWN
2015-11-29,-0.038778257006802264,2015-11-27,2015-12-04,2015-12-10T06:00:00+00:00,DOWN
2015-11-30,-0.038778257006802264,2015-11-27,2015-12-04,2015-12-10T06:00:00+00:00,DOWN
2015-12-01,-0.08957201404512793,2015-11-30,2015-12-07,2015-12-15T06:00:00+00:00,DOWN
2015-12-02,-0.07814175838843973,2015-12-01,2015-12-08,2015-12-17T06:00:00+00:00,DOWN
2015-12-03,-0.0630605354038809,2015-12-02,2015-12-09,2015-12-17T06:00:00+00:00,DOWN
2015-12-04,-0.07284747861231444,2015-12-03,2015-12-10,2015-12-17T06:00:00+00:00,DOWN
2015-12-05,-0.098232073571757,2015-12-04,2015-12-11,2015-12-17T06:00:00+00:00,DOWN
2015-12-06,-0.098232073571757,2015-12-04,2015-12-11,2015-12-17T06:00:00+00:00,DOWN
2015-12-07,-0.098232073571757,2015-12-04,2015-12-11,2015-12-17T06:00:00+00:00,DOWN
2015-12-08,-0.07284298147647428,2015-12-07,2015-12-14,2015-12-22T06:00:00+00:00,DOWN
2015-12-09,-0.03861346655932352,2015-12-08,2015-12-15,2015-12-24T06:00:00+00:00,DOWN
2015-12-10,-0.04660582787267842,2015-12-09,2015-12-16,2015-12-24T06:00:00+00:00,DOWN
2015-12-11,-0.05436482624756944,2015-12-10,2015-12-17,2015-12-24T06:00:00+00:00,DOWN
2015-12-12,-0.0021835152627784904,2015-12-11,2015-12-18,2015-12-24T06:00:00+00:00,FLAT
2015-12-13,-0.0021835152627784904,2015-12-11,2015-12-18,2015-12-24T06:00:00+00:00,FLAT
2015-12-14,-0.0021835152627784904,2015-12-11,2015-12-18,2015-12-24T06:00:00+00:00,FLAT
2015-12-15,-0.02897376349041325,2015-12-14,2015-12-21,2015-12-29T06:00:00+00:00,DOWN
2015-12-16,-0.06114827304429882,2015-12-15,2015-12-22,2015-12-31T06:00:00+00:00,DOWN
2015-12-17,-0.031057389723358475,2015-12-16,2015-12-23,2015-12-31T06:00:00+00:00,DOWN
2015-12-18,0.02461427341834299,2015-12-17,2015-12-24,2015-12-31T06:00:00+00:00,UP
2015-12-19,0.01185734292507945,2015-12-18,2015-12-24,2015-12-31T06:00:00+00:00,FLAT
2015-12-20,0.01185734292507945,2015-12-18,2015-12-24,2015-12-31T06:00:00+00:00,FLAT
2015-12-21,0.01185734292507945,2015-12-18,2015-12-24,2015-12-31T06:00:00+00:00,FLAT
2015-12-22,0.04899308826696536,2015-12-21,2015-12-28,2016-01-05T06:00:00+00:00,UP
2015-12-23,0.045093590470788536,2015-12-22,2015-12-29,2016-01-07T06:00:00+00:00,UP
2015-12-24,-0.0018660986860350448,2015-12-23,2015-12-30,2016-01-07T06:00:00+00:00,FLAT
2015-12-25,-0.016085257626546445,2015-12-24,2015-12-31,2016-01-07T06:00:00+00:00,FLAT
2015-12-26,-0.016085257626546445,2015-12-24,2015-12-31,2016-01-07T06:00:00+00:00,FLAT
2015-12-27,-0.016085257626546445,2015-12-24,2015-12-31,2016-01-07T06:00:00+00:00,FLAT
2015-12-28,-0.016085257626546445,2015-12-24,2015-12-31,2016-01-07T06:00:00+00:00,FLAT
2015-12-29,-0.013116576429003879,2015-12-28,2016-01-04,2016-01-12T06:00:00+00:00,FLAT
2015-12-30,-0.028437238918870178,2015-12-29,2016-01-05,2016-01-14T06:00:00+00:00,DOWN
2015-12-31,-0.03973012986492064,2015-12-30,2016-01-06,2016-01-14T06:00:00+00:00,DOWN
2016-01-01,-0.06678695001082391,2015-12-31,2016-01-07,2016-01-14T06:00:00+00:00,DOWN
2016-01-02,-0.11952495936176155,2015-12-31,2016-01-08,2016-01-14T06:00:00+00:00,DOWN
2016-01-03,-0.11952495936176155,2015-12-31,2016-01-08,2016-01-14T06:00:00+00:00,DOWN
2016-01-04,-0.11952495936176155,2015-12-31,2016-01-08,2016-01-14T06:00:00+00:00,DOWN
2016-01-05,-0.16495435675797032,2016-01-04,2016-01-11,2016-01-20T06:00:00+00:00,DOWN
2016-01-06,-0.17449629043383486,2016-01-05,2016-01-12,2016-01-22T06:00:00+00:00,DOWN
2016-01-07,-0.1548051767115014,2016-01-06,2016-01-13,2016-01-22T06:00:00+00:00,DOWN
2016-01-08,-0.14135570766732253,2016-01-07,2016-01-14,2016-01-22T06:00:00+00:00,DOWN
2016-01-09,-0.09189096492542659,2016-01-08,2016-01-15,2016-01-22T06:00:00+00:00,DOWN
2016-01-10,-0.09189096492542659,2016-01-08,2016-01-15,2016-01-22T06:00:00+00:00,DOWN
2016-01-11,-0.09189096492542659,2016-01-08,2016-01-15,2016-01-22T06:00:00+00:00,DOWN
2016-01-12,-0.04205851692229812,2016-01-11,2016-01-15,2016-01-22T06:00:00+00:00,DOWN
2016-01-13,-0.05989827098278522,2016-01-12,2016-01-19,2016-01-28T06:00:00+00:00,DOWN
2016-01-14,-0.08880101038181698,2016-01-13,2016-01-20,2016-01-28T06:00:00+00:00,DOWN
2016-01-15,-0.04475090212767008,2016-01-14,2016-01-21,2016-01-28T06:00:00+00:00,DOWN
2016-01-16,0.056803572633994825,2016-01-15,2016-01-22,2016-01-28T06:00:00+00:00,UP
2016-01-17,0.056803572633994825,2016-01-15,2016-01-22,2016-01-28T06:00:00+00:00,UP
2016-01-18,0.056803572633994825,2016-01-15,2016-01-22,2016-01-28T06:00:00+00:00,UP
2016-01-19,0.03463035388821378,2016-01-15,2016-01-25,2016-02-02T06:00:00+00:00,UP
2016-01-20,0.13138086121007664,2016-01-19,2016-01-26,2016-02-04T06:00:00+00:00,UP
2016-01-21,0.22361126387588515,2016-01-20,2016-01-27,2016-02-04T06:00:00+00:00,UP
2016-01-22,0.19553875048597802,2016-01-21,2016-01-28,2016-02-04T06:00:00+00:00,UP
2016-01-23,0.0873888833153198,2016-01-22,2016-01-29,2016-02-04T06:00:00+00:00,UP
2016-01-24,0.0873888833153198,2016-01-22,2016-01-29,2016-02-04T06:00:00+00:00,UP
2016-01-25,0.0873888833153198,2016-01-22,2016-01-29,2016-02-04T06:00:00+00:00,UP
2016-01-26,0.08799735638332207,2016-01-25,2016-02-01,2016-02-09T06:00:00+00:00,UP
2016-01-27,0.001003759218085154,2016-01-26,2016-02-02,2016-02-11T06:00:00+00:00,FLAT
2016-01-28,0.017155564116434263,2016-01-27,2016-02-03,2016-02-11T06:00:00+00:00,FLAT
2016-01-29,-0.009173566215802675,2016-01-28,2016-02-04,2016-02-11T06:00:00+00:00,FLAT
2016-01-30,-0.02446179873929455,2016-01-29,2016-02-05,2016-02-11T06:00:00+00:00,DOWN
2016-01-31,-0.02446179873929455,2016-01-29,2016-02-05,2016-02-11T06:00:00+00:00,DOWN
2016-02-01,-0.02446179873929455,2016-01-29,2016-02-05,2016-02-11T06:00:00+00:00,DOWN
2016-02-02,-0.025969454804813163,2016-02-01,2016-02-08,2016-02-17T06:00:00+00:00,DOWN
2016-02-03,-0.028048758171583033,2016-02-02,2016-02-09,2016-02-19T06:00:00+00:00,DOWN
2016-02-04,-0.08538567823450216,2016-02-03,2016-02-10,2016-02-19T06:00:00+00:00,DOWN
2016-02-05,-0.11930362043101606,2016-02-04,2016-02-11,2016-02-19T06:00:00+00:00,DOWN
2016-02-06,-0.01700154559505418,2016-02-05,2016-02-12,2016-02-19T06:00:00+00:00,FLAT
2016-02-07,-0.01700154559505418,2016-02-05,2016-02-12,2016-02-19T06:00:00+00:00,FLAT
2016-02-08,-0.01700154559505418,2016-02-05,2016-02-12,2016-02-19T06:00:00+00:00,FLAT
2016-02-09,0.005056890012642201,2016-02-08,2016-02-12,2016-02-19T06:00:00+00:00,FLAT
2016-02-10,0.022452219196211987,2016-02-09,2016-02-16,2016-02-23T06:00:00+00:00,UP
2016-02-11,0.11294274252527825,2016-02-10,2016-02-17,2016-02-25T06:00:00+00:00,UP
2016-02-12,0.14238820481262127,2016-02-11,2016-02-18,2016-02-25T06:00:00+00:00,UP
2016-02-13,-0.012099419117161392,2016-02-12,2016-02-19,2016-02-25T06:00:00+00:00,FLAT
2016-02-14,-0.012099419117161392,2016-02-12,2016-02-19,2016-02-25T06:00:00+00:00,FLAT
2016-02-15,-0.012099419117161392,2016-02-12,2016-02-19,2016-02-25T06:00:00+00:00,FLAT
2016-02-16,0.048042824914887206,2016-02-12,2016-02-22,2016-03-01T06:00:00+00:00,UP
2016-02-17,0.027769939094641538,2016-02-16,2016-02-23,2016-03-03T06:00:00+00:00,UP
2016-02-18,-0.05119987311409813,2016-02-17,2016-02-24,2016-03-03T06:00:00+00:00,DOWN
2016-02-19,-0.008762086696771143,2016-02-18,2016-02-25,2016-03-03T06:00:00+00:00,FLAT
2016-02-20,0.13275769089085565,2016-02-19,2016-02-26,2016-03-03T06:00:00+00:00,UP
2016-02-21,0.13275769089085565,2016-02-19,2016-02-26,2016-03-03T06:00:00+00:00,UP
2016-02-22,0.13275769089085565,2016-02-19,2016-02-26,2016-03-03T06:00:00+00:00,UP
2016-02-23,0.0747457622916119,2016-02-22,2016-02-29,2016-03-08T06:00:00+00:00,UP
2016-02-24,0.12413015924907067,2016-02-23,2016-03-01,2016-03-10T06:00:00+00:00,UP
2016-02-25,0.15861765456680454,2016-02-24,2016-03-02,2016-03-10T06:00:00+00:00,UP
2016-02-26,0.0888096727206662,2016-02-25,2016-03-03,2016-03-10T06:00:00+00:00,UP
2016-02-27,0.04649039167165325,2016-02-26,2016-03-04,2016-03-10T06:00:00+00:00,UP
2016-02-28,0.04649039167165325,2016-02-26,2016-03-04,2016-03-10T06:00:00+00:00,UP
2016-02-29,0.04649039167165325,2016-02-26,2016-03-04,2016-03-10T06:00:00+00:00,UP
2016-03-01,0.08016886905404275,2016-02-29,2016-03-07,2016-03-15T05:00:00+00:00,UP
2016-03-02,0.08836760863388049,2016-03-01,2016-03-08,2016-03-17T05:00:00+00:00,UP
2016-03-03,0.09999509747476631,2016-03-02,2016-03-09,2016-03-17T05:00:00+00:00,UP
2016-03-04,0.0765556528234137,2016-03-03,2016-03-10,2016-03-17T05:00:00+00:00,UP
2016-03-05,0.04586258438830648,2016-03-04,2016-03-11,2016-03-17T05:00:00+00:00,UP
2016-03-06,0.04586258438830648,2016-03-04,2016-03-11,2016-03-17T05:00:00+00:00,UP
2016-03-07,0.04586258438830648,2016-03-04,2016-03-11,2016-03-17T05:00:00+00:00,UP
2016-03-08,-0.02716270836397272,2016-03-07,2016-03-14,2016-03-22T05:00:00+00:00,DOWN
2016-03-09,-0.04167413129755981,2016-03-08,2016-03-15,2016-03-24T05:00:00+00:00,DOWN
2016-03-10,-0.045466498326883875,2016-03-09,2016-03-16,2016-03-24T05:00:00+00:00,DOWN
2016-03-11,0.012005211854725806,2016-03-10,2016-03-17,2016-03-24T05:00:00+00:00,FLAT
2016-03-12,-0.007763917224706485,2016-03-11,2016-03-18,2016-03-24T05:00:00+00:00,FLAT
2016-03-13,-0.007763917224706485,2016-03-11,2016-03-18,2016-03-24T05:00:00+00:00,FLAT
2016-03-14,-0.007763917224706485,2016-03-11,2016-03-18,2016-03-24T05:00:00+00:00,FLAT
2016-03-15,0.045832002043722175,2016-03-14,2016-03-21,2016-03-30T05:00:00+00:00,UP
2016-03-16,0.0774687267241978,2016-03-15,2016-03-22,2016-03-31T05:00:00+00:00,UP
2016-03-17,0.009594733447158443,2016-03-16,2016-03-23,2016-03-31T05:00:00+00:00,FLAT
2016-03-18,-0.018722992629561563,2016-03-17,2016-03-24,2016-03-31T05:00:00+00:00,FLAT
2016-03-19,-0.017016672956040924,2016-03-18,2016-03-24,2016-03-31T05:00:00+00:00,FLAT
2016-03-20,-0.017016672956040924,2016-03-18,2016-03-24,2016-03-31T05:00:00+00:00,FLAT
2016-03-21,-0.017016672956040924,2016-03-18,2016-03-24,2016-03-31T05:00:00+00:00,FLAT
2016-03-22,-0.03604747492943494,2016-03-21,2016-03-28,2016-04-05T05:00:00+00:00,DOWN
2016-03-23,-0.09087496292498387,2016-03-22,2016-03-29,2016-04-07T05:00:00+00:00,DOWN
2016-03-24,-0.059440939549543104,2016-03-23,2016-03-30,2016-04-07T05:00:00+00:00,DOWN
2016-03-25,-0.050702176087511264,2016-03-24,2016-03-31,2016-04-07T05:00:00+00:00,DOWN
2016-03-26,-0.05490779571718474,2016-03-24,2016-04-01,2016-04-07T05:00:00+00:00,DOWN
2016-03-27,-0.05490779571718474,2016-03-24,2016-04-01,2016-04-07T05:00:00+00:00,DOWN
2016-03-28,-0.05490779571718474,2016-03-24,2016-04-01,2016-04-07T05:00:00+00:00,DOWN
2016-03-29,-0.06345942227119217,2016-03-28,2016-04-04,2016-04-12T05:00:00+00:00,DOWN
2016-03-30,-0.02822024618525143,2016-03-29,2016-04-05,2016-04-14T05:00:00+00:00,DOWN
2016-03-31,0.029853599650477625,2016-03-30,2016-04-06,2016-04-14T05:00:00+00:00,UP
2016-04-01,0.012749974679698184,2016-03-31,2016-04-07,2016-04-14T05:00:00+00:00,FLAT
2016-04-02,0.1152384931551722,2016-04-01,2016-04-08,2016-04-14T05:00:00+00:00,UP
2016-04-03,0.1152384931551722,2016-04-01,2016-04-08,2016-04-14T05:00:00+00:00,UP
2016-04-04,0.1152384931551722,2016-04-01,2016-04-08,2016-04-14T05:00:00+00:00,UP
2016-04-05,0.14990809253337267,2016-04-04,2016-04-11,2016-04-19T05:00:00+00:00,UP
2016-04-06,0.19675640543628004,2016-04-05,2016-04-12,2016-04-21T05:00:00+00:00,UP
2016-04-07,0.13322927653221606,2016-04-06,2016-04-13,2016-04-21T05:00:00+00:00,UP
2016-04-08,0.16179048227894488,2016-04-07,2016-04-14,2016-04-21T05:00:00+00:00,UP
2016-04-09,0.016585945448362116,2016-04-08,2016-04-15,2016-04-21T05:00:00+00:00,FLAT
2016-04-10,0.016585945448362116,2016-04-08,2016-04-15,2016-04-21T05:00:00+00:00,FLAT
2016-04-11,0.016585945448362116,2016-04-08,2016-04-15,2016-04-21T05:00:00+00:00,FLAT
2016-04-12,0.0035674624401784705,2016-04-11,2016-04-18,2016-04-26T05:00:00+00:00,FLAT
2016-04-13,-0.0010519964727176978,2016-04-12,2016-04-19,2016-04-28T05:00:00+00:00,FLAT
2016-04-14,0.005095242138717593,2016-04-13,2016-04-20,2016-04-28T05:00:00+00:00,FLAT
2016-04-15,0.010692701069269894,2016-04-14,2016-04-21,2016-04-28T05:00:00+00:00,FLAT
2016-04-16,0.06863803461515405,2016-04-15,2016-04-22,2016-04-28T05:00:00+00:00,UP
2016-04-17,0.06863803461515405,2016-04-15,2016-04-22,2016-04-28T05:00:00+00:00,UP
2016-04-18,0.06863803461515405,2016-04-15,2016-04-22,2016-04-28T05:00:00+00:00,UP
2016-04-19,0.03485845571015411,2016-04-18,2016-04-25,2016-05-03T05:00:00+00:00,UP
2016-04-20,0.02666862098778,2016-04-19,2016-04-26,2016-05-05T05:00:00+00:00,UP
2016-04-21,0.029263926788915207,2016-04-20,2016-04-27,2016-05-05T05:00:00+00:00,UP
2016-04-22,0.04754439663487364,2016-04-21,2016-04-28,2016-05-05T05:00:00+00:00,UP
2016-04-23,0.033732967248900625,2016-04-22,2016-04-29,2016-05-05T05:00:00+00:00,UP
2016-04-24,0.033732967248900625,2016-04-22,2016-04-29,2016-05-05T05:00:00+00:00,UP
2016-04-25,0.033732967248900625,2016-04-22,2016-04-29,2016-05-05T05:00:00+00:00,UP
2016-04-26,0.06366363747524417,2016-04-25,2016-05-02,2016-05-10T05:00:00+00:00,UP
2016-04-27,-0.019420106211041732,2016-04-26,2016-05-03,2016-05-12T05:00:00+00:00,FLAT
2016-04-28,-0.024602288704663966,2016-04-27,2016-05-04,2016-05-12T05:00:00+00:00,DOWN
2016-04-29,-0.02206889355930175,2016-04-28,2016-05-05,2016-05-12T05:00:00+00:00,DOWN
2016-04-30,-0.019285014505579623,2016-04-29,2016-05-06,2016-05-12T05:00:00+00:00,FLAT
2016-05-01,-0.019285014505579623,2016-04-29,2016-05-06,2016-05-12T05:00:00+00:00,FLAT
2016-05-02,-0.019285014505579623,2016-04-29,2016-05-06,2016-05-12T05:00:00+00:00,FLAT
2016-05-03,-0.06823493586524931,2016-05-02,2016-05-09,2016-05-17T05:00:00+00:00,DOWN
2016-05-04,0.025284985988047293,2016-05-03,2016-05-10,2016-05-19T05:00:00+00:00,UP
2016-05-05,0.06906143638574846,2016-05-04,2016-05-11,2016-05-19T05:00:00+00:00,UP
2016-05-06,0.04769333791995822,2016-05-05,2016-05-12,2016-05-19T05:00:00+00:00,UP
2016-05-07,0.06004746240244718,2016-05-06,2016-05-13,2016-05-19T05:00:00+00:00,UP
2016-05-08,0.06004746240244718,2016-05-06,2016-05-13,2016-05-19T05:00:00+00:00,UP
2016-05-09,0.06004746240244718,2016-05-06,2016-05-13,2016-05-19T05:00:00+00:00,UP
2016-05-10,0.14359541489745142,2016-05-09,2016-05-16,2016-05-24T05:00:00+00:00,UP
2016-05-11,0.10713367836759358,2016-05-10,2016-05-17,2016-05-26T05:00:00+00:00,UP
2016-05-12,0.06937400102064406,2016-05-11,2016-05-18,2016-05-26T05:00:00+00:00,UP
2016-05-13,0.01715491959497273,2016-05-12,2016-05-19,2016-05-26T05:00:00+00:00,FLAT
2016-05-14,0.03482894464937791,2016-05-13,2016-05-20,2016-05-26T05:00:00+00:00,UP
2016-05-15,0.03482894464937791,2016-05-13,2016-05-20,2016-05-26T05:00:00+00:00,UP
2016-05-16,0.03482894464937791,2016-05-13,2016-05-20,2016-05-26T05:00:00+00:00,UP
2016-05-17,-0.009573847296857951,2016-05-16,2016-05-23,2016-06-01T05:00:00+00:00,FLAT
2016-05-18,-0.00012690779483714998,2016-05-17,2016-05-24,2016-06-03T05:00:00+00:00,FLAT
2016-05-19,0.00134059323867608,2016-05-18,2016-05-25,2016-06-03T05:00:00+00:00,FLAT
2016-05-20,0.04112285712502528,2016-05-19,2016-05-25,2016-06-03T05:00:00+00:00,UP
2016-05-21,0.013338542476269533,2016-05-20,2016-05-27,2016-06-03T05:00:00+00:00,FLAT
2016-05-22,0.013338542476269533,2016-05-20,2016-05-27,2016-06-03T05:00:00+00:00,FLAT
2016-05-23,0.013338542476269533,2016-05-20,2016-05-27,2016-06-03T05:00:00+00:00,FLAT
2016-05-24,0.028918259077675756,2016-05-23,2016-05-27,2016-06-03T05:00:00+00:00,UP
2016-05-25,0.021166052532166635,2016-05-24,2016-05-31,2016-06-07T05:00:00+00:00,UP
2016-05-26,0.0019725668271011187,2016-05-25,2016-06-01,2016-06-09T05:00:00+00:00,FLAT
2016-05-27,0.007925364262263868,2016-05-25,2016-06-02,2016-06-09T05:00:00+00:00,FLAT
2016-05-28,-0.011672424407847104,2016-05-27,2016-06-03,2016-06-09T05:00:00+00:00,FLAT
2016-05-29,-0.011672424407847104,2016-05-27,2016-06-03,2016-06-09T05:00:00+00:00,FLAT
2016-05-30,-0.011672424407847104,2016-05-27,2016-06-03,2016-06-09T05:00:00+00:00,FLAT
2016-05-31,-0.003116387536095444,2016-05-27,2016-06-06,2016-06-14T05:00:00+00:00,FLAT
2016-06-01,0.008799221456059936,2016-05-31,2016-06-07,2016-06-16T05:00:00+00:00,FLAT
2016-06-02,0.03699663601677572,2016-06-01,2016-06-08,2016-06-16T05:00:00+00:00,UP
2016-06-03,0.027870526093164427,2016-06-02,2016-06-09,2016-06-16T05:00:00+00:00,UP
2016-06-04,0.023992890716121096,2016-06-03,2016-06-10,2016-06-16T05:00:00+00:00,UP
2016-06-05,0.023992890716121096,2016-06-03,2016-06-10,2016-06-16T05:00:00+00:00,UP
2016-06-06,0.023992890716121096,2016-06-03,2016-06-10,2016-06-16T05:00:00+00:00,UP
2016-06-07,0.011840832230598952,2016-06-06,2016-06-13,2016-06-21T05:00:00+00:00,FLAT
2016-06-08,-0.0345597996849647,2016-06-07,2016-06-14,2016-06-23T05:00:00+00:00,DOWN
2016-06-09,-0.061622882140264346,2016-06-08,2016-06-15,2016-06-23T05:00:00+00:00,DOWN
2016-06-10,-0.09319810049918364,2016-06-09,2016-06-16,2016-06-23T05:00:00+00:00,DOWN
2016-06-11,-0.05927777980583615,2016-06-10,2016-06-17,2016-06-23T05:00:00+00:00,DOWN
2016-06-12,-0.05927777980583615,2016-06-10,2016-06-17,2016-06-23T05:00:00+00:00,DOWN
2016-06-13,-0.05927777980583615,2016-06-10,2016-06-17,2016-06-23T05:00:00+00:00,DOWN
2016-06-14,-0.01460040015471964,2016-06-13,2016-06-20,2016-06-28T05:00:00+00:00,FLAT
2016-06-15,0.005700946587612554,2016-06-14,2016-06-21,2016-06-30T05:00:00+00:00,FLAT
2016-06-16,0.019680503220500967,2016-06-15,2016-06-22,2016-06-30T05:00:00+00:00,FLAT
2016-06-17,0.06247626704019793,2016-06-16,2016-06-23,2016-06-30T05:00:00+00:00,UP
2016-06-18,0.007159608822956631,2016-06-17,2016-06-24,2016-06-30T05:00:00+00:00,FLAT
2016-06-19,0.007159608822956631,2016-06-17,2016-06-24,2016-06-30T05:00:00+00:00,FLAT
2016-06-20,0.007159608822956631,2016-06-17,2016-06-24,2016-06-30T05:00:00+00:00,FLAT
2016-06-21,-0.06412058105297214,2016-06-20,2016-06-27,2016-07-06T05:00:00+00:00,DOWN
2016-06-22,-0.03110639443972707,2016-06-21,2016-06-28,2016-07-08T05:00:00+00:00,DOWN
2016-06-23,0.008500371748962898,2016-06-22,2016-06-29,2016-07-08T05:00:00+00:00,FLAT
2016-06-24,-0.0011202131590866138,2016-06-23,2016-06-30,2016-07-08T05:00:00+00:00,FLAT
2016-06-25,0.02668605768382415,2016-06-24,2016-07-01,2016-07-08T05:00:00+00:00,UP
2016-06-26,0.02668605768382415,2016-06-24,2016-07-01,2016-07-08T05:00:00+00:00,UP
2016-06-27,0.02668605768382415,2016-06-24,2016-07-01,2016-07-08T05:00:00+00:00,UP
2016-06-28,0.058293881630965716,2016-06-27,2016-07-01,2016-07-08T05:00:00+00:00,UP
2016-06-29,-0.009293879769002977,2016-06-28,2016-07-05,2016-07-12T05:00:00+00:00,FLAT
2016-06-30,-0.04795817322363838,2016-06-29,2016-07-06,2016-07-14T05:00:00+00:00,DOWN
2016-07-01,-0.039359937109402665,2016-06-30,2016-07-07,2016-07-14T05:00:00+00:00,DOWN
2016-07-02,-0.060829191546780126,2016-07-01,2016-07-08,2016-07-14T05:00:00+00:00,DOWN
2016-07-03,-0.060829191546780126,2016-07-01,2016-07-08,2016-07-14T05:00:00+00:00,DOWN
2016-07-04,-0.060829191546780126,2016-07-01,2016-07-08,2016-07-14T05:00:00+00:00,DOWN
2016-07-05,-0.07062200364239324,2016-07-01,2016-07-11,2016-07-19T05:00:00+00:00,DOWN
2016-07-06,0.0250432600722168,2016-07-05,2016-07-12,2016-07-21T05:00:00+00:00,UP
2016-07-07,-0.02353182679004251,2016-07-06,2016-07-13,2016-07-21T05:00:00+00:00,DOWN
2016-07-08,0.0019067631478759672,2016-07-07,2016-07-14,2016-07-21T05:00:00+00:00,FLAT
2016-07-09,0.03842375362890982,2016-07-08,2016-07-15,2016-07-21T05:00:00+00:00,UP
2016-07-10,0.03842375362890982,2016-07-08,2016-07-15,2016-07-21T05:00:00+00:00,UP
2016-07-11,0.03842375362890982,2016-07-08,2016-07-15,2016-07-21T05:00:00+00:00,UP
2016-07-12,0.031222972316607756,2016-07-11,2016-07-18,2016-07-26T05:00:00+00:00,UP
2016-07-13,-0.02079345540057098,2016-07-12,2016-07-19,2016-07-28T05:00:00+00:00,DOWN
2016-07-14,0.024639284098605385,2016-07-13,2016-07-20,2016-07-28T05:00:00+00:00,UP
2016-07-15,-0.023135199569173315,2016-07-14,2016-07-21,2016-07-28T05:00:00+00:00,DOWN
2016-07-16,-0.04496154211491066,2016-07-15,2016-07-22,2016-07-28T05:00:00+00:00,DOWN
2016-07-17,-0.04496154211491066,2016-07-15,2016-07-22,2016-07-28T05:00:00+00:00,DOWN
2016-07-18,-0.04496154211491066,2016-07-15,2016-07-22,2016-07-28T05:00:00+00:00,DOWN
2016-07-19,-0.03837247527759213,2016-07-18,2016-07-25,2016-08-02T05:00:00+00:00,DOWN
2016-07-20,-0.05025924506923052,2016-07-19,2016-07-26,2016-08-04T05:00:00+00:00,DOWN
2016-07-21,-0.06746539131553664,2016-07-20,2016-07-27,2016-08-04T05:00:00+00:00,DOWN
2016-07-22,-0.07209600268637739,2016-07-21,2016-07-28,2016-08-04T05:00:00+00:00,DOWN
2016-07-23,-0.08403033673291405,2016-07-22,2016-07-29,2016-08-04T05:00:00+00:00,DOWN
2016-07-24,-0.08403033673291405,2016-07-22,2016-07-29,2016-08-04T05:00:00+00:00,DOWN
2016-07-25,-0.08403033673291405,2016-07-22,2016-07-29,2016-08-04T05:00:00+00:00,DOWN
2016-07-26,-0.08701423990456592,2016-07-25,2016-08-01,2016-08-09T05:00:00+00:00,DOWN
2016-07-27,-0.08793630218404269,2016-07-26,2016-08-02,2016-08-11T05:00:00+00:00,DOWN
2016-07-28,-0.05956957276146446,2016-07-27,2016-08-03,2016-08-11T05:00:00+00:00,DOWN
2016-07-29,-0.015122338728984608,2016-07-28,2016-08-04,2016-08-11T05:00:00+00:00,FLAT
2016-07-30,0.04444902297725739,2016-07-29,2016-08-05,2016-08-11T05:00:00+00:00,UP
2016-07-31,0.04444902297725739,2016-07-29,2016-08-05,2016-08-11T05:00:00+00:00,UP
2016-08-01,0.04444902297725739,2016-07-29,2016-08-05,2016-08-11T05:00:00+00:00,UP
2016-08-02,0.07927746606588837,2016-08-01,2016-08-08,2016-08-16T05:00:00+00:00,UP
2016-08-03,0.08901330786998574,2016-08-02,2016-08-09,2016-08-18T05:00:00+00:00,UP
2016-08-04,0.04340924476002028,2016-08-03,2016-08-10,2016-08-18T05:00:00+00:00,UP
2016-08-05,0.06832928201702604,2016-08-04,2016-08-11,2016-08-18T05:00:00+00:00,UP
2016-08-06,0.05910743584272393,2016-08-05,2016-08-12,2016-08-18T05:00:00+00:00,UP
2016-08-07,0.05910743584272393,2016-08-05,2016-08-12,2016-08-18T05:00:00+00:00,UP
2016-08-08,0.05910743584272393,2016-08-05,2016-08-12,2016-08-18T05:00:00+00:00,UP
2016-08-09,0.09039641383617747,2016-08-08,2016-08-15,2016-08-23T05:00:00+00:00,UP
2016-08-10,0.10812990933927824,2016-08-09,2016-08-16,2016-08-25T05:00:00+00:00,UP
2016-08-11,0.15116264609116303,2016-08-10,2016-08-17,2016-08-25T05:00:00+00:00,UP
2016-08-12,0.11863361520859117,2016-08-11,2016-08-18,2016-08-25T05:00:00+00:00,UP
2016-08-13,0.09778886147671395,2016-08-12,2016-08-19,2016-08-25T05:00:00+00:00,UP
2016-08-14,0.09778886147671395,2016-08-12,2016-08-19,2016-08-25T05:00:00+00:00,UP
2016-08-15,0.09778886147671395,2016-08-12,2016-08-19,2016-08-25T05:00:00+00:00,UP
2016-08-16,0.018306830009904296,2016-08-15,2016-08-22,2016-08-30T05:00:00+00:00,FLAT
2016-08-17,0.011010116704647688,2016-08-16,2016-08-23,2016-09-01T05:00:00+00:00,FLAT
2016-08-18,-0.017542446215494167,2016-08-17,2016-08-24,2016-09-01T05:00:00+00:00,FLAT
2016-08-19,-0.0002957015331778168,2016-08-18,2016-08-25,2016-09-01T05:00:00+00:00,FLAT
2016-08-20,0.008112061946394578,2016-08-19,2016-08-26,2016-09-01T05:00:00+00:00,FLAT
2016-08-21,0.008112061946394578,2016-08-19,2016-08-26,2016-09-01T05:00:00+00:00,FLAT
2016-08-22,0.008112061946394578,2016-08-19,2016-08-26,2016-09-01T05:00:00+00:00,FLAT
2016-08-23,0.03709177398534291,2016-08-22,2016-08-29,2016-09-07T05:00:00+00:00,UP
2016-08-24,-0.009673698201508318,2016-08-23,2016-08-30,2016-09-09T05:00:00+00:00,FLAT
2016-08-25,0.011230643043135258,2016-08-24,2016-08-31,2016-09-09T05:00:00+00:00,FLAT
2016-08-26,-0.08317653931569702,2016-08-25,2016-09-01,2016-09-09T05:00:00+00:00,DOWN
2016-08-27,-0.07311889086906564,2016-08-26,2016-09-02,2016-09-09T05:00:00+00:00,DOWN
2016-08-28,-0.07311889086906564,2016-08-26,2016-09-02,2016-09-09T05:00:00+00:00,DOWN
2016-08-29,-0.07311889086906564,2016-08-26,2016-09-02,2016-09-09T05:00:00+00:00,DOWN
2016-08-30,-0.07429874701696737,2016-08-29,2016-09-02,2016-09-09T05:00:00+00:00,DOWN
2016-08-31,-0.03689511232137199,2016-08-30,2016-09-06,2016-09-13T05:00:00+00:00,DOWN
2016-09-01,-0.022191840675410024,2016-08-31,2016-09-07,2016-09-15T05:00:00+00:00,DOWN
2016-09-02,0.09159002417847906,2016-09-01,2016-09-08,2016-09-15T05:00:00+00:00,UP
2016-09-03,0.052247812825645834,2016-09-02,2016-09-09,2016-09-15T05:00:00+00:00,UP
2016-09-04,0.052247812825645834,2016-09-02,2016-09-09,2016-09-15T05:00:00+00:00,UP
2016-09-05,0.052247812825645834,2016-09-02,2016-09-09,2016-09-15T05:00:00+00:00,UP
2016-09-06,0.040438817430573426,2016-09-02,2016-09-12,2016-09-20T05:00:00+00:00,UP
2016-09-07,0.006747399009611854,2016-09-06,2016-09-13,2016-09-22T05:00:00+00:00,FLAT
2016-09-08,-0.027162944859753346,2016-09-07,2016-09-14,2016-09-22T05:00:00+00:00,DOWN
2016-09-09,-0.06812761362924202,2016-09-08,2016-09-15,2016-09-22T05:00:00+00:00,DOWN
2016-09-10,-0.06529091455516123,2016-09-09,2016-09-16,2016-09-22T05:00:00+00:00,DOWN
2016-09-11,-0.06529091455516123,2016-09-09,2016-09-16,2016-09-22T05:00:00+00:00,DOWN
2016-09-12,-0.06529091455516123,2016-09-09,2016-09-16,2016-09-22T05:00:00+00:00,DOWN
2016-09-13,-0.03921224726080086,2016-09-12,2016-09-19,2016-09-27T05:00:00+00:00,DOWN
2016-09-14,-0.027873259467661282,2016-09-13,2016-09-20,2016-09-29T05:00:00+00:00,DOWN
2016-09-15,0.0072667427225150405,2016-09-14,2016-09-21,2016-09-29T05:00:00+00:00,FLAT
2016-09-16,0.028922221671860537,2016-09-15,2016-09-22,2016-09-29T05:00:00+00:00,UP
2016-09-17,0.03177410852470475,2016-09-16,2016-09-23,2016-09-29T05:00:00+00:00,UP
2016-09-18,0.03177410852470475,2016-09-16,2016-09-23,2016-09-29T05:00:00+00:00,UP
2016-09-19,0.03177410852470475,2016-09-16,2016-09-23,2016-09-29T05:00:00+00:00,UP
2016-09-20,0.012881792342090748,2016-09-19,2016-09-26,2016-10-04T05:00:00+00:00,FLAT
2016-09-21,-0.006544323991850232,2016-09-20,2016-09-27,2016-10-06T05:00:00+00:00,FLAT
2016-09-22,-0.01035285704814859,2016-09-21,2016-09-28,2016-10-06T05:00:00+00:00,FLAT
2016-09-23,0.02614990458266142,2016-09-22,2016-09-29,2016-10-06T05:00:00+00:00,UP
2016-09-24,0.03267786910419512,2016-09-23,2016-09-30,2016-10-06T05:00:00+00:00,UP
2016-09-25,0.03267786910419512,2016-09-23,2016-09-30,2016-10-06T05:00:00+00:00,UP
2016-09-26,0.03267786910419512,2016-09-23,2016-09-30,2016-10-06T05:00:00+00:00,UP
2016-09-27,0.04294052655661895,2016-09-26,2016-10-03,2016-10-12T05:00:00+00:00,UP
2016-09-28,0.08577549950663999,2016-09-27,2016-10-04,2016-10-14T05:00:00+00:00,UP
2016-09-29,0.08895519908977212,2016-09-28,2016-10-05,2016-10-14T05:00:00+00:00,UP
2016-09-30,0.03585236594095864,2016-09-29,2016-10-06,2016-10-14T05:00:00+00:00,UP
2016-10-01,0.04664179104477606,2016-09-30,2016-10-07,2016-10-14T05:00:00+00:00,UP
2016-10-02,0.04664179104477606,2016-09-30,2016-10-07,2016-10-14T05:00:00+00:00,UP
2016-10-03,0.04664179104477606,2016-09-30,2016-10-07,2016-10-14T05:00:00+00:00,UP
2016-10-04,0.03867516971816509,2016-10-03,2016-10-07,2016-10-14T05:00:00+00:00,UP
2016-10-05,0.04204631986805962,2016-10-04,2016-10-11,2016-10-18T05:00:00+00:00,UP
2016-10-06,0.0066100291251860455,2016-10-05,2016-10-12,2016-10-20T05:00:00+00:00,FLAT
2016-10-07,-0.008652979425472496,2016-10-06,2016-10-13,2016-10-20T05:00:00+00:00,FLAT
2016-10-08,-0.02349284428065712,2016-10-07,2016-10-14,2016-10-20T05:00:00+00:00,DOWN
2016-10-09,-0.02349284428065712,2016-10-07,2016-10-14,2016-10-20T05:00:00+00:00,DOWN
2016-10-10,-0.02349284428065712,2016-10-07,2016-10-14,2016-10-20T05:00:00+00:00,DOWN
2016-10-11,-0.013631768197791772,2016-10-07,2016-10-17,2016-10-25T05:00:00+00:00,FLAT
2016-10-12,-0.010173915468799755,2016-10-11,2016-10-18,2016-10-27T05:00:00+00:00,FLAT
2016-10-13,0.049800996289804056,2016-10-12,2016-10-19,2016-10-27T05:00:00+00:00,UP
2016-10-14,0.02583088975997838,2016-10-13,2016-10-20,2016-10-27T05:00:00+00:00,UP
2016-10-15,0.03461743283517493,2016-10-14,2016-10-21,2016-10-27T05:00:00+00:00,UP
2016-10-16,0.03461743283517493,2016-10-14,2016-10-21,2016-10-27T05:00:00+00:00,UP
2016-10-17,0.03461743283517493,2016-10-14,2016-10-21,2016-10-27T05:00:00+00:00,UP
2016-10-18,0.015605376466958809,2016-10-17,2016-10-24,2016-11-01T05:00:00+00:00,FLAT
2016-10-19,0.004649823153594523,2016-10-18,2016-10-24,2016-11-01T05:00:00+00:00,FLAT
2016-10-20,-0.050640655262486955,2016-10-19,2016-10-26,2016-11-03T05:00:00+00:00,DOWN
2016-10-21,-0.02009452837156045,2016-10-20,2016-10-27,2016-11-03T05:00:00+00:00,DOWN
2016-10-22,-0.048232667041215094,2016-10-21,2016-10-28,2016-11-03T05:00:00+00:00,DOWN
2016-10-23,-0.048232667041215094,2016-10-21,2016-10-28,2016-11-03T05:00:00+00:00,DOWN
2016-10-24,-0.048232667041215094,2016-10-21,2016-10-28,2016-11-03T05:00:00+00:00,DOWN
2016-10-25,-0.07219327344815107,2016-10-24,2016-10-31,2016-11-08T06:00:00+00:00,DOWN
2016-10-26,-0.08225356540738904,2016-10-24,2016-11-01,2016-11-10T06:00:00+00:00,DOWN
2016-10-27,-0.09770050772081063,2016-10-26,2016-11-02,2016-11-10T06:00:00+00:00,DOWN
2016-10-28,-0.11039711559438248,2016-10-27,2016-11-03,2016-11-10T06:00:00+00:00,DOWN
2016-10-29,-0.10179192264031867,2016-10-28,2016-11-04,2016-11-10T06:00:00+00:00,DOWN
2016-10-30,-0.10179192264031867,2016-10-28,2016-11-04,2016-11-10T06:00:00+00:00,DOWN
2016-10-31,-0.10179192264031867,2016-10-28,2016-11-04,2016-11-10T06:00:00+00:00,DOWN
2016-11-01,-0.07287529035517526,2016-10-31,2016-11-07,2016-11-15T06:00:00+00:00,DOWN
2016-11-02,-0.047302162148908145,2016-11-01,2016-11-08,2016-11-17T06:00:00+00:00,DOWN
2016-11-03,-0.006195301959511457,2016-11-02,2016-11-09,2016-11-17T06:00:00+00:00,FLAT
2016-11-04,0.001647108193768787,2016-11-03,2016-11-10,2016-11-17T06:00:00+00:00,FLAT
2016-11-05,0.020969035624051058,2016-11-04,2016-11-10,2016-11-17T06:00:00+00:00,UP
2016-11-06,0.020969035624051058,2016-11-04,2016-11-10,2016-11-17T06:00:00+00:00,UP
2016-11-07,0.020969035624051058,2016-11-04,2016-11-10,2016-11-17T06:00:00+00:00,UP
2016-11-08,-0.0131548391237295,2016-11-07,2016-11-14,2016-11-22T06:00:00+00:00,FLAT
2016-11-09,0.026362317212912156,2016-11-08,2016-11-15,2016-11-24T06:00:00+00:00,UP
2016-11-10,0.0422907565249977,2016-11-09,2016-11-16,2016-11-24T06:00:00+00:00,UP
2016-11-11,0.030922239276006902,2016-11-10,2016-11-17,2016-11-24T06:00:00+00:00,UP
2016-11-12,0.03019800364655012,2016-11-10,2016-11-18,2016-11-24T06:00:00+00:00,UP
2016-11-13,0.03019800364655012,2016-11-10,2016-11-18,2016-11-24T06:00:00+00:00,UP
2016-11-14,0.03019800364655012,2016-11-10,2016-11-18,2016-11-24T06:00:00+00:00,UP
2016-11-15,0.10629360824978185,2016-11-14,2016-11-21,2016-11-29T06:00:00+00:00,UP
2016-11-16,0.04910241270877136,2016-11-15,2016-11-22,2016-12-01T06:00:00+00:00,UP
2016-11-17,0.038997518248236274,2016-11-16,2016-11-23,2016-12-01T06:00:00+00:00,UP
2016-11-18,0.05212203039010532,2016-11-17,2016-11-23,2016-12-01T06:00:00+00:00,UP
2016-11-19,0.047596944185109846,2016-11-18,2016-11-25,2016-12-01T06:00:00+00:00,UP
2016-11-20,0.047596944185109846,2016-11-18,2016-11-25,2016-12-01T06:00:00+00:00,UP
2016-11-21,0.047596944185109846,2016-11-18,2016-11-25,2016-12-01T06:00:00+00:00,UP
2016-11-22,0.016812755441937277,2016-11-21,2016-11-28,2016-12-06T06:00:00+00:00,FLAT
2016-11-23,-0.030056850103673205,2016-11-22,2016-11-29,2016-12-08T06:00:00+00:00,DOWN
2016-11-24,0.024965987237415943,2016-11-23,2016-11-30,2016-12-08T06:00:00+00:00,UP
2016-11-25,0.11740923375277101,2016-11-23,2016-12-01,2016-12-08T06:00:00+00:00,UP
2016-11-26,0.12452847988250748,2016-11-25,2016-12-02,2016-12-08T06:00:00+00:00,UP
2016-11-27,0.12452847988250748,2016-11-25,2016-12-02,2016-12-08T06:00:00+00:00,UP
2016-11-28,0.12452847988250748,2016-11-25,2016-12-02,2016-12-08T06:00:00+00:00,UP
2016-11-29,0.13816214435183727,2016-11-28,2016-12-05,2016-12-13T06:00:00+00:00,UP
2016-11-30,0.1683411828498087,2016-11-29,2016-12-06,2016-12-15T06:00:00+00:00,UP
2016-12-01,0.08148122138221892,2016-11-30,2016-12-07,2016-12-15T06:00:00+00:00,UP
2016-12-02,-0.013852921066406565,2016-12-01,2016-12-08,2016-12-15T06:00:00+00:00,FLAT
2016-12-03,1.42870999393363e-05,2016-12-02,2016-12-09,2016-12-15T06:00:00+00:00,FLAT
2016-12-04,1.42870999393363e-05,2016-12-02,2016-12-09,2016-12-15T06:00:00+00:00,FLAT
2016-12-05,1.42870999393363e-05,2016-12-02,2016-12-09,2016-12-15T06:00:00+00:00,FLAT
2016-12-06,0.016922258527173772,2016-12-05,2016-12-12,2016-12-20T06:00:00+00:00,FLAT
2016-12-07,0.021415772305112046,2016-12-06,2016-12-13,2016-12-22T06:00:00+00:00,UP
2016-12-08,0.027732652376317946,2016-12-07,2016-12-14,2016-12-22T06:00:00+00:00,UP
2016-12-09,0.011638897277212124,2016-12-08,2016-12-15,2016-12-22T06:00:00+00:00,FLAT
2016-12-10,0.04564008815048015,2016-12-09,2016-12-16,2016-12-22T06:00:00+00:00,UP
2016-12-11,0.04564008815048015,2016-12-09,2016-12-16,2016-12-22T06:00:00+00:00,UP
2016-12-12,0.04564008815048015,2016-12-09,2016-12-16,2016-12-22T06:00:00+00:00,UP
2016-12-13,-0.0019001783533938443,2016-12-12,2016-12-19,2016-12-28T06:00:00+00:00,FLAT
2016-12-14,0.031238387871810325,2016-12-13,2016-12-20,2016-12-30T06:00:00+00:00,UP
2016-12-15,0.002639955869671029,2016-12-14,2016-12-21,2016-12-30T06:00:00+00:00,FLAT
2016-12-16,0.04580528647545612,2016-12-15,2016-12-22,2016-12-30T06:00:00+00:00,UP
2016-12-17,-0.00618119480635293,2016-12-16,2016-12-23,2016-12-30T06:00:00+00:00,FLAT
2016-12-18,-0.00618119480635293,2016-12-16,2016-12-23,2016-12-30T06:00:00+00:00,FLAT
2016-12-19,-0.00618119480635293,2016-12-16,2016-12-23,2016-12-30T06:00:00+00:00,FLAT
2016-12-20,0.006399833483135886,2016-12-19,2016-12-23,2016-12-30T06:00:00+00:00,FLAT
2016-12-21,-0.011248122567728003,2016-12-20,2016-12-27,2017-01-04T06:00:00+00:00,FLAT
2016-12-22,0.01983299422876561,2016-12-21,2016-12-28,2017-01-06T06:00:00+00:00,FLAT
2016-12-23,0.01774683928724996,2016-12-22,2016-12-29,2017-01-06T06:00:00+00:00,FLAT
2016-12-24,0.01906947651219726,2016-12-23,2016-12-30,2017-01-06T06:00:00+00:00,FLAT
2016-12-25,0.01906947651219726,2016-12-23,2016-12-30,2017-01-06T06:00:00+00:00,FLAT
2016-12-26,0.01906947651219726,2016-12-23,2016-12-30,2017-01-06T06:00:00+00:00,FLAT
2016-12-27,0.01906947651219726,2016-12-23,2016-12-30,2017-01-06T06:00:00+00:00,FLAT
2016-12-28,0.022001555145377827,2016-12-27,2017-01-03,2017-01-10T06:00:00+00:00,UP
2016-12-29,0.008419621987304948,2016-12-28,2017-01-04,2017-01-12T06:00:00+00:00,FLAT
2016-12-30,-0.008842556294762827,2016-12-29,2017-01-05,2017-01-12T06:00:00+00:00,FLAT
2016-12-31,0.01338241673045304,2016-12-30,2017-01-06,2017-01-12T06:00:00+00:00,FLAT
2017-01-01,0.01338241673045304,2016-12-30,2017-01-06,2017-01-12T06:00:00+00:00,FLAT
2017-01-02,0.01338241673045304,2016-12-30,2017-01-06,2017-01-12T06:00:00+00:00,FLAT
2017-01-03,-0.011511468621281051,2016-12-30,2017-01-09,2017-01-18T06:00:00+00:00,FLAT
2017-01-04,-0.03909234834696029,2017-01-03,2017-01-10,2017-01-20T06:00:00+00:00,DOWN
2017-01-05,-0.016982702119178072,2017-01-04,2017-01-11,2017-01-20T06:00:00+00:00,FLAT
2017-01-06,-0.008440992465781672,2017-01-05,2017-01-12,2017-01-20T06:00:00+00:00,FLAT
2017-01-07,-0.030055805905778166,2017-01-06,2017-01-13,2017-01-20T06:00:00+00:00,DOWN
2017-01-08,-0.030055805905778166,2017-01-06,2017-01-13,2017-01-20T06:00:00+00:00,DOWN
2017-01-09,-0.030055805905778166,2017-01-06,2017-01-13,2017-01-20T06:00:00+00:00,DOWN
2017-01-10,-0.005628937207884488,2017-01-09,2017-01-13,2017-01-20T06:00:00+00:00,FLAT
2017-01-11,0.018013811632289656,2017-01-10,2017-01-17,2017-01-24T06:00:00+00:00,FLAT
2017-01-12,-0.011547298525853567,2017-01-11,2017-01-18,2017-01-26T06:00:00+00:00,FLAT
2017-01-13,-0.027373153753791457,2017-01-12,2017-01-19,2017-01-26T06:00:00+00:00,DOWN
2017-01-14,-0.026211552841619135,2017-01-13,2017-01-19,2017-01-26T06:00:00+00:00,DOWN
2017-01-15,-0.026211552841619135,2017-01-13,2017-01-19,2017-01-26T06:00:00+00:00,DOWN
2017-01-16,-0.026211552841619135,2017-01-13,2017-01-19,2017-01-26T06:00:00+00:00,DOWN
2017-01-17,0.0010272042970371764,2017-01-13,2017-01-23,2017-01-31T06:00:00+00:00,FLAT
2017-01-18,0.0008767510465816919,2017-01-17,2017-01-24,2017-02-02T06:00:00+00:00,FLAT
2017-01-19,0.017282852989887187,2017-01-18,2017-01-25,2017-02-02T06:00:00+00:00,FLAT
2017-01-20,0.05230560575691223,2017-01-19,2017-01-26,2017-02-02T06:00:00+00:00,UP
2017-01-21,0.03178291636211816,2017-01-19,2017-01-27,2017-02-02T06:00:00+00:00,UP
2017-01-22,0.03178291636211816,2017-01-19,2017-01-27,2017-02-02T06:00:00+00:00,UP
2017-01-23,0.03178291636211816,2017-01-19,2017-01-27,2017-02-02T06:00:00+00:00,UP
2017-01-24,0.003157796722882189,2017-01-23,2017-01-30,2017-02-07T06:00:00+00:00,FLAT
2017-01-25,0.013193079336744518,2017-01-24,2017-01-31,2017-02-07T06:00:00+00:00,FLAT
2017-01-26,0.026027356844809058,2017-01-25,2017-02-01,2017-02-09T06:00:00+00:00,UP
2017-01-27,0.0008946144211845475,2017-01-26,2017-02-02,2017-02-09T06:00:00+00:00,FLAT
2017-01-28,0.018686972042674777,2017-01-27,2017-02-03,2017-02-09T06:00:00+00:00,FLAT
2017-01-29,0.018686972042674777,2017-01-27,2017-02-03,2017-02-09T06:00:00+00:00,FLAT
2017-01-30,0.018686972042674777,2017-01-27,2017-02-03,2017-02-09T06:00:00+00:00,FLAT
2017-01-31,0.002110394727373288,2017-01-30,2017-02-06,2017-02-14T06:00:00+00:00,FLAT
2017-02-01,-0.025674998262898208,2017-01-31,2017-02-07,2017-02-16T06:00:00+00:00,DOWN
2017-02-02,-0.025520921997676083,2017-02-01,2017-02-08,2017-02-16T06:00:00+00:00,DOWN
2017-02-03,-0.0365530117441194,2017-02-02,2017-02-09,2017-02-16T06:00:00+00:00,DOWN
2017-02-04,-0.011078150349005389,2017-02-03,2017-02-10,2017-02-16T06:00:00+00:00,FLAT
2017-02-05,-0.011078150349005389,2017-02-03,2017-02-10,2017-02-16T06:00:00+00:00,FLAT
2017-02-06,-0.011078150349005389,2017-02-03,2017-02-10,2017-02-16T06:00:00+00:00,FLAT
2017-02-07,-0.013287402513583846,2017-02-06,2017-02-13,2017-02-22T06:00:00+00:00,FLAT
2017-02-08,0.01919765618435143,2017-02-07,2017-02-14,2017-02-24T06:00:00+00:00,FLAT
2017-02-09,0.002537397148813403,2017-02-08,2017-02-15,2017-02-24T06:00:00+00:00,FLAT
2017-02-10,0.0012448968865383936,2017-02-09,2017-02-16,2017-02-24T06:00:00+00:00,FLAT
2017-02-11,-0.01498079749656267,2017-02-10,2017-02-17,2017-02-24T06:00:00+00:00,FLAT
2017-02-12,-0.01498079749656267,2017-02-10,2017-02-17,2017-02-24T06:00:00+00:00,FLAT
2017-02-13,-0.01498079749656267,2017-02-10,2017-02-17,2017-02-24T06:00:00+00:00,FLAT
2017-02-14,0.004104697992632245,2017-02-13,2017-02-17,2017-02-24T06:00:00+00:00,FLAT
2017-02-15,0.027513321515734157,2017-02-14,2017-02-21,2017-02-28T06:00:00+00:00,UP
2017-02-16,0.007219059787367366,2017-02-15,2017-02-22,2017-03-02T06:00:00+00:00,FLAT
2017-02-17,0.03222936252178976,2017-02-16,2017-02-23,2017-03-02T06:00:00+00:00,UP
2017-02-18,0.003927750159165244,2017-02-17,2017-02-24,2017-03-02T06:00:00+00:00,FLAT
2017-02-19,0.003927750159165244,2017-02-17,2017-02-24,2017-03-02T06:00:00+00:00,FLAT
2017-02-20,0.003927750159165244,2017-02-17,2017-02-24,2017-03-02T06:00:00+00:00,FLAT
2017-02-21,0.003631909038709802,2017-02-17,2017-02-27,2017-03-07T06:00:00+00:00,FLAT
2017-02-22,-0.054888941407033376,2017-02-21,2017-02-28,2017-03-09T06:00:00+00:00,DOWN
2017-02-23,0.015364272898497955,2017-02-22,2017-03-01,2017-03-09T06:00:00+00:00,FLAT
2017-02-24,-0.026260196881224385,2017-02-23,2017-03-02,2017-03-09T06:00:00+00:00,DOWN
2017-02-25,-0.005967875856636495,2017-02-24,2017-03-03,2017-03-09T06:00:00+00:00,FLAT
2017-02-26,-0.005967875856636495,2017-02-24,2017-03-03,2017-03-09T06:00:00+00:00,FLAT
2017-02-27,-0.005967875856636495,2017-02-24,2017-03-03,2017-03-09T06:00:00+00:00,FLAT
2017-02-28,0.005547004450667359,2017-02-27,2017-03-06,2017-03-14T05:00:00+00:00,FLAT
2017-03-01,0.02841883507383436,2017-02-28,2017-03-07,2017-03-16T05:00:00+00:00,UP
2017-03-02,-0.03899580363326993,2017-03-01,2017-03-08,2017-03-16T05:00:00+00:00,DOWN
2017-03-03,-0.0618476484759789,2017-03-02,2017-03-09,2017-03-16T05:00:00+00:00,DOWN
2017-03-04,-0.06318387413861448,2017-03-03,2017-03-10,2017-03-16T05:00:00+00:00,DOWN
2017-03-05,-0.06318387413861448,2017-03-03,2017-03-10,2017-03-16T05:00:00+00:00,DOWN
2017-03-06,-0.06318387413861448,2017-03-03,2017-03-10,2017-03-16T05:00:00+00:00,DOWN
2017-03-07,-0.08333595329710208,2017-03-06,2017-03-13,2017-03-21T05:00:00+00:00,DOWN
2017-03-08,-0.09003022751579703,2017-03-07,2017-03-14,2017-03-23T05:00:00+00:00,DOWN
2017-03-09,-0.04983266792407204,2017-03-08,2017-03-15,2017-03-23T05:00:00+00:00,DOWN
2017-03-10,-0.0011411446236986311,2017-03-09,2017-03-16,2017-03-23T05:00:00+00:00,FLAT
2017-03-11,-0.0017109546434692646,2017-03-10,2017-03-17,2017-03-23T05:00:00+00:00,FLAT
2017-03-12,-0.0017109546434692646,2017-03-10,2017-03-17,2017-03-23T05:00:00+00:00,FLAT
2017-03-13,-0.0017109546434692646,2017-03-10,2017-03-17,2017-03-23T05:00:00+00:00,FLAT
2017-03-14,0.011377245508982003,2017-03-13,2017-03-20,2017-03-28T05:00:00+00:00,FLAT
2017-03-15,0.006500200650480847,2017-03-14,2017-03-21,2017-03-30T05:00:00+00:00,FLAT
2017-03-16,-0.026047020182396796,2017-03-15,2017-03-22,2017-03-30T05:00:00+00:00,DOWN
2017-03-17,-0.01183318223142249,2017-03-16,2017-03-23,2017-03-30T05:00:00+00:00,FLAT
2017-03-18,-0.014880742803766278,2017-03-17,2017-03-24,2017-03-30T05:00:00+00:00,FLAT
2017-03-19,-0.014880742803766278,2017-03-17,2017-03-24,2017-03-30T05:00:00+00:00,FLAT
2017-03-20,-0.014880742803766278,2017-03-17,2017-03-24,2017-03-30T05:00:00+00:00,FLAT
2017-03-21,-0.01605454612751056,2017-03-20,2017-03-27,2017-04-04T05:00:00+00:00,FLAT
2017-03-22,0.010818083621272123,2017-03-21,2017-03-28,2017-04-06T05:00:00+00:00,FLAT
2017-03-23,0.03773582315390911,2017-03-22,2017-03-29,2017-04-06T05:00:00+00:00,UP
2017-03-24,0.04186749610393825,2017-03-23,2017-03-30,2017-04-06T05:00:00+00:00,UP
2017-03-25,0.045067079199309745,2017-03-24,2017-03-31,2017-04-06T05:00:00+00:00,UP
2017-03-26,0.045067079199309745,2017-03-24,2017-03-31,2017-04-06T05:00:00+00:00,UP
2017-03-27,0.045067079199309745,2017-03-24,2017-03-31,2017-04-06T05:00:00+00:00,UP
2017-03-28,0.040499955318556546,2017-03-27,2017-04-03,2017-04-11T05:00:00+00:00,UP
2017-03-29,0.04733640775009129,2017-03-28,2017-04-04,2017-04-13T05:00:00+00:00,UP
2017-03-30,0.040533335829923356,2017-03-29,2017-04-05,2017-04-13T05:00:00+00:00,UP
2017-03-31,0.02748666616182094,2017-03-30,2017-04-06,2017-04-13T05:00:00+00:00,UP
2017-04-01,0.04128446004798603,2017-03-31,2017-04-07,2017-04-13T05:00:00+00:00,UP
2017-04-02,0.04128446004798603,2017-03-31,2017-04-07,2017-04-13T05:00:00+00:00,UP
2017-04-03,0.04128446004798603,2017-03-31,2017-04-07,2017-04-13T05:00:00+00:00,UP
2017-04-04,0.055230118822877206,2017-04-03,2017-04-10,2017-04-18T05:00:00+00:00,UP
2017-04-05,0.03199891834978352,2017-04-04,2017-04-11,2017-04-20T05:00:00+00:00,UP
2017-04-06,0.024642726472454468,2017-04-05,2017-04-12,2017-04-20T05:00:00+00:00,UP
2017-04-07,0.019741520932557544,2017-04-06,2017-04-13,2017-04-20T05:00:00+00:00,FLAT
2017-04-08,0.007749047920113883,2017-04-07,2017-04-13,2017-04-20T05:00:00+00:00,FLAT
2017-04-09,0.007749047920113883,2017-04-07,2017-04-13,2017-04-20T05:00:00+00:00,FLAT
2017-04-10,0.007749047920113883,2017-04-07,2017-04-13,2017-04-20T05:00:00+00:00,FLAT
2017-04-11,-0.002725111613613884,2017-04-10,2017-04-17,2017-04-25T05:00:00+00:00,FLAT
2017-04-12,-0.040522616931667255,2017-04-11,2017-04-18,2017-04-27T05:00:00+00:00,DOWN
2017-04-13,-0.04279145298805387,2017-04-12,2017-04-19,2017-04-27T05:00:00+00:00,DOWN
2017-04-14,-0.075576561514206,2017-04-13,2017-04-20,2017-04-27T05:00:00+00:00,DOWN
2017-04-15,-0.08830138511355179,2017-04-13,2017-04-21,2017-04-27T05:00:00+00:00,DOWN
2017-04-16,-0.08830138511355179,2017-04-13,2017-04-21,2017-04-27T05:00:00+00:00,DOWN
2017-04-17,-0.08830138511355179,2017-04-13,2017-04-21,2017-04-27T05:00:00+00:00,DOWN
2017-04-18,-0.09693830991056751,2017-04-17,2017-04-24,2017-05-02T05:00:00+00:00,DOWN
2017-04-19,-0.06077909562335737,2017-04-18,2017-04-25,2017-05-04T05:00:00+00:00,DOWN
2017-04-20,-0.04573515139807993,2017-04-19,2017-04-26,2017-05-04T05:00:00+00:00,DOWN
2017-04-21,-0.021445213874530467,2017-04-20,2017-04-27,2017-05-04T05:00:00+00:00,DOWN
2017-04-22,-0.008621802530223932,2017-04-21,2017-04-28,2017-05-04T05:00:00+00:00,FLAT
2017-04-23,-0.008621802530223932,2017-04-21,2017-04-28,2017-05-04T05:00:00+00:00,FLAT
2017-04-24,-0.008621802530223932,2017-04-21,2017-04-28,2017-05-04T05:00:00+00:00,FLAT
2017-04-25,0.020302055909601435,2017-04-24,2017-05-01,2017-05-09T05:00:00+00:00,UP
2017-04-26,0.0005987066704551403,2017-04-25,2017-05-02,2017-05-11T05:00:00+00:00,FLAT
2017-04-27,-0.022696161159740158,2017-04-26,2017-05-03,2017-05-11T05:00:00+00:00,DOWN
2017-04-28,-0.03900749575152951,2017-04-27,2017-05-04,2017-05-11T05:00:00+00:00,DOWN
2017-04-29,-0.038954100511944034,2017-04-28,2017-05-05,2017-05-11T05:00:00+00:00,DOWN
2017-04-30,-0.038954100511944034,2017-04-28,2017-05-05,2017-05-11T05:00:00+00:00,DOWN
2017-05-01,-0.038954100511944034,2017-04-28,2017-05-05,2017-05-11T05:00:00+00:00,DOWN
2017-05-02,-0.0735031090486169,2017-05-01,2017-05-08,2017-05-16T05:00:00+00:00,DOWN
2017-05-03,-0.04409326272944758,2017-05-02,2017-05-09,2017-05-18T05:00:00+00:00,DOWN
2017-05-04,-0.014338733395929615,2017-05-03,2017-05-10,2017-05-18T05:00:00+00:00,FLAT
2017-05-05,0.035825270928876884,2017-05-04,2017-05-11,2017-05-18T05:00:00+00:00,UP
2017-05-06,0.0336176331178446,2017-05-05,2017-05-12,2017-05-18T05:00:00+00:00,UP
2017-05-07,0.0336176331178446,2017-05-05,2017-05-12,2017-05-18T05:00:00+00:00,UP
2017-05-08,0.0336176331178446,2017-05-05,2017-05-12,2017-05-18T05:00:00+00:00,UP
2017-05-09,0.09817622027210815,2017-05-08,2017-05-15,2017-05-23T05:00:00+00:00,UP
2017-05-10,0.08471873346519954,2017-05-09,2017-05-16,2017-05-25T05:00:00+00:00,UP
2017-05-11,0.07260332636161904,2017-05-10,2017-05-17,2017-05-25T05:00:00+00:00,UP
2017-05-12,0.04911332874040175,2017-05-11,2017-05-18,2017-05-25T05:00:00+00:00,UP
2017-05-13,0.07317310909530828,2017-05-12,2017-05-19,2017-05-25T05:00:00+00:00,UP
2017-05-14,0.07317310909530828,2017-05-12,2017-05-19,2017-05-25T05:00:00+00:00,UP
2017-05-15,0.07317310909530828,2017-05-12,2017-05-19,2017-05-25T05:00:00+00:00,UP
2017-05-16,0.039076811018820656,2017-05-15,2017-05-22,2017-05-31T05:00:00+00:00,UP
2017-05-17,0.039267847095069586,2017-05-16,2017-05-23,2017-06-02T05:00:00+00:00,UP
2017-05-18,0.031206249707418587,2017-05-17,2017-05-24,2017-06-02T05:00:00+00:00,UP
2017-05-19,0.007391575145135221,2017-05-18,2017-05-25,2017-06-02T05:00:00+00:00,FLAT
2017-05-20,-0.04102467942914423,2017-05-19,2017-05-26,2017-06-02T05:00:00+00:00,DOWN
2017-05-21,-0.04102467942914423,2017-05-19,2017-05-26,2017-06-02T05:00:00+00:00,DOWN
2017-05-22,-0.04102467942914423,2017-05-19,2017-05-26,2017-06-02T05:00:00+00:00,DOWN
2017-05-23,-0.051242958215006906,2017-05-22,2017-05-26,2017-06-02T05:00:00+00:00,DOWN
2017-05-24,-0.05266111243217009,2017-05-23,2017-05-30,2017-06-06T05:00:00+00:00,DOWN
2017-05-25,-0.08356106384911255,2017-05-24,2017-05-31,2017-06-08T05:00:00+00:00,DOWN
2017-05-26,-0.04424892812710424,2017-05-25,2017-06-01,2017-06-08T05:00:00+00:00,DOWN
2017-05-27,-0.05293395652060329,2017-05-26,2017-06-02,2017-06-08T05:00:00+00:00,DOWN
2017-05-28,-0.05293395652060329,2017-05-26,2017-06-02,2017-06-08T05:00:00+00:00,DOWN
2017-05-29,-0.05293395652060329,2017-05-26,2017-06-02,2017-06-08T05:00:00+00:00,DOWN
2017-05-30,-0.05779977731283359,2017-05-26,2017-06-05,2017-06-13T05:00:00+00:00,DOWN
2017-05-31,-0.058187682707797506,2017-05-30,2017-06-06,2017-06-15T05:00:00+00:00,DOWN
2017-06-01,-0.04924475954694019,2017-05-31,2017-06-07,2017-06-15T05:00:00+00:00,DOWN
2017-06-02,-0.08205798635026151,2017-06-01,2017-06-08,2017-06-15T05:00:00+00:00,DOWN
2017-06-03,-0.03918237717892348,2017-06-02,2017-06-09,2017-06-15T05:00:00+00:00,DOWN
2017-06-04,-0.03918237717892348,2017-06-02,2017-06-09,2017-06-15T05:00:00+00:00,DOWN
2017-06-05,-0.03918237717892348,2017-06-02,2017-06-09,2017-06-15T05:00:00+00:00,DOWN
2017-06-06,-0.022981077382045023,2017-06-05,2017-06-12,2017-06-20T05:00:00+00:00,DOWN
2017-06-07,-0.023594346234687147,2017-06-06,2017-06-13,2017-06-22T05:00:00+00:00,DOWN
2017-06-08,-0.03486529023226059,2017-06-07,2017-06-14,2017-06-22T05:00:00+00:00,DOWN
2017-06-09,-0.01387409913222537,2017-06-08,2017-06-15,2017-06-22T05:00:00+00:00,FLAT
2017-06-10,-0.01832356041447991,2017-06-09,2017-06-16,2017-06-22T05:00:00+00:00,FLAT
2017-06-11,-0.01832356041447991,2017-06-09,2017-06-16,2017-06-22T05:00:00+00:00,FLAT
2017-06-12,-0.01832356041447991,2017-06-09,2017-06-16,2017-06-22T05:00:00+00:00,FLAT
2017-06-13,-0.02354399949919761,2017-06-12,2017-06-19,2017-06-27T05:00:00+00:00,DOWN
2017-06-14,-0.05906983124818799,2017-06-13,2017-06-20,2017-06-29T05:00:00+00:00,DOWN
2017-06-15,-0.013099642869008887,2017-06-14,2017-06-21,2017-06-29T05:00:00+00:00,FLAT
2017-06-16,-0.02214880875027625,2017-06-15,2017-06-22,2017-06-29T05:00:00+00:00,DOWN
2017-06-17,-0.0306181210359312,2017-06-16,2017-06-23,2017-06-29T05:00:00+00:00,DOWN
2017-06-18,-0.0306181210359312,2017-06-16,2017-06-23,2017-06-29T05:00:00+00:00,DOWN
2017-06-19,-0.0306181210359312,2017-06-16,2017-06-23,2017-06-29T05:00:00+00:00,DOWN
2017-06-20,-0.03721690710358849,2017-06-19,2017-06-26,2017-07-04T05:00:00+00:00,DOWN
2017-06-21,0.04695122091315174,2017-06-20,2017-06-27,2017-07-07T05:00:00+00:00,UP
2017-06-22,0.03657601904917929,2017-06-21,2017-06-28,2017-07-07T05:00:00+00:00,UP
2017-06-23,0.05084169643517478,2017-06-22,2017-06-29,2017-07-07T05:00:00+00:00,UP
2017-06-24,0.05799162628184784,2017-06-23,2017-06-30,2017-07-07T05:00:00+00:00,UP
2017-06-25,0.05799162628184784,2017-06-23,2017-06-30,2017-07-07T05:00:00+00:00,UP
2017-06-26,0.05799162628184784,2017-06-23,2017-06-30,2017-07-07T05:00:00+00:00,UP
2017-06-27,0.10782606846324905,2017-06-26,2017-07-03,2017-07-11T05:00:00+00:00,UP
2017-06-28,0.06229831208612002,2017-06-27,2017-07-03,2017-07-11T05:00:00+00:00,UP
2017-06-29,0.024492972575577143,2017-06-28,2017-07-05,2017-07-13T05:00:00+00:00,UP
2017-06-30,0.034396085718241265,2017-06-29,2017-07-06,2017-07-13T05:00:00+00:00,UP
2017-07-01,-0.00937499204967751,2017-06-30,2017-07-07,2017-07-13T05:00:00+00:00,FLAT
2017-07-02,-0.00937499204967751,2017-06-30,2017-07-07,2017-07-13T05:00:00+00:00,FLAT
2017-07-03,-0.00937499204967751,2017-06-30,2017-07-07,2017-07-13T05:00:00+00:00,FLAT
2017-07-04,-0.051521054486449835,2017-07-03,2017-07-10,2017-07-18T05:00:00+00:00,DOWN
2017-07-05,-0.049504326564883794,2017-07-03,2017-07-11,2017-07-20T05:00:00+00:00,DOWN
2017-07-06,-0.019742398782443882,2017-07-05,2017-07-12,2017-07-20T05:00:00+00:00,FLAT
2017-07-07,-0.020515935074511882,2017-07-06,2017-07-13,2017-07-20T05:00:00+00:00,DOWN
2017-07-08,0.02604367152520437,2017-07-07,2017-07-14,2017-07-20T05:00:00+00:00,UP
2017-07-09,0.02604367152520437,2017-07-07,2017-07-14,2017-07-20T05:00:00+00:00,UP
2017-07-10,0.02604367152520437,2017-07-07,2017-07-14,2017-07-20T05:00:00+00:00,UP
2017-07-11,0.018350730894673983,2017-07-10,2017-07-17,2017-07-25T05:00:00+00:00,FLAT
2017-07-12,0.01812612112715417,2017-07-11,2017-07-18,2017-07-27T05:00:00+00:00,FLAT
2017-07-13,0.029057287594458137,2017-07-12,2017-07-19,2017-07-27T05:00:00+00:00,UP
2017-07-14,0.014847961062684822,2017-07-13,2017-07-20,2017-07-27T05:00:00+00:00,FLAT
2017-07-15,-0.009911444332876052,2017-07-14,2017-07-21,2017-07-27T05:00:00+00:00,FLAT
2017-07-16,-0.009911444332876052,2017-07-14,2017-07-21,2017-07-27T05:00:00+00:00,FLAT
2017-07-17,-0.009911444332876052,2017-07-14,2017-07-21,2017-07-27T05:00:00+00:00,FLAT
2017-07-18,0.00015370855521368298,2017-07-17,2017-07-24,2017-08-01T05:00:00+00:00,FLAT
2017-07-19,0.027172117821806507,2017-07-18,2017-07-25,2017-08-03T05:00:00+00:00,UP
2017-07-20,0.03628660107042614,2017-07-19,2017-07-26,2017-08-03T05:00:00+00:00,UP
2017-07-21,0.041409512965814965,2017-07-20,2017-07-27,2017-08-03T05:00:00+00:00,UP
2017-07-22,0.09055565874099636,2017-07-21,2017-07-28,2017-08-03T05:00:00+00:00,UP
2017-07-23,0.09055565874099636,2017-07-21,2017-07-28,2017-08-03T05:00:00+00:00,UP
2017-07-24,0.09055565874099636,2017-07-21,2017-07-28,2017-08-03T05:00:00+00:00,UP
2017-07-25,0.08343340147686273,2017-07-24,2017-07-31,2017-08-08T05:00:00+00:00,UP
2017-07-26,0.0271505131782932,2017-07-25,2017-08-01,2017-08-10T05:00:00+00:00,UP
2017-07-27,0.03505293352049432,2017-07-26,2017-08-02,2017-08-10T05:00:00+00:00,UP
2017-07-28,0.039590332154090024,2017-07-27,2017-08-03,2017-08-10T05:00:00+00:00,UP
2017-07-29,0.007882371480839367,2017-07-28,2017-08-04,2017-08-10T05:00:00+00:00,FLAT
2017-07-30,0.007882371480839367,2017-07-28,2017-08-04,2017-08-10T05:00:00+00:00,FLAT
2017-07-31,0.007882371480839367,2017-07-28,2017-08-04,2017-08-10T05:00:00+00:00,FLAT
2017-08-01,-0.011449045422293858,2017-07-31,2017-08-07,2017-08-15T05:00:00+00:00,FLAT
2017-08-02,0.02592087802875187,2017-08-01,2017-08-08,2017-08-17T05:00:00+00:00,UP
2017-08-03,-0.005808627924197229,2017-08-02,2017-08-09,2017-08-17T05:00:00+00:00,FLAT
2017-08-04,-0.015703265545671252,2017-08-03,2017-08-10,2017-08-17T05:00:00+00:00,FLAT
2017-08-05,-0.02886752842120366,2017-08-04,2017-08-11,2017-08-17T05:00:00+00:00,DOWN
2017-08-06,-0.02886752842120366,2017-08-04,2017-08-11,2017-08-17T05:00:00+00:00,DOWN
2017-08-07,-0.02886752842120366,2017-08-04,2017-08-11,2017-08-17T05:00:00+00:00,DOWN
2017-08-08,-0.01012719273184648,2017-08-07,2017-08-14,2017-08-22T05:00:00+00:00,FLAT
2017-08-09,-0.04660450926432136,2017-08-08,2017-08-15,2017-08-24T05:00:00+00:00,DOWN
2017-08-10,-0.03132775604669624,2017-08-09,2017-08-16,2017-08-24T05:00:00+00:00,DOWN
2017-08-11,-0.038322250202095454,2017-08-10,2017-08-17,2017-08-24T05:00:00+00:00,DOWN
2017-08-12,-0.008600691580112896,2017-08-11,2017-08-18,2017-08-24T05:00:00+00:00,FLAT
2017-08-13,-0.008600691580112896,2017-08-11,2017-08-18,2017-08-24T05:00:00+00:00,FLAT
2017-08-14,-0.008600691580112896,2017-08-11,2017-08-18,2017-08-24T05:00:00+00:00,FLAT
2017-08-15,0.01168609891780581,2017-08-14,2017-08-21,2017-08-29T05:00:00+00:00,FLAT
2017-08-16,0.044055048536747465,2017-08-15,2017-08-22,2017-08-31T05:00:00+00:00,UP
2017-08-17,0.03296659449418593,2017-08-16,2017-08-23,2017-08-31T05:00:00+00:00,UP
2017-08-18,0.02499944885592753,2017-08-17,2017-08-24,2017-08-31T05:00:00+00:00,UP
2017-08-19,0.014270989505247078,2017-08-18,2017-08-25,2017-08-31T05:00:00+00:00,FLAT
2017-08-20,0.014270989505247078,2017-08-18,2017-08-25,2017-08-31T05:00:00+00:00,FLAT
2017-08-21,0.014270989505247078,2017-08-18,2017-08-25,2017-08-31T05:00:00+00:00,FLAT
2017-08-22,-0.00953117206377263,2017-08-21,2017-08-28,2017-09-06T05:00:00+00:00,FLAT
2017-08-23,-0.022143256279802404,2017-08-22,2017-08-29,2017-09-08T05:00:00+00:00,DOWN
2017-08-24,-0.017351268394280583,2017-08-23,2017-08-30,2017-09-08T05:00:00+00:00,FLAT
2017-08-25,0.007668809346752514,2017-08-24,2017-08-31,2017-09-08T05:00:00+00:00,FLAT
2017-08-26,0.010601546253472316,2017-08-25,2017-09-01,2017-09-08T05:00:00+00:00,FLAT
2017-08-27,0.010601546253472316,2017-08-25,2017-09-01,2017-09-08T05:00:00+00:00,FLAT
2017-08-28,0.010601546253472316,2017-08-25,2017-09-01,2017-09-08T05:00:00+00:00,FLAT
2017-08-29,0.01642805780123857,2017-08-28,2017-09-01,2017-09-08T05:00:00+00:00,FLAT
2017-08-30,0.029086907798608674,2017-08-29,2017-09-05,2017-09-12T05:00:00+00:00,UP
2017-08-31,0.038411529069212635,2017-08-30,2017-09-06,2017-09-14T05:00:00+00:00,UP
2017-09-01,0.011393489700448844,2017-08-31,2017-09-07,2017-09-14T05:00:00+00:00,FLAT
2017-09-02,0.014143827218181082,2017-09-01,2017-09-08,2017-09-14T05:00:00+00:00,FLAT
2017-09-03,0.014143827218181082,2017-09-01,2017-09-08,2017-09-14T05:00:00+00:00,FLAT
2017-09-04,0.014143827218181082,2017-09-01,2017-09-08,2017-09-14T05:00:00+00:00,FLAT
2017-09-05,0.0151195916705682,2017-09-01,2017-09-11,2017-09-19T05:00:00+00:00,FLAT
2017-09-06,0.026491354633485065,2017-09-05,2017-09-12,2017-09-21T05:00:00+00:00,UP
2017-09-07,0.021886480578030776,2017-09-06,2017-09-13,2017-09-21T05:00:00+00:00,UP
2017-09-08,0.05916006663034867,2017-09-07,2017-09-14,2017-09-21T05:00:00+00:00,UP
2017-09-09,0.041440032632895196,2017-09-08,2017-09-15,2017-09-21T05:00:00+00:00,UP
2017-09-10,0.041440032632895196,2017-09-08,2017-09-15,2017-09-21T05:00:00+00:00,UP
2017-09-11,0.041440032632895196,2017-09-08,2017-09-15,2017-09-21T05:00:00+00:00,UP
2017-09-12,0.03137631239922278,2017-09-11,2017-09-18,2017-09-26T05:00:00+00:00,UP
2017-09-13,0.0349357317876986,2017-09-12,2017-09-19,2017-09-28T05:00:00+00:00,UP
2017-09-14,0.03498532638870522,2017-09-13,2017-09-20,2017-09-28T05:00:00+00:00,UP
2017-09-15,0.02238295995563444,2017-09-14,2017-09-21,2017-09-28T05:00:00+00:00,UP
2017-09-16,0.04155015367724779,2017-09-15,2017-09-22,2017-09-28T05:00:00+00:00,UP
2017-09-17,0.04155015367724779,2017-09-15,2017-09-22,2017-09-28T05:00:00+00:00,UP
2017-09-18,0.04155015367724779,2017-09-15,2017-09-22,2017-09-28T05:00:00+00:00,UP
2017-09-19,0.07818898152622,2017-09-18,2017-09-25,2017-10-03T05:00:00+00:00,UP
2017-09-20,0.06554741598360891,2017-09-19,2017-09-26,2017-10-05T05:00:00+00:00,UP
2017-09-21,0.03786441868633639,2017-09-20,2017-09-27,2017-10-05T05:00:00+00:00,UP
2017-09-22,0.029823943051587865,2017-09-21,2017-09-28,2017-10-05T05:00:00+00:00,UP
2017-09-23,-0.010168895032627967,2017-09-22,2017-09-29,2017-10-05T05:00:00+00:00,FLAT
2017-09-24,-0.010168895032627967,2017-09-22,2017-09-29,2017-10-05T05:00:00+00:00,FLAT
2017-09-25,-0.010168895032627967,2017-09-22,2017-09-29,2017-10-05T05:00:00+00:00,FLAT
2017-09-26,-0.05824082377566142,2017-09-25,2017-10-02,2017-10-11T05:00:00+00:00,DOWN
2017-09-27,-0.05877565497207993,2017-09-26,2017-10-03,2017-10-13T05:00:00+00:00,DOWN
2017-09-28,-0.04473665858531162,2017-09-27,2017-10-04,2017-10-13T05:00:00+00:00,DOWN
2017-09-29,-0.029927291455393634,2017-09-28,2017-10-05,2017-10-13T05:00:00+00:00,DOWN
2017-09-30,-0.026657313223430457,2017-09-29,2017-10-06,2017-10-13T05:00:00+00:00,DOWN
2017-10-01,-0.026657313223430457,2017-09-29,2017-10-06,2017-10-13T05:00:00+00:00,DOWN
2017-10-02,-0.026657313223430457,2017-09-29,2017-10-06,2017-10-13T05:00:00+00:00,DOWN
2017-10-03,-0.0030537093587209574,2017-10-02,2017-10-06,2017-10-13T05:00:00+00:00,FLAT
2017-10-04,-0.003540202168069606,2017-10-03,2017-10-10,2017-10-17T05:00:00+00:00,FLAT
2017-10-05,-0.007666684201824481,2017-10-04,2017-10-11,2017-10-19T05:00:00+00:00,FLAT
2017-10-06,-0.026834628443165753,2017-10-05,2017-10-12,2017-10-19T05:00:00+00:00,DOWN
2017-10-07,0.012986470305394793,2017-10-06,2017-10-13,2017-10-19T05:00:00+00:00,FLAT
2017-10-08,0.012986470305394793,2017-10-06,2017-10-13,2017-10-19T05:00:00+00:00,FLAT
2017-10-09,0.012986470305394793,2017-10-06,2017-10-13,2017-10-19T05:00:00+00:00,FLAT
2017-10-10,0.025767108999489974,2017-10-06,2017-10-16,2017-10-24T05:00:00+00:00,UP
2017-10-11,0.02570682537769886,2017-10-10,2017-10-17,2017-10-26T05:00:00+00:00,UP
2017-10-12,0.04017257969777854,2017-10-11,2017-10-18,2017-10-26T05:00:00+00:00,UP
2017-10-13,0.034347677900945284,2017-10-12,2017-10-19,2017-10-26T05:00:00+00:00,UP
2017-10-14,0.02430522574163252,2017-10-13,2017-10-20,2017-10-26T05:00:00+00:00,UP
2017-10-15,0.02430522574163252,2017-10-13,2017-10-20,2017-10-26T05:00:00+00:00,UP
2017-10-16,0.02430522574163252,2017-10-13,2017-10-20,2017-10-26T05:00:00+00:00,UP
2017-10-17,0.011018093917577687,2017-10-16,2017-10-23,2017-10-31T05:00:00+00:00,FLAT
2017-10-18,0.005386899095360054,2017-10-17,2017-10-24,2017-11-02T05:00:00+00:00,FLAT
2017-10-19,0.00841044642712041,2017-10-18,2017-10-25,2017-11-02T05:00:00+00:00,FLAT
2017-10-20,0.020171724822520165,2017-10-19,2017-10-26,2017-11-02T05:00:00+00:00,UP
2017-10-21,0.043953350659325485,2017-10-20,2017-10-27,2017-11-02T05:00:00+00:00,UP
2017-10-22,0.043953350659325485,2017-10-20,2017-10-27,2017-11-02T05:00:00+00:00,UP
2017-10-23,0.043953350659325485,2017-10-20,2017-10-27,2017-11-02T05:00:00+00:00,UP
2017-10-24,0.053177571513827626,2017-10-23,2017-10-30,2017-11-07T06:00:00+00:00,UP
2017-10-25,0.06057271856948887,2017-10-24,2017-10-31,2017-11-09T06:00:00+00:00,UP
2017-10-26,0.03806450356902724,2017-10-25,2017-11-01,2017-11-09T06:00:00+00:00,UP
2017-10-27,0.02967384432372011,2017-10-26,2017-11-02,2017-11-09T06:00:00+00:00,UP
2017-10-28,0.018994814986654562,2017-10-27,2017-11-03,2017-11-09T06:00:00+00:00,FLAT
2017-10-29,0.018994814986654562,2017-10-27,2017-11-03,2017-11-09T06:00:00+00:00,FLAT
2017-10-30,0.018994814986654562,2017-10-27,2017-11-03,2017-11-09T06:00:00+00:00,FLAT
2017-10-31,0.056706766553014765,2017-10-30,2017-11-06,2017-11-14T06:00:00+00:00,UP
2017-11-01,0.04988520166553667,2017-10-31,2017-11-07,2017-11-16T06:00:00+00:00,UP
2017-11-02,0.052538520234813646,2017-11-01,2017-11-08,2017-11-16T06:00:00+00:00,UP
2017-11-03,0.06584299737419297,2017-11-02,2017-11-09,2017-11-16T06:00:00+00:00,UP
2017-11-04,0.05026852436872242,2017-11-03,2017-11-09,2017-11-16T06:00:00+00:00,UP
2017-11-05,0.05026852436872242,2017-11-03,2017-11-09,2017-11-16T06:00:00+00:00,UP
2017-11-06,0.05026852436872242,2017-11-03,2017-11-09,2017-11-16T06:00:00+00:00,UP
2017-11-07,-0.01960108728221277,2017-11-06,2017-11-13,2017-11-21T06:00:00+00:00,FLAT
2017-11-08,-0.05403244048850708,2017-11-07,2017-11-14,2017-11-23T06:00:00+00:00,DOWN
2017-11-09,-0.04307852674491619,2017-11-08,2017-11-15,2017-11-23T06:00:00+00:00,DOWN
2017-11-10,-0.052826446685959705,2017-11-09,2017-11-16,2017-11-23T06:00:00+00:00,DOWN
2017-11-11,-0.05075058893985984,2017-11-09,2017-11-17,2017-11-23T06:00:00+00:00,DOWN
2017-11-12,-0.05075058893985984,2017-11-09,2017-11-17,2017-11-23T06:00:00+00:00,DOWN
2017-11-13,-0.05075058893985984,2017-11-09,2017-11-17,2017-11-23T06:00:00+00:00,DOWN
2017-11-14,-0.027476335372046856,2017-11-13,2017-11-20,2017-11-28T06:00:00+00:00,DOWN
2017-11-15,0.02118230202887461,2017-11-14,2017-11-21,2017-11-30T06:00:00+00:00,UP
2017-11-16,0.025496299401935874,2017-11-15,2017-11-22,2017-11-30T06:00:00+00:00,UP
2017-11-17,0.025538755024457238,2017-11-16,2017-11-22,2017-11-30T06:00:00+00:00,UP
2017-11-18,0.0326530269720573,2017-11-17,2017-11-24,2017-11-30T06:00:00+00:00,UP
2017-11-19,0.0326530269720573,2017-11-17,2017-11-24,2017-11-30T06:00:00+00:00,UP
2017-11-20,0.0326530269720573,2017-11-17,2017-11-24,2017-11-30T06:00:00+00:00,UP
2017-11-21,0.026810705032447313,2017-11-20,2017-11-27,2017-12-05T06:00:00+00:00,UP
2017-11-22,0.017148706311984396,2017-11-21,2017-11-28,2017-12-07T06:00:00+00:00,FLAT
2017-11-23,0.013109067133024954,2017-11-22,2017-11-29,2017-12-07T06:00:00+00:00,FLAT
2017-11-24,0.009755964597864875,2017-11-22,2017-11-30,2017-12-07T06:00:00+00:00,FLAT
2017-11-25,0.017709853009071796,2017-11-24,2017-12-01,2017-12-07T06:00:00+00:00,FLAT
2017-11-26,0.017709853009071796,2017-11-24,2017-12-01,2017-12-07T06:00:00+00:00,FLAT
2017-11-27,0.017709853009071796,2017-11-24,2017-12-01,2017-12-07T06:00:00+00:00,FLAT
2017-11-28,0.006477187569710052,2017-11-27,2017-12-04,2017-12-12T06:00:00+00:00,FLAT
2017-11-29,0.00017386905973659772,2017-11-28,2017-12-05,2017-12-14T06:00:00+00:00,FLAT
2017-11-30,-0.022711252867127052,2017-11-29,2017-12-06,2017-12-14T06:00:00+00:00,DOWN
2017-12-01,-0.017026157896530614,2017-11-30,2017-12-07,2017-12-14T06:00:00+00:00,FLAT
2017-12-02,-0.010068678475327553,2017-12-01,2017-12-08,2017-12-14T06:00:00+00:00,FLAT
2017-12-03,-0.010068678475327553,2017-12-01,2017-12-08,2017-12-14T06:00:00+00:00,FLAT
2017-12-04,-0.010068678475327553,2017-12-01,2017-12-08,2017-12-14T06:00:00+00:00,FLAT
2017-12-05,0.034043898609534384,2017-12-04,2017-12-11,2017-12-19T06:00:00+00:00,UP
2017-12-06,0.024417156039444166,2017-12-05,2017-12-12,2017-12-21T06:00:00+00:00,UP
2017-12-07,0.023191801924038247,2017-12-06,2017-12-13,2017-12-21T06:00:00+00:00,UP
2017-12-08,0.02037902355252319,2017-12-07,2017-12-14,2017-12-21T06:00:00+00:00,UP
2017-12-09,-0.0024584123772960487,2017-12-08,2017-12-15,2017-12-21T06:00:00+00:00,FLAT
2017-12-10,-0.0024584123772960487,2017-12-08,2017-12-15,2017-12-21T06:00:00+00:00,FLAT
2017-12-11,-0.0024584123772960487,2017-12-08,2017-12-15,2017-12-21T06:00:00+00:00,FLAT
2017-12-12,-0.01912118484613423,2017-12-11,2017-12-18,2017-12-27T06:00:00+00:00,FLAT
2017-12-13,-0.021357090404244494,2017-12-12,2017-12-19,2017-12-29T06:00:00+00:00,DOWN
2017-12-14,0.005977446556429067,2017-12-13,2017-12-20,2017-12-29T06:00:00+00:00,FLAT
2017-12-15,0.010478096061943276,2017-12-14,2017-12-21,2017-12-29T06:00:00+00:00,FLAT
2017-12-16,0.007358706672174975,2017-12-15,2017-12-22,2017-12-29T06:00:00+00:00,FLAT
2017-12-17,0.007358706672174975,2017-12-15,2017-12-22,2017-12-29T06:00:00+00:00,FLAT
2017-12-18,0.007358706672174975,2017-12-15,2017-12-22,2017-12-29T06:00:00+00:00,FLAT
2017-12-19,-0.0026445450310088603,2017-12-18,2017-12-22,2017-12-29T06:00:00+00:00,FLAT
2017-12-20,0.004329375968807447,2017-12-19,2017-12-26,2018-01-03T06:00:00+00:00,FLAT
2017-12-21,0.021545384167061865,2017-12-20,2017-12-27,2018-01-05T06:00:00+00:00,UP
2017-12-22,0.025394401044466663,2017-12-21,2017-12-28,2018-01-05T06:00:00+00:00,UP
2017-12-23,0.022020744531535685,2017-12-22,2017-12-29,2018-01-05T06:00:00+00:00,UP
2017-12-24,0.022020744531535685,2017-12-22,2017-12-29,2018-01-05T06:00:00+00:00,UP
2017-12-25,0.022020744531535685,2017-12-22,2017-12-29,2018-01-05T06:00:00+00:00,UP
2017-12-26,0.022020744531535685,2017-12-22,2017-12-29,2018-01-05T06:00:00+00:00,UP
2017-12-27,0.02339134356207362,2017-12-26,2018-01-02,2018-01-09T06:00:00+00:00,UP
2017-12-28,0.018942731949175062,2017-12-27,2018-01-03,2018-01-11T06:00:00+00:00,FLAT
2017-12-29,0.02248152496330058,2017-12-28,2018-01-04,2018-01-11T06:00:00+00:00,UP
2017-12-30,0.01623684433682837,2017-12-29,2018-01-05,2018-01-11T06:00:00+00:00,FLAT
2017-12-31,0.01623684433682837,2017-12-29,2018-01-05,2018-01-11T06:00:00+00:00,FLAT
2018-01-01,0.01623684433682837,2017-12-29,2018-01-05,2018-01-11T06:00:00+00:00,FLAT
2018-01-02,0.0232598015025145,2017-12-29,2018-01-08,2018-01-17T06:00:00+00:00,UP
2018-01-03,0.03590024759309518,2018-01-02,2018-01-09,2018-01-19T06:00:00+00:00,UP
2018-01-04,0.02645650456587556,2018-01-03,2018-01-10,2018-01-19T06:00:00+00:00,UP
2018-01-05,0.024362564173752377,2018-01-04,2018-01-11,2018-01-19T06:00:00+00:00,UP
2018-01-06,0.019737034024521538,2018-01-05,2018-01-12,2018-01-19T06:00:00+00:00,FLAT
2018-01-07,0.019737034024521538,2018-01-05,2018-01-12,2018-01-19T06:00:00+00:00,FLAT
2018-01-08,0.019737034024521538,2018-01-05,2018-01-12,2018-01-19T06:00:00+00:00,FLAT
2018-01-09,0.012738254731420984,2018-01-08,2018-01-12,2018-01-19T06:00:00+00:00,FLAT
2018-01-10,-0.0028008073072686157,2018-01-09,2018-01-16,2018-01-23T06:00:00+00:00,FLAT
2018-01-11,-0.016925767669095926,2018-01-10,2018-01-17,2018-01-25T06:00:00+00:00,FLAT
2018-01-12,-0.024380250438298834,2018-01-11,2018-01-18,2018-01-25T06:00:00+00:00,DOWN
2018-01-13,-0.02491027200938778,2018-01-12,2018-01-19,2018-01-25T06:00:00+00:00,DOWN
2018-01-14,-0.02491027200938778,2018-01-12,2018-01-19,2018-01-25T06:00:00+00:00,DOWN
2018-01-15,-0.02491027200938778,2018-01-12,2018-01-19,2018-01-25T06:00:00+00:00,DOWN
2018-01-16,-0.013407907610034964,2018-01-12,2018-01-22,2018-01-30T06:00:00+00:00,FLAT
2018-01-17,-0.0002624740630648992,2018-01-16,2018-01-23,2018-02-01T06:00:00+00:00,FLAT
2018-01-18,-0.00027436576114803213,2018-01-17,2018-01-24,2018-02-01T06:00:00+00:00,FLAT
2018-01-19,0.007310160244312414,2018-01-18,2018-01-25,2018-02-01T06:00:00+00:00,FLAT
2018-01-20,0.009535000637314939,2018-01-19,2018-01-26,2018-02-01T06:00:00+00:00,FLAT
2018-01-21,0.009535000637314939,2018-01-19,2018-01-26,2018-02-01T06:00:00+00:00,FLAT
2018-01-22,0.009535000637314939,2018-01-19,2018-01-26,2018-02-01T06:00:00+00:00,FLAT
2018-01-23,-0.02402342270715252,2018-01-22,2018-01-29,2018-02-06T06:00:00+00:00,DOWN
2018-01-24,-0.04123061255550797,2018-01-23,2018-01-30,2018-02-08T06:00:00+00:00,DOWN
2018-01-25,-0.042790628687338295,2018-01-24,2018-01-31,2018-02-08T06:00:00+00:00,DOWN
2018-01-26,-0.03825040853179851,2018-01-25,2018-02-01,2018-02-08T06:00:00+00:00,DOWN
2018-01-27,-0.040802821066543205,2018-01-26,2018-02-02,2018-02-08T06:00:00+00:00,DOWN
2018-01-28,-0.040802821066543205,2018-01-26,2018-02-02,2018-02-08T06:00:00+00:00,DOWN
2018-01-29,-0.040802821066543205,2018-01-26,2018-02-02,2018-02-08T06:00:00+00:00,DOWN
2018-01-30,-0.017993340061879026,2018-01-29,2018-02-05,2018-02-13T06:00:00+00:00,FLAT
2018-01-31,-0.020946196866729827,2018-01-30,2018-02-06,2018-02-15T06:00:00+00:00,DOWN
2018-02-01,-0.033060746562623367,2018-01-31,2018-02-07,2018-02-15T06:00:00+00:00,DOWN
2018-02-02,-0.05950164658281798,2018-02-01,2018-02-08,2018-02-15T06:00:00+00:00,DOWN
2018-02-03,-0.06564886588679808,2018-02-02,2018-02-09,2018-02-15T06:00:00+00:00,DOWN
2018-02-04,-0.06564886588679808,2018-02-02,2018-02-09,2018-02-15T06:00:00+00:00,DOWN
2018-02-05,-0.06564886588679808,2018-02-02,2018-02-09,2018-02-15T06:00:00+00:00,DOWN
2018-02-06,-0.07525685970942686,2018-02-05,2018-02-12,2018-02-21T06:00:00+00:00,DOWN
2018-02-07,-0.0639369417863197,2018-02-06,2018-02-13,2018-02-23T06:00:00+00:00,DOWN
2018-02-08,-0.04054641371113632,2018-02-07,2018-02-14,2018-02-23T06:00:00+00:00,DOWN
2018-02-09,-0.01844439440808543,2018-02-08,2018-02-15,2018-02-23T06:00:00+00:00,FLAT
2018-02-10,0.027633245707819887,2018-02-09,2018-02-16,2018-02-23T06:00:00+00:00,UP
2018-02-11,0.027633245707819887,2018-02-09,2018-02-16,2018-02-23T06:00:00+00:00,UP
2018-02-12,0.027633245707819887,2018-02-09,2018-02-16,2018-02-23T06:00:00+00:00,UP
2018-02-13,0.03683474193917369,2018-02-12,2018-02-16,2018-02-23T06:00:00+00:00,UP
2018-02-14,0.043758559495223004,2018-02-13,2018-02-20,2018-02-27T06:00:00+00:00,UP
2018-02-15,0.03902903218542675,2018-02-14,2018-02-21,2018-03-01T06:00:00+00:00,UP
2018-02-16,0.05240844984849846,2018-02-15,2018-02-22,2018-03-01T06:00:00+00:00,UP
2018-02-17,0.04082132187501686,2018-02-16,2018-02-23,2018-03-01T06:00:00+00:00,UP
2018-02-18,0.04082132187501686,2018-02-16,2018-02-23,2018-03-01T06:00:00+00:00,UP
2018-02-19,0.04082132187501686,2018-02-16,2018-02-23,2018-03-01T06:00:00+00:00,UP
2018-02-20,0.051539282277397014,2018-02-16,2018-02-26,2018-03-06T06:00:00+00:00,UP
2018-02-21,0.04198858765761537,2018-02-20,2018-02-27,2018-03-08T06:00:00+00:00,UP
2018-02-22,0.018453039662533532,2018-02-21,2018-02-28,2018-03-08T06:00:00+00:00,FLAT
2018-02-23,-0.027145733932077865,2018-02-22,2018-03-01,2018-03-08T06:00:00+00:00,DOWN
2018-02-24,-0.03996934069838942,2018-02-23,2018-03-02,2018-03-08T06:00:00+00:00,DOWN
2018-02-25,-0.03996934069838942,2018-02-23,2018-03-02,2018-03-08T06:00:00+00:00,DOWN
2018-02-26,-0.03996934069838942,2018-02-23,2018-03-02,2018-03-08T06:00:00+00:00,DOWN
2018-02-27,-0.026311412359241837,2018-02-26,2018-03-05,2018-03-13T05:00:00+00:00,DOWN
2018-02-28,-0.029575514241497736,2018-02-27,2018-03-06,2018-03-15T05:00:00+00:00,DOWN
2018-03-01,-0.015837971653713256,2018-02-28,2018-03-07,2018-03-15T05:00:00+00:00,FLAT
2018-03-02,-0.00835815802416695,2018-03-01,2018-03-08,2018-03-15T05:00:00+00:00,FLAT
2018-03-03,0.012185302322984981,2018-03-02,2018-03-09,2018-03-15T05:00:00+00:00,FLAT
2018-03-04,0.012185302322984981,2018-03-02,2018-03-09,2018-03-15T05:00:00+00:00,FLAT
2018-03-05,0.012185302322984981,2018-03-02,2018-03-09,2018-03-15T05:00:00+00:00,FLAT
2018-03-06,-0.0224173998149495,2018-03-05,2018-03-12,2018-03-20T05:00:00+00:00,DOWN
2018-03-07,-0.021036600259805027,2018-03-06,2018-03-13,2018-03-22T05:00:00+00:00,DOWN
2018-03-08,-0.02405158389749118,2018-03-07,2018-03-14,2018-03-22T05:00:00+00:00,DOWN
2018-03-09,-0.0060721615916816685,2018-03-08,2018-03-15,2018-03-22T05:00:00+00:00,FLAT
2018-03-10,-0.007588117087394153,2018-03-09,2018-03-16,2018-03-22T05:00:00+00:00,FLAT
2018-03-11,-0.007588117087394153,2018-03-09,2018-03-16,2018-03-22T05:00:00+00:00,FLAT
2018-03-12,-0.007588117087394153,2018-03-09,2018-03-16,2018-03-22T05:00:00+00:00,FLAT
2018-03-13,0.004827436259573048,2018-03-12,2018-03-19,2018-03-27T05:00:00+00:00,FLAT
2018-03-14,0.030445574578492618,2018-03-13,2018-03-20,2018-03-29T05:00:00+00:00,UP
2018-03-15,0.07239051798313478,2018-03-14,2018-03-21,2018-03-29T05:00:00+00:00,UP
2018-03-16,0.08525009400057026,2018-03-15,2018-03-22,2018-03-29T05:00:00+00:00,UP
2018-03-17,0.0640507258482883,2018-03-16,2018-03-23,2018-03-29T05:00:00+00:00,UP
2018-03-18,0.0640507258482883,2018-03-16,2018-03-23,2018-03-29T05:00:00+00:00,UP
2018-03-19,0.0640507258482883,2018-03-16,2018-03-23,2018-03-29T05:00:00+00:00,UP
2018-03-20,0.05139087569491596,2018-03-19,2018-03-26,2018-04-03T05:00:00+00:00,UP
2018-03-21,0.030866721312416745,2018-03-20,2018-03-27,2018-04-05T05:00:00+00:00,UP
2018-03-22,-0.0043112781745408,2018-03-21,2018-03-28,2018-04-05T05:00:00+00:00,FLAT
2018-03-23,-0.006279254093964681,2018-03-22,2018-03-29,2018-04-05T05:00:00+00:00,FLAT
2018-03-24,-0.003852139178405656,2018-03-23,2018-03-29,2018-04-05T05:00:00+00:00,FLAT
2018-03-25,-0.003852139178405656,2018-03-23,2018-03-29,2018-04-05T05:00:00+00:00,FLAT
2018-03-26,-0.003852139178405656,2018-03-23,2018-03-29,2018-04-05T05:00:00+00:00,FLAT
2018-03-27,0.0046520285712174925,2018-03-26,2018-04-02,2018-04-10T05:00:00+00:00,FLAT
2018-03-28,0.007284536208812975,2018-03-27,2018-04-03,2018-04-12T05:00:00+00:00,FLAT
2018-03-29,-0.02915211843528942,2018-03-28,2018-04-04,2018-04-12T05:00:00+00:00,DOWN
2018-03-30,-0.0333403620809386,2018-03-29,2018-04-05,2018-04-12T05:00:00+00:00,DOWN
2018-03-31,-0.03377618698532059,2018-03-29,2018-04-06,2018-04-12T05:00:00+00:00,DOWN
2018-04-01,-0.03377618698532059,2018-03-29,2018-04-06,2018-04-12T05:00:00+00:00,DOWN
2018-04-02,-0.03377618698532059,2018-03-29,2018-04-06,2018-04-12T05:00:00+00:00,DOWN
2018-04-03,-0.008091540708244693,2018-04-02,2018-04-09,2018-04-17T05:00:00+00:00,FLAT
2018-04-04,0.02255460564614853,2018-04-03,2018-04-10,2018-04-19T05:00:00+00:00,UP
2018-04-05,0.09464000865811717,2018-04-04,2018-04-11,2018-04-19T05:00:00+00:00,UP
2018-04-06,0.0707618898939153,2018-04-05,2018-04-12,2018-04-19T05:00:00+00:00,UP
2018-04-07,0.094700907828138,2018-04-06,2018-04-13,2018-04-19T05:00:00+00:00,UP
2018-04-08,0.094700907828138,2018-04-06,2018-04-13,2018-04-19T05:00:00+00:00,UP
2018-04-09,0.094700907828138,2018-04-06,2018-04-13,2018-04-19T05:00:00+00:00,UP
2018-04-10,0.06835977884710909,2018-04-09,2018-04-16,2018-04-24T05:00:00+00:00,UP
2018-04-11,0.014813237471143825,2018-04-10,2018-04-17,2018-04-26T05:00:00+00:00,FLAT
2018-04-12,0.014694020199166546,2018-04-11,2018-04-18,2018-04-26T05:00:00+00:00,FLAT
2018-04-13,0.04588271761116469,2018-04-12,2018-04-19,2018-04-26T05:00:00+00:00,UP
2018-04-14,0.023253897338806784,2018-04-13,2018-04-20,2018-04-26T05:00:00+00:00,UP
2018-04-15,0.023253897338806784,2018-04-13,2018-04-20,2018-04-26T05:00:00+00:00,UP
2018-04-16,0.023253897338806784,2018-04-13,2018-04-20,2018-04-26T05:00:00+00:00,UP
2018-04-17,0.02517446485505359,2018-04-16,2018-04-23,2018-05-01T05:00:00+00:00,UP
2018-04-18,0.06176295356171835,2018-04-17,2018-04-24,2018-05-03T05:00:00+00:00,UP
2018-04-19,0.009015340591731702,2018-04-18,2018-04-25,2018-05-03T05:00:00+00:00,FLAT
2018-04-20,0.016441678066560828,2018-04-19,2018-04-26,2018-05-03T05:00:00+00:00,FLAT
2018-04-21,0.015609333270512282,2018-04-20,2018-04-27,2018-05-03T05:00:00+00:00,FLAT
2018-04-22,0.015609333270512282,2018-04-20,2018-04-27,2018-05-03T05:00:00+00:00,FLAT
2018-04-23,0.015609333270512282,2018-04-20,2018-04-27,2018-05-03T05:00:00+00:00,FLAT
2018-04-24,0.021206664861264546,2018-04-23,2018-04-30,2018-05-08T05:00:00+00:00,UP
2018-04-25,-0.008774633403816123,2018-04-24,2018-05-01,2018-05-10T05:00:00+00:00,FLAT
2018-04-26,-0.002946527334440341,2018-04-25,2018-05-02,2018-05-10T05:00:00+00:00,FLAT
2018-04-27,-0.02296417747804025,2018-04-26,2018-05-03,2018-05-10T05:00:00+00:00,DOWN
2018-04-28,-0.0035625849237428397,2018-04-27,2018-05-04,2018-05-10T05:00:00+00:00,FLAT
2018-04-29,-0.0035625849237428397,2018-04-27,2018-05-04,2018-05-10T05:00:00+00:00,FLAT
2018-04-30,-0.0035625849237428397,2018-04-27,2018-05-04,2018-05-10T05:00:00+00:00,FLAT
2018-05-01,-0.010513279505053763,2018-04-30,2018-05-07,2018-05-15T05:00:00+00:00,FLAT
2018-05-02,-0.0035076548675716523,2018-05-01,2018-05-08,2018-05-17T05:00:00+00:00,FLAT
2018-05-03,0.06056195858195035,2018-05-02,2018-05-09,2018-05-17T05:00:00+00:00,UP
2018-05-04,0.055034439713782524,2018-05-03,2018-05-10,2018-05-17T05:00:00+00:00,UP
2018-05-05,0.030883206856573864,2018-05-04,2018-05-11,2018-05-17T05:00:00+00:00,UP
2018-05-06,0.030883206856573864,2018-05-04,2018-05-11,2018-05-17T05:00:00+00:00,UP
2018-05-07,0.030883206856573864,2018-05-04,2018-05-11,2018-05-17T05:00:00+00:00,UP
2018-05-08,0.04115146024145022,2018-05-07,2018-05-14,2018-05-22T05:00:00+00:00,UP
2018-05-09,0.06562514661513608,2018-05-08,2018-05-15,2018-05-24T05:00:00+00:00,UP
2018-05-10,0.00952052573509432,2018-05-09,2018-05-16,2018-05-24T05:00:00+00:00,FLAT
2018-05-11,0.03555616452894372,2018-05-10,2018-05-17,2018-05-24T05:00:00+00:00,UP
2018-05-12,0.02001227446716558,2018-05-11,2018-05-18,2018-05-24T05:00:00+00:00,UP
2018-05-13,0.02001227446716558,2018-05-11,2018-05-18,2018-05-24T05:00:00+00:00,UP
2018-05-14,0.02001227446716558,2018-05-11,2018-05-18,2018-05-24T05:00:00+00:00,UP
2018-05-15,0.009371551481296203,2018-05-14,2018-05-21,2018-05-30T05:00:00+00:00,FLAT
2018-05-16,0.01715063042019427,2018-05-15,2018-05-22,2018-06-01T05:00:00+00:00,FLAT
2018-05-17,0.00906445485740659,2018-05-16,2018-05-23,2018-06-01T05:00:00+00:00,FLAT
2018-05-18,-0.013124670286818074,2018-05-17,2018-05-24,2018-06-01T05:00:00+00:00,FLAT
2018-05-19,-0.0206409035893671,2018-05-18,2018-05-25,2018-06-01T05:00:00+00:00,DOWN
2018-05-20,-0.0206409035893671,2018-05-18,2018-05-25,2018-06-01T05:00:00+00:00,DOWN
2018-05-21,-0.0206409035893671,2018-05-18,2018-05-25,2018-06-01T05:00:00+00:00,DOWN
2018-05-22,-0.02086251802789263,2018-05-21,2018-05-25,2018-06-01T05:00:00+00:00,DOWN
2018-05-23,-0.06618304873338932,2018-05-22,2018-05-29,2018-06-05T05:00:00+00:00,DOWN
2018-05-24,-0.031053113122687326,2018-05-23,2018-05-30,2018-06-07T05:00:00+00:00,DOWN
2018-05-25,-0.025900006546163645,2018-05-24,2018-05-31,2018-06-07T05:00:00+00:00,DOWN
2018-05-26,-0.02267482835134116,2018-05-25,2018-06-01,2018-06-07T05:00:00+00:00,DOWN
2018-05-27,-0.02267482835134116,2018-05-25,2018-06-01,2018-06-07T05:00:00+00:00,DOWN
2018-05-28,-0.02267482835134116,2018-05-25,2018-06-01,2018-06-07T05:00:00+00:00,DOWN
2018-05-29,-0.03944034547465425,2018-05-25,2018-06-04,2018-06-12T05:00:00+00:00,DOWN
2018-05-30,-0.023303732197034854,2018-05-29,2018-06-05,2018-06-14T05:00:00+00:00,DOWN
2018-05-31,-0.03993750206291147,2018-05-30,2018-06-06,2018-06-14T05:00:00+00:00,DOWN
2018-06-01,-0.019120783344277137,2018-05-31,2018-06-07,2018-06-14T05:00:00+00:00,FLAT
2018-06-02,0.005307552469104415,2018-06-01,2018-06-08,2018-06-14T05:00:00+00:00,FLAT
2018-06-03,0.005307552469104415,2018-06-01,2018-06-08,2018-06-14T05:00:00+00:00,FLAT
2018-06-04,0.005307552469104415,2018-06-01,2018-06-08,2018-06-14T05:00:00+00:00,FLAT
2018-06-05,0.015144801246216755,2018-06-04,2018-06-11,2018-06-19T05:00:00+00:00,FLAT
2018-06-06,0.025943683722404298,2018-06-05,2018-06-12,2018-06-21T05:00:00+00:00,UP
2018-06-07,0.026635505793687342,2018-06-06,2018-06-13,2018-06-21T05:00:00+00:00,UP
2018-06-08,-0.004714524230352901,2018-06-07,2018-06-14,2018-06-21T05:00:00+00:00,FLAT
2018-06-09,-0.03592838295371936,2018-06-08,2018-06-15,2018-06-21T05:00:00+00:00,DOWN
2018-06-10,-0.03592838295371936,2018-06-08,2018-06-15,2018-06-21T05:00:00+00:00,DOWN
2018-06-11,-0.03592838295371936,2018-06-08,2018-06-15,2018-06-21T05:00:00+00:00,DOWN
2018-06-12,0.009833343808661965,2018-06-11,2018-06-18,2018-06-26T05:00:00+00:00,FLAT
2018-06-13,0.013469473558626932,2018-06-12,2018-06-19,2018-06-28T05:00:00+00:00,FLAT
2018-06-14,0.0009716461974829116,2018-06-13,2018-06-20,2018-06-28T05:00:00+00:00,FLAT
2018-06-15,-0.011397168676867131,2018-06-14,2018-06-21,2018-06-28T05:00:00+00:00,FLAT
2018-06-16,0.03320629791178775,2018-06-15,2018-06-22,2018-06-28T05:00:00+00:00,UP
2018-06-17,0.03320629791178775,2018-06-15,2018-06-22,2018-06-28T05:00:00+00:00,UP
2018-06-18,0.03320629791178775,2018-06-15,2018-06-22,2018-06-28T05:00:00+00:00,UP
2018-06-19,-0.012560130710356221,2018-06-18,2018-06-25,2018-07-03T05:00:00+00:00,FLAT
2018-06-20,-0.0033818198811467193,2018-06-19,2018-06-26,2018-07-06T05:00:00+00:00,FLAT
2018-06-21,0.04503511360000778,2018-06-20,2018-06-27,2018-07-06T05:00:00+00:00,UP
2018-06-22,0.0680482561447735,2018-06-21,2018-06-28,2018-07-06T05:00:00+00:00,UP
2018-06-23,0.06966713844307648,2018-06-22,2018-06-29,2018-07-06T05:00:00+00:00,UP
2018-06-24,0.06966713844307648,2018-06-22,2018-06-29,2018-07-06T05:00:00+00:00,UP
2018-06-25,0.06966713844307648,2018-06-22,2018-06-29,2018-07-06T05:00:00+00:00,UP
2018-06-26,0.07392045307471662,2018-06-25,2018-07-02,2018-07-10T05:00:00+00:00,UP
2018-06-27,0.04067190647361296,2018-06-26,2018-07-03,2018-07-10T05:00:00+00:00,UP
2018-06-28,0.0027898736846536654,2018-06-27,2018-07-03,2018-07-10T05:00:00+00:00,FLAT
2018-06-29,0.012501598915131362,2018-06-28,2018-07-05,2018-07-12T05:00:00+00:00,FLAT
2018-06-30,-0.028474262963314012,2018-06-29,2018-07-06,2018-07-12T05:00:00+00:00,DOWN
2018-07-01,-0.028474262963314012,2018-06-29,2018-07-06,2018-07-12T05:00:00+00:00,DOWN
2018-07-02,-0.028474262963314012,2018-06-29,2018-07-06,2018-07-12T05:00:00+00:00,DOWN
2018-07-03,-0.0028524570750977363,2018-07-02,2018-07-09,2018-07-17T05:00:00+00:00,FLAT
2018-07-04,0.024325792520042855,2018-07-03,2018-07-10,2018-07-19T05:00:00+00:00,UP
2018-07-05,-0.0009279929163713563,2018-07-03,2018-07-11,2018-07-19T05:00:00+00:00,FLAT
2018-07-06,-0.060524952888830086,2018-07-05,2018-07-12,2018-07-19T05:00:00+00:00,DOWN
2018-07-07,-0.0041003524188172324,2018-07-06,2018-07-13,2018-07-19T05:00:00+00:00,FLAT
2018-07-08,-0.0041003524188172324,2018-07-06,2018-07-13,2018-07-19T05:00:00+00:00,FLAT
2018-07-09,-0.0041003524188172324,2018-07-06,2018-07-13,2018-07-19T05:00:00+00:00,FLAT
2018-07-10,-0.06813520800791584,2018-07-09,2018-07-16,2018-07-24T05:00:00+00:00,DOWN
2018-07-11,-0.07915406963488181,2018-07-10,2018-07-17,2018-07-26T05:00:00+00:00,DOWN
2018-07-12,-0.058535708403222975,2018-07-11,2018-07-18,2018-07-26T05:00:00+00:00,DOWN
2018-07-13,0.013678437021931833,2018-07-12,2018-07-19,2018-07-26T05:00:00+00:00,FLAT
2018-07-14,-0.017585379386961475,2018-07-13,2018-07-20,2018-07-26T05:00:00+00:00,FLAT
2018-07-15,-0.017585379386961475,2018-07-13,2018-07-20,2018-07-26T05:00:00+00:00,FLAT
2018-07-16,-0.017585379386961475,2018-07-13,2018-07-20,2018-07-26T05:00:00+00:00,FLAT
2018-07-17,0.050478276626124474,2018-07-16,2018-07-23,2018-07-26T05:00:00+00:00,UP
2018-07-18,0.05137389762919908,2018-07-17,2018-07-24,2018-08-02T05:00:00+00:00,UP
2018-07-19,0.0523988575365959,2018-07-18,2018-07-25,2018-08-02T05:00:00+00:00,UP
2018-07-20,0.03823316975244184,2018-07-19,2018-07-26,2018-08-02T05:00:00+00:00,UP
2018-07-21,0.04631875549257214,2018-07-20,2018-07-27,2018-08-02T05:00:00+00:00,UP
2018-07-22,0.04631875549257214,2018-07-20,2018-07-27,2018-08-02T05:00:00+00:00,UP
2018-07-23,0.04631875549257214,2018-07-20,2018-07-27,2018-08-02T05:00:00+00:00,UP
2018-07-24,0.02359695537884865,2018-07-23,2018-07-30,2018-08-07T05:00:00+00:00,UP
2018-07-25,0.010439170108973883,2018-07-24,2018-07-31,2018-08-09T05:00:00+00:00,FLAT
2018-07-26,-0.011675256855093075,2018-07-25,2018-08-01,2018-08-09T05:00:00+00:00,FLAT
2018-07-27,-0.013507072800975073,2018-07-26,2018-08-02,2018-08-09T05:00:00+00:00,FLAT
2018-07-28,-0.028518904561636083,2018-07-27,2018-08-03,2018-08-09T05:00:00+00:00,DOWN
2018-07-29,-0.028518904561636083,2018-07-27,2018-08-03,2018-08-09T05:00:00+00:00,DOWN
2018-07-30,-0.028518904561636083,2018-07-27,2018-08-03,2018-08-09T05:00:00+00:00,DOWN
2018-07-31,-0.02742017438296629,2018-07-30,2018-08-06,2018-08-14T05:00:00+00:00,DOWN
2018-08-01,-0.02147795573214306,2018-07-31,2018-08-07,2018-08-16T05:00:00+00:00,DOWN
2018-08-02,-0.01899383470868965,2018-08-01,2018-08-08,2018-08-16T05:00:00+00:00,FLAT
2018-08-03,-0.035459135448580925,2018-08-02,2018-08-09,2018-08-16T05:00:00+00:00,DOWN
2018-08-04,-0.018282701670829238,2018-08-03,2018-08-10,2018-08-16T05:00:00+00:00,FLAT
2018-08-05,-0.018282701670829238,2018-08-03,2018-08-10,2018-08-16T05:00:00+00:00,FLAT
2018-08-06,-0.018282701670829238,2018-08-03,2018-08-10,2018-08-16T05:00:00+00:00,FLAT
2018-08-07,-0.020662521253046462,2018-08-06,2018-08-13,2018-08-21T05:00:00+00:00,DOWN
2018-08-08,-0.01371468260922093,2018-08-07,2018-08-14,2018-08-23T05:00:00+00:00,FLAT
2018-08-09,-0.018999867450350094,2018-08-08,2018-08-15,2018-08-23T05:00:00+00:00,FLAT
2018-08-10,-0.010463631626913661,2018-08-09,2018-08-16,2018-08-23T05:00:00+00:00,FLAT
2018-08-11,-0.00804325794082017,2018-08-10,2018-08-17,2018-08-23T05:00:00+00:00,FLAT
2018-08-12,-0.00804325794082017,2018-08-10,2018-08-17,2018-08-23T05:00:00+00:00,FLAT
2018-08-13,-0.00804325794082017,2018-08-10,2018-08-17,2018-08-23T05:00:00+00:00,FLAT
2018-08-14,0.0020558864558180012,2018-08-13,2018-08-20,2018-08-29T05:00:00+00:00,FLAT
2018-08-15,0.007064148731016351,2018-08-14,2018-08-21,2018-08-30T05:00:00+00:00,FLAT
2018-08-16,0.05266608355653468,2018-08-15,2018-08-22,2018-08-30T05:00:00+00:00,UP
2018-08-17,0.06462710026715035,2018-08-16,2018-08-23,2018-08-30T05:00:00+00:00,UP
2018-08-18,0.049920670733017314,2018-08-17,2018-08-24,2018-08-30T05:00:00+00:00,UP
2018-08-19,0.049920670733017314,2018-08-17,2018-08-24,2018-08-30T05:00:00+00:00,UP
2018-08-20,0.049920670733017314,2018-08-17,2018-08-24,2018-08-30T05:00:00+00:00,UP
2018-08-21,0.0402854042365981,2018-08-20,2018-08-27,2018-09-05T05:00:00+00:00,UP
2018-08-22,0.05286156483366278,2018-08-21,2018-08-28,2018-09-07T05:00:00+00:00,UP
2018-08-23,0.0394250514581409,2018-08-22,2018-08-29,2018-09-07T05:00:00+00:00,UP
2018-08-24,0.03996727195273597,2018-08-23,2018-08-30,2018-09-07T05:00:00+00:00,UP
2018-08-25,0.03810458728859101,2018-08-24,2018-08-31,2018-09-07T05:00:00+00:00,UP
2018-08-26,0.03810458728859101,2018-08-24,2018-08-31,2018-09-07T05:00:00+00:00,UP
2018-08-27,0.03810458728859101,2018-08-24,2018-08-31,2018-09-07T05:00:00+00:00,UP
2018-08-28,0.03635270486819042,2018-08-27,2018-08-31,2018-09-07T05:00:00+00:00,UP
2018-08-29,0.02721744802733994,2018-08-28,2018-09-04,2018-09-11T05:00:00+00:00,UP
2018-08-30,0.009201530232042066,2018-08-29,2018-09-05,2018-09-13T05:00:00+00:00,FLAT
2018-08-31,-0.019245452195283175,2018-08-30,2018-09-06,2018-09-13T05:00:00+00:00,FLAT
2018-09-01,-0.016355188827711142,2018-08-31,2018-09-07,2018-09-13T05:00:00+00:00,FLAT
2018-09-02,-0.016355188827711142,2018-08-31,2018-09-07,2018-09-13T05:00:00+00:00,FLAT
2018-09-03,-0.016355188827711142,2018-08-31,2018-09-07,2018-09-13T05:00:00+00:00,FLAT
2018-09-04,0.0013696759772880984,2018-08-31,2018-09-10,2018-09-18T05:00:00+00:00,FLAT
2018-09-05,0.013245299160658197,2018-09-04,2018-09-11,2018-09-20T05:00:00+00:00,FLAT
2018-09-06,0.04820450787664643,2018-09-05,2018-09-12,2018-09-20T05:00:00+00:00,UP
2018-09-07,0.027575227802014712,2018-09-06,2018-09-13,2018-09-20T05:00:00+00:00,UP
2018-09-08,0.03453456085482709,2018-09-07,2018-09-14,2018-09-20T05:00:00+00:00,UP
2018-09-09,0.03453456085482709,2018-09-07,2018-09-14,2018-09-20T05:00:00+00:00,UP
2018-09-10,0.03453456085482709,2018-09-07,2018-09-14,2018-09-20T05:00:00+00:00,UP
2018-09-11,0.018813263765087296,2018-09-10,2018-09-17,2018-09-25T05:00:00+00:00,FLAT
2018-09-12,0.011501593010267763,2018-09-11,2018-09-18,2018-09-27T05:00:00+00:00,FLAT
2018-09-13,-0.008936485364178348,2018-09-12,2018-09-19,2018-09-27T05:00:00+00:00,FLAT
2018-09-14,0.018355060185533345,2018-09-13,2018-09-20,2018-09-27T05:00:00+00:00,FLAT
2018-09-15,0.01154517477894812,2018-09-14,2018-09-21,2018-09-27T05:00:00+00:00,FLAT
2018-09-16,0.01154517477894812,2018-09-14,2018-09-21,2018-09-27T05:00:00+00:00,FLAT
2018-09-17,0.01154517477894812,2018-09-14,2018-09-21,2018-09-27T05:00:00+00:00,FLAT
2018-09-18,0.03442116528116812,2018-09-17,2018-09-24,2018-10-02T05:00:00+00:00,UP
2018-09-19,0.03797022969830732,2018-09-18,2018-09-25,2018-10-04T05:00:00+00:00,UP
2018-09-20,0.03519004750932608,2018-09-19,2018-09-26,2018-10-04T05:00:00+00:00,UP
2018-09-21,0.038165730411041654,2018-09-20,2018-09-27,2018-10-04T05:00:00+00:00,UP
2018-09-22,0.050266068371702666,2018-09-21,2018-09-28,2018-10-04T05:00:00+00:00,UP
2018-09-23,0.050266068371702666,2018-09-21,2018-09-28,2018-10-04T05:00:00+00:00,UP
2018-09-24,0.050266068371702666,2018-09-21,2018-09-28,2018-10-04T05:00:00+00:00,UP
2018-09-25,0.051921261956734854,2018-09-24,2018-10-01,2018-10-10T05:00:00+00:00,UP
2018-09-26,0.04232925555097955,2018-09-25,2018-10-02,2018-10-12T05:00:00+00:00,UP
2018-09-27,0.04246803528349696,2018-09-26,2018-10-03,2018-10-12T05:00:00+00:00,UP
2018-09-28,0.05249064395405845,2018-09-27,2018-10-04,2018-10-12T05:00:00+00:00,UP
2018-09-29,0.02901353965183784,2018-09-28,2018-10-05,2018-10-12T05:00:00+00:00,UP
2018-09-30,0.02901353965183784,2018-09-28,2018-10-05,2018-10-12T05:00:00+00:00,UP
2018-10-01,0.02901353965183784,2018-09-28,2018-10-05,2018-10-12T05:00:00+00:00,UP
2018-10-02,0.0021191429244173943,2018-10-01,2018-10-05,2018-10-12T05:00:00+00:00,FLAT
2018-10-03,0.0022872238656499455,2018-10-02,2018-10-09,2018-10-16T05:00:00+00:00,FLAT
2018-10-04,-0.011305783591817553,2018-10-03,2018-10-10,2018-10-18T05:00:00+00:00,FLAT
2018-10-05,-0.05208672303475803,2018-10-04,2018-10-11,2018-10-18T05:00:00+00:00,DOWN
2018-10-06,-0.04487863719615026,2018-10-05,2018-10-12,2018-10-18T05:00:00+00:00,DOWN
2018-10-07,-0.04487863719615026,2018-10-05,2018-10-12,2018-10-18T05:00:00+00:00,DOWN
2018-10-08,-0.04487863719615026,2018-10-05,2018-10-12,2018-10-18T05:00:00+00:00,DOWN
2018-10-09,-0.04321768596378117,2018-10-05,2018-10-15,2018-10-23T05:00:00+00:00,DOWN
2018-10-10,-0.055939359890715634,2018-10-09,2018-10-16,2018-10-25T05:00:00+00:00,DOWN
2018-10-11,-0.04611047042879646,2018-10-10,2018-10-17,2018-10-25T05:00:00+00:00,DOWN
2018-10-12,-0.005928181307451763,2018-10-11,2018-10-18,2018-10-25T05:00:00+00:00,FLAT
2018-10-13,-0.002519600329045968,2018-10-12,2018-10-19,2018-10-25T05:00:00+00:00,FLAT
2018-10-14,-0.002519600329045968,2018-10-12,2018-10-19,2018-10-25T05:00:00+00:00,FLAT
2018-10-15,-0.002519600329045968,2018-10-12,2018-10-19,2018-10-25T05:00:00+00:00,FLAT
2018-10-16,-0.0011546684411757324,2018-10-15,2018-10-22,2018-10-30T05:00:00+00:00,FLAT
2018-10-17,-0.01926582394645515,2018-10-16,2018-10-23,2018-11-01T05:00:00+00:00,FLAT
2018-10-18,-0.029967359309571395,2018-10-17,2018-10-24,2018-11-01T05:00:00+00:00,DOWN
2018-10-19,-0.0358333760758941,2018-10-18,2018-10-25,2018-11-01T05:00:00+00:00,DOWN
2018-10-20,-0.03521172210930401,2018-10-19,2018-10-26,2018-11-01T05:00:00+00:00,DOWN
2018-10-21,-0.03521172210930401,2018-10-19,2018-10-26,2018-11-01T05:00:00+00:00,DOWN
2018-10-22,-0.03521172210930401,2018-10-19,2018-10-26,2018-11-01T05:00:00+00:00,DOWN
2018-10-23,-0.03371563209115891,2018-10-22,2018-10-29,2018-11-06T06:00:00+00:00,DOWN
2018-10-24,-0.033985443542989824,2018-10-23,2018-10-30,2018-11-08T06:00:00+00:00,DOWN
2018-10-25,-0.027906000414085308,2018-10-24,2018-10-31,2018-11-08T06:00:00+00:00,DOWN
2018-10-26,-0.08187504828396208,2018-10-25,2018-11-01,2018-11-08T06:00:00+00:00,DOWN
2018-10-27,-0.08829312393516697,2018-10-26,2018-11-02,2018-11-08T06:00:00+00:00,DOWN
2018-10-28,-0.08829312393516697,2018-10-26,2018-11-02,2018-11-08T06:00:00+00:00,DOWN
2018-10-29,-0.08829312393516697,2018-10-26,2018-11-02,2018-11-08T06:00:00+00:00,DOWN
2018-10-30,-0.06771180142392663,2018-10-29,2018-11-05,2018-11-14T06:00:00+00:00,DOWN
2018-10-31,-0.07317502786519914,2018-10-30,2018-11-06,2018-11-16T06:00:00+00:00,DOWN
2018-11-01,-0.07089698781005316,2018-10-31,2018-11-07,2018-11-16T06:00:00+00:00,DOWN
2018-11-02,-0.025920859080002523,2018-11-01,2018-11-08,2018-11-16T06:00:00+00:00,DOWN
2018-11-03,-0.02024877529681579,2018-11-02,2018-11-09,2018-11-16T06:00:00+00:00,DOWN
2018-11-04,-0.02024877529681579,2018-11-02,2018-11-09,2018-11-16T06:00:00+00:00,DOWN
2018-11-05,-0.02024877529681579,2018-11-02,2018-11-09,2018-11-16T06:00:00+00:00,DOWN
2018-11-06,-0.046327039065305664,2018-11-05,2018-11-09,2018-11-16T06:00:00+00:00,DOWN
2018-11-07,-0.06846155371293994,2018-11-06,2018-11-13,2018-11-20T06:00:00+00:00,DOWN
2018-11-08,-0.07010323199529866,2018-11-07,2018-11-14,2018-11-22T06:00:00+00:00,DOWN
2018-11-09,-0.05226319153064152,2018-11-08,2018-11-15,2018-11-22T06:00:00+00:00,DOWN
2018-11-10,-0.05643529635690714,2018-11-09,2018-11-16,2018-11-22T06:00:00+00:00,DOWN
2018-11-11,-0.05643529635690714,2018-11-09,2018-11-16,2018-11-22T06:00:00+00:00,DOWN
2018-11-12,-0.05643529635690714,2018-11-09,2018-11-16,2018-11-22T06:00:00+00:00,DOWN
2018-11-13,-0.07264073381854519,2018-11-09,2018-11-19,2018-11-27T06:00:00+00:00,DOWN
2018-11-14,-0.06167550902055885,2018-11-13,2018-11-20,2018-11-29T06:00:00+00:00,DOWN
2018-11-15,-0.05322960373994268,2018-11-14,2018-11-21,2018-11-29T06:00:00+00:00,DOWN
2018-11-16,-0.062144386039627464,2018-11-15,2018-11-21,2018-11-29T06:00:00+00:00,DOWN
2018-11-17,-0.11500255809739124,2018-11-16,2018-11-23,2018-11-29T06:00:00+00:00,DOWN
2018-11-18,-0.11500255809739124,2018-11-16,2018-11-23,2018-11-29T06:00:00+00:00,DOWN
2018-11-19,-0.11500255809739124,2018-11-16,2018-11-23,2018-11-29T06:00:00+00:00,DOWN
2018-11-20,-0.06923698558370384,2018-11-19,2018-11-26,2018-12-04T06:00:00+00:00,DOWN
2018-11-21,-0.03052202595519793,2018-11-20,2018-11-27,2018-12-07T06:00:00+00:00,DOWN
2018-11-22,-0.0558082575522485,2018-11-21,2018-11-28,2018-12-07T06:00:00+00:00,DOWN
2018-11-23,-0.05216641565587743,2018-11-21,2018-11-29,2018-12-07T06:00:00+00:00,DOWN
2018-11-24,0.0015129381604874759,2018-11-23,2018-11-30,2018-12-07T06:00:00+00:00,FLAT
2018-11-25,0.0015129381604874759,2018-11-23,2018-11-30,2018-12-07T06:00:00+00:00,FLAT
2018-11-26,0.0015129381604874759,2018-11-23,2018-11-30,2018-12-07T06:00:00+00:00,FLAT
2018-11-27,-0.000826753380623102,2018-11-26,2018-12-03,2018-12-11T06:00:00+00:00,FLAT
2018-11-28,0.010449372259823342,2018-11-27,2018-12-04,2018-12-11T06:00:00+00:00,FLAT
2018-11-29,0.03797489702251511,2018-11-28,2018-12-04,2018-12-11T06:00:00+00:00,UP
2018-11-30,-0.016509410035999927,2018-11-29,2018-12-06,2018-12-13T06:00:00+00:00,FLAT
2018-12-01,0.05662938887993163,2018-11-30,2018-12-07,2018-12-13T06:00:00+00:00,UP
2018-12-02,0.05662938887993163,2018-11-30,2018-12-07,2018-12-13T06:00:00+00:00,UP
2018-12-03,0.05662938887993163,2018-11-30,2018-12-07,2018-12-13T06:00:00+00:00,UP
2018-12-04,0.006057787575260765,2018-12-03,2018-12-10,2018-12-18T06:00:00+00:00,FLAT
2018-12-05,-0.015415980014295005,2018-12-04,2018-12-11,2018-12-20T06:00:00+00:00,FLAT
2018-12-06,-0.014676326399282735,2018-12-04,2018-12-12,2018-12-20T06:00:00+00:00,FLAT
2018-12-07,0.020483480813067168,2018-12-06,2018-12-13,2018-12-20T06:00:00+00:00,UP
2018-12-08,-0.04666858499137194,2018-12-07,2018-12-14,2018-12-20T06:00:00+00:00,DOWN
2018-12-09,-0.04666858499137194,2018-12-07,2018-12-14,2018-12-20T06:00:00+00:00,DOWN
2018-12-10,-0.04666858499137194,2018-12-07,2018-12-14,2018-12-20T06:00:00+00:00,DOWN
2018-12-11,-0.046373798986480974,2018-12-10,2018-12-17,2018-12-27T06:00:00+00:00,DOWN
2018-12-12,-0.07522578258001389,2018-12-11,2018-12-18,2018-12-29T06:00:00+00:00,DOWN
2018-12-13,-0.07051758884224679,2018-12-12,2018-12-19,2018-12-29T06:00:00+00:00,DOWN
2018-12-14,-0.10439353479624025,2018-12-13,2018-12-20,2018-12-29T06:00:00+00:00,DOWN
2018-12-15,-0.1132428983511592,2018-12-14,2018-12-21,2018-12-29T06:00:00+00:00,DOWN
2018-12-16,-0.1132428983511592,2018-12-14,2018-12-21,2018-12-29T06:00:00+00:00,DOWN
2018-12-17,-0.1132428983511592,2018-12-14,2018-12-21,2018-12-29T06:00:00+00:00,DOWN
2018-12-18,-0.0971564505511262,2018-12-17,2018-12-21,2018-12-29T06:00:00+00:00,DOWN
2018-12-19,-0.0587747568744742,2018-12-18,2018-12-21,2018-12-29T06:00:00+00:00,DOWN
2018-12-20,-0.066969402799824,2018-12-19,2018-12-26,2019-01-01T06:00:00+00:00,DOWN
2018-12-21,-0.028167786275012374,2018-12-20,2018-12-27,2019-01-01T06:00:00+00:00,DOWN
2018-12-22,-0.03032139409523482,2018-12-21,2018-12-28,2019-01-05T06:00:00+00:00,DOWN
2018-12-23,-0.03032139409523482,2018-12-21,2018-12-28,2019-01-05T06:00:00+00:00,DOWN
2018-12-24,-0.03032139409523482,2018-12-21,2018-12-28,2019-01-05T06:00:00+00:00,DOWN
2018-12-25,-0.03032139409523482,2018-12-21,2018-12-28,2019-01-05T06:00:00+00:00,DOWN
2018-12-26,-0.03032139409523482,2018-12-21,2018-12-28,2019-01-05T06:00:00+00:00,DOWN
2018-12-27,0.03723657134826652,2018-12-26,2019-01-02,2019-01-08T06:00:00+00:00,UP
2018-12-28,0.03468145710789394,2018-12-27,2019-01-03,2019-01-08T06:00:00+00:00,UP
2018-12-29,0.09878483247490855,2018-12-28,2019-01-04,2019-01-10T06:00:00+00:00,UP
2018-12-30,0.09878483247490855,2018-12-28,2019-01-04,2019-01-10T06:00:00+00:00,UP
2018-12-31,0.09878483247490855,2018-12-28,2019-01-04,2019-01-10T06:00:00+00:00,UP
2019-01-01,0.12495663033160764,2018-12-28,2019-01-07,2019-01-16T06:00:00+00:00,UP
2019-01-02,0.12150796317227597,2018-12-28,2019-01-08,2019-01-17T06:00:00+00:00,UP
2019-01-03,0.09219265922149789,2019-01-02,2019-01-09,2019-01-17T06:00:00+00:00,UP
2019-01-04,0.12224075931917522,2019-01-03,2019-01-10,2019-01-17T06:00:00+00:00,UP
2019-01-05,0.04815654674405412,2019-01-04,2019-01-11,2019-01-17T06:00:00+00:00,UP
2019-01-06,0.04815654674405412,2019-01-04,2019-01-11,2019-01-17T06:00:00+00:00,UP
2019-01-07,0.04815654674405412,2019-01-04,2019-01-11,2019-01-17T06:00:00+00:00,UP
2019-01-08,0.023771481112257575,2019-01-07,2019-01-11,2019-01-17T06:00:00+00:00,UP
2019-01-09,0.01667697295279047,2019-01-08,2019-01-15,2019-01-25T06:00:00+00:00,FLAT
2019-01-10,-0.0027524069567863574,2019-01-09,2019-01-16,2019-01-25T06:00:00+00:00,FLAT
2019-01-11,-0.012294485096943086,2019-01-10,2019-01-17,2019-01-25T06:00:00+00:00,FLAT
2019-01-12,0.04988367957558859,2019-01-11,2019-01-18,2019-01-25T06:00:00+00:00,UP
2019-01-13,0.04988367957558859,2019-01-11,2019-01-18,2019-01-25T06:00:00+00:00,UP
2019-01-14,0.04988367957558859,2019-01-11,2019-01-18,2019-01-25T06:00:00+00:00,UP
2019-01-15,0.04988367957558859,2019-01-11,2019-01-18,2019-01-25T06:00:00+00:00,UP
2019-01-16,0.045690625053798284,2019-01-15,2019-01-22,2019-01-29T06:00:00+00:00,UP
2019-01-17,0.02624921909369604,2019-01-16,2019-01-23,2019-01-31T06:00:00+00:00,UP
2019-01-18,0.022225391978260234,2019-01-17,2019-01-24,2019-01-31T06:00:00+00:00,UP
2019-01-19,-0.013501708292058545,2019-01-18,2019-01-25,2019-01-31T06:00:00+00:00,FLAT
2019-01-20,-0.013501708292058545,2019-01-18,2019-01-25,2019-01-31T06:00:00+00:00,FLAT
2019-01-21,-0.013501708292058545,2019-01-18,2019-01-25,2019-01-31T06:00:00+00:00,FLAT
2019-01-22,-0.04221488929271311,2019-01-18,2019-01-28,2019-02-05T06:00:00+00:00,DOWN
2019-01-23,-0.009983363505192133,2019-01-22,2019-01-29,2019-02-07T06:00:00+00:00,FLAT
2019-01-24,0.002083297221521452,2019-01-23,2019-01-30,2019-02-07T06:00:00+00:00,FLAT
2019-01-25,0.00920756764386077,2019-01-24,2019-01-31,2019-02-07T06:00:00+00:00,FLAT
2019-01-26,0.005689098686149974,2019-01-25,2019-02-01,2019-02-07T06:00:00+00:00,FLAT
2019-01-27,0.005689098686149974,2019-01-25,2019-02-01,2019-02-07T06:00:00+00:00,FLAT
2019-01-28,0.005689098686149974,2019-01-25,2019-02-01,2019-02-07T06:00:00+00:00,FLAT
2019-01-29,0.042536333066658605,2019-01-28,2019-02-04,2019-02-12T06:00:00+00:00,UP
2019-01-30,0.013148366879928597,2019-01-29,2019-02-05,2019-02-14T06:00:00+00:00,FLAT
2019-01-31,0.009990585970521382,2019-01-30,2019-02-06,2019-02-14T06:00:00+00:00,FLAT
2019-02-01,-0.01638766065875219,2019-01-31,2019-02-07,2019-02-14T06:00:00+00:00,FLAT
2019-02-02,-0.007921112188813417,2019-02-01,2019-02-08,2019-02-14T06:00:00+00:00,FLAT
2019-02-03,-0.007921112188813417,2019-02-01,2019-02-08,2019-02-14T06:00:00+00:00,FLAT
2019-02-04,-0.007921112188813417,2019-02-01,2019-02-08,2019-02-14T06:00:00+00:00,FLAT
2019-02-05,-0.008395459875208067,2019-02-04,2019-02-11,2019-02-20T06:00:00+00:00,FLAT
2019-02-06,0.019270935374124942,2019-02-05,2019-02-12,2019-02-22T06:00:00+00:00,FLAT
2019-02-07,0.01946959616944688,2019-02-06,2019-02-13,2019-02-22T06:00:00+00:00,FLAT
2019-02-08,0.05344236667711577,2019-02-07,2019-02-14,2019-02-22T06:00:00+00:00,UP
2019-02-09,0.07377072907225624,2019-02-08,2019-02-15,2019-02-22T06:00:00+00:00,UP
2019-02-10,0.07377072907225624,2019-02-08,2019-02-15,2019-02-22T06:00:00+00:00,UP
2019-02-11,0.07377072907225624,2019-02-08,2019-02-15,2019-02-22T06:00:00+00:00,UP
2019-02-12,0.06738245865525094,2019-02-11,2019-02-15,2019-02-22T06:00:00+00:00,UP
2019-02-13,0.04983339188992586,2019-02-12,2019-02-19,2019-02-26T06:00:00+00:00,UP
2019-02-14,0.040350513847861036,2019-02-13,2019-02-19,2019-02-26T06:00:00+00:00,UP
2019-02-15,0.03750162685900382,2019-02-14,2019-02-21,2019-02-28T06:00:00+00:00,UP
2019-02-16,0.010639180120957992,2019-02-15,2019-02-22,2019-02-28T06:00:00+00:00,FLAT
2019-02-17,0.010639180120957992,2019-02-15,2019-02-22,2019-02-28T06:00:00+00:00,FLAT
2019-02-18,0.010639180120957992,2019-02-15,2019-02-22,2019-02-28T06:00:00+00:00,FLAT
2019-02-19,-0.036874193147629186,2019-02-15,2019-02-25,2019-03-05T06:00:00+00:00,DOWN
2019-02-20,-0.028907012866339787,2019-02-19,2019-02-26,2019-03-07T06:00:00+00:00,DOWN
2019-02-21,-0.015579160596324026,2019-02-19,2019-02-27,2019-03-07T06:00:00+00:00,FLAT
2019-02-22,-0.03219073137716577,2019-02-21,2019-02-28,2019-03-07T06:00:00+00:00,DOWN
2019-02-23,-0.04873345914780225,2019-02-22,2019-03-01,2019-03-07T06:00:00+00:00,DOWN
2019-02-24,-0.04873345914780225,2019-02-22,2019-03-01,2019-03-07T06:00:00+00:00,DOWN
2019-02-25,-0.04873345914780225,2019-02-22,2019-03-01,2019-03-07T06:00:00+00:00,DOWN
2019-02-26,0.00958717851751456,2019-02-25,2019-03-04,2019-03-12T05:00:00+00:00,FLAT
2019-02-27,-0.0029960102106985076,2019-02-26,2019-03-05,2019-03-14T05:00:00+00:00,FLAT
2019-02-28,-0.011786178935345948,2019-02-27,2019-03-06,2019-03-14T05:00:00+00:00,FLAT
2019-03-01,4.800418421435637e-05,2019-02-28,2019-03-07,2019-03-14T05:00:00+00:00,FLAT
2019-03-02,0.032959231787801135,2019-03-01,2019-03-08,2019-03-14T05:00:00+00:00,UP
2019-03-03,0.032959231787801135,2019-03-01,2019-03-08,2019-03-14T05:00:00+00:00,UP
2019-03-04,0.032959231787801135,2019-03-01,2019-03-08,2019-03-14T05:00:00+00:00,UP
2019-03-05,0.01218135961102318,2019-03-04,2019-03-11,2019-03-19T05:00:00+00:00,FLAT
2019-03-06,0.017119271825494886,2019-03-05,2019-03-12,2019-03-21T05:00:00+00:00,FLAT
2019-03-07,0.020859256476978505,2019-03-06,2019-03-13,2019-03-21T05:00:00+00:00,UP
2019-03-08,0.022152237916216677,2019-03-07,2019-03-14,2019-03-21T05:00:00+00:00,UP
2019-03-09,0.005774732122706627,2019-03-08,2019-03-15,2019-03-21T05:00:00+00:00,FLAT
2019-03-10,0.005774732122706627,2019-03-08,2019-03-15,2019-03-21T05:00:00+00:00,FLAT
2019-03-11,0.005774732122706627,2019-03-08,2019-03-15,2019-03-21T05:00:00+00:00,FLAT
2019-03-12,0.02300630419624916,2019-03-11,2019-03-18,2019-03-26T05:00:00+00:00,UP
2019-03-13,0.028103967628329896,2019-03-12,2019-03-19,2019-03-28T05:00:00+00:00,UP
2019-03-14,0.03504571246794197,2019-03-13,2019-03-20,2019-03-28T05:00:00+00:00,UP
2019-03-15,0.02808746045840005,2019-03-14,2019-03-21,2019-03-28T05:00:00+00:00,UP
2019-03-16,0.0032156641250031814,2019-03-15,2019-03-22,2019-03-28T05:00:00+00:00,FLAT
2019-03-17,0.0032156641250031814,2019-03-15,2019-03-22,2019-03-28T05:00:00+00:00,FLAT
2019-03-18,0.0032156641250031814,2019-03-15,2019-03-22,2019-03-28T05:00:00+00:00,FLAT
2019-03-19,0.010170205428847057,2019-03-18,2019-03-25,2019-04-02T05:00:00+00:00,FLAT
2019-03-20,0.006245118318427112,2019-03-19,2019-03-26,2019-04-04T05:00:00+00:00,FLAT
2019-03-21,-0.009535565951884206,2019-03-20,2019-03-27,2019-04-04T05:00:00+00:00,FLAT
2019-03-22,-0.026304354405603747,2019-03-21,2019-03-28,2019-04-04T05:00:00+00:00,DOWN
2019-03-23,0.02397689316814766,2019-03-22,2019-03-29,2019-04-04T05:00:00+00:00,UP
2019-03-24,0.02397689316814766,2019-03-22,2019-03-29,2019-04-04T05:00:00+00:00,UP
2019-03-25,0.02397689316814766,2019-03-22,2019-03-29,2019-04-04T05:00:00+00:00,UP
2019-03-26,0.02573379993264724,2019-03-25,2019-04-01,2019-04-09T05:00:00+00:00,UP
2019-03-27,0.033342391066656374,2019-03-26,2019-04-02,2019-04-11T05:00:00+00:00,UP
2019-03-28,0.02511136354139265,2019-03-27,2019-04-03,2019-04-11T05:00:00+00:00,UP
2019-03-29,0.05294063755767375,2019-03-28,2019-04-04,2019-04-11T05:00:00+00:00,UP
2019-03-30,0.030515814304506117,2019-03-29,2019-04-05,2019-04-11T05:00:00+00:00,UP
2019-03-31,0.030515814304506117,2019-03-29,2019-04-05,2019-04-11T05:00:00+00:00,UP
2019-04-01,0.030515814304506117,2019-03-29,2019-04-05,2019-04-11T05:00:00+00:00,UP
2019-04-02,0.030390174051112773,2019-04-01,2019-04-08,2019-04-16T05:00:00+00:00,UP
2019-04-03,0.017532632489566824,2019-04-02,2019-04-09,2019-04-18T05:00:00+00:00,FLAT
2019-04-04,0.03581440347962128,2019-04-03,2019-04-10,2019-04-18T05:00:00+00:00,UP
2019-04-05,0.021809343797436265,2019-04-04,2019-04-11,2019-04-18T05:00:00+00:00,UP
2019-04-06,0.02127355839659706,2019-04-05,2019-04-12,2019-04-18T05:00:00+00:00,UP
2019-04-07,0.02127355839659706,2019-04-05,2019-04-12,2019-04-18T05:00:00+00:00,UP
2019-04-08,0.02127355839659706,2019-04-05,2019-04-12,2019-04-18T05:00:00+00:00,UP
2019-04-09,-0.004369964341431221,2019-04-08,2019-04-15,2019-04-23T05:00:00+00:00,FLAT
2019-04-10,-0.003927709453775963,2019-04-09,2019-04-16,2019-04-25T05:00:00+00:00,FLAT
2019-04-11,-0.011026137688676996,2019-04-10,2019-04-17,2019-04-25T05:00:00+00:00,FLAT
2019-04-12,-0.009854262945672376,2019-04-11,2019-04-18,2019-04-25T05:00:00+00:00,FLAT
2019-04-13,-0.011397235082555857,2019-04-12,2019-04-18,2019-04-25T05:00:00+00:00,FLAT
2019-04-14,-0.011397235082555857,2019-04-12,2019-04-18,2019-04-25T05:00:00+00:00,FLAT
2019-04-15,-0.011397235082555857,2019-04-12,2019-04-18,2019-04-25T05:00:00+00:00,FLAT
2019-04-16,-0.0020850548832354043,2019-04-15,2019-04-22,2019-04-30T05:00:00+00:00,FLAT
2019-04-17,0.053744091672883965,2019-04-16,2019-04-23,2019-05-02T05:00:00+00:00,UP
2019-04-18,0.03965232369639193,2019-04-17,2019-04-24,2019-05-02T05:00:00+00:00,UP
2019-04-19,0.06514611604027354,2019-04-18,2019-04-25,2019-05-02T05:00:00+00:00,UP
2019-04-20,0.007535464500096456,2019-04-18,2019-04-26,2019-05-02T05:00:00+00:00,FLAT
2019-04-21,0.007535464500096456,2019-04-18,2019-04-26,2019-05-02T05:00:00+00:00,FLAT
2019-04-22,0.007535464500096456,2019-04-18,2019-04-26,2019-05-02T05:00:00+00:00,FLAT
2019-04-23,0.01051430411756571,2019-04-22,2019-04-29,2019-05-07T05:00:00+00:00,FLAT
2019-04-24,-0.02815969384693151,2019-04-23,2019-04-30,2019-05-09T05:00:00+00:00,DOWN
2019-04-25,-0.019839595512533115,2019-04-24,2019-05-01,2019-05-09T05:00:00+00:00,FLAT
2019-04-26,-0.059577995541884254,2019-04-25,2019-05-02,2019-05-09T05:00:00+00:00,DOWN
2019-04-27,0.013780316478007038,2019-04-26,2019-05-03,2019-05-09T05:00:00+00:00,FLAT
2019-04-28,0.013780316478007038,2019-04-26,2019-05-03,2019-05-09T05:00:00+00:00,FLAT
2019-04-29,0.013780316478007038,2019-04-26,2019-05-03,2019-05-09T05:00:00+00:00,FLAT
2019-04-30,0.014301012208187691,2019-04-29,2019-05-06,2019-05-14T05:00:00+00:00,FLAT
2019-05-01,-0.010804691030101732,2019-04-30,2019-05-07,2019-05-16T05:00:00+00:00,FLAT
2019-05-02,-0.005458236070479572,2019-05-01,2019-05-08,2019-05-16T05:00:00+00:00,FLAT
2019-05-03,0.014366059476049964,2019-05-02,2019-05-09,2019-05-16T05:00:00+00:00,FLAT
2019-05-04,0.008562939256615554,2019-05-03,2019-05-10,2019-05-16T05:00:00+00:00,FLAT
2019-05-05,0.008562939256615554,2019-05-03,2019-05-10,2019-05-16T05:00:00+00:00,FLAT
2019-05-06,0.008562939256615554,2019-05-03,2019-05-10,2019-05-16T05:00:00+00:00,FLAT
2019-05-07,0.02285869144711361,2019-05-06,2019-05-13,2019-05-21T05:00:00+00:00,UP
2019-05-08,0.03664702680557319,2019-05-07,2019-05-14,2019-05-23T05:00:00+00:00,UP
2019-05-09,0.04214136201738872,2019-05-08,2019-05-15,2019-05-23T05:00:00+00:00,UP
2019-05-10,0.06685143388805348,2019-05-09,2019-05-16,2019-05-23T05:00:00+00:00,UP
2019-05-11,0.046851287902644145,2019-05-10,2019-05-17,2019-05-23T05:00:00+00:00,UP
2019-05-12,0.046851287902644145,2019-05-10,2019-05-17,2019-05-23T05:00:00+00:00,UP
2019-05-13,0.046851287902644145,2019-05-10,2019-05-17,2019-05-23T05:00:00+00:00,UP
2019-05-14,0.01697810080112694,2019-05-13,2019-05-20,2019-05-29T05:00:00+00:00,FLAT
2019-05-15,0.009603053206389767,2019-05-14,2019-05-21,2019-05-31T05:00:00+00:00,FLAT
2019-05-16,-0.011266728766605505,2019-05-15,2019-05-22,2019-05-31T05:00:00+00:00,FLAT
2019-05-17,-0.08134821363557454,2019-05-16,2019-05-23,2019-05-31T05:00:00+00:00,DOWN
2019-05-18,-0.08306445394387929,2019-05-17,2019-05-24,2019-05-31T05:00:00+00:00,DOWN
2019-05-19,-0.08306445394387929,2019-05-17,2019-05-24,2019-05-31T05:00:00+00:00,DOWN
2019-05-20,-0.08306445394387929,2019-05-17,2019-05-24,2019-05-31T05:00:00+00:00,DOWN
2019-05-21,-0.07297000945907672,2019-05-20,2019-05-24,2019-05-31T05:00:00+00:00,DOWN
2019-05-22,-0.03671213097923731,2019-05-21,2019-05-28,2019-06-04T05:00:00+00:00,DOWN
2019-05-23,-0.016876156898205874,2019-05-22,2019-05-29,2019-06-06T05:00:00+00:00,FLAT
2019-05-24,0.016139983489581677,2019-05-23,2019-05-30,2019-06-06T05:00:00+00:00,FLAT
2019-05-25,-0.017225124374147804,2019-05-24,2019-05-31,2019-06-06T05:00:00+00:00,FLAT
2019-05-26,-0.017225124374147804,2019-05-24,2019-05-31,2019-06-06T05:00:00+00:00,FLAT
2019-05-27,-0.017225124374147804,2019-05-24,2019-05-31,2019-06-06T05:00:00+00:00,FLAT
2019-05-28,-0.07048576837765663,2019-05-24,2019-06-03,2019-06-11T05:00:00+00:00,DOWN
2019-05-29,-0.09453655386397875,2019-05-28,2019-06-04,2019-06-13T05:00:00+00:00,DOWN
2019-05-30,-0.12101549031534642,2019-05-29,2019-06-05,2019-06-13T05:00:00+00:00,DOWN
2019-05-31,-0.09655529654828132,2019-05-30,2019-06-06,2019-06-13T05:00:00+00:00,DOWN
2019-06-01,-0.039714605211125464,2019-05-31,2019-06-07,2019-06-13T05:00:00+00:00,DOWN
2019-06-02,-0.039714605211125464,2019-05-31,2019-06-07,2019-06-13T05:00:00+00:00,DOWN
2019-06-03,-0.039714605211125464,2019-05-31,2019-06-07,2019-06-13T05:00:00+00:00,DOWN
2019-06-04,0.02219040135451089,2019-06-03,2019-06-10,2019-06-18T05:00:00+00:00,UP
2019-06-05,0.0005067176279824892,2019-06-04,2019-06-11,2019-06-20T05:00:00+00:00,FLAT
2019-06-06,-0.00661851754263898,2019-06-05,2019-06-12,2019-06-20T05:00:00+00:00,FLAT
2019-06-07,0.010022011646607876,2019-06-06,2019-06-13,2019-06-20T05:00:00+00:00,FLAT
2019-06-08,-0.012422890069084591,2019-06-07,2019-06-14,2019-06-20T05:00:00+00:00,FLAT
2019-06-09,-0.012422890069084591,2019-06-07,2019-06-14,2019-06-20T05:00:00+00:00,FLAT
2019-06-10,-0.012422890069084591,2019-06-07,2019-06-14,2019-06-20T05:00:00+00:00,FLAT
2019-06-11,-0.027871716444757055,2019-06-10,2019-06-17,2019-06-25T05:00:00+00:00,DOWN
2019-06-12,-0.004818327755675256,2019-06-11,2019-06-18,2019-06-27T05:00:00+00:00,FLAT
2019-06-13,0.016867602824555572,2019-06-12,2019-06-19,2019-06-27T05:00:00+00:00,FLAT
2019-06-14,0.023645045074139004,2019-06-13,2019-06-20,2019-06-27T05:00:00+00:00,UP
2019-06-15,0.03683488627480869,2019-06-14,2019-06-21,2019-06-27T05:00:00+00:00,UP
2019-06-16,0.03683488627480869,2019-06-14,2019-06-21,2019-06-27T05:00:00+00:00,UP
2019-06-17,0.03683488627480869,2019-06-14,2019-06-21,2019-06-27T05:00:00+00:00,UP
2019-06-18,0.034145203882492536,2019-06-17,2019-06-24,2019-07-02T05:00:00+00:00,UP
2019-06-19,0.04242219212524345,2019-06-18,2019-06-25,2019-07-04T05:00:00+00:00,UP
2019-06-20,0.06032915193727795,2019-06-19,2019-06-26,2019-07-04T05:00:00+00:00,UP
2019-06-21,0.024230387368717077,2019-06-20,2019-06-27,2019-07-04T05:00:00+00:00,UP
2019-06-22,0.02264905484021007,2019-06-21,2019-06-28,2019-07-04T05:00:00+00:00,UP
2019-06-23,0.02264905484021007,2019-06-21,2019-06-28,2019-07-04T05:00:00+00:00,UP
2019-06-24,0.02264905484021007,2019-06-21,2019-06-28,2019-07-04T05:00:00+00:00,UP
2019-06-25,-0.004858540619442131,2019-06-24,2019-07-01,2019-07-09T05:00:00+00:00,FLAT
2019-06-26,-0.054158654756053415,2019-06-25,2019-07-02,2019-07-11T05:00:00+00:00,DOWN
2019-06-27,-0.04931800439705436,2019-06-26,2019-07-03,2019-07-11T05:00:00+00:00,DOWN
2019-06-28,-0.048058518952381446,2019-06-27,2019-07-03,2019-07-11T05:00:00+00:00,DOWN
2019-06-29,-0.04491566578530415,2019-06-28,2019-07-05,2019-07-11T05:00:00+00:00,DOWN
2019-06-30,-0.04491566578530415,2019-06-28,2019-07-05,2019-07-11T05:00:00+00:00,DOWN
2019-07-01,-0.04491566578530415,2019-06-28,2019-07-05,2019-07-11T05:00:00+00:00,DOWN
2019-07-02,0.001446095020623428,2019-07-01,2019-07-08,2019-07-16T05:00:00+00:00,FLAT
2019-07-03,0.02741426274222003,2019-07-02,2019-07-09,2019-07-18T05:00:00+00:00,UP
2019-07-04,0.04379847437429696,2019-07-03,2019-07-10,2019-07-18T05:00:00+00:00,UP
2019-07-05,0.06277508780690266,2019-07-03,2019-07-11,2019-07-18T05:00:00+00:00,UP
2019-07-06,0.035734981924486986,2019-07-05,2019-07-12,2019-07-18T05:00:00+00:00,UP
2019-07-07,0.035734981924486986,2019-07-05,2019-07-12,2019-07-18T05:00:00+00:00,UP
2019-07-08,0.035734981924486986,2019-07-05,2019-07-12,2019-07-18T05:00:00+00:00,UP
2019-07-09,0.029775067280019885,2019-07-08,2019-07-15,2019-07-23T05:00:00+00:00,UP
2019-07-10,0.02273586376120562,2019-07-09,2019-07-16,2019-07-25T05:00:00+00:00,UP
2019-07-11,-0.04089603060714675,2019-07-10,2019-07-17,2019-07-25T05:00:00+00:00,DOWN
2019-07-12,-0.10121701622288204,2019-07-11,2019-07-18,2019-07-25T05:00:00+00:00,DOWN
2019-07-13,-0.08395804689878217,2019-07-12,2019-07-19,2019-07-25T05:00:00+00:00,DOWN
2019-07-14,-0.08395804689878217,2019-07-12,2019-07-19,2019-07-25T05:00:00+00:00,DOWN
2019-07-15,-0.08395804689878217,2019-07-12,2019-07-19,2019-07-25T05:00:00+00:00,DOWN
2019-07-16,-0.07282929149927109,2019-07-15,2019-07-22,2019-07-30T05:00:00+00:00,DOWN
2019-07-17,-0.05403371873455243,2019-07-16,2019-07-23,2019-08-01T05:00:00+00:00,DOWN
2019-07-18,0.0023087529089267367,2019-07-17,2019-07-24,2019-08-01T05:00:00+00:00,FLAT
2019-07-19,0.04450940592584485,2019-07-18,2019-07-25,2019-08-01T05:00:00+00:00,UP
2019-07-20,0.022861932437490573,2019-07-19,2019-07-26,2019-08-01T05:00:00+00:00,UP
2019-07-21,0.022861932437490573,2019-07-19,2019-07-26,2019-08-01T05:00:00+00:00,UP
2019-07-22,0.022861932437490573,2019-07-19,2019-07-26,2019-08-01T05:00:00+00:00,UP
2019-07-23,0.007137862577812681,2019-07-22,2019-07-29,2019-08-06T05:00:00+00:00,FLAT
2019-07-24,0.005006890248703488,2019-07-23,2019-07-30,2019-08-08T05:00:00+00:00,FLAT
2019-07-25,0.005454417644773946,2019-07-24,2019-07-31,2019-08-08T05:00:00+00:00,FLAT
2019-07-26,-0.005259646876225821,2019-07-25,2019-08-01,2019-08-08T05:00:00+00:00,FLAT
2019-07-27,-0.012889583345116695,2019-07-26,2019-08-02,2019-08-08T05:00:00+00:00,FLAT
2019-07-28,-0.012889583345116695,2019-07-26,2019-08-02,2019-08-08T05:00:00+00:00,FLAT
2019-07-29,-0.012889583345116695,2019-07-26,2019-08-02,2019-08-08T05:00:00+00:00,FLAT
2019-07-30,-0.026209592223254474,2019-07-29,2019-08-05,2019-08-13T05:00:00+00:00,DOWN
2019-07-31,-0.04416374560921055,2019-07-30,2019-08-06,2019-08-15T05:00:00+00:00,DOWN
2019-08-01,-0.11914671745833272,2019-07-31,2019-08-07,2019-08-15T05:00:00+00:00,DOWN
2019-08-02,-0.08604012208543965,2019-08-01,2019-08-08,2019-08-15T05:00:00+00:00,DOWN
2019-08-03,-0.044769773609085406,2019-08-02,2019-08-09,2019-08-15T05:00:00+00:00,DOWN
2019-08-04,-0.044769773609085406,2019-08-02,2019-08-09,2019-08-15T05:00:00+00:00,DOWN
2019-08-05,-0.044769773609085406,2019-08-02,2019-08-09,2019-08-15T05:00:00+00:00,DOWN
2019-08-06,-0.035592960434294496,2019-08-05,2019-08-12,2019-08-20T05:00:00+00:00,DOWN
2019-08-07,0.02502352554126941,2019-08-06,2019-08-13,2019-08-22T05:00:00+00:00,UP
2019-08-08,0.045945350174939614,2019-08-07,2019-08-14,2019-08-22T05:00:00+00:00,UP
2019-08-09,0.017551375416651194,2019-08-08,2019-08-15,2019-08-22T05:00:00+00:00,FLAT
2019-08-10,0.025499249789156186,2019-08-09,2019-08-16,2019-08-22T05:00:00+00:00,UP
2019-08-11,0.025499249789156186,2019-08-09,2019-08-16,2019-08-22T05:00:00+00:00,UP
2019-08-12,0.025499249789156186,2019-08-09,2019-08-16,2019-08-22T05:00:00+00:00,UP
2019-08-13,0.04538903064802269,2019-08-12,2019-08-19,2019-08-27T05:00:00+00:00,UP
2019-08-14,-0.012089309492694156,2019-08-13,2019-08-20,2019-08-29T05:00:00+00:00,FLAT
2019-08-15,0.05330657071929101,2019-08-14,2019-08-21,2019-08-29T05:00:00+00:00,UP
2019-08-16,0.049972612438154984,2019-08-15,2019-08-22,2019-08-29T05:00:00+00:00,UP
2019-08-17,0.0011676676615235415,2019-08-16,2019-08-23,2019-08-29T05:00:00+00:00,FLAT
2019-08-18,0.0011676676615235415,2019-08-16,2019-08-23,2019-08-29T05:00:00+00:00,FLAT
2019-08-19,0.0011676676615235415,2019-08-16,2019-08-23,2019-08-29T05:00:00+00:00,FLAT
2019-08-20,-0.005266566526106797,2019-08-19,2019-08-26,2019-09-04T05:00:00+00:00,FLAT
2019-08-21,0.004112552913267509,2019-08-20,2019-08-27,2019-09-06T05:00:00+00:00,FLAT
2019-08-22,0.011217925666658912,2019-08-21,2019-08-28,2019-09-06T05:00:00+00:00,FLAT
2019-08-23,0.02169439130108608,2019-08-22,2019-08-29,2019-09-06T05:00:00+00:00,UP
2019-08-24,0.04995333353439668,2019-08-23,2019-08-30,2019-09-06T05:00:00+00:00,UP
2019-08-25,0.04995333353439668,2019-08-23,2019-08-30,2019-09-06T05:00:00+00:00,UP
2019-08-26,0.04995333353439668,2019-08-23,2019-08-30,2019-09-06T05:00:00+00:00,UP
2019-08-27,0.041510007145542094,2019-08-26,2019-08-30,2019-09-06T05:00:00+00:00,UP
2019-08-28,-0.006193444397282755,2019-08-27,2019-09-03,2019-09-10T05:00:00+00:00,FLAT
2019-08-29,0.0016672444246355056,2019-08-28,2019-09-04,2019-09-12T05:00:00+00:00,FLAT
2019-08-30,0.0353167673203032,2019-08-29,2019-09-05,2019-09-12T05:00:00+00:00,UP
2019-08-31,-0.0018495691003928005,2019-08-30,2019-09-06,2019-09-12T05:00:00+00:00,FLAT
2019-09-01,-0.0018495691003928005,2019-08-30,2019-09-06,2019-09-12T05:00:00+00:00,FLAT
2019-09-02,-0.0018495691003928005,2019-08-30,2019-09-06,2019-09-12T05:00:00+00:00,FLAT
2019-09-03,0.043449471927623495,2019-08-30,2019-09-09,2019-09-17T05:00:00+00:00,UP
2019-09-04,0.10600587080684276,2019-09-03,2019-09-10,2019-09-19T05:00:00+00:00,UP
2019-09-05,0.0343906748156948,2019-09-04,2019-09-11,2019-09-19T05:00:00+00:00,UP
2019-09-06,-0.0401749003290216,2019-09-05,2019-09-12,2019-09-19T05:00:00+00:00,DOWN
2019-09-07,-0.0057870415828583655,2019-09-06,2019-09-13,2019-09-19T05:00:00+00:00,FLAT
2019-09-08,-0.0057870415828583655,2019-09-06,2019-09-13,2019-09-19T05:00:00+00:00,FLAT
2019-09-09,-0.0057870415828583655,2019-09-06,2019-09-13,2019-09-19T05:00:00+00:00,FLAT
2019-09-10,0.060956213777873414,2019-09-09,2019-09-16,2019-09-24T05:00:00+00:00,UP
2019-09-11,0.011145787482874425,2019-09-10,2019-09-17,2019-09-26T05:00:00+00:00,FLAT
2019-09-12,0.015793748849229905,2019-09-11,2019-09-18,2019-09-26T05:00:00+00:00,FLAT
2019-09-13,0.06000849631389138,2019-09-12,2019-09-19,2019-09-26T05:00:00+00:00,UP
2019-09-14,0.06731263077071303,2019-09-13,2019-09-20,2019-09-26T05:00:00+00:00,UP
2019-09-15,0.06731263077071303,2019-09-13,2019-09-20,2019-09-26T05:00:00+00:00,UP
2019-09-16,0.06731263077071303,2019-09-13,2019-09-20,2019-09-26T05:00:00+00:00,UP
2019-09-17,-0.0481469521581972,2019-09-16,2019-09-23,2019-10-01T05:00:00+00:00,DOWN
2019-09-18,-0.0190465503818551,2019-09-17,2019-09-24,2019-10-03T05:00:00+00:00,FLAT
2019-09-19,-0.02288486841024162,2019-09-18,2019-09-25,2019-10-03T05:00:00+00:00,DOWN
2019-09-20,-0.02913103270080397,2019-09-19,2019-09-26,2019-10-03T05:00:00+00:00,DOWN
2019-09-21,-0.037984532202247734,2019-09-20,2019-09-27,2019-10-03T05:00:00+00:00,DOWN
2019-09-22,-0.037984532202247734,2019-09-20,2019-09-27,2019-10-03T05:00:00+00:00,DOWN
2019-09-23,-0.037984532202247734,2019-09-20,2019-09-27,2019-10-03T05:00:00+00:00,DOWN
2019-09-24,-0.05266302563617187,2019-09-23,2019-09-30,2019-10-08T05:00:00+00:00,DOWN
2019-09-25,-0.0590545460718076,2019-09-24,2019-10-01,2019-10-10T05:00:00+00:00,DOWN
2019-09-26,-0.06986138341906101,2019-09-25,2019-10-02,2019-10-10T05:00:00+00:00,DOWN
2019-09-27,-0.06329327357542547,2019-09-26,2019-10-03,2019-10-10T05:00:00+00:00,DOWN
2019-09-28,-0.05022858121979179,2019-09-27,2019-10-04,2019-10-10T05:00:00+00:00,DOWN
2019-09-29,-0.05022858121979179,2019-09-27,2019-10-04,2019-10-10T05:00:00+00:00,DOWN
2019-09-30,-0.05022858121979179,2019-09-27,2019-10-04,2019-10-10T05:00:00+00:00,DOWN
2019-10-01,-0.02514063787427978,2019-09-30,2019-10-07,2019-10-16T05:00:00+00:00,DOWN
2019-10-02,-0.032658777149704,2019-10-01,2019-10-08,2019-10-18T05:00:00+00:00,DOWN
2019-10-03,0.028467903461284694,2019-10-02,2019-10-09,2019-10-18T05:00:00+00:00,UP
2019-10-04,0.013885297838797106,2019-10-03,2019-10-10,2019-10-18T05:00:00+00:00,FLAT
2019-10-05,0.016017617288959896,2019-10-04,2019-10-11,2019-10-18T05:00:00+00:00,FLAT
2019-10-06,0.016017617288959896,2019-10-04,2019-10-11,2019-10-18T05:00:00+00:00,FLAT
2019-10-07,0.016017617288959896,2019-10-04,2019-10-11,2019-10-18T05:00:00+00:00,FLAT
2019-10-08,0.010378770775247181,2019-10-07,2019-10-11,2019-10-18T05:00:00+00:00,FLAT
2019-10-09,0.00939333271086129,2019-10-08,2019-10-15,2019-10-22T05:00:00+00:00,FLAT
2019-10-10,-0.012215714277258871,2019-10-09,2019-10-16,2019-10-24T05:00:00+00:00,FLAT
2019-10-11,-0.0008937656835522612,2019-10-10,2019-10-17,2019-10-24T05:00:00+00:00,FLAT
2019-10-12,-0.011277488732064467,2019-10-11,2019-10-18,2019-10-24T05:00:00+00:00,FLAT
2019-10-13,-0.011277488732064467,2019-10-11,2019-10-18,2019-10-24T05:00:00+00:00,FLAT
2019-10-14,-0.011277488732064467,2019-10-11,2019-10-18,2019-10-24T05:00:00+00:00,FLAT
2019-10-15,-0.028714629188215435,2019-10-11,2019-10-21,2019-10-29T05:00:00+00:00,DOWN
2019-10-16,0.02136711278538983,2019-10-15,2019-10-22,2019-10-31T05:00:00+00:00,UP
2019-10-17,0.016313771591675685,2019-10-16,2019-10-23,2019-10-31T05:00:00+00:00,FLAT
2019-10-18,0.03855928604689063,2019-10-17,2019-10-24,2019-10-31T05:00:00+00:00,UP
2019-10-19,0.032713714140053085,2019-10-18,2019-10-25,2019-10-31T05:00:00+00:00,UP
2019-10-20,0.032713714140053085,2019-10-18,2019-10-25,2019-10-31T05:00:00+00:00,UP
2019-10-21,0.032713714140053085,2019-10-18,2019-10-25,2019-10-31T05:00:00+00:00,UP
2019-10-22,0.02329804483993736,2019-10-21,2019-10-28,2019-11-05T06:00:00+00:00,UP
2019-10-23,0.0075792905953586676,2019-10-22,2019-10-29,2019-11-07T06:00:00+00:00,FLAT
2019-10-24,-0.006126451174850556,2019-10-23,2019-10-30,2019-11-07T06:00:00+00:00,FLAT
2019-10-25,-0.043200101687571935,2019-10-24,2019-10-31,2019-11-07T06:00:00+00:00,DOWN
2019-10-26,-0.03428334036310521,2019-10-25,2019-11-01,2019-11-07T06:00:00+00:00,DOWN
2019-10-27,-0.03428334036310521,2019-10-25,2019-11-01,2019-11-07T06:00:00+00:00,DOWN
2019-10-28,-0.03428334036310521,2019-10-25,2019-11-01,2019-11-07T06:00:00+00:00,DOWN
2019-10-29,0.02985047453333456,2019-10-28,2019-11-04,2019-11-13T06:00:00+00:00,UP
2019-10-30,0.019022956539055835,2019-10-29,2019-11-05,2019-11-15T06:00:00+00:00,FLAT
2019-10-31,0.02300704865533909,2019-10-30,2019-11-06,2019-11-15T06:00:00+00:00,UP
2019-11-01,0.04645455260577025,2019-10-31,2019-11-07,2019-11-15T06:00:00+00:00,UP
2019-11-02,0.02435153604124385,2019-11-01,2019-11-08,2019-11-15T06:00:00+00:00,UP
2019-11-03,0.02435153604124385,2019-11-01,2019-11-08,2019-11-15T06:00:00+00:00,UP
2019-11-04,0.02435153604124385,2019-11-01,2019-11-08,2019-11-15T06:00:00+00:00,UP
2019-11-05,-0.01319816634494897,2019-11-04,2019-11-08,2019-11-15T06:00:00+00:00,FLAT
2019-11-06,-0.008676629861870344,2019-11-05,2019-11-12,2019-11-19T06:00:00+00:00,FLAT
2019-11-07,0.006229986480835947,2019-11-06,2019-11-13,2019-11-21T06:00:00+00:00,FLAT
2019-11-08,0.0038989533153226397,2019-11-07,2019-11-14,2019-11-21T06:00:00+00:00,FLAT
2019-11-09,0.023056856717824648,2019-11-08,2019-11-15,2019-11-21T06:00:00+00:00,UP
2019-11-10,0.023056856717824648,2019-11-08,2019-11-15,2019-11-21T06:00:00+00:00,UP
2019-11-11,0.023056856717824648,2019-11-08,2019-11-15,2019-11-21T06:00:00+00:00,UP
2019-11-12,0.01745518483574937,2019-11-08,2019-11-18,2019-11-26T06:00:00+00:00,FLAT
2019-11-13,0.005714128622081205,2019-11-12,2019-11-19,2019-11-28T06:00:00+00:00,FLAT
2019-11-14,0.02633583817490126,2019-11-13,2019-11-20,2019-11-28T06:00:00+00:00,UP
2019-11-15,0.04184000076453209,2019-11-14,2019-11-21,2019-11-28T06:00:00+00:00,UP
2019-11-16,0.028434895920781633,2019-11-15,2019-11-22,2019-11-28T06:00:00+00:00,UP
2019-11-17,0.028434895920781633,2019-11-15,2019-11-22,2019-11-28T06:00:00+00:00,UP
2019-11-18,0.028434895920781633,2019-11-15,2019-11-22,2019-11-28T06:00:00+00:00,UP
2019-11-19,0.030958676327934143,2019-11-18,2019-11-25,2019-12-03T06:00:00+00:00,UP
2019-11-20,0.04011001922183244,2019-11-19,2019-11-26,2019-12-05T06:00:00+00:00,UP
2019-11-21,0.018351641926625195,2019-11-20,2019-11-27,2019-12-05T06:00:00+00:00,FLAT
2019-11-22,0.0005442965856277127,2019-11-21,2019-11-27,2019-12-05T06:00:00+00:00,FLAT
2019-11-23,-0.006235126409213643,2019-11-22,2019-11-29,2019-12-05T06:00:00+00:00,FLAT
2019-11-24,-0.006235126409213643,2019-11-22,2019-11-29,2019-12-05T06:00:00+00:00,FLAT
2019-11-25,-0.006235126409213643,2019-11-22,2019-11-29,2019-12-05T06:00:00+00:00,FLAT
2019-11-26,-0.02230014348726872,2019-11-25,2019-12-02,2019-12-10T06:00:00+00:00,DOWN
2019-11-27,-0.02484403304078897,2019-11-26,2019-12-03,2019-12-12T06:00:00+00:00,DOWN
2019-11-28,0.006366933574985856,2019-11-27,2019-12-04,2019-12-12T06:00:00+00:00,FLAT
2019-11-29,0.012212469075391308,2019-11-27,2019-12-05,2019-12-12T06:00:00+00:00,FLAT
2019-11-30,0.03159431833266946,2019-11-29,2019-12-06,2019-12-12T06:00:00+00:00,UP
2019-12-01,0.03159431833266946,2019-11-29,2019-12-06,2019-12-12T06:00:00+00:00,UP
2019-12-02,0.03159431833266946,2019-11-29,2019-12-06,2019-12-12T06:00:00+00:00,UP
2019-12-03,0.05140025575447549,2019-12-02,2019-12-09,2019-12-17T06:00:00+00:00,UP
2019-12-04,0.053297440149964403,2019-12-03,2019-12-10,2019-12-19T06:00:00+00:00,UP
2019-12-05,0.0003467468552607045,2019-12-04,2019-12-11,2019-12-19T06:00:00+00:00,FLAT
2019-12-06,0.007733603027839875,2019-12-05,2019-12-12,2019-12-19T06:00:00+00:00,FLAT
2019-12-07,0.008037378942323592,2019-12-06,2019-12-13,2019-12-19T06:00:00+00:00,FLAT
2019-12-08,0.008037378942323592,2019-12-06,2019-12-13,2019-12-19T06:00:00+00:00,FLAT
2019-12-09,0.008037378942323592,2019-12-06,2019-12-13,2019-12-19T06:00:00+00:00,FLAT
2019-12-10,0.017272997466414752,2019-12-09,2019-12-16,2019-12-24T06:00:00+00:00,FLAT
2019-12-11,0.03103301900712463,2019-12-10,2019-12-17,2019-12-28T06:00:00+00:00,UP
2019-12-12,0.05203266502326809,2019-12-11,2019-12-18,2019-12-28T06:00:00+00:00,UP
2019-12-13,0.04801929728325871,2019-12-12,2019-12-19,2019-12-28T06:00:00+00:00,UP
2019-12-14,0.020099398991717532,2019-12-13,2019-12-20,2019-12-28T06:00:00+00:00,UP
2019-12-15,0.020099398991717532,2019-12-13,2019-12-20,2019-12-28T06:00:00+00:00,UP
2019-12-16,0.020099398991717532,2019-12-13,2019-12-20,2019-12-28T06:00:00+00:00,UP
2019-12-17,-0.0052036723295876275,2019-12-16,2019-12-23,2019-12-31T06:00:00+00:00,FLAT
2019-12-18,0.005305404231390254,2019-12-17,2019-12-24,2019-12-31T06:00:00+00:00,FLAT
2019-12-19,0.002526268217981631,2019-12-18,2019-12-24,2019-12-31T06:00:00+00:00,FLAT
2019-12-20,-0.0084108004548481,2019-12-19,2019-12-26,2019-12-31T06:00:00+00:00,FLAT
2019-12-21,0.0020797228563951276,2019-12-20,2019-12-27,2020-01-09T06:00:00+00:00,FLAT
2019-12-22,0.0020797228563951276,2019-12-20,2019-12-27,2020-01-09T06:00:00+00:00,FLAT
2019-12-23,0.0020797228563951276,2019-12-20,2019-12-27,2020-01-09T06:00:00+00:00,FLAT
2019-12-24,0.008249561078515155,2019-12-23,2019-12-30,2020-01-09T06:00:00+00:00,FLAT
2019-12-25,-0.027741803261662312,2019-12-24,2019-12-31,2020-01-09T06:00:00+00:00,DOWN
2019-12-26,-0.027741803261662312,2019-12-24,2019-12-31,2020-01-09T06:00:00+00:00,DOWN
2019-12-27,-0.03615761686889196,2019-12-26,2020-01-02,2020-01-09T06:00:00+00:00,DOWN
2019-12-28,-0.001903778159968006,2019-12-27,2020-01-03,2020-01-09T06:00:00+00:00,FLAT
2019-12-29,-0.001903778159968006,2019-12-27,2020-01-03,2020-01-09T06:00:00+00:00,FLAT
2019-12-30,-0.001903778159968006,2019-12-27,2020-01-03,2020-01-09T06:00:00+00:00,FLAT
2019-12-31,0.02685746153287738,2019-12-30,2020-01-06,2020-01-14T06:00:00+00:00,UP
2020-01-01,0.011763421044049815,2019-12-31,2020-01-07,2020-01-16T06:00:00+00:00,FLAT
2020-01-02,-0.009227253193042961,2019-12-31,2020-01-08,2020-01-16T06:00:00+00:00,FLAT
2020-01-03,-0.011757774034761415,2020-01-02,2020-01-09,2020-01-16T06:00:00+00:00,FLAT
2020-01-04,-0.039975836983498714,2020-01-03,2020-01-10,2020-01-16T06:00:00+00:00,DOWN
2020-01-05,-0.039975836983498714,2020-01-03,2020-01-10,2020-01-16T06:00:00+00:00,DOWN
2020-01-06,-0.039975836983498714,2020-01-03,2020-01-10,2020-01-16T06:00:00+00:00,DOWN
2020-01-07,-0.09777446317550731,2020-01-06,2020-01-13,2020-01-22T06:00:00+00:00,DOWN
2020-01-08,-0.0705910412933679,2020-01-07,2020-01-14,2020-01-24T06:00:00+00:00,DOWN
2020-01-09,-0.06714330217654685,2020-01-08,2020-01-15,2020-01-24T06:00:00+00:00,DOWN
2020-01-10,-0.036851081318062584,2020-01-09,2020-01-16,2020-01-24T06:00:00+00:00,DOWN
2020-01-11,-0.048904280905288755,2020-01-10,2020-01-17,2020-01-24T06:00:00+00:00,DOWN
2020-01-12,-0.048904280905288755,2020-01-10,2020-01-17,2020-01-24T06:00:00+00:00,DOWN
2020-01-13,-0.048904280905288755,2020-01-10,2020-01-17,2020-01-24T06:00:00+00:00,DOWN
2020-01-14,-0.006256786463842312,2020-01-13,2020-01-17,2020-01-24T06:00:00+00:00,FLAT
2020-01-15,-0.009215575008357124,2020-01-14,2020-01-21,2020-01-28T06:00:00+00:00,FLAT
2020-01-16,-0.016636016918804786,2020-01-15,2020-01-22,2020-01-30T06:00:00+00:00,FLAT
2020-01-17,-0.04394196235094683,2020-01-16,2020-01-23,2020-01-30T06:00:00+00:00,DOWN
2020-01-18,-0.06581002825676185,2020-01-17,2020-01-24,2020-01-30T06:00:00+00:00,DOWN
2020-01-19,-0.06581002825676185,2020-01-17,2020-01-24,2020-01-30T06:00:00+00:00,DOWN
2020-01-20,-0.06581002825676185,2020-01-17,2020-01-24,2020-01-30T06:00:00+00:00,DOWN
2020-01-21,-0.0784044329988346,2020-01-17,2020-01-27,2020-02-04T06:00:00+00:00,DOWN
2020-01-22,-0.06587652672829736,2020-01-21,2020-01-28,2020-02-06T06:00:00+00:00,DOWN
2020-01-23,-0.040988407290694306,2020-01-22,2020-01-29,2020-02-06T06:00:00+00:00,DOWN
2020-01-24,-0.0605439566463134,2020-01-23,2020-01-30,2020-02-06T06:00:00+00:00,DOWN
2020-01-25,-0.026457701381867205,2020-01-24,2020-01-31,2020-02-06T06:00:00+00:00,DOWN
2020-01-26,-0.026457701381867205,2020-01-24,2020-01-31,2020-02-06T06:00:00+00:00,DOWN
2020-01-27,-0.026457701381867205,2020-01-24,2020-01-31,2020-02-06T06:00:00+00:00,DOWN
2020-01-28,-0.06358927499060962,2020-01-27,2020-02-03,2020-02-11T06:00:00+00:00,DOWN
2020-01-29,-0.0813963128905425,2020-01-28,2020-02-04,2020-02-13T06:00:00+00:00,DOWN
2020-01-30,-0.0614286549477826,2020-01-29,2020-02-05,2020-02-13T06:00:00+00:00,DOWN
2020-01-31,-0.0366380240875982,2020-01-30,2020-02-06,2020-02-13T06:00:00+00:00,DOWN
2020-02-01,-0.04459278143904466,2020-01-31,2020-02-07,2020-02-13T06:00:00+00:00,DOWN
2020-02-02,-0.04459278143904466,2020-01-31,2020-02-07,2020-02-13T06:00:00+00:00,DOWN
2020-02-03,-0.04459278143904466,2020-01-31,2020-02-07,2020-02-13T06:00:00+00:00,DOWN
2020-02-04,-0.016760303774604135,2020-02-03,2020-02-10,2020-02-19T06:00:00+00:00,FLAT
2020-02-05,-0.00285484532187108,2020-02-04,2020-02-11,2020-02-21T06:00:00+00:00,FLAT
2020-02-06,0.003078768418015576,2020-02-05,2020-02-12,2020-02-21T06:00:00+00:00,FLAT
2020-02-07,0.021974364132014257,2020-02-06,2020-02-13,2020-02-21T06:00:00+00:00,UP
2020-02-08,0.0499172340362275,2020-02-07,2020-02-14,2020-02-21T06:00:00+00:00,UP
2020-02-09,0.0499172340362275,2020-02-07,2020-02-14,2020-02-21T06:00:00+00:00,UP
2020-02-10,0.0499172340362275,2020-02-07,2020-02-14,2020-02-21T06:00:00+00:00,UP
2020-02-11,0.07514601402723997,2020-02-10,2020-02-14,2020-02-21T06:00:00+00:00,UP
2020-02-12,0.06659624843795697,2020-02-11,2020-02-18,2020-02-25T06:00:00+00:00,UP
2020-02-13,0.07937960621743922,2020-02-12,2020-02-19,2020-02-27T06:00:00+00:00,UP
2020-02-14,0.06707380294944443,2020-02-13,2020-02-20,2020-02-27T06:00:00+00:00,UP
2020-02-15,0.027229870527596844,2020-02-14,2020-02-21,2020-02-27T06:00:00+00:00,UP
2020-02-16,0.027229870527596844,2020-02-14,2020-02-21,2020-02-27T06:00:00+00:00,UP
2020-02-17,0.027229870527596844,2020-02-14,2020-02-21,2020-02-27T06:00:00+00:00,UP
2020-02-18,-0.01721223703564867,2020-02-14,2020-02-24,2020-03-03T06:00:00+00:00,FLAT
2020-02-19,-0.008629096727753027,2020-02-18,2020-02-25,2020-03-05T06:00:00+00:00,FLAT
2020-02-20,-0.07656201968600873,2020-02-19,2020-02-26,2020-03-12T05:00:00+00:00,DOWN
2020-02-21,-0.12844041387397742,2020-02-20,2020-02-27,2020-03-12T05:00:00+00:00,DOWN
2020-02-22,-0.128752363100485,2020-02-21,2020-02-28,2020-03-12T05:00:00+00:00,DOWN
2020-02-23,-0.128752363100485,2020-02-21,2020-02-28,2020-03-12T05:00:00+00:00,DOWN
2020-02-24,-0.128752363100485,2020-02-21,2020-02-28,2020-03-12T05:00:00+00:00,DOWN
2020-02-25,-0.07202601391443542,2020-02-24,2020-03-02,2020-03-12T05:00:00+00:00,DOWN
2020-02-26,-0.08603355737990437,2020-02-25,2020-03-03,2020-03-12T05:00:00+00:00,DOWN
2020-02-27,-0.06944034144067535,2020-02-26,2020-03-04,2020-03-12T05:00:00+00:00,DOWN
2020-02-28,-0.026646220134060483,2020-02-27,2020-03-05,2020-03-12T05:00:00+00:00,DOWN
2020-02-29,-0.11901385987362822,2020-02-28,2020-03-06,2020-03-12T05:00:00+00:00,DOWN
2020-03-01,-0.11901385987362822,2020-02-28,2020-03-06,2020-03-12T05:00:00+00:00,DOWN
2020-03-02,-0.11901385987362822,2020-02-28,2020-03-06,2020-03-12T05:00:00+00:00,DOWN
2020-03-03,-0.3287247668988136,2020-03-02,2020-03-09,2020-03-19T05:00:00+00:00,DOWN
2020-03-04,-0.2985414719245504,2020-03-03,2020-03-10,2020-03-19T05:00:00+00:00,DOWN
2020-03-05,-0.33234423203577523,2020-03-04,2020-03-11,2020-03-19T05:00:00+00:00,DOWN
2020-03-06,-0.38662458404493527,2020-03-05,2020-03-12,2020-03-19T05:00:00+00:00,DOWN
2020-03-07,-0.26815974790796737,2020-03-06,2020-03-13,2020-03-19T05:00:00+00:00,DOWN
2020-03-08,-0.26815974790796737,2020-03-06,2020-03-13,2020-03-19T05:00:00+00:00,DOWN
2020-03-09,-0.26815974790796737,2020-03-06,2020-03-13,2020-03-19T05:00:00+00:00,DOWN
2020-03-10,-0.20102614697443655,2020-03-09,2020-03-16,2020-03-26T05:00:00+00:00,DOWN
2020-03-11,-0.23113056432317347,2020-03-10,2020-03-16,2020-03-26T05:00:00+00:00,DOWN
2020-03-12,-0.208582657008604,2020-03-11,2020-03-18,2020-03-26T05:00:00+00:00,DOWN
2020-03-13,-0.2413120531545312,2020-03-12,2020-03-19,2020-03-26T05:00:00+00:00,DOWN
2020-03-14,-0.22073659726879669,2020-03-13,2020-03-20,2020-03-26T05:00:00+00:00,DOWN
2020-03-15,-0.22073659726879669,2020-03-13,2020-03-20,2020-03-26T05:00:00+00:00,DOWN
2020-03-16,-0.22073659726879669,2020-03-13,2020-03-20,2020-03-26T05:00:00+00:00,DOWN
2020-03-17,-0.09365956829206079,2020-03-16,2020-03-23,2020-03-31T05:00:00+00:00,DOWN
2020-03-18,-0.11753731910495724,2020-03-16,2020-03-24,2020-04-02T05:00:00+00:00,DOWN
2020-03-19,-0.04000319121205376,2020-03-18,2020-03-25,2020-04-02T05:00:00+00:00,DOWN
2020-03-20,0.005765434680271353,2020-03-19,2020-03-26,2020-04-02T05:00:00+00:00,FLAT
2020-03-21,-0.11860333050334881,2020-03-20,2020-03-27,2020-04-02T05:00:00+00:00,DOWN
2020-03-22,-0.11860333050334881,2020-03-20,2020-03-27,2020-04-02T05:00:00+00:00,DOWN
2020-03-23,-0.11860333050334881,2020-03-20,2020-03-27,2020-04-02T05:00:00+00:00,DOWN
2020-03-24,-0.2381032939844232,2020-03-23,2020-03-30,2020-04-07T05:00:00+00:00,DOWN
2020-03-25,-0.21453831191165018,2020-03-24,2020-03-31,2020-04-07T05:00:00+00:00,DOWN
2020-03-26,-0.4165948736651236,2020-03-25,2020-04-01,2020-04-07T05:00:00+00:00,DOWN
2020-03-27,-0.1387531186626303,2020-03-26,2020-04-02,2020-04-09T05:00:00+00:00,DOWN
2020-03-28,0.08612503298777652,2020-03-27,2020-04-03,2020-04-09T05:00:00+00:00,UP
2020-03-29,0.08612503298777652,2020-03-27,2020-04-03,2020-04-09T05:00:00+00:00,UP
2020-03-30,0.08612503298777652,2020-03-27,2020-04-03,2020-04-09T05:00:00+00:00,UP
2020-03-31,0.18254083528601406,2020-03-30,2020-04-06,2020-04-14T05:00:00+00:00,UP
2020-04-01,0.14578633740021907,2020-03-31,2020-04-07,2020-04-16T05:00:00+00:00,UP
2020-04-02,0.6766338981286559,2020-04-01,2020-04-08,2020-04-16T05:00:00+00:00,UP
2020-04-03,-0.00654552750875359,2020-04-02,2020-04-09,2020-04-16T05:00:00+00:00,FLAT
2020-04-04,-0.1741448271798952,2020-04-03,2020-04-09,2020-04-16T05:00:00+00:00,DOWN
2020-04-05,-0.1741448271798952,2020-04-03,2020-04-09,2020-04-16T05:00:00+00:00,DOWN
2020-04-06,-0.1741448271798952,2020-04-03,2020-04-09,2020-04-16T05:00:00+00:00,DOWN
2020-04-07,-0.10905352174722138,2020-04-06,2020-04-13,2020-04-21T05:00:00+00:00,DOWN
2020-04-08,-0.015856719965716803,2020-04-07,2020-04-14,2020-04-30T05:00:00+00:00,FLAT
2020-04-09,-0.21474211414912892,2020-04-08,2020-04-15,2020-04-30T05:00:00+00:00,DOWN
2020-04-10,-0.07153326285963246,2020-04-09,2020-04-16,2020-04-30T05:00:00+00:00,DOWN
2020-04-11,-0.01980419221099683,2020-04-09,2020-04-17,2020-04-30T05:00:00+00:00,FLAT
2020-04-12,-0.01980419221099683,2020-04-09,2020-04-17,2020-04-30T05:00:00+00:00,FLAT
2020-04-13,-0.01980419221099683,2020-04-09,2020-04-17,2020-04-30T05:00:00+00:00,FLAT
2020-04-14,-0.13919069296864872,2020-04-13,2020-04-20,2020-04-30T05:00:00+00:00,DOWN
2020-04-15,-0.5779075847565,2020-04-14,2020-04-21,2020-04-30T05:00:00+00:00,DOWN
2020-04-16,-0.30290188909358495,2020-04-15,2020-04-22,2020-04-30T05:00:00+00:00,DOWN
2020-04-17,-0.1956331979534771,2020-04-16,2020-04-23,2020-04-30T05:00:00+00:00,DOWN
2020-04-18,-0.19529659056143844,2020-04-17,2020-04-24,2020-04-30T05:00:00+00:00,DOWN
2020-04-19,-0.19529659056143844,2020-04-17,2020-04-24,2020-04-30T05:00:00+00:00,DOWN
2020-04-20,-0.19529659056143844,2020-04-17,2020-04-24,2020-04-30T05:00:00+00:00,DOWN
2020-04-21,-0.12458282716329894,2020-04-20,2020-04-27,2020-05-05T05:00:00+00:00,DOWN
2020-04-22,0.7071975988706858,2020-04-21,2020-04-28,2020-05-07T05:00:00+00:00,UP
2020-04-23,0.2956308380046906,2020-04-22,2020-04-29,2020-05-07T05:00:00+00:00,UP
2020-04-24,0.20197860392250244,2020-04-23,2020-04-30,2020-05-07T05:00:00+00:00,UP
2020-04-25,0.16194883066221855,2020-04-24,2020-05-01,2020-05-07T05:00:00+00:00,UP
2020-04-26,0.16194883066221855,2020-04-24,2020-05-01,2020-05-07T05:00:00+00:00,UP
2020-04-27,0.16194883066221855,2020-04-24,2020-05-01,2020-05-07T05:00:00+00:00,UP
2020-04-28,0.3404697082567396,2020-04-27,2020-05-04,2020-05-12T05:00:00+00:00,UP
2020-04-29,0.6285001362188545,2020-04-28,2020-05-05,2020-05-14T05:00:00+00:00,UP
2020-04-30,0.36026870002262457,2020-04-29,2020-05-06,2020-05-14T05:00:00+00:00,UP
2020-05-01,0.3417806806541186,2020-04-30,2020-05-07,2020-05-14T05:00:00+00:00,UP
2020-05-02,0.3142048743453807,2020-05-01,2020-05-07,2020-05-14T05:00:00+00:00,UP
2020-05-03,0.3142048743453807,2020-05-01,2020-05-07,2020-05-14T05:00:00+00:00,UP
2020-05-04,0.3142048743453807,2020-05-01,2020-05-07,2020-05-14T05:00:00+00:00,UP
2020-05-05,0.2576728298297317,2020-05-04,2020-05-11,2020-05-19T05:00:00+00:00,UP
2020-05-06,0.0504031031367711,2020-05-05,2020-05-12,2020-05-21T05:00:00+00:00,UP
2020-05-07,0.15053233653889442,2020-05-06,2020-05-13,2020-05-21T05:00:00+00:00,UP
2020-05-08,0.23468393771363072,2020-05-07,2020-05-14,2020-05-21T05:00:00+00:00,UP
2020-05-09,0.2807327530509405,2020-05-07,2020-05-15,2020-05-21T05:00:00+00:00,UP
2020-05-10,0.2807327530509405,2020-05-07,2020-05-15,2020-05-21T05:00:00+00:00,UP
2020-05-11,0.2807327530509405,2020-05-07,2020-05-15,2020-05-21T05:00:00+00:00,UP
2020-05-12,0.30644295729607984,2020-05-11,2020-05-18,2020-05-27T05:00:00+00:00,UP
2020-05-13,0.24246578023205756,2020-05-12,2020-05-19,2020-05-29T05:00:00+00:00,UP
2020-05-14,0.24662363796423126,2020-05-13,2020-05-20,2020-05-29T05:00:00+00:00,UP
2020-05-15,0.16771116604555703,2020-05-14,2020-05-21,2020-05-29T05:00:00+00:00,UP
2020-05-16,0.09602094062415056,2020-05-15,2020-05-22,2020-05-29T05:00:00+00:00,UP
2020-05-17,0.09602094062415056,2020-05-15,2020-05-22,2020-05-29T05:00:00+00:00,UP
2020-05-18,0.09602094062415056,2020-05-15,2020-05-22,2020-05-29T05:00:00+00:00,UP
2020-05-19,0.017628015433490463,2020-05-18,2020-05-22,2020-05-29T05:00:00+00:00,FLAT
2020-05-20,0.03212913941658879,2020-05-19,2020-05-26,2020-06-02T05:00:00+00:00,UP
2020-05-21,-0.04840406320080315,2020-05-20,2020-05-27,2020-06-04T05:00:00+00:00,DOWN
2020-05-22,-0.018757966984159657,2020-05-21,2020-05-28,2020-06-04T05:00:00+00:00,FLAT
2020-05-23,0.011474984227189733,2020-05-22,2020-05-29,2020-06-04T05:00:00+00:00,FLAT
2020-05-24,0.011474984227189733,2020-05-22,2020-05-29,2020-06-04T05:00:00+00:00,FLAT
2020-05-25,0.011474984227189733,2020-05-22,2020-05-29,2020-06-04T05:00:00+00:00,FLAT
2020-05-26,0.08689073757638499,2020-05-22,2020-06-01,2020-06-09T05:00:00+00:00,UP
2020-05-27,0.10562592047128105,2020-05-26,2020-06-02,2020-06-11T05:00:00+00:00,UP
2020-05-28,0.15124064480050503,2020-05-27,2020-06-03,2020-06-11T05:00:00+00:00,UP
2020-05-29,0.1244853536439745,2020-05-28,2020-06-04,2020-06-11T05:00:00+00:00,UP
2020-05-30,0.1914989742397213,2020-05-29,2020-06-05,2020-06-11T05:00:00+00:00,UP
2020-05-31,0.1914989742397213,2020-05-29,2020-06-05,2020-06-11T05:00:00+00:00,UP
2020-06-01,0.1914989742397213,2020-05-29,2020-06-05,2020-06-11T05:00:00+00:00,UP
2020-06-02,0.07094919949320033,2020-06-01,2020-06-08,2020-06-16T05:00:00+00:00,UP
2020-06-03,0.06894643080779095,2020-06-02,2020-06-09,2020-06-18T05:00:00+00:00,UP
2020-06-04,0.07638767681432701,2020-06-03,2020-06-10,2020-06-18T05:00:00+00:00,UP
2020-06-05,-0.022939400069395766,2020-06-04,2020-06-11,2020-06-18T05:00:00+00:00,DOWN
2020-06-06,-0.059774319285956445,2020-06-05,2020-06-12,2020-06-18T05:00:00+00:00,DOWN
2020-06-07,-0.059774319285956445,2020-06-05,2020-06-12,2020-06-18T05:00:00+00:00,DOWN
2020-06-08,-0.059774319285956445,2020-06-05,2020-06-12,2020-06-18T05:00:00+00:00,DOWN
2020-06-09,-0.0029168440941780283,2020-06-08,2020-06-15,2020-06-23T05:00:00+00:00,FLAT
2020-06-10,0.008683575234696539,2020-06-09,2020-06-16,2020-06-25T05:00:00+00:00,FLAT
2020-06-11,-0.013886589191699938,2020-06-10,2020-06-17,2020-06-25T05:00:00+00:00,FLAT
2020-06-12,0.10925171360035146,2020-06-11,2020-06-18,2020-06-25T05:00:00+00:00,UP
2020-06-13,0.09650946816112493,2020-06-12,2020-06-19,2020-06-25T05:00:00+00:00,UP
2020-06-14,0.09650946816112493,2020-06-12,2020-06-19,2020-06-25T05:00:00+00:00,UP
2020-06-15,0.09650946816112493,2020-06-12,2020-06-19,2020-06-25T05:00:00+00:00,UP
2020-06-16,0.09210525073316855,2020-06-15,2020-06-22,2020-06-30T05:00:00+00:00,UP
2020-06-17,0.044215522423107556,2020-06-16,2020-06-23,2020-07-02T05:00:00+00:00,UP
2020-06-18,-0.0027161094296170862,2020-06-17,2020-06-24,2020-07-02T05:00:00+00:00,FLAT
2020-06-19,-0.015058402012382954,2020-06-18,2020-06-25,2020-07-02T05:00:00+00:00,FLAT
2020-06-20,-0.031293516663568166,2020-06-19,2020-06-26,2020-07-02T05:00:00+00:00,DOWN
2020-06-21,-0.031293516663568166,2020-06-19,2020-06-26,2020-07-02T05:00:00+00:00,DOWN
2020-06-22,-0.031293516663568166,2020-06-19,2020-06-26,2020-07-02T05:00:00+00:00,DOWN
2020-06-23,-0.035920300517841675,2020-06-22,2020-06-29,2020-07-07T05:00:00+00:00,DOWN
2020-06-24,-0.024231254502541266,2020-06-23,2020-06-30,2020-07-09T05:00:00+00:00,DOWN
2020-06-25,0.04307096479041728,2020-06-24,2020-07-01,2020-07-09T05:00:00+00:00,UP
2020-06-26,0.04720949873816216,2020-06-25,2020-07-02,2020-07-09T05:00:00+00:00,UP
2020-06-27,0.052577182280632684,2020-06-26,2020-07-02,2020-07-09T05:00:00+00:00,UP
2020-06-28,0.052577182280632684,2020-06-26,2020-07-02,2020-07-09T05:00:00+00:00,UP
2020-06-29,0.052577182280632684,2020-06-26,2020-07-02,2020-07-09T05:00:00+00:00,UP
2020-06-30,0.018439761603024074,2020-06-29,2020-07-06,2020-07-14T05:00:00+00:00,FLAT
2020-07-01,0.031676358133391425,2020-06-30,2020-07-07,2020-07-16T05:00:00+00:00,UP
2020-07-02,0.02563093801573224,2020-07-01,2020-07-08,2020-07-16T05:00:00+00:00,UP
2020-07-03,-0.02967631881115329,2020-07-02,2020-07-09,2020-07-16T05:00:00+00:00,DOWN
2020-07-04,-0.007647309359895549,2020-07-02,2020-07-10,2020-07-16T05:00:00+00:00,FLAT
2020-07-05,-0.007647309359895549,2020-07-02,2020-07-10,2020-07-16T05:00:00+00:00,FLAT
2020-07-06,-0.007647309359895549,2020-07-02,2020-07-10,2020-07-16T05:00:00+00:00,FLAT
2020-07-07,-5.034200557985091e-05,2020-07-06,2020-07-13,2020-07-21T05:00:00+00:00,FLAT
2020-07-08,-0.008111227934046394,2020-07-07,2020-07-14,2020-07-23T05:00:00+00:00,FLAT
2020-07-09,0.004398656919345045,2020-07-08,2020-07-15,2020-07-23T05:00:00+00:00,FLAT
2020-07-10,0.03149339125458317,2020-07-09,2020-07-16,2020-07-23T05:00:00+00:00,UP
2020-07-11,0.004887640688740591,2020-07-10,2020-07-17,2020-07-23T05:00:00+00:00,FLAT
2020-07-12,0.004887640688740591,2020-07-10,2020-07-17,2020-07-23T05:00:00+00:00,FLAT
2020-07-13,0.004887640688740591,2020-07-10,2020-07-17,2020-07-23T05:00:00+00:00,FLAT
2020-07-14,0.008624004361414306,2020-07-13,2020-07-20,2020-07-28T05:00:00+00:00,FLAT
2020-07-15,0.02735771346891025,2020-07-14,2020-07-21,2020-07-30T05:00:00+00:00,UP
2020-07-16,0.0019294794912971813,2020-07-15,2020-07-22,2020-07-30T05:00:00+00:00,FLAT
2020-07-17,-0.015006676169568745,2020-07-16,2020-07-23,2020-07-30T05:00:00+00:00,FLAT
2020-07-18,-0.0018718816266726224,2020-07-17,2020-07-24,2020-07-30T05:00:00+00:00,FLAT
2020-07-19,-0.0018718816266726224,2020-07-17,2020-07-24,2020-07-30T05:00:00+00:00,FLAT
2020-07-20,-0.0018718816266726224,2020-07-17,2020-07-24,2020-07-30T05:00:00+00:00,FLAT
2020-07-21,0.003814928034194809,2020-07-20,2020-07-27,2020-08-04T05:00:00+00:00,FLAT
2020-07-22,-0.024322069245140132,2020-07-21,2020-07-28,2020-08-06T05:00:00+00:00,DOWN
2020-07-23,-0.010319153523180247,2020-07-22,2020-07-29,2020-08-06T05:00:00+00:00,FLAT
2020-07-24,0.0011226789605622844,2020-07-23,2020-07-30,2020-08-06T05:00:00+00:00,FLAT
2020-07-25,-0.009716310594203525,2020-07-24,2020-07-31,2020-08-06T05:00:00+00:00,FLAT
2020-07-26,-0.009716310594203525,2020-07-24,2020-07-31,2020-08-06T05:00:00+00:00,FLAT
2020-07-27,-0.009716310594203525,2020-07-24,2020-07-31,2020-08-06T05:00:00+00:00,FLAT
2020-07-28,0.006350217890136678,2020-07-27,2020-08-03,2020-08-11T05:00:00+00:00,FLAT
2020-07-29,0.016360284515933188,2020-07-28,2020-08-04,2020-08-13T05:00:00+00:00,FLAT
2020-07-30,0.02265942713877034,2020-07-29,2020-08-05,2020-08-13T05:00:00+00:00,UP
2020-07-31,0.039555405402534216,2020-07-30,2020-08-06,2020-08-13T05:00:00+00:00,UP
2020-08-01,0.020710426823050687,2020-07-31,2020-08-07,2020-08-13T05:00:00+00:00,UP
2020-08-02,0.020710426823050687,2020-07-31,2020-08-07,2020-08-13T05:00:00+00:00,UP
2020-08-03,0.020710426823050687,2020-07-31,2020-08-07,2020-08-13T05:00:00+00:00,UP
2020-08-04,0.007106410381358064,2020-08-03,2020-08-10,2020-08-18T05:00:00+00:00,FLAT
2020-08-05,-0.010878156864785882,2020-08-04,2020-08-11,2020-08-20T05:00:00+00:00,FLAT
2020-08-06,0.0039292413446823105,2020-08-05,2020-08-12,2020-08-20T05:00:00+00:00,FLAT
2020-08-07,-0.004920827312175802,2020-08-06,2020-08-13,2020-08-20T05:00:00+00:00,FLAT
2020-08-08,0.015456821974018764,2020-08-07,2020-08-14,2020-08-20T05:00:00+00:00,FLAT
2020-08-09,0.015456821974018764,2020-08-07,2020-08-14,2020-08-20T05:00:00+00:00,FLAT
2020-08-10,0.015456821974018764,2020-08-07,2020-08-14,2020-08-20T05:00:00+00:00,FLAT
2020-08-11,0.012015594019263443,2020-08-10,2020-08-17,2020-08-25T05:00:00+00:00,FLAT
2020-08-12,0.03447644432475494,2020-08-11,2020-08-18,2020-08-27T05:00:00+00:00,UP
2020-08-13,0.00018949169693982526,2020-08-12,2020-08-19,2020-08-27T05:00:00+00:00,FLAT
2020-08-14,-0.011156371863827785,2020-08-13,2020-08-20,2020-08-27T05:00:00+00:00,FLAT
2020-08-15,-0.025046259481873,2020-08-14,2020-08-21,2020-08-27T05:00:00+00:00,DOWN
2020-08-16,-0.025046259481873,2020-08-14,2020-08-21,2020-08-27T05:00:00+00:00,DOWN
2020-08-17,-0.025046259481873,2020-08-14,2020-08-21,2020-08-27T05:00:00+00:00,DOWN
2020-08-18,-0.012657589624558985,2020-08-17,2020-08-24,2020-09-01T05:00:00+00:00,FLAT
2020-08-19,0.013325776579315773,2020-08-18,2020-08-25,2020-09-03T05:00:00+00:00,FLAT
2020-08-20,0.007896031057541775,2020-08-19,2020-08-26,2020-09-03T05:00:00+00:00,FLAT
2020-08-21,0.0031109647580480626,2020-08-20,2020-08-27,2020-09-03T05:00:00+00:00,FLAT
2020-08-22,0.021216417433725487,2020-08-21,2020-08-28,2020-09-03T05:00:00+00:00,UP
2020-08-23,0.021216417433725487,2020-08-21,2020-08-28,2020-09-03T05:00:00+00:00,UP
2020-08-24,0.021216417433725487,2020-08-21,2020-08-28,2020-09-03T05:00:00+00:00,UP
2020-08-25,0.00993924716773198,2020-08-24,2020-08-28,2020-09-03T05:00:00+00:00,FLAT
2020-08-26,-0.01843736454125111,2020-08-25,2020-09-01,2020-09-11T05:00:00+00:00,FLAT
2020-08-27,-0.07398272580467113,2020-08-26,2020-09-02,2020-09-11T05:00:00+00:00,DOWN
2020-08-28,-0.05351319502348573,2020-08-27,2020-09-03,2020-09-11T05:00:00+00:00,DOWN
2020-08-29,-0.09426126071443175,2020-08-28,2020-09-04,2020-09-11T05:00:00+00:00,DOWN
2020-08-30,-0.09426126071443175,2020-08-28,2020-09-04,2020-09-11T05:00:00+00:00,DOWN
2020-08-31,-0.09426126071443175,2020-08-28,2020-09-04,2020-09-11T05:00:00+00:00,DOWN
2020-09-01,-0.09426126071443175,2020-08-28,2020-09-04,2020-09-11T05:00:00+00:00,DOWN
2020-09-02,-0.15524954694627913,2020-09-01,2020-09-08,2020-09-15T05:00:00+00:00,DOWN
2020-09-03,-0.06461770526054411,2020-09-02,2020-09-09,2020-09-17T05:00:00+00:00,DOWN
2020-09-04,-0.08262445755675973,2020-09-03,2020-09-10,2020-09-17T05:00:00+00:00,DOWN
2020-09-05,-0.05705126447306952,2020-09-04,2020-09-11,2020-09-17T05:00:00+00:00,DOWN
2020-09-06,-0.05705126447306952,2020-09-04,2020-09-11,2020-09-17T05:00:00+00:00,DOWN
2020-09-07,-0.05705126447306952,2020-09-04,2020-09-11,2020-09-17T05:00:00+00:00,DOWN
2020-09-08,-0.06607043886137975,2020-09-04,2020-09-14,2020-09-22T05:00:00+00:00,DOWN
2020-09-09,0.01697614557915661,2020-09-08,2020-09-15,2020-09-24T05:00:00+00:00,FLAT
2020-09-10,0.019504844505171093,2020-09-09,2020-09-16,2020-09-24T05:00:00+00:00,FLAT
2020-09-11,0.06727382545906324,2020-09-10,2020-09-17,2020-09-24T05:00:00+00:00,UP
2020-09-12,0.07618199127641634,2020-09-11,2020-09-18,2020-09-24T05:00:00+00:00,UP
2020-09-13,0.07618199127641634,2020-09-11,2020-09-18,2020-09-24T05:00:00+00:00,UP
2020-09-14,0.07618199127641634,2020-09-11,2020-09-18,2020-09-24T05:00:00+00:00,UP
2020-09-15,0.046099553606655075,2020-09-14,2020-09-21,2020-09-29T05:00:00+00:00,UP
2020-09-16,0.032268901237854974,2020-09-15,2020-09-22,2020-10-01T05:00:00+00:00,UP
2020-09-17,0.004868989066157736,2020-09-16,2020-09-23,2020-10-01T05:00:00+00:00,FLAT
2020-09-18,-0.01692266234010642,2020-09-17,2020-09-24,2020-10-01T05:00:00+00:00,FLAT
2020-09-19,-0.021834529776971534,2020-09-18,2020-09-25,2020-10-01T05:00:00+00:00,DOWN
2020-09-20,-0.021834529776971534,2020-09-18,2020-09-25,2020-10-01T05:00:00+00:00,DOWN
2020-09-21,-0.021834529776971534,2020-09-18,2020-09-25,2020-10-01T05:00:00+00:00,DOWN
2020-09-22,0.031174326514615158,2020-09-21,2020-09-28,2020-10-06T05:00:00+00:00,UP
2020-09-23,-0.007082439198351609,2020-09-22,2020-09-29,2020-10-08T05:00:00+00:00,FLAT
2020-09-24,-0.0220061176355153,2020-09-23,2020-09-30,2020-10-08T05:00:00+00:00,DOWN
2020-09-25,-0.041424175945198094,2020-09-24,2020-10-01,2020-10-08T05:00:00+00:00,DOWN
2020-09-26,-0.07551603254055839,2020-09-25,2020-10-02,2020-10-08T05:00:00+00:00,DOWN
2020-09-27,-0.07551603254055839,2020-09-25,2020-10-02,2020-10-08T05:00:00+00:00,DOWN
2020-09-28,-0.07551603254055839,2020-09-25,2020-10-02,2020-10-08T05:00:00+00:00,DOWN
2020-09-29,-0.04646931465693205,2020-09-28,2020-10-05,2020-10-14T05:00:00+00:00,DOWN
2020-09-30,0.01949376921396273,2020-09-29,2020-10-06,2020-10-16T05:00:00+00:00,FLAT
2020-10-01,0.007940446650124056,2020-09-30,2020-10-07,2020-10-16T05:00:00+00:00,FLAT
2020-10-02,0.05657265031843006,2020-10-01,2020-10-08,2020-10-16T05:00:00+00:00,UP
2020-10-03,0.07995615327015315,2020-10-02,2020-10-09,2020-10-16T05:00:00+00:00,UP
2020-10-04,0.07995615327015315,2020-10-02,2020-10-09,2020-10-16T05:00:00+00:00,UP
2020-10-05,0.07995615327015315,2020-10-02,2020-10-09,2020-10-16T05:00:00+00:00,UP
2020-10-06,0.03166271198911108,2020-10-05,2020-10-09,2020-10-16T05:00:00+00:00,UP
2020-10-07,-0.004854357705933232,2020-10-06,2020-10-13,2020-10-20T05:00:00+00:00,FLAT
2020-10-08,0.017774396698005512,2020-10-07,2020-10-14,2020-10-22T05:00:00+00:00,FLAT
2020-10-09,-0.01895997449881348,2020-10-08,2020-10-15,2020-10-22T05:00:00+00:00,FLAT
2020-10-10,-0.0065358793134757676,2020-10-09,2020-10-16,2020-10-22T05:00:00+00:00,FLAT
2020-10-11,-0.0065358793134757676,2020-10-09,2020-10-16,2020-10-22T05:00:00+00:00,FLAT
2020-10-12,-0.0065358793134757676,2020-10-09,2020-10-16,2020-10-22T05:00:00+00:00,FLAT
2020-10-13,-0.010093565229248869,2020-10-09,2020-10-19,2020-10-27T05:00:00+00:00,FLAT
2020-10-14,-0.003645086999959246,2020-10-13,2020-10-20,2020-10-29T05:00:00+00:00,FLAT
2020-10-15,-0.050179226881833405,2020-10-14,2020-10-21,2020-10-29T05:00:00+00:00,DOWN
2020-10-16,-0.014010129587224252,2020-10-15,2020-10-22,2020-10-29T05:00:00+00:00,FLAT
2020-10-17,-0.01672480967369716,2020-10-16,2020-10-23,2020-10-29T05:00:00+00:00,FLAT
2020-10-18,-0.01672480967369716,2020-10-16,2020-10-23,2020-10-29T05:00:00+00:00,FLAT
2020-10-19,-0.01672480967369716,2020-10-16,2020-10-23,2020-10-29T05:00:00+00:00,FLAT
2020-10-20,-0.049533384538620995,2020-10-19,2020-10-26,2020-11-03T06:00:00+00:00,DOWN
2020-10-21,-0.04150514291919094,2020-10-20,2020-10-27,2020-11-05T06:00:00+00:00,DOWN
2020-10-22,-0.04460526421749278,2020-10-21,2020-10-28,2020-11-05T06:00:00+00:00,DOWN
2020-10-23,-0.1101129953924106,2020-10-22,2020-10-29,2020-11-05T06:00:00+00:00,DOWN
2020-10-24,-0.10681613281514302,2020-10-23,2020-10-30,2020-11-05T06:00:00+00:00,DOWN
2020-10-25,-0.10681613281514302,2020-10-23,2020-10-30,2020-11-05T06:00:00+00:00,DOWN
2020-10-26,-0.10681613281514302,2020-10-23,2020-10-30,2020-11-05T06:00:00+00:00,DOWN
2020-10-27,-0.03594044515489292,2020-10-26,2020-11-02,2020-11-10T06:00:00+00:00,DOWN
2020-10-28,-0.04310821670793452,2020-10-27,2020-11-03,2020-11-13T06:00:00+00:00,DOWN
2020-10-29,0.03599889845367765,2020-10-28,2020-11-04,2020-11-13T06:00:00+00:00,UP
2020-10-30,0.06169841146459687,2020-10-29,2020-11-05,2020-11-13T06:00:00+00:00,UP
2020-10-31,0.03502808344404862,2020-10-30,2020-11-06,2020-11-13T06:00:00+00:00,UP
2020-11-01,0.03502808344404862,2020-10-30,2020-11-06,2020-11-13T06:00:00+00:00,UP
2020-11-02,0.03502808344404862,2020-10-30,2020-11-06,2020-11-13T06:00:00+00:00,UP
2020-11-03,0.07335322320189541,2020-11-02,2020-11-09,2020-11-17T06:00:00+00:00,UP
2020-11-04,0.09672644911555173,2020-11-03,2020-11-10,2020-11-17T06:00:00+00:00,UP
2020-11-05,0.059036354652933776,2020-11-04,2020-11-10,2020-11-17T06:00:00+00:00,UP
2020-11-06,0.06956047174335223,2020-11-05,2020-11-12,2020-11-19T06:00:00+00:00,UP
2020-11-07,0.08939718233691774,2020-11-06,2020-11-13,2020-11-19T06:00:00+00:00,UP
2020-11-08,0.08939718233691774,2020-11-06,2020-11-13,2020-11-19T06:00:00+00:00,UP
2020-11-09,0.08939718233691774,2020-11-06,2020-11-13,2020-11-19T06:00:00+00:00,UP
2020-11-10,0.03640424257910646,2020-11-09,2020-11-16,2020-11-24T06:00:00+00:00,UP
2020-11-11,-0.002116980958564607,2020-11-10,2020-11-17,2020-11-26T06:00:00+00:00,FLAT
2020-11-12,0.007053638025404263,2020-11-10,2020-11-18,2020-11-26T06:00:00+00:00,FLAT
2020-11-13,0.0175602435365656,2020-11-12,2020-11-19,2020-11-26T06:00:00+00:00,FLAT
2020-11-14,0.0480416022172776,2020-11-13,2020-11-20,2020-11-26T06:00:00+00:00,UP
2020-11-15,0.0480416022172776,2020-11-13,2020-11-20,2020-11-26T06:00:00+00:00,UP
2020-11-16,0.0480416022172776,2020-11-13,2020-11-20,2020-11-26T06:00:00+00:00,UP
2020-11-17,0.05393752232048121,2020-11-16,2020-11-23,2020-12-01T06:00:00+00:00,UP
2020-11-18,0.10189673931019416,2020-11-17,2020-11-24,2020-12-03T06:00:00+00:00,UP
2020-11-19,0.10502981351764928,2020-11-18,2020-11-25,2020-12-03T06:00:00+00:00,UP
2020-11-20,0.09648509288151308,2020-11-19,2020-11-25,2020-12-03T06:00:00+00:00,UP
2020-11-21,0.08249314250744844,2020-11-20,2020-11-25,2020-12-03T06:00:00+00:00,UP
2020-11-22,0.08249314250744844,2020-11-20,2020-11-25,2020-12-03T06:00:00+00:00,UP
2020-11-23,0.08249314250744844,2020-11-20,2020-11-25,2020-12-03T06:00:00+00:00,UP
2020-11-24,0.039466261705897177,2020-11-23,2020-11-30,2020-12-08T06:00:00+00:00,UP
2020-11-25,0.005593756681355311,2020-11-24,2020-12-01,2020-12-10T06:00:00+00:00,FLAT
2020-11-26,0.008603477519915748,2020-11-25,2020-12-02,2020-12-10T06:00:00+00:00,FLAT
2020-11-27,0.017457908825633695,2020-11-25,2020-12-03,2020-12-10T06:00:00+00:00,FLAT
2020-11-28,0.030966197477471535,2020-11-25,2020-12-04,2020-12-10T06:00:00+00:00,UP
2020-11-29,0.030966197477471535,2020-11-25,2020-12-04,2020-12-10T06:00:00+00:00,UP
2020-11-30,0.030966197477471535,2020-11-25,2020-12-04,2020-12-10T06:00:00+00:00,UP
2020-12-01,0.030873806700243867,2020-11-30,2020-12-07,2020-12-15T06:00:00+00:00,UP
2020-12-02,0.03219557036899845,2020-12-01,2020-12-08,2020-12-17T06:00:00+00:00,UP
2020-12-03,0.01783082110053691,2020-12-02,2020-12-09,2020-12-17T06:00:00+00:00,FLAT
2020-12-04,0.04053688981010861,2020-12-03,2020-12-10,2020-12-17T06:00:00+00:00,UP
2020-12-05,0.020779647660741585,2020-12-04,2020-12-11,2020-12-17T06:00:00+00:00,UP
2020-12-06,0.020779647660741585,2020-12-04,2020-12-11,2020-12-17T06:00:00+00:00,UP
2020-12-07,0.020779647660741585,2020-12-04,2020-12-11,2020-12-17T06:00:00+00:00,UP
2020-12-08,0.03665288385647614,2020-12-07,2020-12-14,2020-12-22T06:00:00+00:00,UP
2020-12-09,0.040806097859706236,2020-12-08,2020-12-15,2020-12-24T06:00:00+00:00,UP
2020-12-10,0.03999984527018996,2020-12-09,2020-12-16,2020-12-24T06:00:00+00:00,UP
2020-12-11,0.015761982320102286,2020-12-10,2020-12-17,2020-12-24T06:00:00+00:00,FLAT
2020-12-12,0.04239436320849532,2020-12-11,2020-12-18,2020-12-24T06:00:00+00:00,UP
2020-12-13,0.04239436320849532,2020-12-11,2020-12-18,2020-12-24T06:00:00+00:00,UP
2020-12-14,0.04239436320849532,2020-12-11,2020-12-18,2020-12-24T06:00:00+00:00,UP
2020-12-15,0.00696335390601166,2020-12-14,2020-12-21,2020-12-29T06:00:00+00:00,FLAT
2020-12-16,-0.016959078553884344,2020-12-15,2020-12-22,2020-12-31T06:00:00+00:00,FLAT
2020-12-17,0.00551201237450738,2020-12-16,2020-12-23,2020-12-31T06:00:00+00:00,FLAT
2020-12-18,-0.0017238187183297171,2020-12-17,2020-12-23,2020-12-31T06:00:00+00:00,FLAT
2020-12-19,-0.02139345977364715,2020-12-18,2020-12-23,2020-12-31T06:00:00+00:00,DOWN
2020-12-20,-0.02139345977364715,2020-12-18,2020-12-23,2020-12-31T06:00:00+00:00,DOWN
2020-12-21,-0.02139345977364715,2020-12-18,2020-12-23,2020-12-31T06:00:00+00:00,DOWN
2020-12-22,0.0030784250747450947,2020-12-21,2020-12-28,2021-01-05T06:00:00+00:00,FLAT
2020-12-23,0.009279483489258666,2020-12-22,2020-12-29,2021-01-07T06:00:00+00:00,FLAT
2020-12-24,-0.008990430321055731,2020-12-23,2020-12-30,2021-01-07T06:00:00+00:00,FLAT
2020-12-25,0.001028852806656655,2020-12-23,2020-12-31,2021-01-07T06:00:00+00:00,FLAT
2020-12-26,0.001028852806656655,2020-12-23,2020-12-31,2021-01-07T06:00:00+00:00,FLAT
2020-12-27,0.001028852806656655,2020-12-23,2020-12-31,2021-01-07T06:00:00+00:00,FLAT
2020-12-28,0.001028852806656655,2020-12-23,2020-12-31,2021-01-07T06:00:00+00:00,FLAT
2020-12-29,-0.021310158364560627,2020-12-28,2021-01-04,2021-01-12T06:00:00+00:00,DOWN
2020-12-30,0.041820646002771245,2020-12-29,2021-01-05,2021-01-14T06:00:00+00:00,UP
2020-12-31,0.050697559810062964,2020-12-30,2021-01-06,2021-01-14T06:00:00+00:00,UP
2021-01-01,0.0405454047673548,2020-12-31,2021-01-07,2021-01-14T06:00:00+00:00,UP
2021-01-02,0.07545169885446423,2020-12-31,2021-01-08,2021-01-14T06:00:00+00:00,UP
2021-01-03,0.07545169885446423,2020-12-31,2021-01-08,2021-01-14T06:00:00+00:00,UP
2021-01-04,0.07545169885446423,2020-12-31,2021-01-08,2021-01-14T06:00:00+00:00,UP
2021-01-05,0.09201284959189504,2021-01-04,2021-01-11,2021-01-20T06:00:00+00:00,UP
2021-01-06,0.054026224268376666,2021-01-05,2021-01-12,2021-01-23T06:00:00+00:00,UP
2021-01-07,0.03292849436597334,2021-01-06,2021-01-13,2021-01-23T06:00:00+00:00,UP
2021-01-08,0.03797645050684206,2021-01-07,2021-01-14,2021-01-23T06:00:00+00:00,UP
2021-01-09,-0.012028164252988582,2021-01-08,2021-01-15,2021-01-23T06:00:00+00:00,FLAT
2021-01-10,-0.012028164252988582,2021-01-08,2021-01-15,2021-01-23T06:00:00+00:00,FLAT
2021-01-11,-0.012028164252988582,2021-01-08,2021-01-15,2021-01-23T06:00:00+00:00,FLAT
2021-01-12,-0.0006522844392422567,2021-01-11,2021-01-15,2021-01-23T06:00:00+00:00,FLAT
2021-01-13,-0.008161077935997518,2021-01-12,2021-01-19,2021-01-26T06:00:00+00:00,FLAT
2021-01-14,-0.000979367924466512,2021-01-13,2021-01-19,2021-01-26T06:00:00+00:00,FLAT
2021-01-15,-0.0036096724114575984,2021-01-14,2021-01-21,2021-01-26T06:00:00+00:00,FLAT
2021-01-16,0.00781973731639174,2021-01-15,2021-01-22,2021-01-28T06:00:00+00:00,FLAT
2021-01-17,0.00781973731639174,2021-01-15,2021-01-22,2021-01-28T06:00:00+00:00,FLAT
2021-01-18,0.00781973731639174,2021-01-15,2021-01-22,2021-01-28T06:00:00+00:00,FLAT
2021-01-19,0.011429034874290256,2021-01-15,2021-01-25,2021-02-02T06:00:00+00:00,FLAT
2021-01-20,-0.0043542333109118925,2021-01-19,2021-01-26,2021-02-04T06:00:00+00:00,FLAT
2021-01-21,-0.004906886343459704,2021-01-19,2021-01-27,2021-02-04T06:00:00+00:00,FLAT
2021-01-22,-0.016134023731419478,2021-01-21,2021-01-28,2021-02-04T06:00:00+00:00,FLAT
2021-01-23,-0.007608035546582181,2021-01-22,2021-01-29,2021-02-04T06:00:00+00:00,FLAT
2021-01-24,-0.007608035546582181,2021-01-22,2021-01-29,2021-02-04T06:00:00+00:00,FLAT
2021-01-25,-0.007608035546582181,2021-01-22,2021-01-29,2021-02-04T06:00:00+00:00,FLAT
2021-01-26,0.015870259460497804,2021-01-25,2021-02-01,2021-02-09T06:00:00+00:00,FLAT
2021-01-27,0.041658606847140955,2021-01-26,2021-02-02,2021-02-11T06:00:00+00:00,UP
2021-01-28,0.06086676930660495,2021-01-27,2021-02-03,2021-02-11T06:00:00+00:00,UP
2021-01-29,0.07863784130359464,2021-01-28,2021-02-04,2021-02-11T06:00:00+00:00,UP
2021-01-30,0.08295862081684469,2021-01-29,2021-02-05,2021-02-11T06:00:00+00:00,UP
2021-01-31,0.08295862081684469,2021-01-29,2021-02-05,2021-02-11T06:00:00+00:00,UP
2021-02-01,0.08295862081684469,2021-01-29,2021-02-05,2021-02-11T06:00:00+00:00,UP
2021-02-02,0.06326651033343533,2021-02-01,2021-02-08,2021-02-17T06:00:00+00:00,UP
2021-02-03,0.050458266167604515,2021-02-02,2021-02-09,2021-02-19T06:00:00+00:00,UP
2021-02-04,0.04306475760795703,2021-02-03,2021-02-10,2021-02-19T06:00:00+00:00,UP
2021-02-05,0.03340607316840383,2021-02-04,2021-02-11,2021-02-19T06:00:00+00:00,UP
2021-02-06,0.04869352951776951,2021-02-05,2021-02-12,2021-02-19T06:00:00+00:00,UP
2021-02-07,0.04869352951776951,2021-02-05,2021-02-12,2021-02-19T06:00:00+00:00,UP
2021-02-08,0.04869352951776951,2021-02-05,2021-02-12,2021-02-19T06:00:00+00:00,UP
2021-02-09,0.03970648240222552,2021-02-08,2021-02-12,2021-02-19T06:00:00+00:00,UP
2021-02-10,0.05666231730821525,2021-02-09,2021-02-16,2021-02-23T06:00:00+00:00,UP
2021-02-11,0.06279120679132189,2021-02-10,2021-02-17,2021-02-25T06:00:00+00:00,UP
2021-02-12,0.05401487841225805,2021-02-11,2021-02-18,2021-02-25T06:00:00+00:00,UP
2021-02-13,0.005735888729246463,2021-02-12,2021-02-19,2021-02-25T06:00:00+00:00,FLAT
2021-02-14,0.005735888729246463,2021-02-12,2021-02-19,2021-02-25T06:00:00+00:00,FLAT
2021-02-15,0.005735888729246463,2021-02-12,2021-02-19,2021-02-25T06:00:00+00:00,FLAT
2021-02-16,0.037108154658982206,2021-02-12,2021-02-22,2021-03-02T06:00:00+00:00,UP
2021-02-17,0.019913546761249235,2021-02-16,2021-02-23,2021-03-04T06:00:00+00:00,FLAT
2021-02-18,0.0032862265587436656,2021-02-17,2021-02-23,2021-03-04T06:00:00+00:00,FLAT
2021-02-19,0.03530648146332793,2021-02-18,2021-02-25,2021-03-04T06:00:00+00:00,UP
2021-02-20,0.050899708482609274,2021-02-19,2021-02-26,2021-03-04T06:00:00+00:00,UP
2021-02-21,0.050899708482609274,2021-02-19,2021-02-26,2021-03-04T06:00:00+00:00,UP
2021-02-22,0.050899708482609274,2021-02-19,2021-02-26,2021-03-04T06:00:00+00:00,UP
2021-02-23,-0.002271329112656928,2021-02-22,2021-03-01,2021-03-09T06:00:00+00:00,FLAT
2021-02-24,-0.029610343199375166,2021-02-23,2021-03-02,2021-03-11T06:00:00+00:00,DOWN
2021-02-25,-0.006521907801967819,2021-02-23,2021-03-03,2021-03-11T06:00:00+00:00,FLAT
2021-02-26,0.01183967399730701,2021-02-25,2021-03-04,2021-03-11T06:00:00+00:00,FLAT
2021-02-27,0.06587530844209843,2021-02-26,2021-03-05,2021-03-11T06:00:00+00:00,UP
2021-02-28,0.06587530844209843,2021-02-26,2021-03-05,2021-03-11T06:00:00+00:00,UP
2021-03-01,0.06587530844209843,2021-02-26,2021-03-05,2021-03-11T06:00:00+00:00,UP
2021-03-02,0.06309191002438608,2021-03-01,2021-03-08,2021-03-16T05:00:00+00:00,UP
2021-03-03,0.06681211268865339,2021-03-02,2021-03-09,2021-03-18T05:00:00+00:00,UP
2021-03-04,0.049792178106081275,2021-03-03,2021-03-10,2021-03-18T05:00:00+00:00,UP
2021-03-05,0.03379518674145521,2021-03-04,2021-03-11,2021-03-18T05:00:00+00:00,UP
2021-03-06,-0.013605674091627828,2021-03-05,2021-03-12,2021-03-23T05:00:00+00:00,FLAT
2021-03-07,-0.013605674091627828,2021-03-05,2021-03-12,2021-03-23T05:00:00+00:00,FLAT
2021-03-08,-0.013605674091627828,2021-03-05,2021-03-12,2021-03-23T05:00:00+00:00,FLAT
2021-03-09,0.007533216137029397,2021-03-08,2021-03-15,2021-03-23T05:00:00+00:00,FLAT
2021-03-10,0.013756365242174162,2021-03-09,2021-03-16,2021-03-25T05:00:00+00:00,FLAT
2021-03-11,0.0026532802968659563,2021-03-10,2021-03-17,2021-03-25T05:00:00+00:00,FLAT
2021-03-12,-0.10258584112871316,2021-03-11,2021-03-18,2021-03-25T05:00:00+00:00,DOWN
2021-03-13,-0.07087000565157842,2021-03-12,2021-03-19,2021-03-25T05:00:00+00:00,DOWN
2021-03-14,-0.07087000565157842,2021-03-12,2021-03-19,2021-03-25T05:00:00+00:00,DOWN
2021-03-15,-0.07087000565157842,2021-03-12,2021-03-19,2021-03-25T05:00:00+00:00,DOWN
2021-03-16,-0.07003866263378533,2021-03-15,2021-03-22,2021-03-30T05:00:00+00:00,DOWN
2021-03-17,-0.11612146859181016,2021-03-16,2021-03-23,2021-04-01T05:00:00+00:00,DOWN
2021-03-18,-0.05660845149573668,2021-03-17,2021-03-24,2021-04-01T05:00:00+00:00,DOWN
2021-03-19,-0.008461078248571008,2021-03-18,2021-03-25,2021-04-01T05:00:00+00:00,FLAT
2021-03-20,0.0016432399723376179,2021-03-19,2021-03-26,2021-04-01T05:00:00+00:00,FLAT
2021-03-21,0.0016432399723376179,2021-03-19,2021-03-26,2021-04-01T05:00:00+00:00,FLAT
2021-03-22,0.0016432399723376179,2021-03-19,2021-03-26,2021-04-01T05:00:00+00:00,FLAT
2021-03-23,0.012306830288332682,2021-03-22,2021-03-29,2021-04-06T05:00:00+00:00,FLAT
2021-03-24,0.06437555464641664,2021-03-23,2021-03-30,2021-04-08T05:00:00+00:00,UP
2021-03-25,0.00157692464124648,2021-03-24,2021-03-31,2021-04-08T05:00:00+00:00,FLAT
2021-03-26,0.04620611242108108,2021-03-25,2021-04-01,2021-04-08T05:00:00+00:00,UP
2021-03-27,0.004821014542138347,2021-03-26,2021-04-01,2021-04-08T05:00:00+00:00,FLAT
2021-03-28,0.004821014542138347,2021-03-26,2021-04-01,2021-04-08T05:00:00+00:00,FLAT
2021-03-29,0.004821014542138347,2021-03-26,2021-04-01,2021-04-08T05:00:00+00:00,FLAT
2021-03-30,-0.003991247911457996,2021-03-29,2021-04-05,2021-04-13T05:00:00+00:00,FLAT
2021-03-31,-0.033717516911255796,2021-03-30,2021-04-06,2021-04-15T05:00:00+00:00,DOWN
2021-04-01,-0.027664504180326843,2021-03-31,2021-04-07,2021-04-15T05:00:00+00:00,DOWN
2021-04-02,-0.02963850134080015,2021-04-01,2021-04-08,2021-04-15T05:00:00+00:00,DOWN
2021-04-03,-0.03251314332633104,2021-04-01,2021-04-09,2021-04-15T05:00:00+00:00,DOWN
2021-04-04,-0.03251314332633104,2021-04-01,2021-04-09,2021-04-15T05:00:00+00:00,DOWN
2021-04-05,-0.03251314332633104,2021-04-01,2021-04-09,2021-04-15T05:00:00+00:00,DOWN
2021-04-06,-0.025612147982412625,2021-04-05,2021-04-12,2021-04-20T05:00:00+00:00,DOWN
2021-04-07,0.02307840897351987,2021-04-06,2021-04-13,2021-04-22T05:00:00+00:00,UP
2021-04-08,0.06669403798311357,2021-04-07,2021-04-14,2021-04-22T05:00:00+00:00,UP
2021-04-09,0.06043293190414034,2021-04-08,2021-04-15,2021-04-22T05:00:00+00:00,UP
2021-04-10,0.06089465477557465,2021-04-09,2021-04-16,2021-04-22T05:00:00+00:00,UP
2021-04-11,0.06089465477557465,2021-04-09,2021-04-16,2021-04-22T05:00:00+00:00,UP
2021-04-12,0.06089465477557465,2021-04-09,2021-04-16,2021-04-22T05:00:00+00:00,UP
2021-04-13,0.06033434365803658,2021-04-12,2021-04-19,2021-04-27T05:00:00+00:00,UP
2021-04-14,0.032796846253894785,2021-04-13,2021-04-20,2021-04-29T05:00:00+00:00,UP
2021-04-15,-0.03738347623164362,2021-04-14,2021-04-21,2021-04-29T05:00:00+00:00,DOWN
2021-04-16,-0.02070598863630524,2021-04-15,2021-04-22,2021-04-29T05:00:00+00:00,DOWN
2021-04-17,-0.007428984686466356,2021-04-16,2021-04-23,2021-04-29T05:00:00+00:00,FLAT
2021-04-18,-0.007428984686466356,2021-04-16,2021-04-23,2021-04-29T05:00:00+00:00,FLAT
2021-04-19,-0.007428984686466356,2021-04-16,2021-04-23,2021-04-29T05:00:00+00:00,FLAT
2021-04-20,-0.019274672119017455,2021-04-19,2021-04-26,2021-05-04T05:00:00+00:00,FLAT
2021-04-21,0.011571030814417904,2021-04-20,2021-04-27,2021-05-06T05:00:00+00:00,FLAT
2021-04-22,0.04566654807958592,2021-04-21,2021-04-28,2021-05-06T05:00:00+00:00,UP
2021-04-23,0.045791885903090135,2021-04-22,2021-04-29,2021-05-06T05:00:00+00:00,UP
2021-04-24,0.0270052477864422,2021-04-23,2021-04-30,2021-05-06T05:00:00+00:00,UP
2021-04-25,0.0270052477864422,2021-04-23,2021-04-30,2021-05-06T05:00:00+00:00,UP
2021-04-26,0.0270052477864422,2021-04-23,2021-04-30,2021-05-06T05:00:00+00:00,UP
2021-04-27,0.032530867976272804,2021-04-26,2021-05-03,2021-05-11T05:00:00+00:00,UP
2021-04-28,0.03885135637763781,2021-04-27,2021-05-04,2021-05-13T05:00:00+00:00,UP
2021-04-29,0.038853941983410856,2021-04-28,2021-05-05,2021-05-13T05:00:00+00:00,UP
2021-04-30,0.0041088227795194054,2021-04-29,2021-05-06,2021-05-13T05:00:00+00:00,FLAT
2021-05-01,0.007884374879067346,2021-04-30,2021-05-07,2021-05-13T05:00:00+00:00,FLAT
2021-05-02,0.007884374879067346,2021-04-30,2021-05-07,2021-05-13T05:00:00+00:00,FLAT
2021-05-03,0.007884374879067346,2021-04-30,2021-05-07,2021-05-13T05:00:00+00:00,FLAT
2021-05-04,0.003715329294491143,2021-05-03,2021-05-10,2021-05-18T05:00:00+00:00,FLAT
2021-05-05,-0.008318748979838197,2021-05-04,2021-05-11,2021-05-20T05:00:00+00:00,FLAT
2021-05-06,-0.004113712521516044,2021-05-05,2021-05-12,2021-05-20T05:00:00+00:00,FLAT
2021-05-07,-0.020321169000997674,2021-05-06,2021-05-13,2021-05-20T05:00:00+00:00,DOWN
2021-05-08,0.008313249176820525,2021-05-07,2021-05-14,2021-05-20T05:00:00+00:00,FLAT
2021-05-09,0.008313249176820525,2021-05-07,2021-05-14,2021-05-20T05:00:00+00:00,FLAT
2021-05-10,0.008313249176820525,2021-05-07,2021-05-14,2021-05-20T05:00:00+00:00,FLAT
2021-05-11,0.018390305171735566,2021-05-10,2021-05-17,2021-05-25T05:00:00+00:00,FLAT
2021-05-12,0.0020692644401620885,2021-05-11,2021-05-18,2021-05-27T05:00:00+00:00,FLAT
2021-05-13,-0.042689284722122856,2021-05-12,2021-05-19,2021-05-27T05:00:00+00:00,DOWN
2021-05-14,-0.0348685410177092,2021-05-13,2021-05-20,2021-05-27T05:00:00+00:00,DOWN
2021-05-15,-0.03681432073913016,2021-05-14,2021-05-21,2021-05-27T05:00:00+00:00,DOWN
2021-05-16,-0.03681432073913016,2021-05-14,2021-05-21,2021-05-27T05:00:00+00:00,DOWN
2021-05-17,-0.03681432073913016,2021-05-14,2021-05-21,2021-05-27T05:00:00+00:00,DOWN
2021-05-18,-0.018023125369097337,2021-05-17,2021-05-24,2021-06-02T05:00:00+00:00,FLAT
2021-05-19,-0.005370563224074587,2021-05-18,2021-05-25,2021-06-04T05:00:00+00:00,FLAT
2021-05-20,0.02365190009978102,2021-05-19,2021-05-26,2021-06-04T05:00:00+00:00,UP
2021-05-21,0.05667764975773815,2021-05-20,2021-05-27,2021-06-04T05:00:00+00:00,UP
2021-05-22,0.028823494616700307,2021-05-21,2021-05-28,2021-06-04T05:00:00+00:00,UP
2021-05-23,0.028823494616700307,2021-05-21,2021-05-28,2021-06-04T05:00:00+00:00,UP
2021-05-24,0.028823494616700307,2021-05-21,2021-05-28,2021-06-04T05:00:00+00:00,UP
2021-05-25,0.0033004403963765583,2021-05-24,2021-05-28,2021-06-04T05:00:00+00:00,FLAT
2021-05-26,0.013050529695606494,2021-05-25,2021-06-01,2021-06-08T05:00:00+00:00,FLAT
2021-05-27,0.02262474265867276,2021-05-26,2021-06-02,2021-06-10T05:00:00+00:00,UP
2021-05-28,0.021818706252795694,2021-05-27,2021-06-03,2021-06-10T05:00:00+00:00,UP
2021-05-29,0.03234510769769838,2021-05-28,2021-06-04,2021-06-10T05:00:00+00:00,UP
2021-05-30,0.03234510769769838,2021-05-28,2021-06-04,2021-06-10T05:00:00+00:00,UP
2021-05-31,0.03234510769769838,2021-05-28,2021-06-04,2021-06-10T05:00:00+00:00,UP
2021-06-01,0.026697687115805113,2021-05-28,2021-06-07,2021-06-15T05:00:00+00:00,UP
2021-06-02,0.02268004109593691,2021-06-01,2021-06-08,2021-06-17T05:00:00+00:00,UP
2021-06-03,0.011006479329170649,2021-06-02,2021-06-09,2021-06-17T05:00:00+00:00,FLAT
2021-06-04,0.011600586906465482,2021-06-03,2021-06-10,2021-06-17T05:00:00+00:00,FLAT
2021-06-05,0.01086659873925222,2021-06-04,2021-06-11,2021-06-17T05:00:00+00:00,FLAT
2021-06-06,0.01086659873925222,2021-06-04,2021-06-11,2021-06-17T05:00:00+00:00,FLAT
2021-06-07,0.01086659873925222,2021-06-04,2021-06-11,2021-06-17T05:00:00+00:00,FLAT
2021-06-08,0.01972179364248272,2021-06-07,2021-06-14,2021-06-22T05:00:00+00:00,FLAT
2021-06-09,0.02871020100854449,2021-06-08,2021-06-15,2021-06-24T05:00:00+00:00,UP
2021-06-10,0.037726949604894866,2021-06-09,2021-06-16,2021-06-24T05:00:00+00:00,UP
2021-06-11,0.026449001229196245,2021-06-10,2021-06-17,2021-06-24T05:00:00+00:00,UP
2021-06-12,0.023423586721670775,2021-06-11,2021-06-18,2021-06-24T05:00:00+00:00,UP
2021-06-13,0.023423586721670775,2021-06-11,2021-06-18,2021-06-24T05:00:00+00:00,UP
2021-06-14,0.023423586721670775,2021-06-11,2021-06-18,2021-06-24T05:00:00+00:00,UP
2021-06-15,0.04167311514906524,2021-06-14,2021-06-21,2021-06-29T05:00:00+00:00,UP
2021-06-16,0.03308507837654462,2021-06-15,2021-06-22,2021-07-01T05:00:00+00:00,UP
2021-06-17,0.030201930257857112,2021-06-16,2021-06-23,2021-07-01T05:00:00+00:00,UP
2021-06-18,0.04517085066014648,2021-06-17,2021-06-24,2021-07-01T05:00:00+00:00,UP
2021-06-19,0.0461517953730064,2021-06-18,2021-06-25,2021-07-01T05:00:00+00:00,UP
2021-06-20,0.0461517953730064,2021-06-18,2021-06-25,2021-07-01T05:00:00+00:00,UP
2021-06-21,0.0461517953730064,2021-06-18,2021-06-25,2021-07-01T05:00:00+00:00,UP
2021-06-22,0.002278440030208939,2021-06-21,2021-06-28,2021-07-07T05:00:00+00:00,FLAT
2021-06-23,0.0034076207443478612,2021-06-22,2021-06-29,2021-07-09T05:00:00+00:00,FLAT
2021-06-24,0.020322012095330244,2021-06-23,2021-06-30,2021-07-09T05:00:00+00:00,UP
2021-06-25,0.009399913527379011,2021-06-24,2021-07-01,2021-07-09T05:00:00+00:00,FLAT
2021-06-26,0.01662985872683964,2021-06-25,2021-07-02,2021-07-09T05:00:00+00:00,FLAT
2021-06-27,0.01662985872683964,2021-06-25,2021-07-02,2021-07-09T05:00:00+00:00,FLAT
2021-06-28,0.01662985872683964,2021-06-25,2021-07-02,2021-07-09T05:00:00+00:00,FLAT
2021-06-29,0.0391724143331218,2021-06-28,2021-07-02,2021-07-09T05:00:00+00:00,UP
2021-06-30,0.008053953109305567,2021-06-29,2021-07-06,2021-07-13T05:00:00+00:00,FLAT
2021-07-01,-0.03190877135364012,2021-06-30,2021-07-07,2021-07-15T05:00:00+00:00,DOWN
2021-07-02,-0.01780957844655573,2021-07-01,2021-07-08,2021-07-15T05:00:00+00:00,FLAT
2021-07-03,-0.0037433065888358152,2021-07-02,2021-07-09,2021-07-15T05:00:00+00:00,FLAT
2021-07-04,-0.0037433065888358152,2021-07-02,2021-07-09,2021-07-15T05:00:00+00:00,FLAT
2021-07-05,-0.0037433065888358152,2021-07-02,2021-07-09,2021-07-15T05:00:00+00:00,FLAT
2021-07-06,-0.009088052513549827,2021-07-02,2021-07-12,2021-07-20T05:00:00+00:00,FLAT
2021-07-07,0.020698841098036436,2021-07-06,2021-07-13,2021-07-22T05:00:00+00:00,UP
2021-07-08,0.018771238821449154,2021-07-07,2021-07-14,2021-07-22T05:00:00+00:00,FLAT
2021-07-09,-0.011752076994566596,2021-07-08,2021-07-15,2021-07-22T05:00:00+00:00,FLAT
2021-07-10,-0.03478672362866153,2021-07-09,2021-07-16,2021-07-22T05:00:00+00:00,DOWN
2021-07-11,-0.03478672362866153,2021-07-09,2021-07-16,2021-07-22T05:00:00+00:00,DOWN
2021-07-12,-0.03478672362866153,2021-07-09,2021-07-16,2021-07-22T05:00:00+00:00,DOWN
2021-07-13,-0.09493237173703373,2021-07-12,2021-07-19,2021-07-27T05:00:00+00:00,DOWN
2021-07-14,-0.09415198717357309,2021-07-13,2021-07-20,2021-07-29T05:00:00+00:00,DOWN
2021-07-15,-0.04260513841140379,2021-07-14,2021-07-21,2021-07-29T05:00:00+00:00,DOWN
2021-07-16,-0.0022147044076834543,2021-07-15,2021-07-22,2021-07-29T05:00:00+00:00,FLAT
2021-07-17,0.005728939444756609,2021-07-16,2021-07-23,2021-07-29T05:00:00+00:00,FLAT
2021-07-18,0.005728939444756609,2021-07-16,2021-07-23,2021-07-29T05:00:00+00:00,FLAT
2021-07-19,0.005728939444756609,2021-07-16,2021-07-23,2021-07-29T05:00:00+00:00,FLAT
2021-07-20,0.07762338299955385,2021-07-19,2021-07-26,2021-08-03T05:00:00+00:00,UP
2021-07-21,0.07338342499238659,2021-07-20,2021-07-27,2021-08-05T05:00:00+00:00,UP
2021-07-22,0.03901099065557112,2021-07-21,2021-07-28,2021-08-05T05:00:00+00:00,UP
2021-07-23,0.025417617702007123,2021-07-22,2021-07-29,2021-08-05T05:00:00+00:00,UP
2021-07-24,0.03501672858916516,2021-07-23,2021-07-30,2021-08-05T05:00:00+00:00,UP
2021-07-25,0.03501672858916516,2021-07-23,2021-07-30,2021-08-05T05:00:00+00:00,UP
2021-07-26,0.03501672858916516,2021-07-23,2021-07-30,2021-08-05T05:00:00+00:00,UP
2021-07-27,-0.014891429902686437,2021-07-26,2021-08-02,2021-08-10T05:00:00+00:00,FLAT
2021-07-28,-0.027841426326809637,2021-07-27,2021-08-03,2021-08-12T05:00:00+00:00,DOWN
2021-07-29,-0.05824261688428767,2021-07-28,2021-08-04,2021-08-12T05:00:00+00:00,DOWN
2021-07-30,-0.053847978045669764,2021-07-29,2021-08-05,2021-08-12T05:00:00+00:00,DOWN
2021-07-31,-0.08315191488748508,2021-07-30,2021-08-06,2021-08-12T05:00:00+00:00,DOWN
2021-08-01,-0.08315191488748508,2021-07-30,2021-08-06,2021-08-12T05:00:00+00:00,DOWN
2021-08-02,-0.08315191488748508,2021-07-30,2021-08-06,2021-08-12T05:00:00+00:00,DOWN
2021-08-03,-0.05418146389238221,2021-08-02,2021-08-09,2021-08-17T05:00:00+00:00,DOWN
2021-08-04,-0.02639091315038855,2021-08-03,2021-08-10,2021-08-19T05:00:00+00:00,DOWN
2021-08-05,0.016094117237972716,2021-08-04,2021-08-11,2021-08-19T05:00:00+00:00,FLAT
2021-08-06,-0.00217157872817042,2021-08-05,2021-08-12,2021-08-19T05:00:00+00:00,FLAT
2021-08-07,-0.00256746957424836,2021-08-06,2021-08-13,2021-08-19T05:00:00+00:00,FLAT
2021-08-08,-0.00256746957424836,2021-08-06,2021-08-13,2021-08-19T05:00:00+00:00,FLAT
2021-08-09,-0.00256746957424836,2021-08-06,2021-08-13,2021-08-19T05:00:00+00:00,FLAT
2021-08-10,0.0042463268436789825,2021-08-09,2021-08-16,2021-08-24T05:00:00+00:00,FLAT
2021-08-11,-0.024428728453502746,2021-08-10,2021-08-17,2021-08-26T05:00:00+00:00,DOWN
2021-08-12,-0.04609770384623413,2021-08-11,2021-08-18,2021-08-26T05:00:00+00:00,DOWN
2021-08-13,-0.06721013928789876,2021-08-12,2021-08-19,2021-08-26T05:00:00+00:00,DOWN
2021-08-14,-0.07254167375137277,2021-08-13,2021-08-20,2021-08-26T05:00:00+00:00,DOWN
2021-08-15,-0.07254167375137277,2021-08-13,2021-08-20,2021-08-26T05:00:00+00:00,DOWN
2021-08-16,-0.07254167375137277,2021-08-13,2021-08-20,2021-08-26T05:00:00+00:00,DOWN
2021-08-17,-0.013312237086161693,2021-08-16,2021-08-23,2021-08-31T05:00:00+00:00,FLAT
2021-08-18,0.023802410895179094,2021-08-17,2021-08-24,2021-09-02T05:00:00+00:00,UP
2021-08-19,0.04978076033246093,2021-08-18,2021-08-25,2021-09-02T05:00:00+00:00,UP
2021-08-20,0.05203265207443519,2021-08-19,2021-08-26,2021-09-02T05:00:00+00:00,UP
2021-08-21,0.09793073393174079,2021-08-20,2021-08-27,2021-09-02T05:00:00+00:00,UP
2021-08-22,0.09793073393174079,2021-08-20,2021-08-27,2021-09-02T05:00:00+00:00,UP
2021-08-23,0.09793073393174079,2021-08-20,2021-08-27,2021-09-02T05:00:00+00:00,UP
2021-08-24,0.04466753268458823,2021-08-23,2021-08-27,2021-09-02T05:00:00+00:00,UP
2021-08-25,0.02976665077907681,2021-08-24,2021-08-31,2021-09-10T05:00:00+00:00,UP
2021-08-26,-0.004423058534812618,2021-08-25,2021-09-01,2021-09-10T05:00:00+00:00,FLAT
2021-08-27,0.04057623035962399,2021-08-26,2021-09-02,2021-09-10T05:00:00+00:00,UP
2021-08-28,0.008349862964351917,2021-08-27,2021-09-03,2021-09-10T05:00:00+00:00,FLAT
2021-08-29,0.008349862964351917,2021-08-27,2021-09-03,2021-09-10T05:00:00+00:00,FLAT
2021-08-30,0.008349862964351917,2021-08-27,2021-09-03,2021-09-10T05:00:00+00:00,FLAT
2021-08-31,0.008349862964351917,2021-08-27,2021-09-03,2021-09-10T05:00:00+00:00,FLAT
2021-09-01,-0.025402191595577994,2021-08-31,2021-09-07,2021-09-14T05:00:00+00:00,DOWN
2021-09-02,0.005544235764912919,2021-09-01,2021-09-08,2021-09-16T05:00:00+00:00,FLAT
2021-09-03,-0.030646563545054906,2021-09-02,2021-09-09,2021-09-16T05:00:00+00:00,DOWN
2021-09-04,-0.009973860444001503,2021-09-03,2021-09-10,2021-09-16T05:00:00+00:00,FLAT
2021-09-05,-0.009973860444001503,2021-09-03,2021-09-10,2021-09-16T05:00:00+00:00,FLAT
2021-09-06,-0.009973860444001503,2021-09-03,2021-09-10,2021-09-16T05:00:00+00:00,FLAT
2021-09-07,-0.0016316416829528224,2021-09-03,2021-09-13,2021-09-23T05:00:00+00:00,FLAT
2021-09-08,0.016969773540012723,2021-09-07,2021-09-14,2021-09-23T05:00:00+00:00,FLAT
2021-09-09,0.029598904916183555,2021-09-08,2021-09-15,2021-09-23T05:00:00+00:00,UP
2021-09-10,0.05387153878949702,2021-09-09,2021-09-16,2021-09-23T05:00:00+00:00,UP
2021-09-11,0.03380772580557245,2021-09-10,2021-09-17,2021-09-23T05:00:00+00:00,UP
2021-09-12,0.03380772580557245,2021-09-10,2021-09-17,2021-09-23T05:00:00+00:00,UP
2021-09-13,0.03380772580557245,2021-09-10,2021-09-17,2021-09-23T05:00:00+00:00,UP
2021-09-14,0.010685254164563673,2021-09-13,2021-09-20,2021-09-28T05:00:00+00:00,FLAT
2021-09-15,0.012426056564204924,2021-09-14,2021-09-21,2021-09-30T05:00:00+00:00,FLAT
2021-09-16,0.013382965749818565,2021-09-15,2021-09-22,2021-09-30T05:00:00+00:00,FLAT
2021-09-17,0.017679181743377237,2021-09-16,2021-09-23,2021-09-30T05:00:00+00:00,FLAT
2021-09-18,0.037325658663350136,2021-09-17,2021-09-24,2021-09-30T05:00:00+00:00,UP
2021-09-19,0.037325658663350136,2021-09-17,2021-09-24,2021-09-30T05:00:00+00:00,UP
2021-09-20,0.037325658663350136,2021-09-17,2021-09-24,2021-09-30T05:00:00+00:00,UP
2021-09-21,0.03726601854355471,2021-09-20,2021-09-27,2021-10-05T05:00:00+00:00,UP
2021-09-22,0.06221557886192053,2021-09-21,2021-09-28,2021-10-07T05:00:00+00:00,UP
2021-09-23,0.032710732113460095,2021-09-22,2021-09-29,2021-10-07T05:00:00+00:00,UP
2021-09-24,0.01546403190952339,2021-09-23,2021-09-30,2021-10-07T05:00:00+00:00,FLAT
2021-09-25,0.021990192044821777,2021-09-24,2021-10-01,2021-10-07T05:00:00+00:00,UP
2021-09-26,0.021990192044821777,2021-09-24,2021-10-01,2021-10-07T05:00:00+00:00,UP
2021-09-27,0.021990192044821777,2021-09-24,2021-10-01,2021-10-07T05:00:00+00:00,UP
2021-09-28,0.0633314463903949,2021-09-27,2021-10-04,2021-10-13T05:00:00+00:00,UP
2021-09-29,0.05381640216865513,2021-09-28,2021-10-05,2021-10-15T05:00:00+00:00,UP
2021-09-30,0.041007926930558325,2021-09-29,2021-10-06,2021-10-15T05:00:00+00:00,UP
2021-10-01,0.058218737951420074,2021-09-30,2021-10-07,2021-10-15T05:00:00+00:00,UP
2021-10-02,0.03490271106302201,2021-10-01,2021-10-08,2021-10-15T05:00:00+00:00,UP
2021-10-03,0.03490271106302201,2021-10-01,2021-10-08,2021-10-15T05:00:00+00:00,UP
2021-10-04,0.03490271106302201,2021-10-01,2021-10-08,2021-10-15T05:00:00+00:00,UP
2021-10-05,0.00897931309435096,2021-10-04,2021-10-08,2021-10-15T05:00:00+00:00,FLAT
2021-10-06,0.010591327719083887,2021-10-05,2021-10-12,2021-10-19T05:00:00+00:00,FLAT
2021-10-07,0.023553571360674486,2021-10-06,2021-10-13,2021-10-21T05:00:00+00:00,UP
2021-10-08,0.017606506111184084,2021-10-07,2021-10-14,2021-10-21T05:00:00+00:00,FLAT
2021-10-09,0.028905518398525842,2021-10-08,2021-10-15,2021-10-21T05:00:00+00:00,UP
2021-10-10,0.028905518398525842,2021-10-08,2021-10-15,2021-10-21T05:00:00+00:00,UP
2021-10-11,0.028905518398525842,2021-10-08,2021-10-15,2021-10-21T05:00:00+00:00,UP
2021-10-12,0.02154898082988499,2021-10-08,2021-10-18,2021-10-26T05:00:00+00:00,UP
2021-10-13,0.007373042049235501,2021-10-12,2021-10-19,2021-10-28T05:00:00+00:00,FLAT
2021-10-14,0.021488579225288795,2021-10-13,2021-10-20,2021-10-28T05:00:00+00:00,UP
2021-10-15,0.0014576469443776663,2021-10-14,2021-10-21,2021-10-28T05:00:00+00:00,FLAT
2021-10-16,0.0011193725872931104,2021-10-15,2021-10-22,2021-10-28T05:00:00+00:00,FLAT
2021-10-17,0.0011193725872931104,2021-10-15,2021-10-22,2021-10-28T05:00:00+00:00,FLAT
2021-10-18,0.0011193725872931104,2021-10-15,2021-10-22,2021-10-28T05:00:00+00:00,FLAT
2021-10-19,0.0017497492982487817,2021-10-18,2021-10-25,2021-11-02T05:00:00+00:00,FLAT
2021-10-20,0.0010272041238901242,2021-10-19,2021-10-26,2021-11-04T05:00:00+00:00,FLAT
2021-10-21,-0.019445306722300826,2021-10-20,2021-10-27,2021-11-04T05:00:00+00:00,FLAT
2021-10-22,-0.01407468941984169,2021-10-21,2021-10-28,2021-11-04T05:00:00+00:00,FLAT
2021-10-23,-0.024058746842734346,2021-10-22,2021-10-29,2021-11-04T05:00:00+00:00,DOWN
2021-10-24,-0.024058746842734346,2021-10-22,2021-10-29,2021-11-04T05:00:00+00:00,DOWN
2021-10-25,-0.024058746842734346,2021-10-22,2021-10-29,2021-11-04T05:00:00+00:00,DOWN
2021-10-26,-0.0021977631757488236,2021-10-25,2021-11-01,2021-11-09T06:00:00+00:00,FLAT
2021-10-27,-0.005387298852396749,2021-10-26,2021-11-02,2021-11-11T06:00:00+00:00,FLAT
2021-10-28,-0.033698818148464316,2021-10-27,2021-11-03,2021-11-11T06:00:00+00:00,DOWN
2021-10-29,-0.03817193753484793,2021-10-28,2021-11-04,2021-11-11T06:00:00+00:00,DOWN
2021-10-30,-0.009440911366815241,2021-10-29,2021-11-05,2021-11-11T06:00:00+00:00,FLAT
2021-10-31,-0.009440911366815241,2021-10-29,2021-11-05,2021-11-11T06:00:00+00:00,FLAT
2021-11-01,-0.009440911366815241,2021-10-29,2021-11-05,2021-11-11T06:00:00+00:00,FLAT
2021-11-02,-0.016341991651876664,2021-11-01,2021-11-08,2021-11-16T06:00:00+00:00,FLAT
2021-11-03,-5.138031709595037e-05,2021-11-02,2021-11-09,2021-11-18T06:00:00+00:00,FLAT
2021-11-04,0.019461552434100193,2021-11-03,2021-11-10,2021-11-18T06:00:00+00:00,FLAT
2021-11-05,0.03301241780228592,2021-11-04,2021-11-10,2021-11-18T06:00:00+00:00,UP
2021-11-06,0.0029658886042909227,2021-11-05,2021-11-12,2021-11-18T06:00:00+00:00,FLAT
2021-11-07,0.0029658886042909227,2021-11-05,2021-11-12,2021-11-18T06:00:00+00:00,FLAT
2021-11-08,0.0029658886042909227,2021-11-05,2021-11-12,2021-11-18T06:00:00+00:00,FLAT
2021-11-09,-0.016582762879572055,2021-11-08,2021-11-15,2021-11-23T06:00:00+00:00,FLAT
2021-11-10,-0.019712627808025518,2021-11-09,2021-11-16,2021-11-25T06:00:00+00:00,FLAT
2021-11-11,-0.028646957935435702,2021-11-10,2021-11-17,2021-11-25T06:00:00+00:00,DOWN
2021-11-12,-0.006030762128662492,2021-11-10,2021-11-18,2021-11-25T06:00:00+00:00,FLAT
2021-11-13,-0.030933616654629792,2021-11-12,2021-11-19,2021-11-25T06:00:00+00:00,DOWN
2021-11-14,-0.030933616654629792,2021-11-12,2021-11-19,2021-11-25T06:00:00+00:00,DOWN
2021-11-15,-0.030933616654629792,2021-11-12,2021-11-19,2021-11-25T06:00:00+00:00,DOWN
2021-11-16,-0.011559243221519577,2021-11-15,2021-11-22,2021-11-30T06:00:00+00:00,FLAT
2021-11-17,0.00685881458884352,2021-11-16,2021-11-23,2021-12-02T06:00:00+00:00,FLAT
2021-11-18,0.023347008980112882,2021-11-17,2021-11-24,2021-12-02T06:00:00+00:00,UP
2021-11-19,6.236851886987083e-05,2021-11-18,2021-11-24,2021-12-02T06:00:00+00:00,FLAT
2021-11-20,-0.0972192718307816,2021-11-19,2021-11-26,2021-12-02T06:00:00+00:00,DOWN
2021-11-21,-0.0972192718307816,2021-11-19,2021-11-26,2021-12-02T06:00:00+00:00,DOWN
2021-11-22,-0.0972192718307816,2021-11-19,2021-11-26,2021-12-02T06:00:00+00:00,DOWN
2021-11-23,-0.09376423951285773,2021-11-22,2021-11-29,2021-12-07T06:00:00+00:00,DOWN
2021-11-24,-0.1542534052769169,2021-11-23,2021-11-30,2021-12-09T06:00:00+00:00,DOWN
2021-11-25,-0.15952698185628245,2021-11-24,2021-12-01,2021-12-09T06:00:00+00:00,DOWN
2021-11-26,-0.14544136792341267,2021-11-24,2021-12-02,2021-12-09T06:00:00+00:00,DOWN
2021-11-27,-0.02547494975487219,2021-11-26,2021-12-03,2021-12-09T06:00:00+00:00,DOWN
2021-11-28,-0.02547494975487219,2021-11-26,2021-12-03,2021-12-09T06:00:00+00:00,DOWN
2021-11-29,-0.02547494975487219,2021-11-26,2021-12-03,2021-12-09T06:00:00+00:00,DOWN
2021-11-30,-0.0013186248323628913,2021-11-29,2021-12-06,2021-12-14T06:00:00+00:00,FLAT
2021-12-01,0.06633049419070347,2021-11-30,2021-12-07,2021-12-16T06:00:00+00:00,UP
2021-12-02,0.08865510255278686,2021-12-01,2021-12-08,2021-12-16T06:00:00+00:00,UP
2021-12-03,0.050318297103826515,2021-12-02,2021-12-09,2021-12-16T06:00:00+00:00,UP
2021-12-04,0.05917340294423745,2021-12-03,2021-12-10,2021-12-16T06:00:00+00:00,UP
2021-12-05,0.05917340294423745,2021-12-03,2021-12-10,2021-12-16T06:00:00+00:00,UP
2021-12-06,0.05917340294423745,2021-12-03,2021-12-10,2021-12-16T06:00:00+00:00,UP
2021-12-07,0.008547723450492928,2021-12-06,2021-12-13,2021-12-21T06:00:00+00:00,FLAT
2021-12-08,-0.028512891616739977,2021-12-07,2021-12-14,2021-12-23T06:00:00+00:00,DOWN
2021-12-09,-0.02572359119372969,2021-12-08,2021-12-15,2021-12-23T06:00:00+00:00,DOWN
2021-12-10,0.005739526008774698,2021-12-09,2021-12-16,2021-12-23T06:00:00+00:00,FLAT
2021-12-11,-0.025844423447100473,2021-12-10,2021-12-17,2021-12-23T06:00:00+00:00,DOWN
2021-12-12,-0.025844423447100473,2021-12-10,2021-12-17,2021-12-23T06:00:00+00:00,DOWN
2021-12-13,-0.025844423447100473,2021-12-10,2021-12-17,2021-12-23T06:00:00+00:00,DOWN
2021-12-14,-0.04725527296185417,2021-12-13,2021-12-20,2021-12-28T06:00:00+00:00,DOWN
2021-12-15,-0.006385616282910567,2021-12-14,2021-12-21,2021-12-30T06:00:00+00:00,FLAT
2021-12-16,0.01364545574283893,2021-12-15,2021-12-22,2021-12-30T06:00:00+00:00,FLAT
2021-12-17,0.022057189015551204,2021-12-16,2021-12-23,2021-12-30T06:00:00+00:00,UP
2021-12-18,0.04423453217951545,2021-12-17,2021-12-23,2021-12-30T06:00:00+00:00,UP
2021-12-19,0.04423453217951545,2021-12-17,2021-12-23,2021-12-30T06:00:00+00:00,UP
2021-12-20,0.04423453217951545,2021-12-17,2021-12-23,2021-12-30T06:00:00+00:00,UP
2021-12-21,0.06622909749817407,2021-12-20,2021-12-27,2022-01-04T06:00:00+00:00,UP
2021-12-22,0.03262883299962738,2021-12-21,2021-12-27,2022-01-04T06:00:00+00:00,UP
2021-12-23,0.052503452241896564,2021-12-22,2021-12-29,2022-01-06T06:00:00+00:00,UP
2021-12-24,0.03130113169340354,2021-12-23,2021-12-30,2022-01-06T06:00:00+00:00,UP
2021-12-25,0.03130113169340354,2021-12-23,2021-12-30,2022-01-06T06:00:00+00:00,UP
2021-12-26,0.03130113169340354,2021-12-23,2021-12-30,2022-01-06T06:00:00+00:00,UP
2021-12-27,0.03130113169340354,2021-12-23,2021-12-30,2022-01-06T06:00:00+00:00,UP
2021-12-28,0.037474889760714,2021-12-27,2022-01-03,2022-01-11T06:00:00+00:00,UP
2021-12-29,0.05542184221437707,2021-12-27,2022-01-04,2022-01-13T06:00:00+00:00,UP
2021-12-30,0.02441017244431487,2021-12-29,2022-01-05,2022-01-13T06:00:00+00:00,UP
2021-12-31,0.04456829657076855,2021-12-30,2022-01-06,2022-01-13T06:00:00+00:00,UP
2022-01-01,0.04739243821589034,2021-12-30,2022-01-07,2022-01-13T06:00:00+00:00,UP
2022-01-02,0.04739243821589034,2021-12-30,2022-01-07,2022-01-13T06:00:00+00:00,UP
2022-01-03,0.04739243821589034,2021-12-30,2022-01-07,2022-01-13T06:00:00+00:00,UP
2022-01-04,0.04567897984782188,2022-01-03,2022-01-10,2022-01-19T06:00:00+00:00,UP
2022-01-05,0.0706470684957643,2022-01-04,2022-01-11,2022-01-21T06:00:00+00:00,UP
2022-01-06,0.06388435726395203,2022-01-05,2022-01-12,2022-01-21T06:00:00+00:00,UP
2022-01-07,0.042747034628406455,2022-01-06,2022-01-13,2022-01-21T06:00:00+00:00,UP
2022-01-08,0.05536088406354711,2022-01-07,2022-01-14,2022-01-21T06:00:00+00:00,UP
2022-01-09,0.05536088406354711,2022-01-07,2022-01-14,2022-01-21T06:00:00+00:00,UP
2022-01-10,0.05536088406354711,2022-01-07,2022-01-14,2022-01-21T06:00:00+00:00,UP
2022-01-11,0.06489454907797243,2022-01-10,2022-01-14,2022-01-21T06:00:00+00:00,UP
2022-01-12,0.04186061028799082,2022-01-11,2022-01-18,2022-01-25T06:00:00+00:00,UP
2022-01-13,0.0422053631183934,2022-01-12,2022-01-19,2022-01-27T06:00:00+00:00,UP
2022-01-14,0.04292854457961792,2022-01-13,2022-01-20,2022-01-27T06:00:00+00:00,UP
2022-01-15,0.02734442577563101,2022-01-14,2022-01-21,2022-01-27T06:00:00+00:00,UP
2022-01-16,0.02734442577563101,2022-01-14,2022-01-21,2022-01-27T06:00:00+00:00,UP
2022-01-17,0.02734442577563101,2022-01-14,2022-01-21,2022-01-27T06:00:00+00:00,UP
2022-01-18,0.003053042844171072,2022-01-14,2022-01-24,2022-02-01T06:00:00+00:00,FLAT
2022-01-19,0.0031797653903209433,2022-01-18,2022-01-25,2022-02-03T06:00:00+00:00,FLAT
2022-01-20,0.013760662212334518,2022-01-19,2022-01-26,2022-02-03T06:00:00+00:00,FLAT
2022-01-21,0.014904242254693889,2022-01-20,2022-01-27,2022-02-03T06:00:00+00:00,FLAT
2022-01-22,0.022701714749783886,2022-01-21,2022-01-28,2022-02-03T06:00:00+00:00,UP
2022-01-23,0.022701714749783886,2022-01-21,2022-01-28,2022-02-03T06:00:00+00:00,UP
2022-01-24,0.022701714749783886,2022-01-21,2022-01-28,2022-02-03T06:00:00+00:00,UP
2022-01-25,0.05762939447111903,2022-01-24,2022-01-31,2022-02-08T06:00:00+00:00,UP
2022-01-26,0.014008003184768913,2022-01-25,2022-02-01,2022-02-10T06:00:00+00:00,FLAT
2022-01-27,0.008708639703172372,2022-01-26,2022-02-02,2022-02-10T06:00:00+00:00,FLAT
2022-01-28,0.02416931966750102,2022-01-27,2022-02-03,2022-02-10T06:00:00+00:00,UP
2022-01-29,0.05900966635262983,2022-01-28,2022-02-04,2022-02-10T06:00:00+00:00,UP
2022-01-30,0.05900966635262983,2022-01-28,2022-02-04,2022-02-10T06:00:00+00:00,UP
2022-01-31,0.05900966635262983,2022-01-28,2022-02-04,2022-02-10T06:00:00+00:00,UP
2022-02-01,0.05338386572820819,2022-01-31,2022-02-07,2022-02-15T06:00:00+00:00,UP
2022-02-02,0.06544231888469287,2022-02-01,2022-02-08,2022-02-17T06:00:00+00:00,UP
2022-02-03,0.03864633280605689,2022-02-02,2022-02-09,2022-02-17T06:00:00+00:00,UP
2022-02-04,0.03497944808619202,2022-02-03,2022-02-10,2022-02-17T06:00:00+00:00,UP
2022-02-05,0.005499747568056046,2022-02-04,2022-02-11,2022-02-17T06:00:00+00:00,FLAT
2022-02-06,0.005499747568056046,2022-02-04,2022-02-11,2022-02-17T06:00:00+00:00,FLAT
2022-02-07,0.005499747568056046,2022-02-04,2022-02-11,2022-02-17T06:00:00+00:00,FLAT
2022-02-08,0.04431824028930409,2022-02-07,2022-02-14,2022-02-23T06:00:00+00:00,UP
2022-02-09,0.020139478684791268,2022-02-08,2022-02-15,2022-02-25T06:00:00+00:00,UP
2022-02-10,0.02214324031637105,2022-02-09,2022-02-16,2022-02-25T06:00:00+00:00,UP
2022-02-11,-0.013567287093806168,2022-02-10,2022-02-17,2022-02-25T06:00:00+00:00,FLAT
2022-02-12,-0.018025200358344762,2022-02-11,2022-02-18,2022-02-25T06:00:00+00:00,FLAT
2022-02-13,-0.018025200358344762,2022-02-11,2022-02-18,2022-02-25T06:00:00+00:00,FLAT
2022-02-14,-0.018025200358344762,2022-02-11,2022-02-18,2022-02-25T06:00:00+00:00,FLAT
2022-02-15,-0.05860833715005509,2022-02-14,2022-02-18,2022-02-25T06:00:00+00:00,DOWN
2022-02-16,0.001069765260155231,2022-02-15,2022-02-22,2022-03-01T06:00:00+00:00,FLAT
2022-02-17,0.015255260224347866,2022-02-16,2022-02-23,2022-03-03T06:00:00+00:00,FLAT
2022-02-18,0.061433510979029604,2022-02-17,2022-02-24,2022-03-03T06:00:00+00:00,UP
2022-02-19,0.02341676677957616,2022-02-18,2022-02-25,2022-03-03T06:00:00+00:00,UP
2022-02-20,0.02341676677957616,2022-02-18,2022-02-25,2022-03-03T06:00:00+00:00,UP
2022-02-21,0.02341676677957616,2022-02-18,2022-02-25,2022-03-03T06:00:00+00:00,UP
2022-02-22,0.06891079755095086,2022-02-18,2022-02-28,2022-03-08T06:00:00+00:00,UP
2022-02-23,0.12101172721575404,2022-02-22,2022-03-01,2022-03-10T06:00:00+00:00,UP
2022-02-24,0.19934715113221113,2022-02-23,2022-03-02,2022-03-10T06:00:00+00:00,UP
2022-02-25,0.1373243442230374,2022-02-24,2022-03-03,2022-03-10T06:00:00+00:00,UP
2022-02-26,0.2570744182838325,2022-02-25,2022-03-04,2022-03-10T06:00:00+00:00,UP
2022-02-27,0.2570744182838325,2022-02-25,2022-03-04,2022-03-10T06:00:00+00:00,UP
2022-02-28,0.2570744182838325,2022-02-25,2022-03-04,2022-03-10T06:00:00+00:00,UP
2022-03-01,0.2538317137350017,2022-02-28,2022-03-07,2022-03-15T05:00:00+00:00,UP
2022-03-02,0.20175628907732568,2022-03-01,2022-03-08,2022-03-17T05:00:00+00:00,UP
2022-03-03,-0.02040016666761091,2022-03-02,2022-03-09,2022-03-17T05:00:00+00:00,DOWN
2022-03-04,-0.006841086617506709,2022-03-03,2022-03-10,2022-03-17T05:00:00+00:00,FLAT
2022-03-05,-0.04339006952624891,2022-03-04,2022-03-11,2022-03-17T05:00:00+00:00,DOWN
2022-03-06,-0.04339006952624891,2022-03-04,2022-03-11,2022-03-17T05:00:00+00:00,DOWN
2022-03-07,-0.04339006952624891,2022-03-04,2022-03-11,2022-03-17T05:00:00+00:00,DOWN
2022-03-08,-0.13828998436150308,2022-03-07,2022-03-14,2022-03-22T05:00:00+00:00,DOWN
2022-03-09,-0.20406931360218705,2022-03-08,2022-03-15,2022-03-24T05:00:00+00:00,DOWN
2022-03-10,-0.09790372857906304,2022-03-09,2022-03-16,2022-03-24T05:00:00+00:00,DOWN
2022-03-11,-0.005207790710975879,2022-03-10,2022-03-17,2022-03-24T05:00:00+00:00,FLAT
2022-03-12,-0.028729465368820373,2022-03-11,2022-03-18,2022-03-24T05:00:00+00:00,DOWN
2022-03-13,-0.028729465368820373,2022-03-11,2022-03-18,2022-03-24T05:00:00+00:00,DOWN
2022-03-14,-0.028729465368820373,2022-03-11,2022-03-18,2022-03-24T05:00:00+00:00,DOWN
2022-03-15,0.10618086920289915,2022-03-14,2022-03-21,2022-03-29T05:00:00+00:00,UP
2022-03-16,0.1552340984618923,2022-03-15,2022-03-22,2022-03-31T05:00:00+00:00,UP
2022-03-17,0.2230346361050335,2022-03-16,2022-03-23,2022-03-31T05:00:00+00:00,UP
2022-03-18,0.09596679475242009,2022-03-17,2022-03-24,2022-03-31T05:00:00+00:00,UP
2022-03-19,0.07386718451285357,2022-03-18,2022-03-25,2022-03-31T05:00:00+00:00,UP
2022-03-20,0.07386718451285357,2022-03-18,2022-03-25,2022-03-31T05:00:00+00:00,UP
2022-03-21,0.07386718451285357,2022-03-18,2022-03-25,2022-03-31T05:00:00+00:00,UP
2022-03-22,-0.06131432477254928,2022-03-21,2022-03-28,2022-04-05T05:00:00+00:00,DOWN
2022-03-23,-0.07228086814054924,2022-03-22,2022-03-29,2022-04-07T05:00:00+00:00,DOWN
2022-03-24,-0.09711031628730127,2022-03-23,2022-03-30,2022-04-07T05:00:00+00:00,DOWN
2022-03-25,-0.13838337893912933,2022-03-24,2022-03-31,2022-04-07T05:00:00+00:00,DOWN
2022-03-26,-0.13528179081959035,2022-03-25,2022-04-01,2022-04-07T05:00:00+00:00,DOWN
2022-03-27,-0.13528179081959035,2022-03-25,2022-04-01,2022-04-07T05:00:00+00:00,DOWN
2022-03-28,-0.13528179081959035,2022-03-25,2022-04-01,2022-04-07T05:00:00+00:00,DOWN
2022-03-29,-0.05686686260229756,2022-03-28,2022-04-04,2022-04-12T05:00:00+00:00,DOWN
2022-03-30,-0.05511838691427695,2022-03-29,2022-04-05,2022-04-14T05:00:00+00:00,DOWN
2022-03-31,-0.12621682556879021,2022-03-30,2022-04-06,2022-04-14T05:00:00+00:00,DOWN
2022-04-01,-0.06649287569384787,2022-03-31,2022-04-07,2022-04-14T05:00:00+00:00,DOWN
2022-04-02,-0.04561719372597306,2022-04-01,2022-04-08,2022-04-14T05:00:00+00:00,DOWN
2022-04-03,-0.04561719372597306,2022-04-01,2022-04-08,2022-04-14T05:00:00+00:00,DOWN
2022-04-04,-0.04561719372597306,2022-04-01,2022-04-08,2022-04-14T05:00:00+00:00,DOWN
2022-04-05,-0.09355192892745123,2022-04-04,2022-04-11,2022-04-19T05:00:00+00:00,DOWN
2022-04-06,-0.01995757341422222,2022-04-05,2022-04-12,2022-04-21T05:00:00+00:00,FLAT
2022-04-07,0.07767221065276275,2022-04-06,2022-04-13,2022-04-21T05:00:00+00:00,UP
2022-04-08,0.11324207914460871,2022-04-07,2022-04-14,2022-04-21T05:00:00+00:00,UP
2022-04-09,0.09677927230544725,2022-04-08,2022-04-14,2022-04-21T05:00:00+00:00,UP
2022-04-10,0.09677927230544725,2022-04-08,2022-04-14,2022-04-21T05:00:00+00:00,UP
2022-04-11,0.09677927230544725,2022-04-08,2022-04-14,2022-04-21T05:00:00+00:00,UP
2022-04-12,0.13074054572372207,2022-04-11,2022-04-18,2022-04-26T05:00:00+00:00,UP
2022-04-13,0.014675272455961785,2022-04-12,2022-04-19,2022-04-28T05:00:00+00:00,FLAT
2022-04-14,-0.023952896756853526,2022-04-13,2022-04-20,2022-04-28T05:00:00+00:00,DOWN
2022-04-15,-0.02175711134823788,2022-04-14,2022-04-21,2022-04-28T05:00:00+00:00,DOWN
2022-04-16,-0.03287715411170189,2022-04-14,2022-04-22,2022-04-28T05:00:00+00:00,DOWN
2022-04-17,-0.03287715411170189,2022-04-14,2022-04-22,2022-04-28T05:00:00+00:00,DOWN
2022-04-18,-0.03287715411170189,2022-04-14,2022-04-22,2022-04-28T05:00:00+00:00,DOWN
2022-04-19,-0.07678407275640753,2022-04-18,2022-04-25,2022-05-03T05:00:00+00:00,DOWN
2022-04-20,9.928564837502485e-05,2022-04-19,2022-04-26,2022-05-05T05:00:00+00:00,FLAT
2022-04-21,0.00489609190897955,2022-04-20,2022-04-27,2022-05-05T05:00:00+00:00,FLAT
2022-04-22,0.013419029850746167,2022-04-21,2022-04-28,2022-05-05T05:00:00+00:00,FLAT
2022-04-23,0.04748928124960883,2022-04-22,2022-04-29,2022-05-05T05:00:00+00:00,UP
2022-04-24,0.04748928124960883,2022-04-22,2022-04-29,2022-05-05T05:00:00+00:00,UP
2022-04-25,0.04748928124960883,2022-04-22,2022-04-29,2022-05-05T05:00:00+00:00,UP
2022-04-26,0.0997903725940692,2022-04-25,2022-05-02,2022-05-10T05:00:00+00:00,UP
2022-04-27,0.02812378889108902,2022-04-26,2022-05-03,2022-05-12T05:00:00+00:00,UP
2022-04-28,0.07788536198578999,2022-04-27,2022-05-04,2022-05-12T05:00:00+00:00,UP
2022-04-29,0.064512973423132,2022-04-28,2022-05-05,2022-05-12T05:00:00+00:00,UP
2022-04-30,0.05983636901745326,2022-04-29,2022-05-06,2022-05-12T05:00:00+00:00,UP
2022-05-01,0.05983636901745326,2022-04-29,2022-05-06,2022-05-12T05:00:00+00:00,UP
2022-05-02,0.05983636901745326,2022-04-29,2022-05-06,2022-05-12T05:00:00+00:00,UP
2022-05-03,0.002519050669749223,2022-05-02,2022-05-09,2022-05-17T05:00:00+00:00,FLAT
2022-05-04,-0.0034992607923464147,2022-05-03,2022-05-10,2022-05-19T05:00:00+00:00,FLAT
2022-05-05,-0.00928016756498895,2022-05-04,2022-05-11,2022-05-19T05:00:00+00:00,FLAT
2022-05-06,-0.016930313204811864,2022-05-05,2022-05-12,2022-05-19T05:00:00+00:00,FLAT
2022-05-07,0.0028756195612171798,2022-05-06,2022-05-13,2022-05-19T05:00:00+00:00,FLAT
2022-05-08,0.0028756195612171798,2022-05-06,2022-05-13,2022-05-19T05:00:00+00:00,FLAT
2022-05-09,0.0028756195612171798,2022-05-06,2022-05-13,2022-05-19T05:00:00+00:00,FLAT
2022-05-10,0.08569133776721194,2022-05-09,2022-05-16,2022-05-24T05:00:00+00:00,UP
2022-05-11,0.10047923382627766,2022-05-10,2022-05-17,2022-05-26T05:00:00+00:00,UP
2022-05-12,0.02711045302497439,2022-05-11,2022-05-18,2022-05-26T05:00:00+00:00,UP
2022-05-13,0.03615588844197459,2022-05-12,2022-05-19,2022-05-26T05:00:00+00:00,UP
2022-05-14,-0.0008504296894629171,2022-05-13,2022-05-20,2022-05-26T05:00:00+00:00,FLAT
2022-05-15,-0.0008504296894629171,2022-05-13,2022-05-20,2022-05-26T05:00:00+00:00,FLAT
2022-05-16,-0.0008504296894629171,2022-05-13,2022-05-20,2022-05-26T05:00:00+00:00,FLAT
2022-05-17,-0.017769598075043413,2022-05-16,2022-05-23,2022-06-01T05:00:00+00:00,FLAT
2022-05-18,0.012860320984688034,2022-05-17,2022-05-24,2022-06-03T05:00:00+00:00,FLAT
2022-05-19,0.04811424537038089,2022-05-18,2022-05-25,2022-06-03T05:00:00+00:00,UP
2022-05-20,0.06247851546325589,2022-05-19,2022-05-26,2022-06-03T05:00:00+00:00,UP
2022-05-21,0.06747201913479461,2022-05-20,2022-05-27,2022-06-03T05:00:00+00:00,UP
2022-05-22,0.06747201913479461,2022-05-20,2022-05-27,2022-06-03T05:00:00+00:00,UP
2022-05-23,0.06747201913479461,2022-05-20,2022-05-27,2022-06-03T05:00:00+00:00,UP
2022-05-24,0.06039358334155143,2022-05-23,2022-05-27,2022-06-03T05:00:00+00:00,UP
2022-05-25,0.08732021530377243,2022-05-24,2022-05-31,2022-06-07T05:00:00+00:00,UP
2022-05-26,0.04882812587254737,2022-05-25,2022-06-01,2022-06-09T05:00:00+00:00,UP
2022-05-27,0.012046604214464463,2022-05-26,2022-06-01,2022-06-09T05:00:00+00:00,FLAT
2022-05-28,0.031088318437463958,2022-05-27,2022-06-03,2022-06-09T05:00:00+00:00,UP
2022-05-29,0.031088318437463958,2022-05-27,2022-06-03,2022-06-09T05:00:00+00:00,UP
2022-05-30,0.031088318437463958,2022-05-27,2022-06-03,2022-06-09T05:00:00+00:00,UP
2022-05-31,0.02448822985142529,2022-05-27,2022-06-06,2022-06-14T05:00:00+00:00,UP
2022-06-01,0.010228002526575741,2022-05-31,2022-06-07,2022-06-16T05:00:00+00:00,FLAT
2022-06-02,0.05676128496485111,2022-06-01,2022-06-08,2022-06-16T05:00:00+00:00,UP
2022-06-03,0.05220562607248436,2022-06-01,2022-06-09,2022-06-16T05:00:00+00:00,UP
2022-06-04,0.021403862111668115,2022-06-03,2022-06-10,2022-06-16T05:00:00+00:00,UP
2022-06-05,0.021403862111668115,2022-06-03,2022-06-10,2022-06-16T05:00:00+00:00,UP
2022-06-06,0.021403862111668115,2022-06-03,2022-06-10,2022-06-16T05:00:00+00:00,UP
2022-06-07,0.04298519731519912,2022-06-06,2022-06-13,2022-06-22T05:00:00+00:00,UP
2022-06-08,0.01183422290512981,2022-06-07,2022-06-14,2022-06-30T05:00:00+00:00,FLAT
2022-06-09,-0.028431907655849797,2022-06-08,2022-06-15,2022-06-30T05:00:00+00:00,DOWN
2022-06-10,-0.019256127622667263,2022-06-09,2022-06-16,2022-06-30T05:00:00+00:00,FLAT
2022-06-11,-0.06339922242022888,2022-06-10,2022-06-17,2022-06-30T05:00:00+00:00,DOWN
2022-06-12,-0.06339922242022888,2022-06-10,2022-06-17,2022-06-30T05:00:00+00:00,DOWN
2022-06-13,-0.06339922242022888,2022-06-10,2022-06-17,2022-06-30T05:00:00+00:00,DOWN
2022-06-14,-0.07687022661024323,2022-06-13,2022-06-17,2022-06-30T05:00:00+00:00,DOWN
2022-06-15,-0.07412687854252276,2022-06-14,2022-06-21,2022-06-30T05:00:00+00:00,DOWN
2022-06-16,-0.0773813416980359,2022-06-15,2022-06-22,2022-06-30T05:00:00+00:00,DOWN
2022-06-17,-0.09035943328133411,2022-06-16,2022-06-23,2022-06-30T05:00:00+00:00,DOWN
2022-06-18,-0.01973482790011183,2022-06-17,2022-06-24,2022-06-30T05:00:00+00:00,FLAT
2022-06-19,-0.01973482790011183,2022-06-17,2022-06-24,2022-06-30T05:00:00+00:00,FLAT
2022-06-20,-0.01973482790011183,2022-06-17,2022-06-24,2022-06-30T05:00:00+00:00,FLAT
2022-06-21,4.072905291985229e-05,2022-06-17,2022-06-27,2022-07-06T05:00:00+00:00,FLAT
2022-06-22,0.03415059910556062,2022-06-21,2022-06-28,2022-07-08T05:00:00+00:00,UP
2022-06-23,0.04574388261471163,2022-06-22,2022-06-29,2022-07-08T05:00:00+00:00,UP
2022-06-24,0.04612915541496454,2022-06-23,2022-06-30,2022-07-08T05:00:00+00:00,UP
2022-06-25,0.017616436061284935,2022-06-24,2022-07-01,2022-07-08T05:00:00+00:00,FLAT
2022-06-26,0.017616436061284935,2022-06-24,2022-07-01,2022-07-08T05:00:00+00:00,FLAT
2022-06-27,0.017616436061284935,2022-06-24,2022-07-01,2022-07-08T05:00:00+00:00,FLAT
2022-06-28,-0.002506676131084684,2022-06-27,2022-07-01,2022-07-08T05:00:00+00:00,FLAT
2022-06-29,-0.0942559465971402,2022-06-28,2022-07-05,2022-07-12T05:00:00+00:00,DOWN
2022-06-30,-0.10051104887863416,2022-06-29,2022-07-06,2022-07-14T05:00:00+00:00,DOWN
2022-07-01,-0.05292509251838018,2022-06-30,2022-07-07,2022-07-14T05:00:00+00:00,DOWN
2022-07-02,-0.04490848959631011,2022-07-01,2022-07-08,2022-07-14T05:00:00+00:00,DOWN
2022-07-03,-0.04490848959631011,2022-07-01,2022-07-08,2022-07-14T05:00:00+00:00,DOWN
2022-07-04,-0.04490848959631011,2022-07-01,2022-07-08,2022-07-14T05:00:00+00:00,DOWN
2022-07-05,-0.0340577020108751,2022-07-01,2022-07-11,2022-07-19T05:00:00+00:00,DOWN
2022-07-06,-0.031162363464846243,2022-07-05,2022-07-12,2022-07-21T05:00:00+00:00,DOWN
2022-07-07,-0.011076306477376341,2022-07-06,2022-07-13,2022-07-21T05:00:00+00:00,FLAT
2022-07-08,-0.042297498923123955,2022-07-07,2022-07-14,2022-07-21T05:00:00+00:00,DOWN
2022-07-09,-0.005707087783449194,2022-07-08,2022-07-15,2022-07-21T05:00:00+00:00,FLAT
2022-07-10,-0.005707087783449194,2022-07-08,2022-07-15,2022-07-21T05:00:00+00:00,FLAT
2022-07-11,-0.005707087783449194,2022-07-08,2022-07-15,2022-07-21T05:00:00+00:00,FLAT
2022-07-12,0.024795002105463038,2022-07-11,2022-07-18,2022-07-26T05:00:00+00:00,UP
2022-07-13,0.0777260276683116,2022-07-12,2022-07-19,2022-07-28T05:00:00+00:00,UP
2022-07-14,0.08696028094170472,2022-07-13,2022-07-20,2022-07-28T05:00:00+00:00,UP
2022-07-15,0.04880949379312716,2022-07-14,2022-07-21,2022-07-28T05:00:00+00:00,UP
2022-07-16,-0.04981931804055273,2022-07-15,2022-07-22,2022-07-28T05:00:00+00:00,DOWN
2022-07-17,-0.04981931804055273,2022-07-15,2022-07-22,2022-07-28T05:00:00+00:00,DOWN
2022-07-18,-0.04981931804055273,2022-07-15,2022-07-22,2022-07-28T05:00:00+00:00,DOWN
2022-07-19,-0.07600563238879798,2022-07-18,2022-07-25,2022-08-02T05:00:00+00:00,DOWN
2022-07-20,-0.06388280080345188,2022-07-19,2022-07-26,2022-08-04T05:00:00+00:00,DOWN
2022-07-21,-0.05326514733633625,2022-07-20,2022-07-27,2022-08-04T05:00:00+00:00,DOWN
2022-07-22,-0.030476212925054424,2022-07-21,2022-07-28,2022-08-04T05:00:00+00:00,DOWN
2022-07-23,0.04335783459773346,2022-07-22,2022-07-29,2022-08-04T05:00:00+00:00,UP
2022-07-24,0.04335783459773346,2022-07-22,2022-07-29,2022-08-04T05:00:00+00:00,UP
2022-07-25,0.04335783459773346,2022-07-22,2022-07-29,2022-08-04T05:00:00+00:00,UP
2022-07-26,-0.01723133860301307,2022-07-25,2022-08-01,2022-08-09T05:00:00+00:00,FLAT
2022-07-27,-0.009264821182661476,2022-07-26,2022-08-02,2022-08-11T05:00:00+00:00,FLAT
2022-07-28,-0.07139305370997151,2022-07-27,2022-08-03,2022-08-11T05:00:00+00:00,DOWN
2022-07-29,-0.10631793274444457,2022-07-28,2022-08-04,2022-08-11T05:00:00+00:00,DOWN
2022-07-30,-0.09811825122942464,2022-07-29,2022-08-05,2022-08-11T05:00:00+00:00,DOWN
2022-07-31,-0.09811825122942464,2022-07-29,2022-08-05,2022-08-11T05:00:00+00:00,DOWN
2022-08-01,-0.09811825122942464,2022-07-29,2022-08-05,2022-08-11T05:00:00+00:00,DOWN
2022-08-02,-0.027225630804323053,2022-08-01,2022-08-08,2022-08-16T05:00:00+00:00,DOWN
2022-08-03,-0.024974306013809677,2022-08-02,2022-08-09,2022-08-18T05:00:00+00:00,DOWN
2022-08-04,0.026704898109640274,2022-08-03,2022-08-10,2022-08-18T05:00:00+00:00,UP
2022-08-05,0.09323875784576963,2022-08-04,2022-08-11,2022-08-18T05:00:00+00:00,UP
2022-08-06,0.031012228090522953,2022-08-05,2022-08-12,2022-08-18T05:00:00+00:00,UP
2022-08-07,0.031012228090522953,2022-08-05,2022-08-12,2022-08-18T05:00:00+00:00,UP
2022-08-08,0.031012228090522953,2022-08-05,2022-08-12,2022-08-18T05:00:00+00:00,UP
2022-08-09,-0.04740340202620896,2022-08-08,2022-08-15,2022-08-23T05:00:00+00:00,DOWN
2022-08-10,-0.07663735484055278,2022-08-09,2022-08-16,2022-08-25T05:00:00+00:00,DOWN
2022-08-11,-0.06670953402062119,2022-08-10,2022-08-17,2022-08-25T05:00:00+00:00,DOWN
2022-08-12,-0.09566457425399488,2022-08-11,2022-08-18,2022-08-25T05:00:00+00:00,DOWN
2022-08-13,-0.05971915650411952,2022-08-12,2022-08-19,2022-08-25T05:00:00+00:00,DOWN
2022-08-14,-0.05971915650411952,2022-08-12,2022-08-19,2022-08-25T05:00:00+00:00,DOWN
2022-08-15,-0.05971915650411952,2022-08-12,2022-08-19,2022-08-25T05:00:00+00:00,DOWN
2022-08-16,-0.021594801892905635,2022-08-15,2022-08-22,2022-08-30T05:00:00+00:00,DOWN
2022-08-17,0.05254756077966061,2022-08-16,2022-08-23,2022-09-01T05:00:00+00:00,UP
2022-08-18,0.039014303408671624,2022-08-17,2022-08-24,2022-09-01T05:00:00+00:00,UP
2022-08-19,0.03493256114022847,2022-08-18,2022-08-25,2022-09-01T05:00:00+00:00,UP
2022-08-20,0.05699822575924518,2022-08-19,2022-08-26,2022-09-01T05:00:00+00:00,UP
2022-08-21,0.05699822575924518,2022-08-19,2022-08-26,2022-09-01T05:00:00+00:00,UP
2022-08-22,0.05699822575924518,2022-08-19,2022-08-26,2022-09-01T05:00:00+00:00,UP
2022-08-23,0.06756755108394774,2022-08-22,2022-08-26,2022-09-01T05:00:00+00:00,UP
2022-08-24,0.007591253508437479,2022-08-23,2022-08-30,2022-09-09T05:00:00+00:00,FLAT
2022-08-25,-0.028887376426583455,2022-08-24,2022-08-31,2022-09-09T05:00:00+00:00,DOWN
2022-08-26,-0.058461737286558235,2022-08-25,2022-09-01,2022-09-09T05:00:00+00:00,DOWN
2022-08-27,-0.0758847420999289,2022-08-26,2022-09-02,2022-09-09T05:00:00+00:00,DOWN
2022-08-28,-0.0758847420999289,2022-08-26,2022-09-02,2022-09-09T05:00:00+00:00,DOWN
2022-08-29,-0.0758847420999289,2022-08-26,2022-09-02,2022-09-09T05:00:00+00:00,DOWN
2022-08-30,-0.0758847420999289,2022-08-26,2022-09-02,2022-09-09T05:00:00+00:00,DOWN
2022-08-31,-0.07387152310895917,2022-08-30,2022-09-06,2022-09-13T05:00:00+00:00,DOWN
2022-09-01,-0.09075178127921657,2022-08-31,2022-09-07,2022-09-15T05:00:00+00:00,DOWN
2022-09-02,-0.03922481139688927,2022-09-01,2022-09-08,2022-09-15T05:00:00+00:00,DOWN
2022-09-03,-0.011506165396125922,2022-09-02,2022-09-09,2022-09-15T05:00:00+00:00,FLAT
2022-09-04,-0.011506165396125922,2022-09-02,2022-09-09,2022-09-15T05:00:00+00:00,FLAT
2022-09-05,-0.011506165396125922,2022-09-02,2022-09-09,2022-09-15T05:00:00+00:00,FLAT
2022-09-06,0.007941775140111629,2022-09-02,2022-09-12,2022-09-20T05:00:00+00:00,FLAT
2022-09-07,0.0025166364527380303,2022-09-06,2022-09-13,2022-09-22T05:00:00+00:00,FLAT
2022-09-08,0.06851725599584424,2022-09-07,2022-09-14,2022-09-22T05:00:00+00:00,UP
2022-09-09,0.020086906261146842,2022-09-08,2022-09-15,2022-09-22T05:00:00+00:00,UP
2022-09-10,-0.016666652488801614,2022-09-09,2022-09-16,2022-09-22T05:00:00+00:00,FLAT
2022-09-11,-0.016666652488801614,2022-09-09,2022-09-16,2022-09-22T05:00:00+00:00,FLAT
2022-09-12,-0.016666652488801614,2022-09-09,2022-09-16,2022-09-22T05:00:00+00:00,FLAT
2022-09-13,-0.03217190266196801,2022-09-12,2022-09-19,2022-09-27T05:00:00+00:00,DOWN
2022-09-14,-0.013201410670480862,2022-09-13,2022-09-20,2022-09-29T05:00:00+00:00,FLAT
2022-09-15,-0.019937695126355126,2022-09-14,2022-09-21,2022-09-29T05:00:00+00:00,FLAT
2022-09-16,0.024677850380794286,2022-09-15,2022-09-22,2022-09-29T05:00:00+00:00,UP
2022-09-17,-0.03766561006006952,2022-09-16,2022-09-23,2022-09-29T05:00:00+00:00,DOWN
2022-09-18,-0.03766561006006952,2022-09-16,2022-09-23,2022-09-29T05:00:00+00:00,DOWN
2022-09-19,-0.03766561006006952,2022-09-16,2022-09-23,2022-09-29T05:00:00+00:00,DOWN
2022-09-20,-0.05935318959963998,2022-09-19,2022-09-26,2022-10-04T05:00:00+00:00,DOWN
2022-09-21,-0.01907499089482856,2022-09-20,2022-09-27,2022-10-06T05:00:00+00:00,FLAT
2022-09-22,0.017915238855498394,2022-09-21,2022-09-28,2022-10-06T05:00:00+00:00,FLAT
2022-09-23,-0.005025867687286079,2022-09-22,2022-09-29,2022-10-06T05:00:00+00:00,FLAT
2022-09-24,0.052753416402021136,2022-09-23,2022-09-30,2022-10-06T05:00:00+00:00,UP
2022-09-25,0.052753416402021136,2022-09-23,2022-09-30,2022-10-06T05:00:00+00:00,UP
2022-09-26,0.052753416402021136,2022-09-23,2022-09-30,2022-10-06T05:00:00+00:00,UP
2022-09-27,0.09416162493391056,2022-09-26,2022-10-03,2022-10-12T05:00:00+00:00,UP
2022-09-28,0.08039736775253714,2022-09-27,2022-10-04,2022-10-14T05:00:00+00:00,UP
2022-09-29,0.040619753860286156,2022-09-28,2022-10-05,2022-10-14T05:00:00+00:00,UP
2022-09-30,0.06839343345507509,2022-09-29,2022-10-06,2022-10-14T05:00:00+00:00,UP
2022-10-01,0.11176061802986625,2022-09-30,2022-10-07,2022-10-14T05:00:00+00:00,UP
2022-10-02,0.11176061802986625,2022-09-30,2022-10-07,2022-10-14T05:00:00+00:00,UP
2022-10-03,0.11176061802986625,2022-09-30,2022-10-07,2022-10-14T05:00:00+00:00,UP
2022-10-04,0.09042787825319776,2022-10-03,2022-10-07,2022-10-14T05:00:00+00:00,UP
2022-10-05,0.022908317755170104,2022-10-04,2022-10-11,2022-10-18T05:00:00+00:00,UP
2022-10-06,-0.0010510812363302424,2022-10-05,2022-10-12,2022-10-20T05:00:00+00:00,FLAT
2022-10-07,0.00323041371867272,2022-10-06,2022-10-13,2022-10-20T05:00:00+00:00,FLAT
2022-10-08,-0.05696584327481158,2022-10-07,2022-10-14,2022-10-20T05:00:00+00:00,DOWN
2022-10-09,-0.05696584327481158,2022-10-07,2022-10-14,2022-10-20T05:00:00+00:00,DOWN
2022-10-10,-0.05696584327481158,2022-10-07,2022-10-14,2022-10-20T05:00:00+00:00,DOWN
2022-10-11,-0.06837202805338172,2022-10-07,2022-10-17,2022-10-25T05:00:00+00:00,DOWN
2022-10-12,-0.055247961162399606,2022-10-11,2022-10-18,2022-10-27T05:00:00+00:00,DOWN
2022-10-13,-0.014841654951905814,2022-10-12,2022-10-19,2022-10-27T05:00:00+00:00,FLAT
2022-10-14,-0.03249697052838563,2022-10-13,2022-10-20,2022-10-27T05:00:00+00:00,DOWN
2022-10-15,0.0026423628074321304,2022-10-14,2022-10-21,2022-10-27T05:00:00+00:00,FLAT
2022-10-16,0.0026423628074321304,2022-10-14,2022-10-21,2022-10-27T05:00:00+00:00,FLAT
2022-10-17,0.0026423628074321304,2022-10-14,2022-10-21,2022-10-27T05:00:00+00:00,FLAT
2022-10-18,0.015370113860048162,2022-10-17,2022-10-24,2022-11-01T05:00:00+00:00,FLAT
2022-10-19,0.03549665965993909,2022-10-18,2022-10-25,2022-11-03T05:00:00+00:00,UP
2022-10-20,0.009384214176216155,2022-10-19,2022-10-26,2022-11-03T05:00:00+00:00,FLAT
2022-10-21,0.030524623314754695,2022-10-20,2022-10-27,2022-11-03T05:00:00+00:00,UP
2022-10-22,0.03213591850979736,2022-10-21,2022-10-28,2022-11-03T05:00:00+00:00,UP
2022-10-23,0.03213591850979736,2022-10-21,2022-10-28,2022-11-03T05:00:00+00:00,UP
2022-10-24,0.03213591850979736,2022-10-21,2022-10-28,2022-11-03T05:00:00+00:00,UP
2022-10-25,0.03948872402312409,2022-10-24,2022-10-31,2022-11-08T06:00:00+00:00,UP
2022-10-26,0.03721623233651661,2022-10-25,2022-11-01,2022-11-10T06:00:00+00:00,UP
2022-10-27,0.050800041530547624,2022-10-26,2022-11-02,2022-11-10T06:00:00+00:00,UP
2022-10-28,0.02255315071171493,2022-10-27,2022-11-03,2022-11-10T06:00:00+00:00,UP
2022-10-29,0.05887895944045263,2022-10-28,2022-11-04,2022-11-10T06:00:00+00:00,UP
2022-10-30,0.05887895944045263,2022-10-28,2022-11-04,2022-11-10T06:00:00+00:00,UP
2022-10-31,0.05887895944045263,2022-10-28,2022-11-04,2022-11-10T06:00:00+00:00,UP
2022-11-01,0.04396515976757209,2022-10-31,2022-11-07,2022-11-15T06:00:00+00:00,UP
2022-11-02,0.014757661868377792,2022-11-01,2022-11-08,2022-11-17T06:00:00+00:00,FLAT
2022-11-03,-0.037933258896558075,2022-11-02,2022-11-09,2022-11-17T06:00:00+00:00,DOWN
2022-11-04,-0.02663103403165834,2022-11-03,2022-11-10,2022-11-17T06:00:00+00:00,DOWN
2022-11-05,-0.06804570114531994,2022-11-04,2022-11-10,2022-11-17T06:00:00+00:00,DOWN
2022-11-06,-0.06804570114531994,2022-11-04,2022-11-10,2022-11-17T06:00:00+00:00,DOWN
2022-11-07,-0.06804570114531994,2022-11-04,2022-11-10,2022-11-17T06:00:00+00:00,DOWN
2022-11-08,-0.08305936787372192,2022-11-07,2022-11-14,2022-11-22T06:00:00+00:00,DOWN
2022-11-09,-0.05379928533804845,2022-11-08,2022-11-15,2022-11-24T06:00:00+00:00,DOWN
2022-11-10,-0.024482579599272136,2022-11-09,2022-11-16,2022-11-24T06:00:00+00:00,DOWN
2022-11-11,-0.03836686890407803,2022-11-10,2022-11-17,2022-11-24T06:00:00+00:00,DOWN
2022-11-12,-0.06495652584877665,2022-11-10,2022-11-18,2022-11-24T06:00:00+00:00,DOWN
2022-11-13,-0.06495652584877665,2022-11-10,2022-11-18,2022-11-24T06:00:00+00:00,DOWN
2022-11-14,-0.06495652584877665,2022-11-10,2022-11-18,2022-11-24T06:00:00+00:00,DOWN
2022-11-15,-0.04259866976820481,2022-11-14,2022-11-21,2022-11-29T06:00:00+00:00,DOWN
2022-11-16,-0.04726325601897585,2022-11-15,2022-11-22,2022-12-01T06:00:00+00:00,DOWN
2022-11-17,-0.06440285804815549,2022-11-16,2022-11-23,2022-12-01T06:00:00+00:00,DOWN
2022-11-18,-0.05566136565004498,2022-11-17,2022-11-23,2022-12-01T06:00:00+00:00,DOWN
2022-11-19,-0.05625586445850783,2022-11-18,2022-11-25,2022-12-01T06:00:00+00:00,DOWN
2022-11-20,-0.05625586445850783,2022-11-18,2022-11-25,2022-12-01T06:00:00+00:00,DOWN
2022-11-21,-0.05625586445850783,2022-11-18,2022-11-25,2022-12-01T06:00:00+00:00,DOWN
2022-11-22,-0.05013739611167045,2022-11-21,2022-11-28,2022-12-06T06:00:00+00:00,DOWN
2022-11-23,-0.05888512593935091,2022-11-22,2022-11-29,2022-12-08T06:00:00+00:00,DOWN
2022-11-24,-0.013136194806010137,2022-11-23,2022-11-30,2022-12-08T06:00:00+00:00,FLAT
2022-11-25,-0.011797456447047217,2022-11-23,2022-12-01,2022-12-08T06:00:00+00:00,FLAT
2022-11-26,0.016619372490059625,2022-11-25,2022-12-02,2022-12-08T06:00:00+00:00,FLAT
2022-11-27,0.016619372490059625,2022-11-25,2022-12-02,2022-12-08T06:00:00+00:00,FLAT
2022-11-28,0.016619372490059625,2022-11-25,2022-12-02,2022-12-08T06:00:00+00:00,FLAT
2022-11-29,-0.03580641253774608,2022-11-28,2022-12-05,2022-12-13T06:00:00+00:00,DOWN
2022-11-30,-0.06156658770213197,2022-11-29,2022-12-06,2022-12-15T06:00:00+00:00,DOWN
2022-12-01,-0.11424448686114097,2022-11-30,2022-12-07,2022-12-15T06:00:00+00:00,DOWN
2022-12-02,-0.1286112969295301,2022-12-01,2022-12-08,2022-12-15T06:00:00+00:00,DOWN
2022-12-03,-0.12545132293530725,2022-12-02,2022-12-09,2022-12-15T06:00:00+00:00,DOWN
2022-12-04,-0.12545132293530725,2022-12-02,2022-12-09,2022-12-15T06:00:00+00:00,DOWN
2022-12-05,-0.12545132293530725,2022-12-02,2022-12-09,2022-12-15T06:00:00+00:00,DOWN
2022-12-06,-0.062108371262871054,2022-12-05,2022-12-12,2022-12-20T06:00:00+00:00,DOWN
2022-12-07,-0.0044881157700203955,2022-12-06,2022-12-13,2022-12-22T06:00:00+00:00,FLAT
2022-12-08,0.07750115828333115,2022-12-07,2022-12-14,2022-12-22T06:00:00+00:00,UP
2022-12-09,0.08417795732681466,2022-12-08,2022-12-15,2022-12-22T06:00:00+00:00,UP
2022-12-10,0.05240007501721289,2022-12-09,2022-12-16,2022-12-22T06:00:00+00:00,UP
2022-12-11,0.05240007501721289,2022-12-09,2022-12-16,2022-12-22T06:00:00+00:00,UP
2022-12-12,0.05240007501721289,2022-12-09,2022-12-16,2022-12-22T06:00:00+00:00,UP
2022-12-13,0.046908072221015784,2022-12-12,2022-12-19,2022-12-28T06:00:00+00:00,UP
2022-12-14,-0.00618250482798699,2022-12-13,2022-12-20,2022-12-30T06:00:00+00:00,FLAT
2022-12-15,-0.03263807319969558,2022-12-14,2022-12-21,2022-12-30T06:00:00+00:00,DOWN
2022-12-16,-0.03195302185306659,2022-12-15,2022-12-22,2022-12-30T06:00:00+00:00,DOWN
2022-12-17,0.030591521998355242,2022-12-16,2022-12-23,2022-12-30T06:00:00+00:00,UP
2022-12-18,0.030591521998355242,2022-12-16,2022-12-23,2022-12-30T06:00:00+00:00,UP
2022-12-19,0.030591521998355242,2022-12-16,2022-12-23,2022-12-30T06:00:00+00:00,UP
2022-12-20,0.011237132768571634,2022-12-19,2022-12-23,2022-12-30T06:00:00+00:00,FLAT
2022-12-21,0.03775959723096278,2022-12-20,2022-12-27,2023-01-04T06:00:00+00:00,UP
2022-12-22,0.017543532712958054,2022-12-21,2022-12-28,2023-01-06T06:00:00+00:00,FLAT
2022-12-23,0.01436895762787005,2022-12-22,2022-12-29,2023-01-06T06:00:00+00:00,FLAT
2022-12-24,-0.008564445399425247,2022-12-23,2022-12-30,2023-01-06T06:00:00+00:00,FLAT
2022-12-25,-0.008564445399425247,2022-12-23,2022-12-30,2023-01-06T06:00:00+00:00,FLAT
2022-12-26,-0.008564445399425247,2022-12-23,2022-12-30,2023-01-06T06:00:00+00:00,FLAT
2022-12-27,-0.008564445399425247,2022-12-23,2022-12-30,2023-01-06T06:00:00+00:00,FLAT
2022-12-28,-0.03186037514899309,2022-12-27,2023-01-03,2023-01-10T06:00:00+00:00,DOWN
2022-12-29,-0.09008969823503254,2022-12-28,2023-01-04,2023-01-12T06:00:00+00:00,DOWN
2022-12-30,-0.06347811894607602,2022-12-29,2023-01-05,2023-01-12T06:00:00+00:00,DOWN
2022-12-31,-0.08544941076432311,2022-12-30,2023-01-06,2023-01-12T06:00:00+00:00,DOWN
2023-01-01,-0.08544941076432311,2022-12-30,2023-01-06,2023-01-12T06:00:00+00:00,DOWN
2023-01-02,-0.08544941076432311,2022-12-30,2023-01-06,2023-01-12T06:00:00+00:00,DOWN
2023-01-03,-0.08149330654538856,2022-12-30,2023-01-09,2023-01-18T06:00:00+00:00,DOWN
2023-01-04,-0.04365266260603573,2023-01-03,2023-01-10,2023-01-20T06:00:00+00:00,DOWN
2023-01-05,0.05864124594748232,2023-01-04,2023-01-11,2023-01-20T06:00:00+00:00,UP
2023-01-06,0.05392120778386311,2023-01-05,2023-01-12,2023-01-20T06:00:00+00:00,UP
2023-01-07,0.07015351411024295,2023-01-06,2023-01-13,2023-01-20T06:00:00+00:00,UP
2023-01-08,0.07015351411024295,2023-01-06,2023-01-13,2023-01-20T06:00:00+00:00,UP
2023-01-09,0.07015351411024295,2023-01-06,2023-01-13,2023-01-20T06:00:00+00:00,UP
2023-01-10,0.0655442512031259,2023-01-09,2023-01-13,2023-01-20T06:00:00+00:00,UP
2023-01-11,0.07552908923640267,2023-01-10,2023-01-17,2023-01-24T06:00:00+00:00,UP
2023-01-12,0.030385549685703284,2023-01-11,2023-01-18,2023-01-26T06:00:00+00:00,UP
2023-01-13,0.03585286298202117,2023-01-12,2023-01-19,2023-01-26T06:00:00+00:00,UP
2023-01-14,0.054987883954627614,2023-01-13,2023-01-20,2023-01-26T06:00:00+00:00,UP
2023-01-15,0.054987883954627614,2023-01-13,2023-01-20,2023-01-26T06:00:00+00:00,UP
2023-01-16,0.054987883954627614,2023-01-13,2023-01-20,2023-01-26T06:00:00+00:00,UP
2023-01-17,0.0631830860711351,2023-01-13,2023-01-23,2023-01-31T06:00:00+00:00,UP
2023-01-18,0.012936116940283293,2023-01-17,2023-01-24,2023-02-02T06:00:00+00:00,FLAT
2023-01-19,0.021005378417808585,2023-01-18,2023-01-25,2023-02-02T06:00:00+00:00,UP
2023-01-20,0.01663251623976758,2023-01-19,2023-01-26,2023-02-02T06:00:00+00:00,FLAT
2023-01-21,-0.017328295294284812,2023-01-20,2023-01-27,2023-02-02T06:00:00+00:00,FLAT
2023-01-22,-0.017328295294284812,2023-01-20,2023-01-27,2023-02-02T06:00:00+00:00,FLAT
2023-01-23,-0.017328295294284812,2023-01-20,2023-01-27,2023-02-02T06:00:00+00:00,FLAT
2023-01-24,-0.03913586920820067,2023-01-23,2023-01-30,2023-02-07T06:00:00+00:00,DOWN
2023-01-25,-0.02664004268199116,2023-01-24,2023-01-31,2023-02-09T06:00:00+00:00,DOWN
2023-01-26,-0.04774979566188686,2023-01-25,2023-02-01,2023-02-09T06:00:00+00:00,DOWN
2023-01-27,-0.07499278661614184,2023-01-26,2023-02-02,2023-02-09T06:00:00+00:00,DOWN
2023-01-28,-0.07852358352204403,2023-01-27,2023-02-03,2023-02-09T06:00:00+00:00,DOWN
2023-01-29,-0.07852358352204403,2023-01-27,2023-02-03,2023-02-09T06:00:00+00:00,DOWN
2023-01-30,-0.07852358352204403,2023-01-27,2023-02-03,2023-02-09T06:00:00+00:00,DOWN
2023-01-31,-0.0429360573227382,2023-01-30,2023-02-06,2023-02-14T06:00:00+00:00,DOWN
2023-02-01,-0.0005483666249758157,2023-01-31,2023-02-07,2023-02-16T06:00:00+00:00,FLAT
2023-02-02,0.03877431341319992,2023-02-01,2023-02-08,2023-02-16T06:00:00+00:00,UP
2023-02-03,0.04381562342354073,2023-02-02,2023-02-09,2023-02-16T06:00:00+00:00,UP
2023-02-04,0.08979861909018894,2023-02-03,2023-02-10,2023-02-16T06:00:00+00:00,UP
2023-02-05,0.08979861909018894,2023-02-03,2023-02-10,2023-02-16T06:00:00+00:00,UP
2023-02-06,0.08979861909018894,2023-02-03,2023-02-10,2023-02-16T06:00:00+00:00,UP
2023-02-07,0.07274431827129635,2023-02-06,2023-02-13,2023-02-22T06:00:00+00:00,UP
2023-02-08,0.02980726384904142,2023-02-07,2023-02-14,2023-02-24T06:00:00+00:00,UP
2023-02-09,0.008413067053359757,2023-02-08,2023-02-15,2023-02-24T06:00:00+00:00,FLAT
2023-02-10,0.01652792349768406,2023-02-09,2023-02-16,2023-02-24T06:00:00+00:00,FLAT
2023-02-11,-0.03302154701387172,2023-02-10,2023-02-17,2023-02-24T06:00:00+00:00,DOWN
2023-02-12,-0.03302154701387172,2023-02-10,2023-02-17,2023-02-24T06:00:00+00:00,DOWN
2023-02-13,-0.03302154701387172,2023-02-10,2023-02-17,2023-02-24T06:00:00+00:00,DOWN
2023-02-14,-0.04016633088003452,2023-02-13,2023-02-17,2023-02-24T06:00:00+00:00,DOWN
2023-02-15,-0.02688882294585726,2023-02-14,2023-02-21,2023-02-28T06:00:00+00:00,DOWN
2023-02-16,-0.04872030133541616,2023-02-15,2023-02-22,2023-03-02T06:00:00+00:00,DOWN
2023-02-17,-0.01406980186504847,2023-02-16,2023-02-23,2023-03-02T06:00:00+00:00,FLAT
2023-02-18,0.017076110925605903,2023-02-17,2023-02-24,2023-03-02T06:00:00+00:00,FLAT
2023-02-19,0.017076110925605903,2023-02-17,2023-02-24,2023-03-02T06:00:00+00:00,FLAT
2023-02-20,0.017076110925605903,2023-02-17,2023-02-24,2023-03-02T06:00:00+00:00,FLAT
2023-02-21,0.015686762582260982,2023-02-17,2023-02-27,2023-03-07T06:00:00+00:00,FLAT
2023-02-22,0.022242574806601745,2023-02-21,2023-02-28,2023-03-09T06:00:00+00:00,UP
2023-02-23,0.04807012014707879,2023-02-22,2023-03-01,2023-03-09T06:00:00+00:00,UP
2023-02-24,0.025916877789842196,2023-02-23,2023-03-02,2023-03-09T06:00:00+00:00,UP
2023-02-25,0.034227471885198035,2023-02-24,2023-03-03,2023-03-09T06:00:00+00:00,UP
2023-02-26,0.034227471885198035,2023-02-24,2023-03-03,2023-03-09T06:00:00+00:00,UP
2023-02-27,0.034227471885198035,2023-02-24,2023-03-03,2023-03-09T06:00:00+00:00,UP
2023-02-28,0.040801552787452344,2023-02-27,2023-03-06,2023-03-14T05:00:00+00:00,UP
2023-03-01,0.0018670083942049498,2023-02-28,2023-03-07,2023-03-16T05:00:00+00:00,FLAT
2023-03-02,-0.006877555762806686,2023-03-01,2023-03-08,2023-03-16T05:00:00+00:00,FLAT
2023-03-03,-0.03035893909660159,2023-03-02,2023-03-09,2023-03-16T05:00:00+00:00,DOWN
2023-03-04,-0.04044103408609745,2023-03-03,2023-03-10,2023-03-16T05:00:00+00:00,DOWN
2023-03-05,-0.04044103408609745,2023-03-03,2023-03-10,2023-03-16T05:00:00+00:00,DOWN
2023-03-06,-0.04044103408609745,2023-03-03,2023-03-10,2023-03-16T05:00:00+00:00,DOWN
2023-03-07,-0.08334226240193843,2023-03-06,2023-03-13,2023-03-21T05:00:00+00:00,DOWN
2023-03-08,-0.08768177353700501,2023-03-07,2023-03-14,2023-03-23T05:00:00+00:00,DOWN
2023-03-09,-0.10140001222653816,2023-03-08,2023-03-15,2023-03-23T05:00:00+00:00,DOWN
2023-03-10,-0.10590532319863555,2023-03-09,2023-03-16,2023-03-23T05:00:00+00:00,DOWN
2023-03-11,-0.1388760917888151,2023-03-10,2023-03-17,2023-03-23T05:00:00+00:00,DOWN
2023-03-12,-0.1388760917888151,2023-03-10,2023-03-17,2023-03-23T05:00:00+00:00,DOWN
2023-03-13,-0.1388760917888151,2023-03-10,2023-03-17,2023-03-23T05:00:00+00:00,DOWN
2023-03-14,-0.08681755745481301,2023-03-13,2023-03-20,2023-03-28T05:00:00+00:00,DOWN
2023-03-15,-0.023794155844796272,2023-03-14,2023-03-21,2023-03-30T05:00:00+00:00,DOWN
2023-03-16,0.020944638669462723,2023-03-15,2023-03-22,2023-03-30T05:00:00+00:00,UP
2023-03-17,0.004824673220060083,2023-03-16,2023-03-23,2023-03-30T05:00:00+00:00,FLAT
2023-03-18,0.033669188139807016,2023-03-17,2023-03-24,2023-03-30T05:00:00+00:00,UP
2023-03-19,0.033669188139807016,2023-03-17,2023-03-24,2023-03-30T05:00:00+00:00,UP
2023-03-20,0.033669188139807016,2023-03-17,2023-03-24,2023-03-30T05:00:00+00:00,UP
2023-03-21,0.061467454101474805,2023-03-20,2023-03-27,2023-04-04T05:00:00+00:00,UP
2023-03-22,0.04240310781158341,2023-03-21,2023-03-28,2023-04-06T05:00:00+00:00,UP
2023-03-23,0.019684463266189667,2023-03-22,2023-03-29,2023-04-06T05:00:00+00:00,FLAT
2023-03-24,0.06363953428147151,2023-03-23,2023-03-30,2023-04-06T05:00:00+00:00,UP
2023-03-25,0.07552835953397197,2023-03-24,2023-03-31,2023-04-06T05:00:00+00:00,UP
2023-03-26,0.07552835953397197,2023-03-24,2023-03-31,2023-04-06T05:00:00+00:00,UP
2023-03-27,0.07552835953397197,2023-03-24,2023-03-31,2023-04-06T05:00:00+00:00,UP
2023-03-28,0.1163762487772515,2023-03-27,2023-04-03,2023-04-11T05:00:00+00:00,UP
2023-03-29,0.09861130959367492,2023-03-28,2023-04-04,2023-04-13T05:00:00+00:00,UP
2023-03-30,0.10681164430131895,2023-03-29,2023-04-05,2023-04-13T05:00:00+00:00,UP
2023-03-31,0.10418098845628965,2023-03-30,2023-04-06,2023-04-13T05:00:00+00:00,UP
2023-04-01,0.09424511212605191,2023-03-31,2023-04-06,2023-04-13T05:00:00+00:00,UP
2023-04-02,0.09424511212605191,2023-03-31,2023-04-06,2023-04-13T05:00:00+00:00,UP
2023-04-03,0.09424511212605191,2023-03-31,2023-04-06,2023-04-13T05:00:00+00:00,UP
2023-04-04,0.009194918258845775,2023-04-03,2023-04-10,2023-04-18T05:00:00+00:00,FLAT
2023-04-05,0.020177149811873685,2023-04-04,2023-04-11,2023-04-20T05:00:00+00:00,UP
2023-04-06,0.02741319783546836,2023-04-05,2023-04-12,2023-04-20T05:00:00+00:00,UP
2023-04-07,-0.0016388388506133333,2023-04-06,2023-04-13,2023-04-20T05:00:00+00:00,FLAT
2023-04-08,0.007784221139304215,2023-04-06,2023-04-14,2023-04-20T05:00:00+00:00,FLAT
2023-04-09,0.007784221139304215,2023-04-06,2023-04-14,2023-04-20T05:00:00+00:00,FLAT
2023-04-10,0.007784221139304215,2023-04-06,2023-04-14,2023-04-20T05:00:00+00:00,FLAT
2023-04-11,-0.01104591502922525,2023-04-10,2023-04-17,2023-04-25T05:00:00+00:00,FLAT
2023-04-12,-0.02264978097705561,2023-04-11,2023-04-18,2023-04-27T05:00:00+00:00,DOWN
2023-04-13,-0.03193022186847794,2023-04-12,2023-04-19,2023-04-27T05:00:00+00:00,DOWN
2023-04-14,-0.03654822129630031,2023-04-13,2023-04-20,2023-04-27T05:00:00+00:00,DOWN
2023-04-15,-0.04204420241501383,2023-04-14,2023-04-21,2023-04-27T05:00:00+00:00,DOWN
2023-04-16,-0.04204420241501383,2023-04-14,2023-04-21,2023-04-27T05:00:00+00:00,DOWN
2023-04-17,-0.04204420241501383,2023-04-14,2023-04-21,2023-04-27T05:00:00+00:00,DOWN
2023-04-18,-0.013889783273559164,2023-04-17,2023-04-24,2023-05-02T05:00:00+00:00,FLAT
2023-04-19,-0.03129492058551786,2023-04-18,2023-04-25,2023-05-04T05:00:00+00:00,DOWN
2023-04-20,-0.06653893147434009,2023-04-19,2023-04-26,2023-05-04T05:00:00+00:00,DOWN
2023-04-21,-0.03125222933313476,2023-04-20,2023-04-27,2023-05-04T05:00:00+00:00,DOWN
2023-04-22,-0.021782814757548175,2023-04-21,2023-04-28,2023-05-04T05:00:00+00:00,DOWN
2023-04-23,-0.021782814757548175,2023-04-21,2023-04-28,2023-05-04T05:00:00+00:00,DOWN
2023-04-24,-0.021782814757548175,2023-04-21,2023-04-28,2023-05-04T05:00:00+00:00,DOWN
2023-04-25,-0.03242017311977741,2023-04-24,2023-04-28,2023-05-04T05:00:00+00:00,DOWN
2023-04-26,-0.06809485812993044,2023-04-25,2023-05-02,2023-05-11T05:00:00+00:00,DOWN
2023-04-27,-0.08059237811457398,2023-04-26,2023-05-03,2023-05-11T05:00:00+00:00,DOWN
2023-04-28,-0.09041169230216561,2023-04-27,2023-05-04,2023-05-11T05:00:00+00:00,DOWN
2023-04-29,-0.06738659285727033,2023-04-28,2023-05-05,2023-05-11T05:00:00+00:00,DOWN
2023-04-30,-0.06738659285727033,2023-04-28,2023-05-05,2023-05-11T05:00:00+00:00,DOWN
2023-05-01,-0.06738659285727033,2023-04-28,2023-05-05,2023-05-11T05:00:00+00:00,DOWN
2023-05-02,-0.06738659285727033,2023-04-28,2023-05-05,2023-05-11T05:00:00+00:00,DOWN
2023-05-03,0.014230198402568117,2023-05-02,2023-05-09,2023-05-18T05:00:00+00:00,FLAT
2023-05-04,0.05436985971162822,2023-05-03,2023-05-10,2023-05-18T05:00:00+00:00,UP
2023-05-05,0.03754496058774004,2023-05-04,2023-05-11,2023-05-18T05:00:00+00:00,UP
2023-05-06,-0.010529875365052788,2023-05-05,2023-05-12,2023-05-18T05:00:00+00:00,FLAT
2023-05-07,-0.010529875365052788,2023-05-05,2023-05-12,2023-05-18T05:00:00+00:00,FLAT
2023-05-08,-0.010529875365052788,2023-05-05,2023-05-12,2023-05-18T05:00:00+00:00,FLAT
2023-05-09,0.00089068367315015,2023-05-05,2023-05-15,2023-05-23T05:00:00+00:00,FLAT
2023-05-10,-0.0258837213067461,2023-05-09,2023-05-16,2023-05-25T05:00:00+00:00,DOWN
2023-05-11,0.013206268056621617,2023-05-10,2023-05-17,2023-05-25T05:00:00+00:00,FLAT
2023-05-12,0.018374423415763452,2023-05-11,2023-05-18,2023-05-25T05:00:00+00:00,FLAT
2023-05-13,0.018858933185219806,2023-05-12,2023-05-19,2023-05-25T05:00:00+00:00,FLAT
2023-05-14,0.018858933185219806,2023-05-12,2023-05-19,2023-05-25T05:00:00+00:00,FLAT
2023-05-15,0.018858933185219806,2023-05-12,2023-05-19,2023-05-25T05:00:00+00:00,FLAT
2023-05-16,0.016110637647972492,2023-05-15,2023-05-22,2023-05-31T05:00:00+00:00,FLAT
2023-05-17,0.03090086070159659,2023-05-16,2023-05-23,2023-06-02T05:00:00+00:00,UP
2023-05-18,0.021864445194453186,2023-05-17,2023-05-24,2023-06-02T05:00:00+00:00,UP
2023-05-19,0.004774513411827108,2023-05-18,2023-05-25,2023-06-02T05:00:00+00:00,FLAT
2023-05-20,0.020299814236583114,2023-05-19,2023-05-26,2023-06-02T05:00:00+00:00,UP
2023-05-21,0.020299814236583114,2023-05-19,2023-05-26,2023-06-02T05:00:00+00:00,UP
2023-05-22,0.020299814236583114,2023-05-19,2023-05-26,2023-06-02T05:00:00+00:00,UP
2023-05-23,0.011385926996611007,2023-05-22,2023-05-26,2023-06-02T05:00:00+00:00,FLAT
2023-05-24,-0.038685342885293794,2023-05-23,2023-05-30,2023-06-06T05:00:00+00:00,DOWN
2023-05-25,-0.07032724510836352,2023-05-24,2023-05-31,2023-06-08T05:00:00+00:00,DOWN
2023-05-26,-0.017358584150981682,2023-05-25,2023-06-01,2023-06-08T05:00:00+00:00,FLAT
2023-05-27,-0.001546208396854376,2023-05-26,2023-06-02,2023-06-08T05:00:00+00:00,FLAT
2023-05-28,-0.001546208396854376,2023-05-26,2023-06-02,2023-06-08T05:00:00+00:00,FLAT
2023-05-29,-0.001546208396854376,2023-05-26,2023-06-02,2023-06-08T05:00:00+00:00,FLAT
2023-05-30,0.009636577497141419,2023-05-26,2023-06-05,2023-06-13T05:00:00+00:00,FLAT
2023-05-31,0.044542338260523895,2023-05-30,2023-06-06,2023-06-15T05:00:00+00:00,UP
2023-06-01,0.07046572750908675,2023-05-31,2023-06-07,2023-06-15T05:00:00+00:00,UP
2023-06-02,0.025440849123069986,2023-06-01,2023-06-08,2023-06-15T05:00:00+00:00,UP
2023-06-03,-0.010386311940213222,2023-06-02,2023-06-09,2023-06-15T05:00:00+00:00,FLAT
2023-06-04,-0.010386311940213222,2023-06-02,2023-06-09,2023-06-15T05:00:00+00:00,FLAT
2023-06-05,-0.010386311940213222,2023-06-02,2023-06-09,2023-06-15T05:00:00+00:00,FLAT
2023-06-06,-0.057680653291973805,2023-06-05,2023-06-12,2023-06-21T05:00:00+00:00,DOWN
2023-06-07,-0.020573038272153288,2023-06-06,2023-06-13,2023-06-23T05:00:00+00:00,DOWN
2023-06-08,-0.0424372987547591,2023-06-07,2023-06-14,2023-06-23T05:00:00+00:00,DOWN
2023-06-09,0.000968184053981469,2023-06-08,2023-06-15,2023-06-23T05:00:00+00:00,FLAT
2023-06-10,0.026695602481664693,2023-06-09,2023-06-16,2023-06-23T05:00:00+00:00,UP
2023-06-11,0.026695602481664693,2023-06-09,2023-06-16,2023-06-23T05:00:00+00:00,UP
2023-06-12,0.026695602481664693,2023-06-09,2023-06-16,2023-06-23T05:00:00+00:00,UP
2023-06-13,0.06628225668814003,2023-06-12,2023-06-16,2023-06-23T05:00:00+00:00,UP
2023-06-14,0.02410123311628576,2023-06-13,2023-06-20,2023-06-27T05:00:00+00:00,UP
2023-06-15,0.05248338269616615,2023-06-14,2023-06-21,2023-06-29T05:00:00+00:00,UP
2023-06-16,-0.017497098209119488,2023-06-15,2023-06-22,2023-06-29T05:00:00+00:00,FLAT
2023-06-17,-0.03460023586846228,2023-06-16,2023-06-23,2023-06-29T05:00:00+00:00,DOWN
2023-06-18,-0.03460023586846228,2023-06-16,2023-06-23,2023-06-29T05:00:00+00:00,DOWN
2023-06-19,-0.03460023586846228,2023-06-16,2023-06-23,2023-06-29T05:00:00+00:00,DOWN
2023-06-20,-0.022735701160143895,2023-06-16,2023-06-26,2023-07-04T05:00:00+00:00,DOWN
2023-06-21,-0.046544833792964035,2023-06-20,2023-06-27,2023-07-07T05:00:00+00:00,DOWN
2023-06-22,-0.033878914331262444,2023-06-21,2023-06-28,2023-07-07T05:00:00+00:00,DOWN
2023-06-23,0.009325268273594478,2023-06-22,2023-06-29,2023-07-07T05:00:00+00:00,FLAT
2023-06-24,0.023301034941441312,2023-06-23,2023-06-30,2023-07-07T05:00:00+00:00,UP
2023-06-25,0.023301034941441312,2023-06-23,2023-06-30,2023-07-07T05:00:00+00:00,UP
2023-06-26,0.023301034941441312,2023-06-23,2023-06-30,2023-07-07T05:00:00+00:00,UP
2023-06-27,0.009437754908268925,2023-06-26,2023-07-03,2023-07-11T05:00:00+00:00,FLAT
2023-06-28,0.03970050416932169,2023-06-27,2023-07-03,2023-07-11T05:00:00+00:00,UP
2023-06-29,0.04251389355105939,2023-06-28,2023-07-05,2023-07-13T05:00:00+00:00,UP
2023-06-30,0.038507042783140655,2023-06-29,2023-07-06,2023-07-13T05:00:00+00:00,UP
2023-07-01,0.052683174116328946,2023-06-30,2023-07-07,2023-07-13T05:00:00+00:00,UP
2023-07-02,0.052683174116328946,2023-06-30,2023-07-07,2023-07-13T05:00:00+00:00,UP
2023-07-03,0.052683174116328946,2023-06-30,2023-07-07,2023-07-13T05:00:00+00:00,UP
2023-07-04,0.043191425120772786,2023-07-03,2023-07-10,2023-07-18T05:00:00+00:00,UP
2023-07-05,0.06279425894787405,2023-07-03,2023-07-11,2023-07-20T05:00:00+00:00,UP
2023-07-06,0.03535277273233972,2023-07-05,2023-07-12,2023-07-20T05:00:00+00:00,UP
2023-07-07,0.04520962928337724,2023-07-06,2023-07-13,2023-07-20T05:00:00+00:00,UP
2023-07-08,0.0030789590353317298,2023-07-07,2023-07-14,2023-07-20T05:00:00+00:00,FLAT
2023-07-09,0.0030789590353317298,2023-07-07,2023-07-14,2023-07-20T05:00:00+00:00,FLAT
2023-07-10,0.0030789590353317298,2023-07-07,2023-07-14,2023-07-20T05:00:00+00:00,FLAT
2023-07-11,-0.008734583390977546,2023-07-10,2023-07-17,2023-07-25T05:00:00+00:00,FLAT
2023-07-12,-0.004216951033430338,2023-07-11,2023-07-18,2023-07-27T05:00:00+00:00,FLAT
2023-07-13,-0.003744781035353917,2023-07-12,2023-07-19,2023-07-27T05:00:00+00:00,FLAT
2023-07-14,-0.01721017292878091,2023-07-13,2023-07-20,2023-07-27T05:00:00+00:00,FLAT
2023-07-15,0.021025567703926162,2023-07-14,2023-07-21,2023-07-27T05:00:00+00:00,UP
2023-07-16,0.021025567703926162,2023-07-14,2023-07-21,2023-07-27T05:00:00+00:00,UP
2023-07-17,0.021025567703926162,2023-07-14,2023-07-21,2023-07-27T05:00:00+00:00,UP
2023-07-18,0.0629270591587292,2023-07-17,2023-07-24,2023-08-01T05:00:00+00:00,UP
2023-07-19,0.042764275606104185,2023-07-18,2023-07-25,2023-08-03T05:00:00+00:00,UP
2023-07-20,0.03440031054399806,2023-07-19,2023-07-26,2023-08-03T05:00:00+00:00,UP
2023-07-21,0.05807073503126703,2023-07-20,2023-07-27,2023-08-03T05:00:00+00:00,UP
2023-07-22,0.036904123026417324,2023-07-21,2023-07-28,2023-08-03T05:00:00+00:00,UP
2023-07-23,0.036904123026417324,2023-07-21,2023-07-28,2023-08-03T05:00:00+00:00,UP
2023-07-24,0.036904123026417324,2023-07-21,2023-07-28,2023-08-03T05:00:00+00:00,UP
2023-07-25,0.026429252139957615,2023-07-24,2023-07-31,2023-08-08T05:00:00+00:00,UP
2023-07-26,0.028760674019393084,2023-07-25,2023-08-01,2023-08-10T05:00:00+00:00,UP
2023-07-27,0.018316942186829444,2023-07-26,2023-08-02,2023-08-10T05:00:00+00:00,FLAT
2023-07-28,0.021536241644975584,2023-07-27,2023-08-03,2023-08-10T05:00:00+00:00,UP
2023-07-29,0.03740240232802372,2023-07-28,2023-08-04,2023-08-10T05:00:00+00:00,UP
2023-07-30,0.03740240232802372,2023-07-28,2023-08-04,2023-08-10T05:00:00+00:00,UP
2023-07-31,0.03740240232802372,2023-07-28,2023-08-04,2023-08-10T05:00:00+00:00,UP
2023-08-01,0.021330467732557645,2023-07-31,2023-08-07,2023-08-15T05:00:00+00:00,UP
2023-08-02,0.03670061695970239,2023-08-01,2023-08-08,2023-08-17T05:00:00+00:00,UP
2023-08-03,0.06552668030806763,2023-08-02,2023-08-09,2023-08-17T05:00:00+00:00,UP
2023-08-04,0.021780542255322333,2023-08-03,2023-08-10,2023-08-17T05:00:00+00:00,UP
2023-08-05,0.015528078421248148,2023-08-04,2023-08-11,2023-08-17T05:00:00+00:00,FLAT
2023-08-06,0.015528078421248148,2023-08-04,2023-08-11,2023-08-17T05:00:00+00:00,FLAT
2023-08-07,0.015528078421248148,2023-08-04,2023-08-11,2023-08-17T05:00:00+00:00,FLAT
2023-08-08,0.02045572560365505,2023-08-07,2023-08-14,2023-08-22T05:00:00+00:00,UP
2023-08-09,-0.010618644174561598,2023-08-08,2023-08-15,2023-08-24T05:00:00+00:00,FLAT
2023-08-10,-0.04215788090962147,2023-08-09,2023-08-16,2023-08-24T05:00:00+00:00,DOWN
2023-08-11,-0.015096287740006264,2023-08-10,2023-08-17,2023-08-24T05:00:00+00:00,FLAT
2023-08-12,-0.01701247711085907,2023-08-11,2023-08-18,2023-08-24T05:00:00+00:00,FLAT
2023-08-13,-0.01701247711085907,2023-08-11,2023-08-18,2023-08-24T05:00:00+00:00,FLAT
2023-08-14,-0.01701247711085907,2023-08-11,2023-08-18,2023-08-24T05:00:00+00:00,FLAT
2023-08-15,-0.018654590869475407,2023-08-14,2023-08-21,2023-08-29T05:00:00+00:00,FLAT
2023-08-16,-0.016789053542743737,2023-08-15,2023-08-22,2023-08-31T05:00:00+00:00,FLAT
2023-08-17,-0.009422668455352223,2023-08-16,2023-08-23,2023-08-31T05:00:00+00:00,FLAT
2023-08-18,-0.015403333088543247,2023-08-17,2023-08-24,2023-08-31T05:00:00+00:00,FLAT
2023-08-19,-0.004590297388830877,2023-08-18,2023-08-25,2023-08-31T05:00:00+00:00,FLAT
2023-08-20,-0.004590297388830877,2023-08-18,2023-08-25,2023-08-31T05:00:00+00:00,FLAT
2023-08-21,-0.004590297388830877,2023-08-18,2023-08-25,2023-08-31T05:00:00+00:00,FLAT
2023-08-22,0.00010893754316065873,2023-08-21,2023-08-25,2023-08-31T05:00:00+00:00,FLAT
2023-08-23,0.017843041741923527,2023-08-22,2023-08-29,2023-09-08T05:00:00+00:00,FLAT
2023-08-24,0.03289183981657362,2023-08-23,2023-08-30,2023-09-08T05:00:00+00:00,UP
2023-08-25,0.035391329910756,2023-08-24,2023-08-31,2023-09-08T05:00:00+00:00,UP
2023-08-26,0.04927900420794895,2023-08-25,2023-09-01,2023-09-08T05:00:00+00:00,UP
2023-08-27,0.04927900420794895,2023-08-25,2023-09-01,2023-09-08T05:00:00+00:00,UP
2023-08-28,0.04927900420794895,2023-08-25,2023-09-01,2023-09-08T05:00:00+00:00,UP
2023-08-29,0.04927900420794895,2023-08-25,2023-09-01,2023-09-08T05:00:00+00:00,UP
2023-08-30,0.0597230248074363,2023-08-29,2023-09-05,2023-09-12T05:00:00+00:00,UP
2023-08-31,0.06435599946617354,2023-08-30,2023-09-06,2023-09-14T05:00:00+00:00,UP
2023-09-01,0.05447875974623839,2023-08-31,2023-09-07,2023-09-14T05:00:00+00:00,UP
2023-09-02,0.03236717825996838,2023-09-01,2023-09-08,2023-09-14T05:00:00+00:00,UP
2023-09-03,0.03236717825996838,2023-09-01,2023-09-08,2023-09-14T05:00:00+00:00,UP
2023-09-04,0.03236717825996838,2023-09-01,2023-09-08,2023-09-14T05:00:00+00:00,UP
2023-09-05,0.026001435021259622,2023-09-01,2023-09-11,2023-09-19T05:00:00+00:00,UP
2023-09-06,0.024031436797156802,2023-09-05,2023-09-12,2023-09-21T05:00:00+00:00,UP
2023-09-07,0.007244827690753519,2023-09-06,2023-09-13,2023-09-21T05:00:00+00:00,FLAT
2023-09-08,0.036950588863717826,2023-09-07,2023-09-14,2023-09-21T05:00:00+00:00,UP
2023-09-09,0.030564505792124885,2023-09-08,2023-09-15,2023-09-21T05:00:00+00:00,UP
2023-09-10,0.030564505792124885,2023-09-08,2023-09-15,2023-09-21T05:00:00+00:00,UP
2023-09-11,0.030564505792124885,2023-09-08,2023-09-15,2023-09-21T05:00:00+00:00,UP
2023-09-12,0.043747362004026735,2023-09-11,2023-09-18,2023-09-26T05:00:00+00:00,UP
2023-09-13,0.027782257634165086,2023-09-12,2023-09-19,2023-09-28T05:00:00+00:00,UP
2023-09-14,0.018713638422662937,2023-09-13,2023-09-20,2023-09-28T05:00:00+00:00,FLAT
2023-09-15,-0.011752782740140133,2023-09-14,2023-09-21,2023-09-28T05:00:00+00:00,FLAT
2023-09-16,-0.013135244199956486,2023-09-15,2023-09-22,2023-09-28T05:00:00+00:00,FLAT
2023-09-17,-0.013135244199956486,2023-09-15,2023-09-22,2023-09-28T05:00:00+00:00,FLAT
2023-09-18,-0.013135244199956486,2023-09-15,2023-09-22,2023-09-28T05:00:00+00:00,FLAT
2023-09-19,-0.01759858940451786,2023-09-18,2023-09-25,2023-10-03T05:00:00+00:00,FLAT
2023-09-20,-0.015335895311785253,2023-09-19,2023-09-26,2023-10-05T05:00:00+00:00,FLAT
2023-09-21,0.030172798625928365,2023-09-20,2023-09-27,2023-10-05T05:00:00+00:00,UP
2023-09-22,0.03058625582618979,2023-09-21,2023-09-28,2023-10-05T05:00:00+00:00,UP
2023-09-23,0.01961623352466546,2023-09-22,2023-09-29,2023-10-05T05:00:00+00:00,FLAT
2023-09-24,0.01961623352466546,2023-09-22,2023-09-29,2023-10-05T05:00:00+00:00,FLAT
2023-09-25,0.01961623352466546,2023-09-22,2023-09-29,2023-10-05T05:00:00+00:00,FLAT
2023-09-26,-0.031774660384351394,2023-09-25,2023-10-02,2023-10-11T05:00:00+00:00,DOWN
2023-09-27,-0.0019151846785224746,2023-09-26,2023-10-03,2023-10-13T05:00:00+00:00,FLAT
2023-09-28,-0.07670621190081761,2023-09-27,2023-10-04,2023-10-13T05:00:00+00:00,DOWN
2023-09-29,-0.08713221721418907,2023-09-28,2023-10-05,2023-10-13T05:00:00+00:00,DOWN
2023-09-30,-0.08345503859795544,2023-09-29,2023-10-06,2023-10-13T05:00:00+00:00,DOWN
2023-10-01,-0.08345503859795544,2023-09-29,2023-10-06,2023-10-13T05:00:00+00:00,DOWN
2023-10-02,-0.08345503859795544,2023-09-29,2023-10-06,2023-10-13T05:00:00+00:00,DOWN
2023-10-03,-0.03672842890033989,2023-10-02,2023-10-06,2023-10-13T05:00:00+00:00,DOWN
2023-10-04,-0.03996313532879414,2023-10-03,2023-10-10,2023-10-17T05:00:00+00:00,DOWN
2023-10-05,-0.02461970076030562,2023-10-04,2023-10-11,2023-10-19T05:00:00+00:00,DOWN
2023-10-06,0.0021690727867469395,2023-10-05,2023-10-12,2023-10-19T05:00:00+00:00,FLAT
2023-10-07,0.07494955747231424,2023-10-06,2023-10-13,2023-10-19T05:00:00+00:00,UP
2023-10-08,0.07494955747231424,2023-10-06,2023-10-13,2023-10-19T05:00:00+00:00,UP
2023-10-09,0.07494955747231424,2023-10-06,2023-10-13,2023-10-19T05:00:00+00:00,UP
2023-10-10,0.037683048577581424,2023-10-06,2023-10-16,2023-10-24T05:00:00+00:00,UP
2023-10-11,0.022261556902474444,2023-10-10,2023-10-17,2023-10-26T05:00:00+00:00,UP
2023-10-12,0.05278586996654844,2023-10-11,2023-10-18,2023-10-26T05:00:00+00:00,UP
2023-10-13,0.05493727876814303,2023-10-12,2023-10-19,2023-10-26T05:00:00+00:00,UP
2023-10-14,-0.005024962463350047,2023-10-13,2023-10-20,2023-10-26T05:00:00+00:00,FLAT
2023-10-15,-0.005024962463350047,2023-10-13,2023-10-20,2023-10-26T05:00:00+00:00,FLAT
2023-10-16,-0.005024962463350047,2023-10-13,2023-10-20,2023-10-26T05:00:00+00:00,FLAT
2023-10-17,0.010513370547036383,2023-10-16,2023-10-23,2023-10-31T05:00:00+00:00,FLAT
2023-10-18,-0.04904946195962756,2023-10-17,2023-10-24,2023-11-02T05:00:00+00:00,DOWN
2023-10-19,-0.02005730722036747,2023-10-18,2023-10-25,2023-11-02T05:00:00+00:00,DOWN
2023-10-20,-0.04983860237749971,2023-10-19,2023-10-26,2023-11-02T05:00:00+00:00,DOWN
2023-10-21,-0.03169180651831316,2023-10-20,2023-10-27,2023-11-02T05:00:00+00:00,DOWN
2023-10-22,-0.03169180651831316,2023-10-20,2023-10-27,2023-11-02T05:00:00+00:00,DOWN
2023-10-23,-0.03169180651831316,2023-10-20,2023-10-27,2023-11-02T05:00:00+00:00,DOWN
2023-10-24,-0.012853774613668545,2023-10-23,2023-10-30,2023-11-07T06:00:00+00:00,FLAT
2023-10-25,-0.012383219940546475,2023-10-24,2023-10-31,2023-11-16T06:00:00+00:00,FLAT
2023-10-26,-0.03559041494046522,2023-10-25,2023-11-01,2023-11-16T06:00:00+00:00,DOWN
2023-10-27,0.006581905197239335,2023-10-26,2023-11-02,2023-11-16T06:00:00+00:00,FLAT
2023-10-28,-0.03723819065788081,2023-10-27,2023-11-03,2023-11-16T06:00:00+00:00,DOWN
2023-10-29,-0.03723819065788081,2023-10-27,2023-11-03,2023-11-16T06:00:00+00:00,DOWN
2023-10-30,-0.03723819065788081,2023-10-27,2023-11-03,2023-11-16T06:00:00+00:00,DOWN
2023-10-31,-0.04345759182042752,2023-10-30,2023-11-06,2023-11-16T06:00:00+00:00,DOWN
2023-11-01,-0.044010910540148496,2023-10-31,2023-11-07,2023-11-16T06:00:00+00:00,DOWN
2023-11-02,-0.06761916875603657,2023-11-01,2023-11-08,2023-11-16T06:00:00+00:00,DOWN
2023-11-03,-0.08585840361955999,2023-11-02,2023-11-09,2023-11-16T06:00:00+00:00,DOWN
2023-11-04,-0.06853615519868284,2023-11-03,2023-11-09,2023-11-16T06:00:00+00:00,DOWN
2023-11-05,-0.06853615519868284,2023-11-03,2023-11-09,2023-11-16T06:00:00+00:00,DOWN
2023-11-06,-0.06853615519868284,2023-11-03,2023-11-09,2023-11-16T06:00:00+00:00,DOWN
2023-11-07,-0.0342965707525672,2023-11-06,2023-11-13,2023-11-21T06:00:00+00:00,DOWN
2023-11-08,0.005652040105423639,2023-11-07,2023-11-14,2023-11-23T06:00:00+00:00,FLAT
2023-11-09,0.006898551975890843,2023-11-08,2023-11-15,2023-11-23T06:00:00+00:00,FLAT
2023-11-10,-0.054528500212033704,2023-11-09,2023-11-16,2023-11-23T06:00:00+00:00,DOWN
2023-11-11,-0.016115893136325776,2023-11-09,2023-11-17,2023-11-23T06:00:00+00:00,FLAT
2023-11-12,-0.016115893136325776,2023-11-09,2023-11-17,2023-11-23T06:00:00+00:00,FLAT
2023-11-13,-0.016115893136325776,2023-11-09,2023-11-17,2023-11-23T06:00:00+00:00,FLAT
2023-11-14,-0.026423827987055226,2023-11-13,2023-11-20,2023-11-28T06:00:00+00:00,DOWN
2023-11-15,-0.03703834894431435,2023-11-14,2023-11-21,2023-11-30T06:00:00+00:00,DOWN
2023-11-16,-0.020309223019620237,2023-11-15,2023-11-22,2023-11-30T06:00:00+00:00,DOWN
2023-11-17,0.03926743939940991,2023-11-16,2023-11-22,2023-11-30T06:00:00+00:00,UP
2023-11-18,-0.025849254225255858,2023-11-17,2023-11-24,2023-11-30T06:00:00+00:00,DOWN
2023-11-19,-0.025849254225255858,2023-11-17,2023-11-24,2023-11-30T06:00:00+00:00,DOWN
2023-11-20,-0.025849254225255858,2023-11-17,2023-11-24,2023-11-30T06:00:00+00:00,DOWN
2023-11-21,-0.047189926533676596,2023-11-20,2023-11-27,2023-12-05T06:00:00+00:00,DOWN
2023-11-22,-0.008832260709566775,2023-11-21,2023-11-28,2023-12-07T06:00:00+00:00,FLAT
2023-11-23,0.011375524621841437,2023-11-22,2023-11-29,2023-12-07T06:00:00+00:00,FLAT
2023-11-24,-0.0031434233036716774,2023-11-22,2023-11-30,2023-12-07T06:00:00+00:00,FLAT
2023-11-25,-0.01518815723919531,2023-11-24,2023-12-01,2023-12-07T06:00:00+00:00,FLAT
2023-11-26,-0.01518815723919531,2023-11-24,2023-12-01,2023-12-07T06:00:00+00:00,FLAT
2023-11-27,-0.01518815723919531,2023-11-24,2023-12-01,2023-12-07T06:00:00+00:00,FLAT
2023-11-28,-0.01816131298610102,2023-11-27,2023-12-04,2023-12-12T06:00:00+00:00,FLAT
2023-11-29,-0.05291108215648843,2023-11-28,2023-12-05,2023-12-14T06:00:00+00:00,DOWN
2023-11-30,-0.10072428274002398,2023-11-29,2023-12-06,2023-12-14T06:00:00+00:00,DOWN
2023-12-01,-0.08992669551119536,2023-11-30,2023-12-07,2023-12-14T06:00:00+00:00,DOWN
2023-12-02,-0.031815006967729986,2023-12-01,2023-12-08,2023-12-14T06:00:00+00:00,DOWN
2023-12-03,-0.031815006967729986,2023-12-01,2023-12-08,2023-12-14T06:00:00+00:00,DOWN
2023-12-04,-0.031815006967729986,2023-12-01,2023-12-08,2023-12-14T06:00:00+00:00,DOWN
2023-12-05,-0.026207092555868394,2023-12-04,2023-12-11,2023-12-19T06:00:00+00:00,DOWN
2023-12-06,-0.03672052210088739,2023-12-05,2023-12-12,2023-12-21T06:00:00+00:00,DOWN
2023-12-07,-0.000535640978190477,2023-12-06,2023-12-13,2023-12-21T06:00:00+00:00,FLAT
2023-12-08,0.03207049937167983,2023-12-07,2023-12-14,2023-12-21T06:00:00+00:00,UP
2023-12-09,0.005270084317680501,2023-12-08,2023-12-15,2023-12-21T06:00:00+00:00,FLAT
2023-12-10,0.005270084317680501,2023-12-08,2023-12-15,2023-12-21T06:00:00+00:00,FLAT
2023-12-11,0.005270084317680501,2023-12-08,2023-12-15,2023-12-21T06:00:00+00:00,FLAT
2023-12-12,0.034660539223294595,2023-12-11,2023-12-18,2023-12-27T06:00:00+00:00,UP
2023-12-13,0.07002291875340338,2023-12-12,2023-12-19,2023-12-29T06:00:00+00:00,UP
2023-12-14,0.08823358782659696,2023-12-13,2023-12-20,2023-12-29T06:00:00+00:00,UP
2023-12-15,0.05207970108942139,2023-12-14,2023-12-21,2023-12-29T06:00:00+00:00,UP
2023-12-16,0.046112617485494445,2023-12-15,2023-12-22,2023-12-29T06:00:00+00:00,UP
2023-12-17,0.046112617485494445,2023-12-15,2023-12-22,2023-12-29T06:00:00+00:00,UP
2023-12-18,0.046112617485494445,2023-12-15,2023-12-22,2023-12-29T06:00:00+00:00,UP
2023-12-19,0.017242429588131936,2023-12-18,2023-12-22,2023-12-29T06:00:00+00:00,FLAT
2023-12-20,0.005531353269968564,2023-12-19,2023-12-22,2023-12-29T06:00:00+00:00,FLAT
2023-12-21,-0.0009033607945405642,2023-12-20,2023-12-27,2024-01-05T06:00:00+00:00,FLAT
2023-12-22,-0.02526825216640982,2023-12-21,2023-12-28,2024-01-05T06:00:00+00:00,DOWN
2023-12-23,-0.035949743414976365,2023-12-22,2023-12-29,2024-01-05T06:00:00+00:00,DOWN
2023-12-24,-0.035949743414976365,2023-12-22,2023-12-29,2024-01-05T06:00:00+00:00,DOWN
2023-12-25,-0.035949743414976365,2023-12-22,2023-12-29,2024-01-05T06:00:00+00:00,DOWN
2023-12-26,-0.035949743414976365,2023-12-22,2023-12-29,2024-01-05T06:00:00+00:00,DOWN
2023-12-27,-0.04825295228262516,2023-12-22,2024-01-02,2024-01-09T06:00:00+00:00,DOWN
2023-12-28,-0.04557934228212568,2023-12-27,2024-01-03,2024-01-11T06:00:00+00:00,DOWN
2023-12-29,-0.034048077742022675,2023-12-28,2024-01-04,2024-01-11T06:00:00+00:00,DOWN
2023-12-30,0.014383330542830919,2023-12-29,2024-01-05,2024-01-11T06:00:00+00:00,FLAT
2023-12-31,0.014383330542830919,2023-12-29,2024-01-05,2024-01-11T06:00:00+00:00,FLAT
2024-01-01,0.014383330542830919,2023-12-29,2024-01-05,2024-01-11T06:00:00+00:00,FLAT
2024-01-02,-0.021173017886500833,2023-12-29,2024-01-08,2024-01-17T06:00:00+00:00,DOWN
2024-01-03,0.02625673144380114,2024-01-02,2024-01-09,2024-01-19T06:00:00+00:00,UP
2024-01-04,0.019627379918988108,2024-01-03,2024-01-10,2024-01-19T06:00:00+00:00,FLAT
2024-01-05,0.05951648378188534,2024-01-04,2024-01-11,2024-01-19T06:00:00+00:00,UP
2024-01-06,0.023246032192130173,2024-01-05,2024-01-12,2024-01-19T06:00:00+00:00,UP
2024-01-07,0.023246032192130173,2024-01-05,2024-01-12,2024-01-19T06:00:00+00:00,UP
2024-01-08,0.023246032192130173,2024-01-05,2024-01-12,2024-01-19T06:00:00+00:00,UP
2024-01-09,0.060415923413351,2024-01-08,2024-01-12,2024-01-19T06:00:00+00:00,UP
2024-01-10,0.030813520211752987,2024-01-09,2024-01-16,2024-01-23T06:00:00+00:00,UP
2024-01-11,0.008843904004991687,2024-01-10,2024-01-17,2024-01-25T06:00:00+00:00,FLAT
2024-01-12,0.01445012827096992,2024-01-11,2024-01-18,2024-01-25T06:00:00+00:00,FLAT
2024-01-13,0.014013924836316916,2024-01-12,2024-01-19,2024-01-25T06:00:00+00:00,FLAT
2024-01-14,0.014013924836316916,2024-01-12,2024-01-19,2024-01-25T06:00:00+00:00,FLAT
2024-01-15,0.014013924836316916,2024-01-12,2024-01-19,2024-01-25T06:00:00+00:00,FLAT
2024-01-16,0.026294990119193118,2024-01-12,2024-01-22,2024-01-30T06:00:00+00:00,UP
2024-01-17,0.021387622419777985,2024-01-16,2024-01-23,2024-02-01T06:00:00+00:00,UP
2024-01-18,0.03595574987005423,2024-01-17,2024-01-24,2024-02-01T06:00:00+00:00,UP
2024-01-19,0.012092190086565369,2024-01-18,2024-01-25,2024-02-01T06:00:00+00:00,FLAT
2024-01-20,0.030174122955471505,2024-01-19,2024-01-26,2024-02-01T06:00:00+00:00,UP
2024-01-21,0.030174122955471505,2024-01-19,2024-01-26,2024-02-01T06:00:00+00:00,UP
2024-01-22,0.030174122955471505,2024-01-19,2024-01-26,2024-02-01T06:00:00+00:00,UP
2024-01-23,0.026285499460164452,2024-01-22,2024-01-29,2024-02-06T06:00:00+00:00,UP
2024-01-24,0.026097770244161378,2024-01-23,2024-01-30,2024-02-08T06:00:00+00:00,UP
2024-01-25,0.011415841750850309,2024-01-24,2024-01-31,2024-02-08T06:00:00+00:00,FLAT
2024-01-26,-6.097687322892398e-05,2024-01-25,2024-02-01,2024-02-08T06:00:00+00:00,FLAT
2024-01-27,-0.043508349105074395,2024-01-26,2024-02-02,2024-02-08T06:00:00+00:00,DOWN
2024-01-28,-0.043508349105074395,2024-01-26,2024-02-02,2024-02-08T06:00:00+00:00,DOWN
2024-01-29,-0.043508349105074395,2024-01-26,2024-02-02,2024-02-08T06:00:00+00:00,DOWN
2024-01-30,-0.05342033912854183,2024-01-29,2024-02-05,2024-02-13T06:00:00+00:00,DOWN
2024-01-31,-0.041697631507869315,2024-01-30,2024-02-06,2024-02-15T06:00:00+00:00,DOWN
2024-02-01,-0.018006581045821757,2024-01-31,2024-02-07,2024-02-15T06:00:00+00:00,FLAT
2024-02-02,0.01218880709458281,2024-02-01,2024-02-08,2024-02-15T06:00:00+00:00,FLAT
2024-02-03,0.05092354942476529,2024-02-02,2024-02-09,2024-02-15T06:00:00+00:00,UP
2024-02-04,0.05092354942476529,2024-02-02,2024-02-09,2024-02-15T06:00:00+00:00,UP
2024-02-05,0.05092354942476529,2024-02-02,2024-02-09,2024-02-15T06:00:00+00:00,UP
2024-02-06,0.056961844496433045,2024-02-05,2024-02-12,2024-02-21T06:00:00+00:00,UP
2024-02-07,0.05323842210012564,2024-02-06,2024-02-13,2024-02-23T06:00:00+00:00,UP
2024-02-08,0.039571330999199184,2024-02-07,2024-02-14,2024-02-23T06:00:00+00:00,UP
2024-02-09,0.015379384092541137,2024-02-08,2024-02-15,2024-02-23T06:00:00+00:00,FLAT
2024-02-10,0.01553984143871956,2024-02-09,2024-02-16,2024-02-23T06:00:00+00:00,FLAT
2024-02-11,0.01553984143871956,2024-02-09,2024-02-16,2024-02-23T06:00:00+00:00,FLAT
2024-02-12,0.01553984143871956,2024-02-09,2024-02-16,2024-02-23T06:00:00+00:00,FLAT
2024-02-13,0.011921793037672934,2024-02-12,2024-02-16,2024-02-23T06:00:00+00:00,FLAT
2024-02-14,0.0003882246268931411,2024-02-13,2024-02-20,2024-02-27T06:00:00+00:00,FLAT
2024-02-15,0.003748300354481815,2024-02-14,2024-02-21,2024-02-29T06:00:00+00:00,FLAT
2024-02-16,0.01813227380772897,2024-02-15,2024-02-22,2024-02-29T06:00:00+00:00,FLAT
2024-02-17,-0.0076678351301346925,2024-02-16,2024-02-23,2024-02-29T06:00:00+00:00,FLAT
2024-02-18,-0.0076678351301346925,2024-02-16,2024-02-23,2024-02-29T06:00:00+00:00,FLAT
2024-02-19,-0.0076678351301346925,2024-02-16,2024-02-23,2024-02-29T06:00:00+00:00,FLAT
2024-02-20,-0.009644311554197427,2024-02-16,2024-02-26,2024-03-05T06:00:00+00:00,FLAT
2024-02-21,-0.010569583445064645,2024-02-20,2024-02-27,2024-03-07T06:00:00+00:00,FLAT
2024-02-22,-0.006966950463114574,2024-02-21,2024-02-28,2024-03-07T06:00:00+00:00,FLAT
2024-02-23,-0.014343063593833971,2024-02-22,2024-02-29,2024-03-07T06:00:00+00:00,FLAT
2024-02-24,0.007462752837176678,2024-02-23,2024-03-01,2024-03-07T06:00:00+00:00,FLAT
2024-02-25,0.007462752837176678,2024-02-23,2024-03-01,2024-03-07T06:00:00+00:00,FLAT
2024-02-26,0.007462752837176678,2024-02-23,2024-03-01,2024-03-07T06:00:00+00:00,FLAT
2024-02-27,0.03080638635058075,2024-02-26,2024-03-04,2024-03-12T05:00:00+00:00,UP
2024-02-28,0.023934273222986358,2024-02-27,2024-03-05,2024-03-14T05:00:00+00:00,UP
2024-02-29,0.029866829684850105,2024-02-28,2024-03-06,2024-03-14T05:00:00+00:00,UP
2024-03-01,0.0029405012281646936,2024-02-29,2024-03-07,2024-03-14T05:00:00+00:00,FLAT
2024-03-02,-0.007698552760388555,2024-03-01,2024-03-08,2024-03-14T05:00:00+00:00,FLAT
2024-03-03,-0.007698552760388555,2024-03-01,2024-03-08,2024-03-14T05:00:00+00:00,FLAT
2024-03-04,-0.007698552760388555,2024-03-01,2024-03-08,2024-03-14T05:00:00+00:00,FLAT
2024-03-05,-0.03850276500893968,2024-03-04,2024-03-11,2024-03-19T05:00:00+00:00,DOWN
2024-03-06,-0.027349848963808654,2024-03-05,2024-03-12,2024-03-21T05:00:00+00:00,DOWN
2024-03-07,-0.03186242256690408,2024-03-06,2024-03-13,2024-03-21T05:00:00+00:00,DOWN
2024-03-08,0.015178904352731726,2024-03-07,2024-03-14,2024-03-21T05:00:00+00:00,FLAT
2024-03-09,0.014431840252758343,2024-03-08,2024-03-15,2024-03-21T05:00:00+00:00,FLAT
2024-03-10,0.014431840252758343,2024-03-08,2024-03-15,2024-03-21T05:00:00+00:00,FLAT
2024-03-11,0.014431840252758343,2024-03-08,2024-03-15,2024-03-21T05:00:00+00:00,FLAT
2024-03-12,0.03863663866975431,2024-03-11,2024-03-18,2024-03-26T05:00:00+00:00,UP
2024-03-13,0.04694612327741643,2024-03-12,2024-03-19,2024-03-28T05:00:00+00:00,UP
2024-03-14,0.023342687831783948,2024-03-13,2024-03-20,2024-03-28T05:00:00+00:00,UP
2024-03-15,-0.013556010626150528,2024-03-14,2024-03-21,2024-03-28T05:00:00+00:00,FLAT
2024-03-16,-0.001448428293177928,2024-03-15,2024-03-22,2024-03-28T05:00:00+00:00,FLAT
2024-03-17,-0.001448428293177928,2024-03-15,2024-03-22,2024-03-28T05:00:00+00:00,FLAT
2024-03-18,-0.001448428293177928,2024-03-15,2024-03-22,2024-03-28T05:00:00+00:00,FLAT
2024-03-19,-0.0016784028337326617,2024-03-18,2024-03-25,2024-04-02T05:00:00+00:00,FLAT
2024-03-20,-0.014070872615690844,2024-03-19,2024-03-26,2024-04-04T05:00:00+00:00,FLAT
2024-03-21,-0.005852871375354951,2024-03-20,2024-03-27,2024-04-04T05:00:00+00:00,FLAT
2024-03-22,0.018511210519047694,2024-03-21,2024-03-28,2024-04-04T05:00:00+00:00,FLAT
2024-03-23,0.014938322555281935,2024-03-22,2024-03-28,2024-04-04T05:00:00+00:00,FLAT
2024-03-24,0.014938322555281935,2024-03-22,2024-03-28,2024-04-04T05:00:00+00:00,FLAT
2024-03-25,0.014938322555281935,2024-03-22,2024-03-28,2024-04-04T05:00:00+00:00,FLAT
2024-03-26,0.002102784830898763,2024-03-25,2024-03-28,2024-04-04T05:00:00+00:00,FLAT
2024-03-27,0.022056019454610665,2024-03-26,2024-04-02,2024-04-11T05:00:00+00:00,UP
2024-03-28,0.06752081390101439,2024-03-27,2024-04-03,2024-04-11T05:00:00+00:00,UP
2024-03-29,0.049277498064845604,2024-03-28,2024-04-04,2024-04-11T05:00:00+00:00,UP
2024-03-30,0.07820465672495946,2024-03-28,2024-04-05,2024-04-11T05:00:00+00:00,UP
2024-03-31,0.07820465672495946,2024-03-28,2024-04-05,2024-04-11T05:00:00+00:00,UP
2024-04-01,0.07820465672495946,2024-03-28,2024-04-05,2024-04-11T05:00:00+00:00,UP
2024-04-02,0.06515706820551337,2024-03-28,2024-04-08,2024-04-16T05:00:00+00:00,UP
2024-04-03,0.05129412660229704,2024-04-02,2024-04-09,2024-04-18T05:00:00+00:00,UP
2024-04-04,0.010860110744566942,2024-04-03,2024-04-10,2024-04-18T05:00:00+00:00,FLAT
2024-04-05,0.01343003927563724,2024-04-04,2024-04-11,2024-04-18T05:00:00+00:00,FLAT
2024-04-06,0.0038256064529487155,2024-04-05,2024-04-12,2024-04-18T05:00:00+00:00,FLAT
2024-04-07,0.0038256064529487155,2024-04-05,2024-04-12,2024-04-18T05:00:00+00:00,FLAT
2024-04-08,0.0038256064529487155,2024-04-05,2024-04-12,2024-04-18T05:00:00+00:00,FLAT
2024-04-09,-0.00864778656778531,2024-04-08,2024-04-15,2024-04-23T05:00:00+00:00,FLAT
2024-04-10,-0.008199509302932895,2024-04-09,2024-04-16,2024-04-25T05:00:00+00:00,FLAT
2024-04-11,-0.021520018000124153,2024-04-10,2024-04-17,2024-04-25T05:00:00+00:00,DOWN
2024-04-12,-0.03430991814899753,2024-04-11,2024-04-18,2024-04-25T05:00:00+00:00,DOWN
2024-04-13,-0.05503387828801087,2024-04-12,2024-04-19,2024-04-25T05:00:00+00:00,DOWN
2024-04-14,-0.05503387828801087,2024-04-12,2024-04-19,2024-04-25T05:00:00+00:00,DOWN
2024-04-15,-0.05503387828801087,2024-04-12,2024-04-19,2024-04-25T05:00:00+00:00,DOWN
2024-04-16,-0.038690795681958434,2024-04-15,2024-04-22,2024-04-30T05:00:00+00:00,DOWN
2024-04-17,-0.032033900582039476,2024-04-16,2024-04-23,2024-05-02T05:00:00+00:00,DOWN
2024-04-18,-0.004832344377905695,2024-04-17,2024-04-24,2024-05-02T05:00:00+00:00,FLAT
2024-04-19,-0.0016420877518327215,2024-04-18,2024-04-25,2024-05-02T05:00:00+00:00,FLAT
2024-04-20,0.02348548728980515,2024-04-19,2024-04-26,2024-05-02T05:00:00+00:00,UP
2024-04-21,0.02348548728980515,2024-04-19,2024-04-26,2024-05-02T05:00:00+00:00,UP
2024-04-22,0.02348548728980515,2024-04-19,2024-04-26,2024-05-02T05:00:00+00:00,UP
2024-04-23,0.011869104358750215,2024-04-22,2024-04-29,2024-05-07T05:00:00+00:00,FLAT
2024-04-24,-0.0012865232197076804,2024-04-23,2024-04-30,2024-05-09T05:00:00+00:00,FLAT
2024-04-25,-0.06215926474638156,2024-04-24,2024-05-01,2024-05-09T05:00:00+00:00,DOWN
2024-04-26,-0.0380746213105011,2024-04-25,2024-05-02,2024-05-09T05:00:00+00:00,DOWN
2024-04-27,-0.07135149418772568,2024-04-26,2024-05-03,2024-05-09T05:00:00+00:00,DOWN
2024-04-28,-0.07135149418772568,2024-04-26,2024-05-03,2024-05-09T05:00:00+00:00,DOWN
2024-04-29,-0.07135149418772568,2024-04-26,2024-05-03,2024-05-09T05:00:00+00:00,DOWN
2024-04-30,-0.05358918507933241,2024-04-29,2024-05-03,2024-05-09T05:00:00+00:00,DOWN
2024-05-01,-0.06558649031066477,2024-04-30,2024-05-07,2024-05-16T05:00:00+00:00,DOWN
2024-05-02,-0.016283554616294715,2024-05-01,2024-05-08,2024-05-16T05:00:00+00:00,FLAT
2024-05-03,-0.020965241721542127,2024-05-02,2024-05-09,2024-05-16T05:00:00+00:00,DOWN
2024-05-04,-0.004509555335501458,2024-05-03,2024-05-10,2024-05-16T05:00:00+00:00,FLAT
2024-05-05,-0.004509555335501458,2024-05-03,2024-05-10,2024-05-16T05:00:00+00:00,FLAT
2024-05-06,-0.004509555335501458,2024-05-03,2024-05-10,2024-05-16T05:00:00+00:00,FLAT
2024-05-07,-0.006123268602415299,2024-05-03,2024-05-13,2024-05-21T05:00:00+00:00,FLAT
2024-05-08,-0.018402255200268613,2024-05-07,2024-05-14,2024-05-23T05:00:00+00:00,FLAT
2024-05-09,-0.02977268398691324,2024-05-08,2024-05-15,2024-05-23T05:00:00+00:00,DOWN
2024-05-10,-0.01968566832973706,2024-05-09,2024-05-16,2024-05-23T05:00:00+00:00,FLAT
2024-05-11,-0.014159120206784226,2024-05-10,2024-05-17,2024-05-23T05:00:00+00:00,FLAT
2024-05-12,-0.014159120206784226,2024-05-10,2024-05-17,2024-05-23T05:00:00+00:00,FLAT
2024-05-13,-0.014159120206784226,2024-05-10,2024-05-17,2024-05-23T05:00:00+00:00,FLAT
2024-05-14,-0.015009401190343774,2024-05-13,2024-05-20,2024-05-29T05:00:00+00:00,FLAT
2024-05-15,0.003284396075529772,2024-05-14,2024-05-21,2024-05-31T05:00:00+00:00,FLAT
2024-05-16,0.001975022776334212,2024-05-15,2024-05-22,2024-05-31T05:00:00+00:00,FLAT
2024-05-17,-0.026166512599267833,2024-05-16,2024-05-23,2024-05-31T05:00:00+00:00,DOWN
2024-05-18,-0.037818890080150824,2024-05-17,2024-05-24,2024-05-31T05:00:00+00:00,DOWN
2024-05-19,-0.037818890080150824,2024-05-17,2024-05-24,2024-05-31T05:00:00+00:00,DOWN
2024-05-20,-0.037818890080150824,2024-05-17,2024-05-24,2024-05-31T05:00:00+00:00,DOWN
2024-05-21,-0.035424700011325694,2024-05-20,2024-05-24,2024-05-31T05:00:00+00:00,DOWN
2024-05-22,0.0025152547503779488,2024-05-21,2024-05-28,2024-06-04T05:00:00+00:00,FLAT
2024-05-23,0.021278842873735604,2024-05-22,2024-05-29,2024-06-06T05:00:00+00:00,UP
2024-05-24,0.0284031127663662,2024-05-23,2024-05-30,2024-06-06T05:00:00+00:00,UP
2024-05-25,0.006000422339484279,2024-05-24,2024-05-31,2024-06-06T05:00:00+00:00,FLAT
2024-05-26,0.006000422339484279,2024-05-24,2024-05-31,2024-06-06T05:00:00+00:00,FLAT
2024-05-27,0.006000422339484279,2024-05-24,2024-05-31,2024-06-06T05:00:00+00:00,FLAT
2024-05-28,-0.03136439272253433,2024-05-24,2024-06-03,2024-06-11T05:00:00+00:00,DOWN
2024-05-29,-0.0746287774489588,2024-05-28,2024-06-04,2024-06-13T05:00:00+00:00,DOWN
2024-05-30,-0.07496643259327929,2024-05-29,2024-06-05,2024-06-13T05:00:00+00:00,DOWN
2024-05-31,-0.04722390580860014,2024-05-30,2024-06-06,2024-06-13T05:00:00+00:00,DOWN
2024-06-01,-0.015483994904347265,2024-05-31,2024-06-07,2024-06-13T05:00:00+00:00,FLAT
2024-06-02,-0.015483994904347265,2024-05-31,2024-06-07,2024-06-13T05:00:00+00:00,FLAT
2024-06-03,-0.015483994904347265,2024-05-31,2024-06-07,2024-06-13T05:00:00+00:00,FLAT
2024-06-04,0.04186324812259867,2024-06-03,2024-06-10,2024-06-18T05:00:00+00:00,UP
2024-06-05,0.06620443167170631,2024-06-04,2024-06-11,2024-06-21T05:00:00+00:00,UP
2024-06-06,0.06877946242957722,2024-06-05,2024-06-12,2024-06-21T05:00:00+00:00,UP
2024-06-07,0.05019887611643692,2024-06-06,2024-06-13,2024-06-21T05:00:00+00:00,UP
2024-06-08,0.044448694190664106,2024-06-07,2024-06-14,2024-06-21T05:00:00+00:00,UP
2024-06-09,0.044448694190664106,2024-06-07,2024-06-14,2024-06-21T05:00:00+00:00,UP
2024-06-10,0.044448694190664106,2024-06-07,2024-06-14,2024-06-21T05:00:00+00:00,UP
2024-06-11,0.0371634187126928,2024-06-10,2024-06-17,2024-06-25T05:00:00+00:00,UP
2024-06-12,0.057876870768610145,2024-06-11,2024-06-18,2024-06-25T05:00:00+00:00,UP
2024-06-13,0.05301578728395584,2024-06-12,2024-06-18,2024-06-25T05:00:00+00:00,UP
2024-06-14,0.05624640718098117,2024-06-13,2024-06-20,2024-06-27T05:00:00+00:00,UP
2024-06-15,0.06125825630181936,2024-06-14,2024-06-21,2024-06-27T05:00:00+00:00,UP
2024-06-16,0.06125825630181936,2024-06-14,2024-06-21,2024-06-27T05:00:00+00:00,UP
2024-06-17,0.06125825630181936,2024-06-14,2024-06-21,2024-06-27T05:00:00+00:00,UP
2024-06-18,0.052515326202736023,2024-06-17,2024-06-24,2024-07-02T05:00:00+00:00,UP
2024-06-19,0.025037310794776557,2024-06-18,2024-06-25,2024-07-04T05:00:00+00:00,UP
2024-06-20,0.013154971490391132,2024-06-18,2024-06-26,2024-07-04T05:00:00+00:00,FLAT
2024-06-21,0.013741336257694137,2024-06-20,2024-06-27,2024-07-04T05:00:00+00:00,FLAT
2024-06-22,0.010596066903558965,2024-06-21,2024-06-28,2024-07-04T05:00:00+00:00,FLAT
2024-06-23,0.010596066903558965,2024-06-21,2024-06-28,2024-07-04T05:00:00+00:00,FLAT
2024-06-24,0.010596066903558965,2024-06-21,2024-06-28,2024-07-04T05:00:00+00:00,FLAT
2024-06-25,-0.0007413549234375205,2024-06-24,2024-07-01,2024-07-09T05:00:00+00:00,FLAT
2024-06-26,0.01809567874708673,2024-06-25,2024-07-02,2024-07-11T05:00:00+00:00,FLAT
2024-06-27,0.029501833052042237,2024-06-26,2024-07-03,2024-07-11T05:00:00+00:00,UP
2024-06-28,0.014521322117391655,2024-06-27,2024-07-03,2024-07-11T05:00:00+00:00,FLAT
2024-06-29,0.016155856264191693,2024-06-28,2024-07-05,2024-07-11T05:00:00+00:00,FLAT
2024-06-30,0.016155856264191693,2024-06-28,2024-07-05,2024-07-11T05:00:00+00:00,FLAT
2024-07-01,0.016155856264191693,2024-06-28,2024-07-05,2024-07-11T05:00:00+00:00,FLAT
2024-07-02,0.00669978052443132,2024-07-01,2024-07-08,2024-07-16T05:00:00+00:00,FLAT
2024-07-03,-0.02021452710778382,2024-07-02,2024-07-09,2024-07-18T05:00:00+00:00,DOWN
2024-07-04,-0.01846752415086339,2024-07-03,2024-07-10,2024-07-18T05:00:00+00:00,FLAT
2024-07-05,-0.021641951268895787,2024-07-03,2024-07-11,2024-07-18T05:00:00+00:00,DOWN
2024-07-06,-0.017283341802444396,2024-07-05,2024-07-12,2024-07-18T05:00:00+00:00,FLAT
2024-07-07,-0.017283341802444396,2024-07-05,2024-07-12,2024-07-18T05:00:00+00:00,FLAT
2024-07-08,-0.017283341802444396,2024-07-05,2024-07-12,2024-07-18T05:00:00+00:00,FLAT
2024-07-09,-0.009617887447790574,2024-07-08,2024-07-15,2024-07-23T05:00:00+00:00,FLAT
2024-07-10,0.0008368236761793213,2024-07-09,2024-07-16,2024-07-25T05:00:00+00:00,FLAT
2024-07-11,-0.011184101695658644,2024-07-10,2024-07-17,2024-07-25T05:00:00+00:00,FLAT
2024-07-12,-0.002288217130675063,2024-07-11,2024-07-18,2024-07-25T05:00:00+00:00,FLAT
2024-07-13,-0.022037514538732483,2024-07-12,2024-07-19,2024-07-25T05:00:00+00:00,DOWN
2024-07-14,-0.022037514538732483,2024-07-12,2024-07-19,2024-07-25T05:00:00+00:00,DOWN
2024-07-15,-0.022037514538732483,2024-07-12,2024-07-19,2024-07-25T05:00:00+00:00,DOWN
2024-07-16,-0.032567472049736645,2024-07-15,2024-07-22,2024-07-30T05:00:00+00:00,DOWN
2024-07-17,-0.04998559858645313,2024-07-16,2024-07-23,2024-08-01T05:00:00+00:00,DOWN
2024-07-18,-0.03186626430801354,2024-07-17,2024-07-24,2024-08-01T05:00:00+00:00,DOWN
2024-07-19,-0.046485798907652476,2024-07-18,2024-07-25,2024-08-01T05:00:00+00:00,DOWN
2024-07-20,-0.047610968457756586,2024-07-19,2024-07-26,2024-08-01T05:00:00+00:00,DOWN
2024-07-21,-0.047610968457756586,2024-07-19,2024-07-26,2024-08-01T05:00:00+00:00,DOWN
2024-07-22,-0.047610968457756586,2024-07-19,2024-07-26,2024-08-01T05:00:00+00:00,DOWN
2024-07-23,-0.03181541243574271,2024-07-22,2024-07-29,2024-08-06T05:00:00+00:00,DOWN
2024-07-24,-0.03890772425479161,2024-07-23,2024-07-30,2024-08-08T05:00:00+00:00,DOWN
2024-07-25,-0.02530773658079344,2024-07-24,2024-07-31,2024-08-08T05:00:00+00:00,DOWN
2024-07-26,-0.012867358955660158,2024-07-25,2024-08-01,2024-08-08T05:00:00+00:00,FLAT
2024-07-27,-0.04885992844704945,2024-07-26,2024-08-02,2024-08-08T05:00:00+00:00,DOWN
2024-07-28,-0.04885992844704945,2024-07-26,2024-08-02,2024-08-08T05:00:00+00:00,DOWN
2024-07-29,-0.04885992844704945,2024-07-26,2024-08-02,2024-08-08T05:00:00+00:00,DOWN
2024-07-30,-0.05948572324827195,2024-07-29,2024-08-05,2024-08-13T05:00:00+00:00,DOWN
2024-07-31,-0.04594651232065039,2024-07-30,2024-08-06,2024-08-15T05:00:00+00:00,DOWN
2024-08-01,-0.04422396758690528,2024-07-31,2024-08-07,2024-08-15T05:00:00+00:00,DOWN
2024-08-02,-0.017005011279816462,2024-08-01,2024-08-08,2024-08-15T05:00:00+00:00,FLAT
2024-08-03,0.03558309833043971,2024-08-02,2024-08-09,2024-08-15T05:00:00+00:00,UP
2024-08-04,0.03558309833043971,2024-08-02,2024-08-09,2024-08-15T05:00:00+00:00,UP
2024-08-05,0.03558309833043971,2024-08-02,2024-08-09,2024-08-15T05:00:00+00:00,UP
2024-08-06,0.07827676399896277,2024-08-05,2024-08-12,2024-08-20T05:00:00+00:00,UP
2024-08-07,0.07679763964302722,2024-08-06,2024-08-13,2024-08-22T05:00:00+00:00,UP
2024-08-08,0.04417671948491719,2024-08-07,2024-08-14,2024-08-22T05:00:00+00:00,UP
2024-08-09,0.02866449648793079,2024-08-08,2024-08-15,2024-08-22T05:00:00+00:00,UP
2024-08-10,0.005819533265322363,2024-08-09,2024-08-16,2024-08-22T05:00:00+00:00,FLAT
2024-08-11,0.005819533265322363,2024-08-09,2024-08-16,2024-08-22T05:00:00+00:00,FLAT
2024-08-12,0.005819533265322363,2024-08-09,2024-08-16,2024-08-22T05:00:00+00:00,FLAT
2024-08-13,-0.02849415272548894,2024-08-12,2024-08-19,2024-08-27T05:00:00+00:00,DOWN
2024-08-14,-0.04753669855251996,2024-08-13,2024-08-20,2024-08-29T05:00:00+00:00,DOWN
2024-08-15,-0.041654692395656334,2024-08-14,2024-08-21,2024-08-29T05:00:00+00:00,DOWN
2024-08-16,-0.05551762936326243,2024-08-15,2024-08-22,2024-08-29T05:00:00+00:00,DOWN
2024-08-17,-0.02045795941236228,2024-08-16,2024-08-23,2024-08-29T05:00:00+00:00,DOWN
2024-08-18,-0.02045795941236228,2024-08-16,2024-08-23,2024-08-29T05:00:00+00:00,DOWN
2024-08-19,-0.02045795941236228,2024-08-16,2024-08-23,2024-08-29T05:00:00+00:00,DOWN
2024-08-20,-0.011316718966889239,2024-08-19,2024-08-23,2024-08-29T05:00:00+00:00,FLAT
2024-08-21,0.03263337139922573,2024-08-20,2024-08-27,2024-09-06T05:00:00+00:00,UP
2024-08-22,0.014712873641477664,2024-08-21,2024-08-28,2024-09-06T05:00:00+00:00,FLAT
2024-08-23,0.028118907066239984,2024-08-22,2024-08-29,2024-09-06T05:00:00+00:00,UP
2024-08-24,-0.006562656685058288,2024-08-23,2024-08-30,2024-09-06T05:00:00+00:00,FLAT
2024-08-25,-0.006562656685058288,2024-08-23,2024-08-30,2024-09-06T05:00:00+00:00,FLAT
2024-08-26,-0.006562656685058288,2024-08-23,2024-08-30,2024-09-06T05:00:00+00:00,FLAT
2024-08-27,-0.006562656685058288,2024-08-23,2024-08-30,2024-09-06T05:00:00+00:00,FLAT
2024-08-28,-0.06241642082444199,2024-08-27,2024-09-03,2024-09-10T05:00:00+00:00,DOWN
2024-08-29,-0.0687413451671246,2024-08-28,2024-09-04,2024-09-12T05:00:00+00:00,DOWN
2024-08-30,-0.08747410961596136,2024-08-29,2024-09-05,2024-09-12T05:00:00+00:00,DOWN
2024-08-31,-0.0923273058538423,2024-08-30,2024-09-06,2024-09-12T05:00:00+00:00,DOWN
2024-09-01,-0.0923273058538423,2024-08-30,2024-09-06,2024-09-12T05:00:00+00:00,DOWN
2024-09-02,-0.0923273058538423,2024-08-30,2024-09-06,2024-09-12T05:00:00+00:00,DOWN
2024-09-03,-0.0946654502671389,2024-08-30,2024-09-09,2024-09-17T05:00:00+00:00,DOWN
2024-09-04,-0.0800935284586134,2024-09-03,2024-09-10,2024-09-19T05:00:00+00:00,DOWN
2024-09-05,-0.0574237363993616,2024-09-04,2024-09-11,2024-09-19T05:00:00+00:00,DOWN
2024-09-06,-0.00534087098847591,2024-09-05,2024-09-12,2024-09-19T05:00:00+00:00,FLAT
2024-09-07,0.012580834259954488,2024-09-06,2024-09-13,2024-09-19T05:00:00+00:00,FLAT
2024-09-08,0.012580834259954488,2024-09-06,2024-09-13,2024-09-19T05:00:00+00:00,FLAT
2024-09-09,0.012580834259954488,2024-09-06,2024-09-13,2024-09-19T05:00:00+00:00,FLAT
2024-09-10,0.019456198293515525,2024-09-09,2024-09-16,2024-09-24T05:00:00+00:00,FLAT
2024-09-11,0.05617567062243434,2024-09-10,2024-09-17,2024-09-26T05:00:00+00:00,UP
2024-09-12,0.05422039832620262,2024-09-11,2024-09-18,2024-09-26T05:00:00+00:00,UP
2024-09-13,0.021524388329999145,2024-09-12,2024-09-19,2024-09-26T05:00:00+00:00,UP
2024-09-14,0.024767387767266946,2024-09-13,2024-09-20,2024-09-26T05:00:00+00:00,UP
2024-09-15,0.024767387767266946,2024-09-13,2024-09-20,2024-09-26T05:00:00+00:00,UP
2024-09-16,0.024767387767266946,2024-09-13,2024-09-20,2024-09-26T05:00:00+00:00,UP
2024-09-17,0.006958945587614673,2024-09-16,2024-09-23,2024-10-01T05:00:00+00:00,FLAT
2024-09-18,0.000817275289419106,2024-09-17,2024-09-24,2024-10-03T05:00:00+00:00,FLAT
2024-09-19,0.004707444104639746,2024-09-18,2024-09-25,2024-10-03T05:00:00+00:00,FLAT
2024-09-20,-0.04554460010106509,2024-09-19,2024-09-26,2024-10-03T05:00:00+00:00,DOWN
2024-09-21,-0.062273391102831144,2024-09-20,2024-09-27,2024-10-03T05:00:00+00:00,DOWN
2024-09-22,-0.062273391102831144,2024-09-20,2024-09-27,2024-10-03T05:00:00+00:00,DOWN
2024-09-23,-0.062273391102831144,2024-09-20,2024-09-27,2024-10-03T05:00:00+00:00,DOWN
2024-09-24,-0.039235135407114874,2024-09-23,2024-09-30,2024-10-08T05:00:00+00:00,DOWN
2024-09-25,-0.0019010690447782697,2024-09-24,2024-10-01,2024-10-10T05:00:00+00:00,FLAT
2024-09-26,-0.009138584592147003,2024-09-25,2024-10-02,2024-10-10T05:00:00+00:00,FLAT
2024-09-27,0.0627750649755201,2024-09-26,2024-10-03,2024-10-10T05:00:00+00:00,UP
2024-09-28,0.10836809056414709,2024-09-27,2024-10-04,2024-10-10T05:00:00+00:00,UP
2024-09-29,0.10836809056414709,2024-09-27,2024-10-04,2024-10-10T05:00:00+00:00,UP
2024-09-30,0.10836809056414709,2024-09-27,2024-10-04,2024-10-10T05:00:00+00:00,UP
2024-10-01,0.12976966433059145,2024-09-30,2024-10-07,2024-10-16T05:00:00+00:00,UP
2024-10-02,0.04459455610641405,2024-10-01,2024-10-08,2024-10-18T05:00:00+00:00,UP
2024-10-03,0.03882027689069001,2024-10-02,2024-10-09,2024-10-18T05:00:00+00:00,UP
2024-10-04,0.03327076147455288,2024-10-03,2024-10-10,2024-10-18T05:00:00+00:00,UP
2024-10-05,0.019071816532439057,2024-10-04,2024-10-11,2024-10-18T05:00:00+00:00,FLAT
2024-10-06,0.019071816532439057,2024-10-04,2024-10-11,2024-10-18T05:00:00+00:00,FLAT
2024-10-07,0.019071816532439057,2024-10-04,2024-10-11,2024-10-18T05:00:00+00:00,FLAT
2024-10-08,-0.011098892985649034,2024-10-07,2024-10-11,2024-10-18T05:00:00+00:00,FLAT
2024-10-09,-0.04971110260500089,2024-10-08,2024-10-15,2024-10-22T05:00:00+00:00,DOWN
2024-10-10,-0.03920378669119007,2024-10-09,2024-10-16,2024-10-24T05:00:00+00:00,DOWN
2024-10-11,-0.058359768624993036,2024-10-10,2024-10-17,2024-10-24T05:00:00+00:00,DOWN
2024-10-12,-0.08922065847680039,2024-10-11,2024-10-18,2024-10-24T05:00:00+00:00,DOWN
2024-10-13,-0.08922065847680039,2024-10-11,2024-10-18,2024-10-24T05:00:00+00:00,DOWN
2024-10-14,-0.08922065847680039,2024-10-11,2024-10-18,2024-10-24T05:00:00+00:00,DOWN
2024-10-15,-0.08021209087816028,2024-10-11,2024-10-21,2024-10-29T05:00:00+00:00,DOWN
2024-10-16,0.0264705145352373,2024-10-15,2024-10-22,2024-10-31T05:00:00+00:00,UP
2024-10-17,0.014839642310130907,2024-10-16,2024-10-23,2024-10-31T05:00:00+00:00,FLAT
2024-10-18,-0.0017092238021126915,2024-10-17,2024-10-24,2024-10-31T05:00:00+00:00,FLAT
2024-10-19,0.04214338919249716,2024-10-18,2024-10-25,2024-10-31T05:00:00+00:00,UP
2024-10-20,0.04214338919249716,2024-10-18,2024-10-25,2024-10-31T05:00:00+00:00,UP
2024-10-21,0.04214338919249716,2024-10-18,2024-10-25,2024-10-31T05:00:00+00:00,UP
2024-10-22,-0.018479713528419706,2024-10-21,2024-10-28,2024-11-05T06:00:00+00:00,FLAT
2024-10-23,-0.058594252519424406,2024-10-22,2024-10-29,2024-11-07T06:00:00+00:00,DOWN
2024-10-24,-0.02000042900909127,2024-10-23,2024-10-30,2024-11-07T06:00:00+00:00,DOWN
2024-10-25,-0.013899922442182189,2024-10-24,2024-10-31,2024-11-07T06:00:00+00:00,FLAT
2024-10-26,-0.026110656492070894,2024-10-25,2024-11-01,2024-11-07T06:00:00+00:00,DOWN
2024-10-27,-0.026110656492070894,2024-10-25,2024-11-01,2024-11-07T06:00:00+00:00,DOWN
2024-10-28,-0.026110656492070894,2024-10-25,2024-11-01,2024-11-07T06:00:00+00:00,DOWN
2024-10-29,0.03823269184677924,2024-10-28,2024-11-04,2024-11-13T06:00:00+00:00,UP
2024-10-30,0.07899520810308713,2024-10-29,2024-11-05,2024-11-15T06:00:00+00:00,UP
2024-10-31,0.05332710958987086,2024-10-30,2024-11-06,2024-11-15T06:00:00+00:00,UP
2024-11-01,0.03725549281486984,2024-10-31,2024-11-07,2024-11-15T06:00:00+00:00,UP
2024-11-02,0.013631116555376188,2024-11-01,2024-11-08,2024-11-15T06:00:00+00:00,FLAT
2024-11-03,0.013631116555376188,2024-11-01,2024-11-08,2024-11-15T06:00:00+00:00,FLAT
2024-11-04,0.013631116555376188,2024-11-01,2024-11-08,2024-11-15T06:00:00+00:00,FLAT
2024-11-05,-0.0003487331810863026,2024-11-04,2024-11-08,2024-11-15T06:00:00+00:00,FLAT
2024-11-06,-0.040528585282208596,2024-11-05,2024-11-12,2024-11-19T06:00:00+00:00,DOWN
2024-11-07,-0.04168905917919585,2024-11-06,2024-11-13,2024-11-21T06:00:00+00:00,DOWN
2024-11-08,-0.019228566665918878,2024-11-07,2024-11-14,2024-11-21T06:00:00+00:00,FLAT
2024-11-09,-0.001017467408135686,2024-11-08,2024-11-15,2024-11-21T06:00:00+00:00,FLAT
2024-11-10,-0.001017467408135686,2024-11-08,2024-11-15,2024-11-21T06:00:00+00:00,FLAT
2024-11-11,-0.001017467408135686,2024-11-08,2024-11-15,2024-11-21T06:00:00+00:00,FLAT
2024-11-12,0.012286448590200338,2024-11-08,2024-11-18,2024-11-26T06:00:00+00:00,FLAT
2024-11-13,0.02527551199617517,2024-11-12,2024-11-19,2024-11-28T06:00:00+00:00,UP
2024-11-14,0.02319758533554639,2024-11-13,2024-11-20,2024-11-28T06:00:00+00:00,UP
2024-11-15,0.024523003030171964,2024-11-14,2024-11-21,2024-11-28T06:00:00+00:00,UP
2024-11-16,0.03847251866898915,2024-11-15,2024-11-22,2024-11-28T06:00:00+00:00,UP
2024-11-17,0.03847251866898915,2024-11-15,2024-11-22,2024-11-28T06:00:00+00:00,UP
2024-11-18,0.03847251866898915,2024-11-15,2024-11-22,2024-11-28T06:00:00+00:00,UP
2024-11-19,-0.0006480630669494225,2024-11-18,2024-11-25,2024-12-03T06:00:00+00:00,FLAT
2024-11-20,0.005003139824429237,2024-11-19,2024-11-26,2024-12-05T06:00:00+00:00,FLAT
2024-11-21,-0.005664200526270036,2024-11-20,2024-11-27,2024-12-05T06:00:00+00:00,FLAT
2024-11-22,-0.014490375570245795,2024-11-21,2024-11-27,2024-12-05T06:00:00+00:00,FLAT
2024-11-23,-0.02592316713686338,2024-11-22,2024-11-29,2024-12-05T06:00:00+00:00,DOWN
2024-11-24,-0.02592316713686338,2024-11-22,2024-11-29,2024-12-05T06:00:00+00:00,DOWN
2024-11-25,-0.02592316713686338,2024-11-22,2024-11-29,2024-12-05T06:00:00+00:00,DOWN
2024-11-26,-0.015338243592468936,2024-11-25,2024-12-02,2024-12-10T06:00:00+00:00,FLAT
2024-11-27,0.007894669873517168,2024-11-26,2024-12-03,2024-12-12T06:00:00+00:00,FLAT
2024-11-28,0.01284448506476732,2024-11-27,2024-12-04,2024-12-12T06:00:00+00:00,FLAT
2024-11-29,-0.00038121356743836543,2024-11-27,2024-12-05,2024-12-12T06:00:00+00:00,FLAT
2024-11-30,-0.001318902532364219,2024-11-29,2024-12-06,2024-12-12T06:00:00+00:00,FLAT
2024-12-01,-0.001318902532364219,2024-11-29,2024-12-06,2024-12-12T06:00:00+00:00,FLAT
2024-12-02,-0.001318902532364219,2024-11-29,2024-12-06,2024-12-12T06:00:00+00:00,FLAT
2024-12-03,0.01110373601841852,2024-12-02,2024-12-09,2024-12-17T06:00:00+00:00,FLAT
2024-12-04,-0.02034548780919243,2024-12-03,2024-12-10,2024-12-19T06:00:00+00:00,DOWN
2024-12-05,-0.004387383452505,2024-12-04,2024-12-11,2024-12-19T06:00:00+00:00,FLAT
2024-12-06,-0.0017798344866978288,2024-12-05,2024-12-12,2024-12-19T06:00:00+00:00,FLAT
2024-12-07,0.01582660521279111,2024-12-06,2024-12-13,2024-12-19T06:00:00+00:00,FLAT
2024-12-08,0.01582660521279111,2024-12-06,2024-12-13,2024-12-19T06:00:00+00:00,FLAT
2024-12-09,0.01582660521279111,2024-12-06,2024-12-13,2024-12-19T06:00:00+00:00,FLAT
2024-12-10,0.010951029783357269,2024-12-09,2024-12-16,2024-12-24T06:00:00+00:00,FLAT
2024-12-11,-0.0017768903706756323,2024-12-10,2024-12-17,2024-12-28T06:00:00+00:00,FLAT
2024-12-12,0.006130809911391477,2024-12-11,2024-12-18,2024-12-28T06:00:00+00:00,FLAT
2024-12-13,0.0069926908957616,2024-12-12,2024-12-19,2024-12-28T06:00:00+00:00,FLAT
2024-12-14,-0.020053743713148164,2024-12-13,2024-12-20,2024-12-28T06:00:00+00:00,DOWN
2024-12-15,-0.020053743713148164,2024-12-13,2024-12-20,2024-12-28T06:00:00+00:00,DOWN
2024-12-16,-0.020053743713148164,2024-12-13,2024-12-20,2024-12-28T06:00:00+00:00,DOWN
2024-12-17,-0.02746145454671778,2024-12-16,2024-12-23,2024-12-31T06:00:00+00:00,DOWN
2024-12-18,0.006026486937766862,2024-12-17,2024-12-24,2024-12-31T06:00:00+00:00,FLAT
2024-12-19,-0.013239697674661044,2024-12-18,2024-12-24,2024-12-31T06:00:00+00:00,FLAT
2024-12-20,-0.0036493466219583715,2024-12-19,2024-12-24,2024-12-31T06:00:00+00:00,FLAT
2024-12-21,0.008297614056026026,2024-12-20,2024-12-27,2025-01-03T06:00:00+00:00,FLAT
2024-12-22,0.008297614056026026,2024-12-20,2024-12-27,2025-01-03T06:00:00+00:00,FLAT
2024-12-23,0.008297614056026026,2024-12-20,2024-12-27,2025-01-03T06:00:00+00:00,FLAT
2024-12-24,0.029621144053842974,2024-12-23,2024-12-30,2025-01-07T06:00:00+00:00,UP
2024-12-25,0.015347657227012146,2024-12-24,2024-12-31,2025-01-07T06:00:00+00:00,FLAT
2024-12-26,0.015347657227012146,2024-12-24,2024-12-31,2025-01-07T06:00:00+00:00,FLAT
2024-12-27,0.03660002338884194,2024-12-24,2025-01-02,2025-01-09T06:00:00+00:00,UP
2024-12-28,0.043109977969567614,2024-12-27,2025-01-03,2025-01-09T06:00:00+00:00,UP
2024-12-29,0.043109977969567614,2024-12-27,2025-01-03,2025-01-09T06:00:00+00:00,UP
2024-12-30,0.043109977969567614,2024-12-27,2025-01-03,2025-01-09T06:00:00+00:00,UP
2024-12-31,0.04409316772286176,2024-12-30,2025-01-06,2025-01-14T06:00:00+00:00,UP
2025-01-01,0.04758642240706523,2024-12-31,2025-01-07,2025-01-16T06:00:00+00:00,UP
2025-01-02,0.04200011508834556,2024-12-31,2025-01-08,2025-01-16T06:00:00+00:00,UP
2025-01-03,0.03482265696258979,2025-01-02,2025-01-09,2025-01-16T06:00:00+00:00,UP
2025-01-04,0.041428353900514026,2025-01-03,2025-01-10,2025-01-16T06:00:00+00:00,UP
2025-01-05,0.041428353900514026,2025-01-03,2025-01-10,2025-01-16T06:00:00+00:00,UP
2025-01-06,0.041428353900514026,2025-01-03,2025-01-10,2025-01-16T06:00:00+00:00,UP
2025-01-07,0.07154667837207862,2025-01-06,2025-01-13,2025-01-22T06:00:00+00:00,UP
2025-01-08,0.05913225168936709,2025-01-07,2025-01-14,2025-01-24T06:00:00+00:00,UP
2025-01-09,0.07879457679704105,2025-01-08,2025-01-15,2025-01-24T06:00:00+00:00,UP
2025-01-10,0.05028533344058794,2025-01-09,2025-01-16,2025-01-24T06:00:00+00:00,UP
2025-01-11,0.03977959230225925,2025-01-10,2025-01-17,2025-01-24T06:00:00+00:00,UP
2025-01-12,0.03977959230225925,2025-01-10,2025-01-17,2025-01-24T06:00:00+00:00,UP
2025-01-13,0.03977959230225925,2025-01-10,2025-01-17,2025-01-24T06:00:00+00:00,UP
2025-01-14,0.00303226683122082,2025-01-13,2025-01-17,2025-01-24T06:00:00+00:00,FLAT
2025-01-15,-0.03008023904213586,2025-01-14,2025-01-21,2025-01-28T06:00:00+00:00,DOWN
2025-01-16,-0.049216759492053175,2025-01-15,2025-01-22,2025-01-30T06:00:00+00:00,DOWN
2025-01-17,-0.05143272419377942,2025-01-16,2025-01-23,2025-01-30T06:00:00+00:00,DOWN
2025-01-18,-0.06238634209021077,2025-01-17,2025-01-24,2025-01-30T06:00:00+00:00,DOWN
2025-01-19,-0.06238634209021077,2025-01-17,2025-01-24,2025-01-30T06:00:00+00:00,DOWN
2025-01-20,-0.06238634209021077,2025-01-17,2025-01-24,2025-01-30T06:00:00+00:00,DOWN
2025-01-21,-0.0783309557441969,2025-01-17,2025-01-27,2025-02-04T06:00:00+00:00,DOWN
2025-01-22,-0.03563522666432373,2025-01-21,2025-01-28,2025-02-06T06:00:00+00:00,DOWN
2025-01-23,-0.04130073011769886,2025-01-22,2025-01-29,2025-02-06T06:00:00+00:00,DOWN
2025-01-24,-0.02145167559724681,2025-01-23,2025-01-30,2025-02-06T06:00:00+00:00,DOWN
2025-01-25,-0.020571215965112577,2025-01-24,2025-01-31,2025-02-06T06:00:00+00:00,DOWN
2025-01-26,-0.020571215965112577,2025-01-24,2025-01-31,2025-02-06T06:00:00+00:00,DOWN
2025-01-27,-0.020571215965112577,2025-01-24,2025-01-31,2025-02-06T06:00:00+00:00,DOWN
2025-01-28,-0.011638671064832407,2025-01-27,2025-02-03,2025-02-11T06:00:00+00:00,FLAT
2025-01-29,-0.018330983207281326,2025-01-28,2025-02-04,2025-02-13T06:00:00+00:00,FLAT
2025-01-30,-0.026000849158995698,2025-01-29,2025-02-05,2025-02-13T06:00:00+00:00,DOWN
2025-01-31,-0.031071014421837018,2025-01-30,2025-02-06,2025-02-13T06:00:00+00:00,DOWN
2025-02-01,-0.024546181670314304,2025-01-31,2025-02-07,2025-02-13T06:00:00+00:00,DOWN
2025-02-02,-0.024546181670314304,2025-01-31,2025-02-07,2025-02-13T06:00:00+00:00,DOWN
2025-02-03,-0.024546181670314304,2025-01-31,2025-02-07,2025-02-13T06:00:00+00:00,DOWN
2025-02-04,0.0051739806613262385,2025-02-03,2025-02-10,2025-02-19T06:00:00+00:00,FLAT
2025-02-05,0.023072893783749215,2025-02-04,2025-02-11,2025-02-21T06:00:00+00:00,UP
2025-02-06,0.01407389835490025,2025-02-05,2025-02-12,2025-02-21T06:00:00+00:00,FLAT
2025-02-07,0.014424296762322486,2025-02-06,2025-02-13,2025-02-21T06:00:00+00:00,FLAT
2025-02-08,0.0011285161570528945,2025-02-07,2025-02-14,2025-02-21T06:00:00+00:00,FLAT
2025-02-09,0.0011285161570528945,2025-02-07,2025-02-14,2025-02-21T06:00:00+00:00,FLAT
2025-02-10,0.0011285161570528945,2025-02-07,2025-02-14,2025-02-21T06:00:00+00:00,FLAT
2025-02-11,-0.020597182365457267,2025-02-10,2025-02-14,2025-02-21T06:00:00+00:00,DOWN
2025-02-12,-0.019179143019204314,2025-02-11,2025-02-18,2025-02-25T06:00:00+00:00,FLAT
2025-02-13,0.009202095401977362,2025-02-12,2025-02-19,2025-02-27T06:00:00+00:00,FLAT
2025-02-14,0.013072902134530384,2025-02-13,2025-02-20,2025-02-27T06:00:00+00:00,FLAT
2025-02-15,-0.0045210747598799506,2025-02-14,2025-02-21,2025-02-27T06:00:00+00:00,FLAT
2025-02-16,-0.0045210747598799506,2025-02-14,2025-02-21,2025-02-27T06:00:00+00:00,FLAT
2025-02-17,-0.0045210747598799506,2025-02-14,2025-02-21,2025-02-27T06:00:00+00:00,FLAT
2025-02-18,-0.0047314412294404695,2025-02-14,2025-02-24,2025-03-04T06:00:00+00:00,FLAT
2025-02-19,-0.04741328387528487,2025-02-18,2025-02-25,2025-03-06T06:00:00+00:00,DOWN
2025-02-20,-0.04047873868781138,2025-02-19,2025-02-26,2025-03-06T06:00:00+00:00,DOWN
2025-02-21,-0.02120749516319964,2025-02-20,2025-02-27,2025-03-06T06:00:00+00:00,DOWN
2025-02-22,0.002900490497213415,2025-02-21,2025-02-28,2025-03-06T06:00:00+00:00,FLAT
2025-02-23,0.002900490497213415,2025-02-21,2025-02-28,2025-03-06T06:00:00+00:00,FLAT
2025-02-24,0.002900490497213415,2025-02-21,2025-02-28,2025-03-06T06:00:00+00:00,FLAT
2025-02-25,-0.02231414286660871,2025-02-24,2025-03-03,2025-03-11T05:00:00+00:00,DOWN
2025-02-26,-0.009046467222914134,2025-02-25,2025-03-04,2025-03-13T05:00:00+00:00,FLAT
2025-02-27,-0.03615385064522525,2025-02-26,2025-03-05,2025-03-13T05:00:00+00:00,DOWN
2025-02-28,-0.05740075161954861,2025-02-27,2025-03-06,2025-03-13T05:00:00+00:00,DOWN
2025-03-01,-0.036861090915032424,2025-02-28,2025-03-07,2025-03-13T05:00:00+00:00,DOWN
2025-03-02,-0.036861090915032424,2025-02-28,2025-03-07,2025-03-13T05:00:00+00:00,DOWN
2025-03-03,-0.036861090915032424,2025-02-28,2025-03-07,2025-03-13T05:00:00+00:00,DOWN
2025-03-04,-0.027671941114299048,2025-03-03,2025-03-10,2025-03-18T05:00:00+00:00,DOWN
2025-03-05,-0.016140809744472517,2025-03-04,2025-03-11,2025-03-20T05:00:00+00:00,FLAT
2025-03-06,0.018418920275598216,2025-03-05,2025-03-12,2025-03-20T05:00:00+00:00,FLAT
2025-03-07,-0.004056563152986525,2025-03-06,2025-03-13,2025-03-20T05:00:00+00:00,FLAT
2025-03-08,-0.007079660497154805,2025-03-07,2025-03-14,2025-03-20T05:00:00+00:00,FLAT
2025-03-09,-0.007079660497154805,2025-03-07,2025-03-14,2025-03-20T05:00:00+00:00,FLAT
2025-03-10,-0.007079660497154805,2025-03-07,2025-03-14,2025-03-20T05:00:00+00:00,FLAT
2025-03-11,0.00827805197484599,2025-03-10,2025-03-17,2025-03-25T05:00:00+00:00,FLAT
2025-03-12,0.005803720790314104,2025-03-11,2025-03-18,2025-03-27T05:00:00+00:00,FLAT
2025-03-13,-0.006793397188049499,2025-03-12,2025-03-19,2025-03-27T05:00:00+00:00,FLAT
2025-03-14,0.02581318417199263,2025-03-13,2025-03-20,2025-03-27T05:00:00+00:00,UP
2025-03-15,0.011250988029814168,2025-03-14,2025-03-21,2025-03-27T05:00:00+00:00,FLAT
2025-03-16,0.011250988029814168,2025-03-14,2025-03-21,2025-03-27T05:00:00+00:00,FLAT
2025-03-17,0.011250988029814168,2025-03-14,2025-03-21,2025-03-27T05:00:00+00:00,FLAT
2025-03-18,0.03112200632286366,2025-03-17,2025-03-24,2025-04-01T05:00:00+00:00,UP
2025-03-19,0.0299203676090376,2025-03-18,2025-03-25,2025-04-03T05:00:00+00:00,UP
2025-03-20,0.042353759529898616,2025-03-19,2025-03-26,2025-04-03T05:00:00+00:00,UP
2025-03-21,0.03144469386891746,2025-03-20,2025-03-27,2025-04-03T05:00:00+00:00,UP
2025-03-22,0.03023565024435526,2025-03-21,2025-03-28,2025-04-03T05:00:00+00:00,UP
2025-03-23,0.03023565024435526,2025-03-21,2025-03-28,2025-04-03T05:00:00+00:00,UP
2025-03-24,0.03023565024435526,2025-03-21,2025-03-28,2025-04-03T05:00:00+00:00,UP
2025-03-25,0.04473137235387692,2025-03-24,2025-03-31,2025-04-08T05:00:00+00:00,UP
2025-03-26,0.05607469995531433,2025-03-25,2025-04-01,2025-04-10T05:00:00+00:00,UP
2025-03-27,0.03579088471849867,2025-03-26,2025-04-02,2025-04-10T05:00:00+00:00,UP
2025-03-28,-0.02693044465598815,2025-03-27,2025-04-03,2025-04-10T05:00:00+00:00,DOWN
2025-03-29,-0.08254497138225492,2025-03-28,2025-04-04,2025-04-10T05:00:00+00:00,DOWN
2025-03-30,-0.08254497138225492,2025-03-28,2025-04-04,2025-04-10T05:00:00+00:00,DOWN
2025-03-31,-0.08254497138225492,2025-03-28,2025-04-04,2025-04-10T05:00:00+00:00,DOWN
2025-04-01,-0.13766145248249273,2025-03-31,2025-04-07,2025-04-15T05:00:00+00:00,DOWN
2025-04-02,-0.15818323866895612,2025-04-01,2025-04-08,2025-04-17T05:00:00+00:00,DOWN
2025-04-03,-0.11915287372149064,2025-04-02,2025-04-09,2025-04-17T05:00:00+00:00,DOWN
2025-04-04,-0.09479495709444896,2025-04-03,2025-04-10,2025-04-17T05:00:00+00:00,DOWN
2025-04-05,-0.020877543184724123,2025-04-04,2025-04-11,2025-04-17T05:00:00+00:00,DOWN
2025-04-06,-0.020877543184724123,2025-04-04,2025-04-11,2025-04-17T05:00:00+00:00,DOWN
2025-04-07,-0.020877543184724123,2025-04-04,2025-04-11,2025-04-17T05:00:00+00:00,DOWN
2025-04-08,0.016406043417232397,2025-04-07,2025-04-14,2025-04-22T05:00:00+00:00,FLAT
2025-04-09,0.023189617575635868,2025-04-08,2025-04-15,2025-04-24T05:00:00+00:00,UP
2025-04-10,0.0033838428263379683,2025-04-09,2025-04-16,2025-04-24T05:00:00+00:00,FLAT
2025-04-11,0.058403147954541046,2025-04-10,2025-04-17,2025-04-24T05:00:00+00:00,UP
2025-04-12,0.03847542252195968,2025-04-11,2025-04-17,2025-04-24T05:00:00+00:00,UP
2025-04-13,0.03847542252195968,2025-04-11,2025-04-17,2025-04-24T05:00:00+00:00,UP
2025-04-14,0.03847542252195968,2025-04-11,2025-04-17,2025-04-24T05:00:00+00:00,UP
2025-04-15,0.03018286295186523,2025-04-14,2025-04-17,2025-04-24T05:00:00+00:00,UP
2025-04-16,0.03484298692880383,2025-04-15,2025-04-22,2025-05-01T05:00:00+00:00,UP
2025-04-17,0.0020556772245325927,2025-04-16,2025-04-23,2025-05-01T05:00:00+00:00,FLAT
2025-04-18,-0.027876114929882845,2025-04-17,2025-04-24,2025-05-01T05:00:00+00:00,DOWN
2025-04-19,-0.03541962233909457,2025-04-17,2025-04-25,2025-05-01T05:00:00+00:00,DOWN
2025-04-20,-0.03541962233909457,2025-04-17,2025-04-25,2025-05-01T05:00:00+00:00,DOWN
2025-04-21,-0.03541962233909457,2025-04-17,2025-04-25,2025-05-01T05:00:00+00:00,DOWN
2025-04-22,-0.04678333617599595,2025-04-17,2025-04-28,2025-05-06T05:00:00+00:00,DOWN
2025-04-23,-0.076379826734705,2025-04-22,2025-04-29,2025-05-08T05:00:00+00:00,DOWN
2025-04-24,-0.0736000810387436,2025-04-23,2025-04-30,2025-05-08T05:00:00+00:00,DOWN
2025-04-25,-0.07819338904211093,2025-04-24,2025-05-01,2025-05-08T05:00:00+00:00,DOWN
2025-04-26,-0.08290057958689545,2025-04-25,2025-05-02,2025-05-08T05:00:00+00:00,DOWN
2025-04-27,-0.08290057958689545,2025-04-25,2025-05-02,2025-05-08T05:00:00+00:00,DOWN
2025-04-28,-0.08290057958689545,2025-04-25,2025-05-02,2025-05-08T05:00:00+00:00,DOWN
2025-04-29,-0.07196743524618043,2025-04-28,2025-05-02,2025-05-08T05:00:00+00:00,DOWN
2025-04-30,-0.03312495827128281,2025-04-29,2025-05-06,2025-05-15T05:00:00+00:00,DOWN
2025-05-01,-0.054256814571473355,2025-04-30,2025-05-07,2025-05-15T05:00:00+00:00,DOWN
2025-05-02,-0.007426868126122699,2025-05-01,2025-05-08,2025-05-15T05:00:00+00:00,FLAT
2025-05-03,0.03878072008630329,2025-05-02,2025-05-09,2025-05-15T05:00:00+00:00,UP
2025-05-04,0.03878072008630329,2025-05-02,2025-05-09,2025-05-15T05:00:00+00:00,UP
2025-05-05,0.03878072008630329,2025-05-02,2025-05-09,2025-05-15T05:00:00+00:00,UP
2025-05-06,0.05022365623071923,2025-05-02,2025-05-12,2025-05-20T05:00:00+00:00,UP
2025-05-07,0.07152093359897838,2025-05-06,2025-05-13,2025-05-22T05:00:00+00:00,UP
2025-05-08,0.0902821695748437,2025-05-07,2025-05-14,2025-05-22T05:00:00+00:00,UP
2025-05-09,0.03049044180188787,2025-05-08,2025-05-15,2025-05-22T05:00:00+00:00,UP
2025-05-10,0.010786272388563889,2025-05-09,2025-05-16,2025-05-22T05:00:00+00:00,FLAT
2025-05-11,0.010786272388563889,2025-05-09,2025-05-16,2025-05-22T05:00:00+00:00,FLAT
2025-05-12,0.010786272388563889,2025-05-09,2025-05-16,2025-05-22T05:00:00+00:00,FLAT
2025-05-13,0.016634628107679017,2025-05-12,2025-05-19,2025-05-28T05:00:00+00:00,FLAT
2025-05-14,0.0019012726036331529,2025-05-13,2025-05-20,2025-05-30T05:00:00+00:00,FLAT
2025-05-15,-0.0016042501369455398,2025-05-14,2025-05-21,2025-05-30T05:00:00+00:00,FLAT
2025-05-16,0.007504598540877039,2025-05-15,2025-05-22,2025-05-30T05:00:00+00:00,FLAT
2025-05-17,-0.0008426796089073818,2025-05-16,2025-05-23,2025-05-30T05:00:00+00:00,FLAT
2025-05-18,-0.0008426796089073818,2025-05-16,2025-05-23,2025-05-30T05:00:00+00:00,FLAT
2025-05-19,-0.0008426796089073818,2025-05-16,2025-05-23,2025-05-30T05:00:00+00:00,FLAT
2025-05-20,-0.017414399712106232,2025-05-19,2025-05-23,2025-05-30T05:00:00+00:00,FLAT
2025-05-21,-0.04224395031431283,2025-05-20,2025-05-27,2025-06-03T05:00:00+00:00,DOWN
2025-05-22,-0.003206466498846816,2025-05-21,2025-05-28,2025-06-05T05:00:00+00:00,FLAT
2025-05-23,-0.006678134304682892,2025-05-22,2025-05-29,2025-06-05T05:00:00+00:00,FLAT
2025-05-24,-0.014020816244818213,2025-05-23,2025-05-30,2025-06-05T05:00:00+00:00,FLAT
2025-05-25,-0.014020816244818213,2025-05-23,2025-05-30,2025-06-05T05:00:00+00:00,FLAT
2025-05-26,-0.014020816244818213,2025-05-23,2025-05-30,2025-06-05T05:00:00+00:00,FLAT
2025-05-27,0.0199367431497528,2025-05-23,2025-06-02,2025-06-10T05:00:00+00:00,FLAT
2025-05-28,0.04799200661045022,2025-05-27,2025-06-03,2025-06-12T05:00:00+00:00,UP
2025-05-29,0.013391358271596543,2025-05-28,2025-06-04,2025-06-12T05:00:00+00:00,FLAT
2025-05-30,0.03780015351694033,2025-05-29,2025-06-05,2025-06-12T05:00:00+00:00,UP
2025-05-31,0.05598245904286969,2025-05-30,2025-06-06,2025-06-12T05:00:00+00:00,UP
2025-06-01,0.05598245904286969,2025-05-30,2025-06-06,2025-06-12T05:00:00+00:00,UP
2025-06-02,0.05598245904286969,2025-05-30,2025-06-06,2025-06-12T05:00:00+00:00,UP
2025-06-03,0.030274977041709228,2025-06-02,2025-06-09,2025-06-17T05:00:00+00:00,UP
2025-06-04,0.013753650532514872,2025-06-03,2025-06-10,2025-06-19T05:00:00+00:00,FLAT
2025-06-05,0.07022570495182223,2025-06-04,2025-06-11,2025-06-19T05:00:00+00:00,UP
2025-06-06,0.05475579967595934,2025-06-05,2025-06-12,2025-06-19T05:00:00+00:00,UP
2025-06-07,0.11613717374048327,2025-06-06,2025-06-13,2025-06-19T05:00:00+00:00,UP
2025-06-08,0.11613717374048327,2025-06-06,2025-06-13,2025-06-19T05:00:00+00:00,UP
2025-06-09,0.11613717374048327,2025-06-06,2025-06-13,2025-06-19T05:00:00+00:00,UP
2025-06-10,0.09177152879230133,2025-06-09,2025-06-16,2025-06-24T05:00:00+00:00,UP
2025-06-11,0.15001643301493695,2025-06-10,2025-06-17,2025-06-26T05:00:00+00:00,UP
2025-06-12,0.0988415200943058,2025-06-11,2025-06-18,2025-06-26T05:00:00+00:00,UP
2025-06-13,0.1089360346206143,2025-06-12,2025-06-18,2025-06-26T05:00:00+00:00,UP
2025-06-14,0.03556040611555367,2025-06-13,2025-06-20,2025-06-26T05:00:00+00:00,UP
2025-06-15,0.03556040611555367,2025-06-13,2025-06-20,2025-06-26T05:00:00+00:00,UP
2025-06-16,0.03556040611555367,2025-06-13,2025-06-20,2025-06-26T05:00:00+00:00,UP
2025-06-17,-0.009460359760159909,2025-06-16,2025-06-23,2025-07-01T05:00:00+00:00,FLAT
2025-06-18,-0.12321488896354349,2025-06-17,2025-06-24,2025-07-03T05:00:00+00:00,DOWN
2025-06-19,-0.12883367606449914,2025-06-18,2025-06-25,2025-07-03T05:00:00+00:00,DOWN
2025-06-20,-0.12775158149102905,2025-06-18,2025-06-26,2025-07-03T05:00:00+00:00,DOWN
2025-06-21,-0.11967289348341537,2025-06-20,2025-06-27,2025-07-03T05:00:00+00:00,DOWN
2025-06-22,-0.11967289348341537,2025-06-20,2025-06-27,2025-07-03T05:00:00+00:00,DOWN
2025-06-23,-0.11967289348341537,2025-06-20,2025-06-27,2025-07-03T05:00:00+00:00,DOWN
2025-06-24,-0.08523260250402276,2025-06-23,2025-06-30,2025-07-08T05:00:00+00:00,DOWN
2025-06-25,-0.02259861523616047,2025-06-24,2025-07-01,2025-07-10T05:00:00+00:00,DOWN
2025-06-26,0.0334290173345968,2025-06-25,2025-07-02,2025-07-10T05:00:00+00:00,UP
2025-06-27,0.027108683296964253,2025-06-26,2025-07-03,2025-07-10T05:00:00+00:00,UP
2025-06-28,0.01461252948290448,2025-06-27,2025-07-03,2025-07-10T05:00:00+00:00,FLAT
2025-06-29,0.01461252948290448,2025-06-27,2025-07-03,2025-07-10T05:00:00+00:00,FLAT
2025-06-30,0.01461252948290448,2025-06-27,2025-07-03,2025-07-10T05:00:00+00:00,FLAT
2025-07-01,0.05735104025335214,2025-06-30,2025-07-07,2025-07-15T05:00:00+00:00,UP
2025-07-02,0.07337103961164404,2025-07-01,2025-07-08,2025-07-17T05:00:00+00:00,UP
2025-07-03,0.018809287870963587,2025-07-02,2025-07-09,2025-07-17T05:00:00+00:00,FLAT
2025-07-04,0.0003242797394686914,2025-07-03,2025-07-10,2025-07-17T05:00:00+00:00,FLAT
2025-07-05,0.02324601340913035,2025-07-03,2025-07-11,2025-07-17T05:00:00+00:00,UP
2025-07-06,0.02324601340913035,2025-07-03,2025-07-11,2025-07-17T05:00:00+00:00,UP
2025-07-07,0.02324601340913035,2025-07-03,2025-07-11,2025-07-17T05:00:00+00:00,UP
2025-07-08,-0.014776808158604715,2025-07-07,2025-07-14,2025-07-22T05:00:00+00:00,FLAT
2025-07-09,-0.03088021834241661,2025-07-08,2025-07-15,2025-07-24T05:00:00+00:00,DOWN
2025-07-10,-0.032213573330877265,2025-07-09,2025-07-16,2025-07-24T05:00:00+00:00,DOWN
2025-07-11,0.014542468213436743,2025-07-10,2025-07-17,2025-07-24T05:00:00+00:00,FLAT
2025-07-12,-0.01257039996450482,2025-07-11,2025-07-18,2025-07-24T05:00:00+00:00,FLAT
2025-07-13,-0.01257039996450482,2025-07-11,2025-07-18,2025-07-24T05:00:00+00:00,FLAT
2025-07-14,-0.01257039996450482,2025-07-11,2025-07-18,2025-07-24T05:00:00+00:00,FLAT
2025-07-15,0.01480149293808597,2025-07-14,2025-07-21,2025-07-29T05:00:00+00:00,FLAT
2025-07-16,-0.007991178345376326,2025-07-15,2025-07-22,2025-07-31T05:00:00+00:00,FLAT
2025-07-17,-0.009831926498073518,2025-07-16,2025-07-23,2025-07-31T05:00:00+00:00,FLAT
2025-07-18,-0.016619178625617015,2025-07-17,2025-07-24,2025-07-31T05:00:00+00:00,FLAT
2025-07-19,-0.02706950841150846,2025-07-18,2025-07-25,2025-07-31T05:00:00+00:00,DOWN
2025-07-20,-0.02706950841150846,2025-07-18,2025-07-25,2025-07-31T05:00:00+00:00,DOWN
2025-07-21,-0.02706950841150846,2025-07-18,2025-07-25,2025-07-31T05:00:00+00:00,DOWN
2025-07-22,-0.014352381036528805,2025-07-21,2025-07-28,2025-08-05T05:00:00+00:00,FLAT
2025-07-23,0.05081687350218034,2025-07-22,2025-07-29,2025-08-07T05:00:00+00:00,UP
2025-07-24,0.07454301444588962,2025-07-23,2025-07-30,2025-08-07T05:00:00+00:00,UP
2025-07-25,0.04946282940313984,2025-07-24,2025-07-31,2025-08-07T05:00:00+00:00,UP
2025-07-26,0.025279747365493765,2025-07-25,2025-08-01,2025-08-07T05:00:00+00:00,UP
2025-07-27,0.025279747365493765,2025-07-25,2025-08-01,2025-08-07T05:00:00+00:00,UP
2025-07-28,0.025279747365493765,2025-07-25,2025-08-01,2025-08-07T05:00:00+00:00,UP
2025-07-29,-0.01845720053148381,2025-07-28,2025-08-04,2025-08-12T05:00:00+00:00,FLAT
2025-07-30,-0.0547250057829356,2025-07-29,2025-08-05,2025-08-14T05:00:00+00:00,DOWN
2025-07-31,-0.08266866883240498,2025-07-30,2025-08-06,2025-08-14T05:00:00+00:00,DOWN
2025-08-01,-0.0901859812230087,2025-07-31,2025-08-07,2025-08-14T05:00:00+00:00,DOWN
2025-08-02,-0.0515662969012165,2025-08-01,2025-08-08,2025-08-14T05:00:00+00:00,DOWN
2025-08-03,-0.0515662969012165,2025-08-01,2025-08-08,2025-08-14T05:00:00+00:00,DOWN
2025-08-04,-0.0515662969012165,2025-08-01,2025-08-08,2025-08-14T05:00:00+00:00,DOWN
2025-08-05,-0.030224324500570554,2025-08-04,2025-08-11,2025-08-19T05:00:00+00:00,DOWN
2025-08-06,-0.03451685624733969,2025-08-05,2025-08-12,2025-08-21T05:00:00+00:00,DOWN
2025-08-07,-0.026363817956811197,2025-08-06,2025-08-13,2025-08-21T05:00:00+00:00,DOWN
2025-08-08,0.01671241469375717,2025-08-07,2025-08-14,2025-08-21T05:00:00+00:00,FLAT
2025-08-09,0.0016285547851246918,2025-08-08,2025-08-15,2025-08-21T05:00:00+00:00,FLAT
2025-08-10,0.0016285547851246918,2025-08-08,2025-08-15,2025-08-21T05:00:00+00:00,FLAT
2025-08-11,0.0016285547851246918,2025-08-08,2025-08-15,2025-08-21T05:00:00+00:00,FLAT
2025-08-12,0.011652412649252541,2025-08-11,2025-08-18,2025-08-26T05:00:00+00:00,FLAT
2025-08-13,-0.002222250491007771,2025-08-12,2025-08-19,2025-08-28T05:00:00+00:00,FLAT
2025-08-14,0.02071322143301968,2025-08-13,2025-08-20,2025-08-28T05:00:00+00:00,UP
2025-08-15,0.004229217502351501,2025-08-14,2025-08-21,2025-08-28T05:00:00+00:00,FLAT
2025-08-16,0.012364820433377721,2025-08-15,2025-08-22,2025-08-28T05:00:00+00:00,FLAT
2025-08-17,0.012364820433377721,2025-08-15,2025-08-22,2025-08-28T05:00:00+00:00,FLAT
2025-08-18,0.012364820433377721,2025-08-15,2025-08-22,2025-08-28T05:00:00+00:00,FLAT
2025-08-19,-0.0011190442282335011,2025-08-18,2025-08-22,2025-08-28T05:00:00+00:00,FLAT
2025-08-20,-0.0001272796720803715,2025-08-19,2025-08-26,2025-09-05T05:00:00+00:00,FLAT
2025-08-21,-0.0010155167212653193,2025-08-20,2025-08-27,2025-09-05T05:00:00+00:00,FLAT
2025-08-22,-0.0038796735273559646,2025-08-21,2025-08-28,2025-09-05T05:00:00+00:00,FLAT
2025-08-23,-0.011546276261952593,2025-08-22,2025-08-29,2025-09-05T05:00:00+00:00,FLAT
2025-08-24,-0.011546276261952593,2025-08-22,2025-08-29,2025-09-05T05:00:00+00:00,FLAT
2025-08-25,-0.011546276261952593,2025-08-22,2025-08-29,2025-09-05T05:00:00+00:00,FLAT
2025-08-26,-0.011546276261952593,2025-08-22,2025-08-29,2025-09-05T05:00:00+00:00,FLAT
2025-08-27,0.01608961907141282,2025-08-26,2025-09-02,2025-09-09T05:00:00+00:00,FLAT
2025-08-28,-0.001544104235495447,2025-08-27,2025-09-03,2025-09-11T05:00:00+00:00,FLAT
2025-08-29,-0.030599263619858208,2025-08-28,2025-09-04,2025-09-11T05:00:00+00:00,DOWN
2025-08-30,-0.04264633806187723,2025-08-29,2025-09-05,2025-09-11T05:00:00+00:00,DOWN
2025-08-31,-0.04264633806187723,2025-08-29,2025-09-05,2025-09-11T05:00:00+00:00,DOWN
2025-09-01,-0.04264633806187723,2025-08-29,2025-09-05,2025-09-11T05:00:00+00:00,DOWN
2025-09-02,-0.035383980043032004,2025-08-29,2025-09-08,2025-09-16T05:00:00+00:00,DOWN
2025-09-03,-0.004293274161849769,2025-09-02,2025-09-09,2025-09-18T05:00:00+00:00,FLAT
2025-09-04,-0.004972651415339091,2025-09-03,2025-09-10,2025-09-18T05:00:00+00:00,FLAT
2025-09-05,0.009387303355013366,2025-09-04,2025-09-11,2025-09-18T05:00:00+00:00,FLAT
2025-09-06,0.04425325782461509,2025-09-05,2025-09-12,2025-09-18T05:00:00+00:00,UP
2025-09-07,0.04425325782461509,2025-09-05,2025-09-12,2025-09-18T05:00:00+00:00,UP
2025-09-08,0.04425325782461509,2025-09-05,2025-09-12,2025-09-18T05:00:00+00:00,UP
2025-09-09,0.035729254222313545,2025-09-08,2025-09-15,2025-09-23T05:00:00+00:00,UP
2025-09-10,0.02434057989419114,2025-09-09,2025-09-16,2025-09-25T05:00:00+00:00,UP
2025-09-11,0.02071766786202267,2025-09-10,2025-09-17,2025-09-25T05:00:00+00:00,UP
2025-09-12,0.0077885490327802565,2025-09-11,2025-09-18,2025-09-25T05:00:00+00:00,FLAT
2025-09-13,-0.013468628710025077,2025-09-12,2025-09-19,2025-09-25T05:00:00+00:00,FLAT
2025-09-14,-0.013468628710025077,2025-09-12,2025-09-19,2025-09-25T05:00:00+00:00,FLAT
2025-09-15,-0.013468628710025077,2025-09-12,2025-09-19,2025-09-25T05:00:00+00:00,FLAT
2025-09-16,-0.015515778206241393,2025-09-15,2025-09-22,2025-09-30T05:00:00+00:00,FLAT
2025-09-17,-0.02518061538801264,2025-09-16,2025-09-23,2025-10-02T05:00:00+00:00,DOWN
2025-09-18,0.010499635927254003,2025-09-17,2025-09-24,2025-10-02T05:00:00+00:00,FLAT
2025-09-19,0.04217998526762501,2025-09-18,2025-09-25,2025-10-02T05:00:00+00:00,UP
2025-09-20,0.06392275788090451,2025-09-19,2025-09-26,2025-10-02T05:00:00+00:00,UP
2025-09-21,0.06392275788090451,2025-09-19,2025-09-26,2025-10-02T05:00:00+00:00,UP
2025-09-22,0.06392275788090451,2025-09-19,2025-09-26,2025-10-02T05:00:00+00:00,UP
2025-09-23,0.03263609387488464,2025-09-22,2025-09-29,2025-10-07T05:00:00+00:00,UP
2025-09-24,0.00928926902902849,2025-09-23,2025-09-30,2025-10-09T05:00:00+00:00,FLAT
2025-09-25,-0.044191695007583576,2025-09-24,2025-10-01,2025-10-09T05:00:00+00:00,DOWN
2025-09-26,-0.0733057689681732,2025-09-25,2025-10-02,2025-10-09T05:00:00+00:00,DOWN
2025-09-27,-0.0722230787104251,2025-09-26,2025-10-03,2025-10-09T05:00:00+00:00,DOWN
2025-09-28,-0.0722230787104251,2025-09-26,2025-10-03,2025-10-09T05:00:00+00:00,DOWN
2025-09-29,-0.0722230787104251,2025-09-26,2025-10-03,2025-10-09T05:00:00+00:00,DOWN
2025-09-30,-0.027599215533958277,2025-09-29,2025-10-06,2025-10-15T05:00:00+00:00,DOWN
2025-10-01,-0.0205863181391287,2025-09-30,2025-10-07,2025-10-17T05:00:00+00:00,DOWN
2025-10-02,0.011249437528123574,2025-10-01,2025-10-08,2025-10-17T05:00:00+00:00,FLAT
2025-10-03,0.028435484687920898,2025-10-02,2025-10-09,2025-10-17T05:00:00+00:00,UP
2025-10-04,-0.024094225368146094,2025-10-03,2025-10-10,2025-10-17T05:00:00+00:00,DOWN
2025-10-05,-0.024094225368146094,2025-10-03,2025-10-10,2025-10-17T05:00:00+00:00,DOWN
2025-10-06,-0.024094225368146094,2025-10-03,2025-10-10,2025-10-17T05:00:00+00:00,DOWN
2025-10-07,-0.038058594777098054,2025-10-06,2025-10-10,2025-10-17T05:00:00+00:00,DOWN
2025-10-08,-0.058676468125722026,2025-10-07,2025-10-14,2025-10-21T05:00:00+00:00,DOWN
2025-10-09,-0.07469184035011123,2025-10-08,2025-10-15,2025-10-23T05:00:00+00:00,DOWN
2025-10-10,-0.09205062191163049,2025-10-09,2025-10-16,2025-10-23T05:00:00+00:00,DOWN
2025-10-11,-0.050383940455051124,2025-10-10,2025-10-17,2025-10-23T05:00:00+00:00,DOWN
2025-10-12,-0.050383940455051124,2025-10-10,2025-10-17,2025-10-23T05:00:00+00:00,DOWN
2025-10-13,-0.050383940455051124,2025-10-10,2025-10-17,2025-10-23T05:00:00+00:00,DOWN
2025-10-14,-0.059360259415356165,2025-10-10,2025-10-20,2025-10-28T05:00:00+00:00,DOWN
2025-10-15,-0.03399765898365026,2025-10-14,2025-10-21,2025-10-30T05:00:00+00:00,DOWN
2025-10-16,-0.0008722892724385423,2025-10-15,2025-10-22,2025-10-30T05:00:00+00:00,FLAT
2025-10-17,0.08565193819039574,2025-10-16,2025-10-23,2025-10-30T05:00:00+00:00,UP
2025-10-18,0.07383739426181779,2025-10-17,2025-10-24,2025-10-30T05:00:00+00:00,UP
2025-10-19,0.07383739426181779,2025-10-17,2025-10-24,2025-10-30T05:00:00+00:00,UP
2025-10-20,0.07383739426181779,2025-10-17,2025-10-24,2025-10-30T05:00:00+00:00,UP
2025-10-21,0.07781935580311217,2025-10-20,2025-10-27,2025-11-04T06:00:00+00:00,UP
2025-10-22,0.04628219334861461,2025-10-21,2025-10-28,2025-11-06T06:00:00+00:00,UP
2025-10-23,0.03977656063969692,2025-10-22,2025-10-29,2025-11-06T06:00:00+00:00,UP
2025-10-24,-0.019954167449933835,2025-10-23,2025-10-30,2025-11-06T06:00:00+00:00,FLAT
2025-10-25,-0.006057694289998805,2025-10-24,2025-10-31,2025-11-06T06:00:00+00:00,FLAT
2025-10-26,-0.006057694289998805,2025-10-24,2025-10-31,2025-11-06T06:00:00+00:00,FLAT
2025-10-27,-0.006057694289998805,2025-10-24,2025-10-31,2025-11-06T06:00:00+00:00,FLAT
2025-10-28,0.005815550234132161,2025-10-27,2025-11-03,2025-11-11T06:00:00+00:00,FLAT
2025-10-29,0.020166747392183382,2025-10-28,2025-11-04,2025-11-14T06:00:00+00:00,UP
2025-10-30,-0.0187563315247814,2025-10-29,2025-11-05,2025-11-14T06:00:00+00:00,FLAT
2025-10-31,-0.024767251566104154,2025-10-30,2025-11-06,2025-11-14T06:00:00+00:00,DOWN
2025-11-01,-0.025599531141154763,2025-10-31,2025-11-07,2025-11-14T06:00:00+00:00,DOWN
2025-11-02,-0.025599531141154763,2025-10-31,2025-11-07,2025-11-14T06:00:00+00:00,DOWN
2025-11-03,-0.025599531141154763,2025-10-31,2025-11-07,2025-11-14T06:00:00+00:00,DOWN
2025-11-04,-0.04264563395497578,2025-11-03,2025-11-10,2025-11-18T06:00:00+00:00,DOWN
2025-11-05,-0.03259758386559264,2025-11-04,2025-11-10,2025-11-18T06:00:00+00:00,DOWN
2025-11-06,-0.02803858528853931,2025-11-05,2025-11-12,2025-11-20T06:00:00+00:00,DOWN
2025-11-07,-0.023400716843051783,2025-11-06,2025-11-13,2025-11-20T06:00:00+00:00,DOWN
2025-11-08,-0.007411134097951799,2025-11-07,2025-11-14,2025-11-20T06:00:00+00:00,FLAT
2025-11-09,-0.007411134097951799,2025-11-07,2025-11-14,2025-11-20T06:00:00+00:00,FLAT
2025-11-10,-0.007411134097951799,2025-11-07,2025-11-14,2025-11-20T06:00:00+00:00,FLAT
2025-11-11,0.0007191624659605989,2025-11-10,2025-11-17,2025-11-25T06:00:00+00:00,FLAT
2025-11-12,0.02763983002070014,2025-11-10,2025-11-18,2025-11-27T06:00:00+00:00,UP
2025-11-13,0.030501694923880995,2025-11-12,2025-11-19,2025-11-27T06:00:00+00:00,UP
2025-11-14,0.026275370375788754,2025-11-13,2025-11-20,2025-11-27T06:00:00+00:00,UP
2025-11-15,-0.009528131606255985,2025-11-14,2025-11-21,2025-11-27T06:00:00+00:00,FLAT
2025-11-16,-0.009528131606255985,2025-11-14,2025-11-21,2025-11-27T06:00:00+00:00,FLAT
2025-11-17,-0.009528131606255985,2025-11-14,2025-11-21,2025-11-27T06:00:00+00:00,FLAT
2025-11-18,0.02564649416129794,2025-11-17,2025-11-24,2025-12-02T06:00:00+00:00,UP
2025-11-19,-0.016592281755459237,2025-11-18,2025-11-25,2025-12-04T06:00:00+00:00,FLAT
2025-11-20,0.011176125191335817,2025-11-19,2025-11-26,2025-12-04T06:00:00+00:00,FLAT
2025-11-21,0.013514614144632286,2025-11-20,2025-11-26,2025-12-04T06:00:00+00:00,FLAT
2025-11-22,0.016024367084581437,2025-11-21,2025-11-28,2025-12-04T06:00:00+00:00,FLAT
2025-11-23,0.016024367084581437,2025-11-21,2025-11-28,2025-12-04T06:00:00+00:00,FLAT
2025-11-24,0.016024367084581437,2025-11-21,2025-11-28,2025-12-04T06:00:00+00:00,FLAT
2025-11-25,-0.013635484404698972,2025-11-24,2025-12-01,2025-12-09T06:00:00+00:00,FLAT
2025-11-26,-0.01171590490966945,2025-11-25,2025-12-02,2025-12-11T06:00:00+00:00,FLAT
2025-11-27,-0.018051487422555912,2025-11-26,2025-12-03,2025-12-11T06:00:00+00:00,FLAT
2025-11-28,-0.010799118897224291,2025-11-26,2025-12-04,2025-12-11T06:00:00+00:00,FLAT
2025-11-29,0.004681154298097123,2025-11-28,2025-12-05,2025-12-11T06:00:00+00:00,FLAT
2025-11-30,0.004681154298097123,2025-11-28,2025-12-05,2025-12-11T06:00:00+00:00,FLAT
2025-12-01,0.004681154298097123,2025-11-28,2025-12-05,2025-12-11T06:00:00+00:00,FLAT
2025-12-02,-0.014423323265335353,2025-12-01,2025-12-08,2025-12-16T06:00:00+00:00,FLAT
2025-12-03,-0.012771703600171325,2025-12-02,2025-12-09,2025-12-18T06:00:00+00:00,FLAT
2025-12-04,-0.00982628421434828,2025-12-03,2025-12-10,2025-12-18T06:00:00+00:00,FLAT
2025-12-05,-0.03738294515637641,2025-12-04,2025-12-11,2025-12-18T06:00:00+00:00,DOWN
2025-12-06,-0.03787683112588247,2025-12-05,2025-12-12,2025-12-18T06:00:00+00:00,DOWN
2025-12-07,-0.03787683112588247,2025-12-05,2025-12-12,2025-12-18T06:00:00+00:00,DOWN
2025-12-08,-0.03787683112588247,2025-12-05,2025-12-12,2025-12-18T06:00:00+00:00,DOWN
2025-12-09,-0.030946439666456826,2025-12-08,2025-12-15,2025-12-23T06:00:00+00:00,DOWN
2025-12-10,-0.045884215530877404,2025-12-09,2025-12-16,2025-12-30T06:00:00+00:00,DOWN
2025-12-11,-0.04260653681280113,2025-12-10,2025-12-17,2025-12-30T06:00:00+00:00,DOWN
2025-12-12,-0.02150444986004396,2025-12-11,2025-12-18,2025-12-30T06:00:00+00:00,DOWN
2025-12-13,-0.014182535421780385,2025-12-12,2025-12-19,2025-12-30T06:00:00+00:00,FLAT
2025-12-14,-0.014182535421780385,2025-12-12,2025-12-19,2025-12-30T06:00:00+00:00,FLAT
2025-12-15,-0.014182535421780385,2025-12-12,2025-12-19,2025-12-30T06:00:00+00:00,FLAT
2025-12-16,0.009407933756141462,2025-12-15,2025-12-22,2025-12-30T06:00:00+00:00,FLAT
2025-12-17,0.060838783229880455,2025-12-16,2025-12-23,2025-12-30T06:00:00+00:00,UP
2025-12-18,0.04666918590914326,2025-12-17,2025-12-24,2025-12-30T06:00:00+00:00,UP
2025-12-19,0.04569036295843265,2025-12-18,2025-12-24,2025-12-30T06:00:00+00:00,UP
2025-12-20,0.034367422859586494,2025-12-19,2025-12-24,2025-12-30T06:00:00+00:00,UP
2025-12-21,0.034367422859586494,2025-12-19,2025-12-24,2025-12-30T06:00:00+00:00,UP
2025-12-22,0.034367422859586494,2025-12-19,2025-12-24,2025-12-30T06:00:00+00:00,UP
2025-12-23,0.00966116768787062,2025-12-22,2025-12-29,2026-01-06T06:00:00+00:00,FLAT
2025-12-24,-0.026417250933471803,2025-12-23,2025-12-30,2026-01-08T06:00:00+00:00,DOWN
2025-12-25,-0.0397888862096164,2025-12-24,2025-12-31,2026-01-08T06:00:00+00:00,DOWN
2025-12-26,-0.0397888862096164,2025-12-24,2025-12-31,2026-01-08T06:00:00+00:00,DOWN
2025-12-27,-0.030677606812142155,2025-12-24,2026-01-02,2026-01-08T06:00:00+00:00,DOWN
2025-12-28,-0.030677606812142155,2025-12-24,2026-01-02,2026-01-08T06:00:00+00:00,DOWN
2025-12-29,-0.030677606812142155,2025-12-24,2026-01-02,2026-01-08T06:00:00+00:00,DOWN
2025-12-30,-0.004093080527654003,2025-12-29,2026-01-05,2026-01-13T06:00:00+00:00,FLAT
2025-12-31,-0.005019742368271629,2025-12-30,2026-01-06,2026-01-15T06:00:00+00:00,FLAT
2026-01-01,-0.00391692418852696,2025-12-31,2026-01-07,2026-01-15T06:00:00+00:00,FLAT
2026-01-02,0.031019527375086176,2025-12-31,2026-01-08,2026-01-15T06:00:00+00:00,UP
2026-01-03,0.048921637408299246,2026-01-02,2026-01-09,2026-01-15T06:00:00+00:00,UP
2026-01-04,0.048921637408299246,2026-01-02,2026-01-09,2026-01-15T06:00:00+00:00,UP
2026-01-05,0.048921637408299246,2026-01-02,2026-01-09,2026-01-15T06:00:00+00:00,UP
2026-01-06,0.03588178373810891,2026-01-05,2026-01-12,2026-01-21T06:00:00+00:00,UP
2026-01-07,0.08732535130353059,2026-01-06,2026-01-13,2026-01-23T06:00:00+00:00,UP
2026-01-08,0.1237504569479988,2026-01-07,2026-01-14,2026-01-23T06:00:00+00:00,UP
2026-01-09,0.04190415546917392,2026-01-08,2026-01-15,2026-01-23T06:00:00+00:00,UP
2026-01-10,0.027225533761927823,2026-01-09,2026-01-16,2026-01-23T06:00:00+00:00,UP
2026-01-11,0.027225533761927823,2026-01-09,2026-01-16,2026-01-23T06:00:00+00:00,UP
2026-01-12,0.027225533761927823,2026-01-09,2026-01-16,2026-01-23T06:00:00+00:00,UP
2026-01-13,0.023271861632361945,2026-01-12,2026-01-16,2026-01-23T06:00:00+00:00,UP
2026-01-14,-0.0010463981327540894,2026-01-13,2026-01-20,2026-01-27T06:00:00+00:00,FLAT
2026-01-15,-0.03251031676433891,2026-01-14,2026-01-21,2026-01-29T06:00:00+00:00,DOWN
2026-01-16,-0.010012268954649794,2026-01-15,2026-01-22,2026-01-29T06:00:00+00:00,FLAT
2026-01-17,0.017038844292181388,2026-01-16,2026-01-23,2026-01-29T06:00:00+00:00,FLAT
2026-01-18,0.017038844292181388,2026-01-16,2026-01-23,2026-01-29T06:00:00+00:00,FLAT
2026-01-19,0.017038844292181388,2026-01-16,2026-01-23,2026-01-29T06:00:00+00:00,FLAT
2026-01-20,0.008883854091386922,2026-01-16,2026-01-26,2026-02-03T06:00:00+00:00,FLAT
2026-01-21,0.037610396429366144,2026-01-20,2026-01-27,2026-02-05T06:00:00+00:00,UP
2026-01-22,0.05997940708564453,2026-01-21,2026-01-28,2026-02-05T06:00:00+00:00,UP
2026-01-23,0.08120832111432152,2026-01-22,2026-01-29,2026-02-05T06:00:00+00:00,UP
2026-01-24,0.05816386268379348,2026-01-23,2026-01-30,2026-02-05T06:00:00+00:00,UP
2026-01-25,0.05816386268379348,2026-01-23,2026-01-30,2026-02-05T06:00:00+00:00,UP
2026-01-26,0.05816386268379348,2026-01-23,2026-01-30,2026-02-05T06:00:00+00:00,UP
2026-01-27,-0.0008409187659439432,2026-01-26,2026-02-02,2026-02-10T06:00:00+00:00,FLAT
2026-01-28,-0.006248197231922048,2026-01-27,2026-02-03,2026-02-12T06:00:00+00:00,FLAT
2026-01-29,0.0028470782839975506,2026-01-28,2026-02-04,2026-02-12T06:00:00+00:00,FLAT
2026-01-30,-0.017360176603663402,2026-01-29,2026-02-05,2026-02-12T06:00:00+00:00,FLAT
2026-01-31,-0.026624911204929824,2026-01-30,2026-02-06,2026-02-12T06:00:00+00:00,DOWN
2026-02-01,-0.026624911204929824,2026-01-30,2026-02-06,2026-02-12T06:00:00+00:00,DOWN
2026-02-02,-0.026624911204929824,2026-01-30,2026-02-06,2026-02-12T06:00:00+00:00,DOWN
2026-02-03,0.04726020751259985,2026-02-02,2026-02-09,2026-02-18T06:00:00+00:00,UP
2026-02-04,0.010321685269183423,2026-02-03,2026-02-10,2026-02-20T06:00:00+00:00,FLAT
2026-02-05,0.0010007841357060343,2026-02-04,2026-02-11,2026-02-20T06:00:00+00:00,FLAT
2026-02-06,-0.006300821584443339,2026-02-05,2026-02-12,2026-02-20T06:00:00+00:00,FLAT
2026-02-07,-0.011363222116361316,2026-02-06,2026-02-13,2026-02-20T06:00:00+00:00,FLAT
2026-02-08,-0.011363222116361316,2026-02-06,2026-02-13,2026-02-20T06:00:00+00:00,FLAT
2026-02-09,-0.011363222116361316,2026-02-06,2026-02-13,2026-02-20T06:00:00+00:00,FLAT
2026-02-10,-0.018981850246876597,2026-02-09,2026-02-13,2026-02-20T06:00:00+00:00,FLAT
2026-02-11,-0.018528666836677532,2026-02-10,2026-02-17,2026-02-24T06:00:00+00:00,FLAT
2026-02-12,0.00227054787593417,2026-02-11,2026-02-18,2026-02-26T06:00:00+00:00,FLAT
2026-02-13,0.04859979804430159,2026-02-12,2026-02-19,2026-02-26T06:00:00+00:00,UP
2026-02-14,0.03914232113114191,2026-02-13,2026-02-20,2026-02-26T06:00:00+00:00,UP
2026-02-15,0.03914232113114191,2026-02-13,2026-02-20,2026-02-26T06:00:00+00:00,UP
2026-02-16,0.03914232113114191,2026-02-13,2026-02-20,2026-02-26T06:00:00+00:00,UP
2026-02-17,0.027001139372221372,2026-02-13,2026-02-23,2026-03-03T06:00:00+00:00,UP
2026-02-18,0.017667411907200004,2026-02-17,2026-02-24,2026-03-05T06:00:00+00:00,FLAT
2026-02-19,-0.020021553062811837,2026-02-18,2026-02-25,2026-03-05T06:00:00+00:00,DOWN
2026-02-20,-0.02946137021741635,2026-02-19,2026-02-26,2026-03-05T06:00:00+00:00,DOWN
2026-02-21,-0.02607543470807816,2026-02-20,2026-02-27,2026-03-05T06:00:00+00:00,DOWN
2026-02-22,-0.02607543470807816,2026-02-20,2026-02-27,2026-03-05T06:00:00+00:00,DOWN
2026-02-23,-0.02607543470807816,2026-02-20,2026-02-27,2026-03-05T06:00:00+00:00,DOWN
2026-02-24,0.07100177060601376,2026-02-23,2026-03-02,2026-03-10T05:00:00+00:00,UP
2026-02-25,0.17231919153941888,2026-02-24,2026-03-03,2026-03-12T05:00:00+00:00,UP
2026-02-26,0.15842255083051082,2026-02-25,2026-03-04,2026-03-12T05:00:00+00:00,UP
2026-02-27,0.24534450930404184,2026-02-26,2026-03-05,2026-03-12T05:00:00+00:00,UP
2026-02-28,0.34995621025902834,2026-02-27,2026-03-06,2026-03-12T05:00:00+00:00,UP
2026-03-01,0.34995621025902834,2026-02-27,2026-03-06,2026-03-12T05:00:00+00:00,UP
2026-03-02,0.34995621025902834,2026-02-27,2026-03-06,2026-03-12T05:00:00+00:00,UP
2026-03-03,0.2258659012970483,2026-03-02,2026-03-09,2026-03-17T05:00:00+00:00,UP
2026-03-04,0.07517430321734397,2026-03-03,2026-03-10,2026-03-19T05:00:00+00:00,UP
2026-03-05,0.11041918805366158,2026-03-04,2026-03-11,2026-03-19T05:00:00+00:00,UP
2026-03-06,0.15192117822565643,2026-03-05,2026-03-12,2026-03-19T05:00:00+00:00,UP
2026-03-07,0.07817017563290807,2026-03-06,2026-03-13,2026-03-19T05:00:00+00:00,UP
2026-03-08,0.07817017563290807,2026-03-06,2026-03-13,2026-03-19T05:00:00+00:00,UP
2026-03-09,0.07817017563290807,2026-03-06,2026-03-13,2026-03-19T05:00:00+00:00,UP
2026-03-10,0.06918508445436666,2026-03-09,2026-03-16,2026-03-24T05:00:00+00:00,UP
2026-03-11,0.2081800184108047,2026-03-10,2026-03-17,2026-03-26T05:00:00+00:00,UP
2026-03-12,0.2993198891638975,2026-03-11,2026-03-18,2026-03-26T05:00:00+00:00,UP
2026-03-13,0.08956400196256742,2026-03-12,2026-03-19,2026-03-26T05:00:00+00:00,UP
2026-03-14,0.1454171359335148,2026-03-13,2026-03-20,2026-03-26T05:00:00+00:00,UP
2026-03-15,0.1454171359335148,2026-03-13,2026-03-20,2026-03-26T05:00:00+00:00,UP
2026-03-16,0.1454171359335148,2026-03-13,2026-03-20,2026-03-26T05:00:00+00:00,UP
2026-03-17,0.025012199999850715,2026-03-16,2026-03-23,2026-03-31T05:00:00+00:00,UP
2026-03-18,0.0010756866084755679,2026-03-17,2026-03-24,2026-04-02T05:00:00+00:00,FLAT
2026-03-19,-0.07195704204285203,2026-03-18,2026-03-25,2026-04-02T05:00:00+00:00,DOWN
2026-03-20,0.022684633277483268,2026-03-19,2026-03-26,2026-04-02T05:00:00+00:00,UP
2026-03-21,0.02961408137467525,2026-03-20,2026-03-27,2026-04-02T05:00:00+00:00,UP
2026-03-22,0.02961408137467525,2026-03-20,2026-03-27,2026-04-02T05:00:00+00:00,UP
2026-03-23,0.02961408137467525,2026-03-20,2026-03-27,2026-04-02T05:00:00+00:00,UP
2026-03-24,0.17961899410765292,2026-03-23,2026-03-30,2026-04-07T05:00:00+00:00,UP
2026-03-25,0.16956256075710074,2026-03-24,2026-03-31,2026-04-09T05:00:00+00:00,UP
2026-03-26,0.09085439863972833,2026-03-25,2026-04-01,2026-04-09T05:00:00+00:00,UP
2026-03-27,0.12132034787921575,2026-03-26,2026-04-02,2026-04-09T05:00:00+00:00,UP
2026-03-28,0.04659551948781382,2026-03-27,2026-04-02,2026-04-09T05:00:00+00:00,UP
2026-03-29,0.04659551948781382,2026-03-27,2026-04-02,2026-04-09T05:00:00+00:00,UP
2026-03-30,0.04659551948781382,2026-03-27,2026-04-02,2026-04-09T05:00:00+00:00,UP
2026-03-31,0.0430295362573776,2026-03-30,2026-04-02,2026-04-09T05:00:00+00:00,UP
2026-04-01,0.08439895168782274,2026-03-31,2026-04-07,2026-04-16T05:00:00+00:00,UP
2026-04-02,0.01489288455224469,2026-04-01,2026-04-08,2026-04-16T05:00:00+00:00,FLAT
2026-04-03,-0.07457836092849524,2026-04-02,2026-04-09,2026-04-16T05:00:00+00:00,DOWN
2026-04-04,-0.07475521429730914,2026-04-02,2026-04-10,2026-04-16T05:00:00+00:00,DOWN
2026-04-05,-0.07475521429730914,2026-04-02,2026-04-10,2026-04-16T05:00:00+00:00,DOWN
2026-04-06,-0.07475521429730914,2026-04-02,2026-04-10,2026-04-16T05:00:00+00:00,DOWN
2026-04-07,-0.04169025113706437,2026-04-02,2026-04-13,2026-04-21T05:00:00+00:00,DOWN
2026-04-08,-0.14636938808556654,2026-04-07,2026-04-14,2026-04-23T05:00:00+00:00,DOWN
2026-04-09,-0.0602742254347971,2026-04-08,2026-04-15,2026-04-23T05:00:00+00:00,DOWN
2026-04-10,-0.02168335657360876,2026-04-09,2026-04-16,2026-04-23T05:00:00+00:00,DOWN
2026-04-11,-0.17297396356862382,2026-04-10,2026-04-17,2026-04-23T05:00:00+00:00,DOWN
2026-04-12,-0.17297396356862382,2026-04-10,2026-04-17,2026-04-23T05:00:00+00:00,DOWN
2026-04-13,-0.17297396356862382,2026-04-10,2026-04-17,2026-04-23T05:00:00+00:00,DOWN
2026-04-14,-0.16286756487390142,2026-04-13,2026-04-20,2026-04-28T05:00:00+00:00,DOWN
2026-04-15,-0.10506848403847713,2026-04-14,2026-04-21,2026-04-30T05:00:00+00:00,DOWN
2026-04-16,-0.011589106861812026,2026-04-15,2026-04-22,2026-04-30T05:00:00+00:00,FLAT
2026-04-17,-0.028240256830290855,2026-04-16,2026-04-23,2026-04-30T05:00:00+00:00,DOWN
2026-04-18,0.13728206099371865,2026-04-17,2026-04-24,2026-04-30T05:00:00+00:00,UP
2026-04-19,0.13728206099371865,2026-04-17,2026-04-24,2026-04-30T05:00:00+00:00,UP
2026-04-20,0.13728206099371865,2026-04-17,2026-04-24,2026-04-30T05:00:00+00:00,UP
2026-04-21,0.10235546542815621,2026-04-20,2026-04-27,2026-05-05T05:00:00+00:00,UP
2026-04-22,0.11085599746743902,2026-04-21,2026-04-28,2026-05-07T05:00:00+00:00,UP
2026-04-23,0.09610236954488505,2026-04-22,2026-04-29,2026-05-07T05:00:00+00:00,UP
2026-04-24,0.09725087236245789,2026-04-23,2026-04-30,2026-05-07T05:00:00+00:00,UP
2026-04-25,0.055930728581893074,2026-04-24,2026-05-01,2026-05-07T05:00:00+00:00,UP
2026-04-26,0.055930728581893074,2026-04-24,2026-05-01,2026-05-07T05:00:00+00:00,UP
2026-04-27,0.055930728581893074,2026-04-24,2026-05-01,2026-05-07T05:00:00+00:00,UP
2026-04-28,0.03910087528980766,2026-04-27,2026-05-01,2026-05-07T05:00:00+00:00,UP
2026-04-29,-0.027836476979461566,2026-04-28,2026-05-05,2026-05-14T05:00:00+00:00,DOWN
2026-04-30,-0.16802439265723068,2026-04-29,2026-05-06,2026-05-14T05:00:00+00:00,DOWN
2026-05-01,-0.1835661918601874,2026-04-30,2026-05-07,2026-05-14T05:00:00+00:00,DOWN
2026-05-02,-0.12845197995973345,2026-05-01,2026-05-08,2026-05-14T05:00:00+00:00,DOWN
2026-05-03,-0.12845197995973345,2026-05-01,2026-05-08,2026-05-14T05:00:00+00:00,DOWN
2026-05-04,-0.12845197995973345,2026-05-01,2026-05-08,2026-05-14T05:00:00+00:00,DOWN
2026-05-05,-0.10705019192849008,2026-05-01,2026-05-11,2026-05-19T05:00:00+00:00,DOWN
2026-05-06,-0.03249233915087024,2026-05-05,2026-05-12,2026-05-21T05:00:00+00:00,DOWN
2026-05-07,0.06029828938297799,2026-05-06,2026-05-13,2026-05-21T05:00:00+00:00,UP
2026-05-08,0.08666467226521135,2026-05-07,2026-05-14,2026-05-21T05:00:00+00:00,UP
2026-05-09,0.10268449018917747,2026-05-08,2026-05-15,2026-05-21T05:00:00+00:00,UP
2026-05-10,0.10268449018917747,2026-05-08,2026-05-15,2026-05-21T05:00:00+00:00,UP
2026-05-11,0.10268449018917747,2026-05-08,2026-05-15,2026-05-21T05:00:00+00:00,UP
2026-05-12,0.10092670276771543,2026-05-11,2026-05-18,2026-05-27T05:00:00+00:00,UP
2026-05-13,0.032771575092225946,2026-05-12,2026-05-19,2026-05-29T05:00:00+00:00,UP
2026-05-14,-0.010830649679464344,2026-05-13,2026-05-20,2026-05-29T05:00:00+00:00,FLAT
2026-05-15,-0.04326552508508352,2026-05-14,2026-05-21,2026-05-29T05:00:00+00:00,DOWN
2026-05-16,-0.0639766621159441,2026-05-15,2026-05-22,2026-05-29T05:00:00+00:00,DOWN
2026-05-17,-0.0639766621159441,2026-05-15,2026-05-22,2026-05-29T05:00:00+00:00,DOWN
2026-05-18,-0.0639766621159441,2026-05-15,2026-05-22,2026-05-29T05:00:00+00:00,DOWN
2026-05-19,-0.084952139426832,2026-05-18,2026-05-22,2026-05-29T05:00:00+00:00,DOWN
2026-05-20,-0.10746447184759611,2026-05-19,2026-05-26,2026-06-02T05:00:00+00:00,DOWN
2026-05-21,-0.11135474490339037,2026-05-20,2026-05-27,2026-06-04T05:00:00+00:00,DOWN
2026-05-22,-0.10101465519851627,2026-05-21,2026-05-28,2026-06-04T05:00:00+00:00,DOWN
2026-05-23,-0.13476948180931858,2026-05-22,2026-05-29,2026-06-04T05:00:00+00:00,DOWN
2026-05-24,-0.13476948180931858,2026-05-22,2026-05-29,2026-06-04T05:00:00+00:00,DOWN
2026-05-25,-0.13476948180931858,2026-05-22,2026-05-29,2026-06-04T05:00:00+00:00,DOWN
2026-05-26,-0.08453461471237578,2026-05-22,2026-06-01,2026-06-09T05:00:00+00:00,DOWN
2026-05-27,-0.04482166590296466,2026-05-26,2026-06-02,2026-06-11T05:00:00+00:00,DOWN
2026-05-28,0.04568003985749303,2026-05-27,2026-06-03,2026-06-11T05:00:00+00:00,UP
2026-05-29,0.035832637933146394,2026-05-28,2026-06-04,2026-06-11T05:00:00+00:00,UP
2026-05-30,0.04737225261726152,2026-05-29,2026-06-05,2026-06-11T05:00:00+00:00,UP
2026-05-31,0.04737225261726152,2026-05-29,2026-06-05,2026-06-11T05:00:00+00:00,UP
2026-06-01,0.04737225261726152,2026-05-29,2026-06-05,2026-06-11T05:00:00+00:00,UP
2026-06-02,-0.005776799532162813,2026-06-01,2026-06-08,2026-06-16T05:00:00+00:00,FLAT
2026-06-03,-0.04265174295417029,2026-06-02,2026-06-09,2026-06-18T05:00:00+00:00,DOWN
2026-06-04,-0.057872430137379194,2026-06-03,2026-06-10,2026-06-18T05:00:00+00:00,DOWN
2026-06-05,-0.06174193426079555,2026-06-04,2026-06-11,2026-06-18T05:00:00+00:00,DOWN
2026-06-06,-0.08929998070008971,2026-06-05,2026-06-12,2026-06-18T05:00:00+00:00,DOWN
2026-06-07,-0.08929998070008971,2026-06-05,2026-06-12,2026-06-18T05:00:00+00:00,DOWN
2026-06-08,-0.08929998070008971,2026-06-05,2026-06-12,2026-06-18T05:00:00+00:00,DOWN
2026-06-09,-0.1377574300428187,2026-06-08,2026-06-15,2026-06-23T05:00:00+00:00,DOWN
2026-06-10,-0.14700147958925447,2026-06-09,2026-06-16,2026-06-25T05:00:00+00:00,DOWN
2026-06-11,-0.16295006150785252,2026-06-10,2026-06-17,2026-06-25T05:00:00+00:00,DOWN
2026-06-12,-0.14618675118278668,2026-06-11,2026-06-18,2026-06-25T05:00:00+00:00,DOWN
2026-06-13,-0.10401171123169373,2026-06-12,2026-06-18,2026-06-25T05:00:00+00:00,DOWN
2026-06-14,-0.10401171123169373,2026-06-12,2026-06-18,2026-06-25T05:00:00+00:00,DOWN
2026-06-15,-0.10401171123169373,2026-06-12,2026-06-18,2026-06-25T05:00:00+00:00,DOWN
2026-06-16,-0.09094236642568587,2026-06-15,2026-06-22,2026-06-30T05:00:00+00:00,DOWN
2026-06-17,-0.05504766636249081,2026-06-16,2026-06-23,2026-07-02T05:00:00+00:00,DOWN
2026-06-18,-0.09555174595074556,2026-06-17,2026-06-24,2026-07-02T05:00:00+00:00,DOWN
2026-06-19,-0.0667178537701083,2026-06-18,2026-06-25,2026-07-02T05:00:00+00:00,DOWN
2026-06-20,-0.11197547532258234,2026-06-18,2026-06-26,2026-07-02T05:00:00+00:00,DOWN
2026-06-21,-0.11197547532258234,2026-06-18,2026-06-26,2026-07-02T05:00:00+00:00,DOWN
2026-06-22,-0.11197547532258234,2026-06-18,2026-06-26,2026-07-02T05:00:00+00:00,DOWN
2026-06-23,-0.06142187764883644,2026-06-22,2026-06-29,2026-07-07T05:00:00+00:00,DOWN
2026-06-24,-0.06976942030229127,2026-06-23,2026-06-30,2026-07-09T05:00:00+00:00,DOWN
2026-06-25,-0.041846728873924266,2026-06-24,2026-07-01,2026-07-09T05:00:00+00:00,DOWN
2026-06-26,-0.0718840994599188,2026-06-25,2026-07-02,2026-07-09T05:00:00+00:00,DOWN
2026-06-27,-0.0245832456926931,2026-06-26,2026-07-02,2026-07-09T05:00:00+00:00,DOWN
2026-06-28,-0.0245832456926931,2026-06-26,2026-07-02,2026-07-09T05:00:00+00:00,DOWN
2026-06-29,-0.0245832456926931,2026-06-26,2026-07-02,2026-07-09T05:00:00+00:00,DOWN
2026-06-30,-0.0280412640489488,2026-06-29,2026-07-06,2026-07-14T05:00:00+00:00,DOWN
2026-07-01,0.01998021888245871,2026-06-30,2026-07-07,2026-07-16T05:00:00+00:00,FLAT
2026-07-02,0.10620240773211265,2026-07-01,2026-07-08,2026-07-16T05:00:00+00:00,UP
2026-07-03,0.0870916293394226,2026-07-02,2026-07-09,2026-07-16T05:00:00+00:00,UP
2026-07-04,0.08286285513143365,2026-07-02,2026-07-10,2026-07-16T05:00:00+00:00,UP
2026-07-05,0.08286285513143365,2026-07-02,2026-07-10,2026-07-16T05:00:00+00:00,UP
2026-07-06,0.08286285513143365,2026-07-02,2026-07-10,2026-07-16T05:00:00+00:00,UP
2026-07-07,0.170561114760849,2026-07-06,2026-07-13,2026-07-21T05:00:00+00:00,UP
2026-07-08,0.16190760863622522,2026-07-07,2026-07-14,2026-07-23T05:00:00+00:00,UP
2026-07-09,0.08053710741677533,2026-07-08,2026-07-15,2026-07-23T05:00:00+00:00,UP
2026-07-10,0.08778928410387254,2026-07-09,2026-07-16,2026-07-23T05:00:00+00:00,UP
2026-07-11,0.14342848018102394,2026-07-10,2026-07-17,2026-07-23T05:00:00+00:00,UP
2026-07-12,0.14342848018102394,2026-07-10,2026-07-17,2026-07-23T05:00:00+00:00,UP
2026-07-13,0.14342848018102394,2026-07-10,2026-07-17,2026-07-23T05:00:00+00:00,UP
2026-07-14,0.06379615427897756,2026-07-13,2026-07-20,2026-07-28T05:00:00+00:00,UP
2026-07-15,0.12067157881843271,2026-07-14,2026-07-21,2026-07-30T05:00:00+00:00,UP
2026-07-16,0.13360371565136164,2026-07-15,2026-07-22,2026-07-30T05:00:00+00:00,UP
2026-07-17,0.29608670145702165,2026-07-16,2026-07-23,2026-07-30T05:00:00+00:00,UP
2026-07-18,0.17926484827745082,2026-07-17,2026-07-24,2026-07-30T05:00:00+00:00,UP
2026-07-19,0.17926484827745082,2026-07-17,2026-07-24,2026-07-30T05:00:00+00:00,UP
2026-07-20,0.17926484827745082,2026-07-17,2026-07-24,2026-07-30T05:00:00+00:00,UP
2026-07-21,0.05535203920185827,2026-07-20,2026-07-27,2026-08-04T05:00:00+00:00,UP
2026-07-22,-0.08813798331324674,2026-07-21,2026-07-28,2026-08-06T05:00:00+00:00,DOWN
2026-07-23,-0.02397888419345462,2026-07-22,2026-07-29,2026-08-06T05:00:00+00:00,DOWN
2026-07-24,-0.12927265137300592,2026-07-23,2026-07-30,2026-08-06T05:00:00+00:00,DOWN
2026-07-25,-0.03649333855461401,2026-07-24,2026-07-31,2026-08-06T05:00:00+00:00,DOWN
2026-07-26,-0.03649333855461401,2026-07-24,2026-07-31,2026-08-06T05:00:00+00:00,DOWN
2026-07-27,-0.03649333855461401,2026-07-24,2026-07-31,2026-08-06T05:00:00+00:00,DOWN
2026-07-28,-0.031801350468307454,2026-07-27,2026-08-03,2026-08-11T05:00:00+00:00,DOWN
2026-07-29,0.00856838518352565,2026-07-28,2026-08-04,2026-08-13T05:00:00+00:00,FLAT
2026-07-30,-0.06011914674361085,2026-07-29,2026-08-05,2026-08-13T05:00:00+00:00,DOWN
2026-07-31,-0.0254845417680426,2026-07-30,2026-08-06,2026-08-13T05:00:00+00:00,DOWN
2026-08-01,-0.09670372909459679,2026-07-31,2026-08-07,2026-08-13T05:00:00+00:00,DOWN
2026-08-02,-0.09670372909459679,2026-07-31,2026-08-07,2026-08-13T05:00:00+00:00,DOWN
2026-08-03,-0.09670372909459679,2026-07-31,2026-08-07,2026-08-13T05:00:00+00:00,DOWN
2026-08-04,0.04003373198226923,2026-08-03,2026-08-10,2026-08-18T05:00:00+00:00,UP
2026-08-05,0.07721475719316162,2026-08-04,2026-08-11,2026-08-18T05:00:00+00:00,UP
2026-08-06,0.06695267630780855,2026-08-05,2026-08-12,2026-08-20T05:00:00+00:00,UP
2026-08-07,0.025635036363160335,2026-08-06,2026-08-13,2026-08-20T05:00:00+00:00,UP
2026-08-08,0.04925183013843859,2026-08-07,2026-08-14,2026-08-20T05:00:00+00:00,UP
2026-08-09,0.04925183013843859,2026-08-07,2026-08-14,2026-08-20T05:00:00+00:00,UP
2026-08-10,0.04925183013843859,2026-08-07,2026-08-14,2026-08-20T05:00:00+00:00,UP
2026-08-11,-0.0041257959029986635,2026-08-10,2026-08-17,2026-08-25T05:00:00+00:00,FLAT
2026-08-12,0.021464132492960974,2026-08-11,2026-08-18,2026-08-25T05:00:00+00:00,UP
2026-08-13,-0.003664428945689413,2026-08-12,2026-08-19,2026-08-27T05:00:00+00:00,FLAT
2026-08-14,0.018330999011177074,2026-08-13,2026-08-20,2026-08-27T05:00:00+00:00,FLAT
2026-08-15,0.05009323302964708,2026-08-14,2026-08-21,2026-08-27T05:00:00+00:00,UP
2026-08-16,0.05009323302964708,2026-08-14,2026-08-21,2026-08-27T05:00:00+00:00,UP
2026-08-17,0.05009323302964708,2026-08-14,2026-08-21,2026-08-27T05:00:00+00:00,UP
2026-08-18,0.0003505664247727136,2026-08-17,2026-08-24,2026-09-01T05:00:00+00:00,FLAT
2026-08-19,-0.07710206642703787,2026-08-18,2026-08-25,2026-09-01T05:00:00+00:00,DOWN
2026-08-20,-0.050788113199061846,2026-08-19,2026-08-26,2026-09-03T05:00:00+00:00,DOWN
2026-08-21,-0.041023612352927064,2026-08-20,2026-08-27,2026-09-03T05:00:00+00:00,DOWN
2026-08-22,-0.07328963745310635,2026-08-21,2026-08-28,2026-09-03T05:00:00+00:00,DOWN
2026-08-23,-0.07328963745310635,2026-08-21,2026-08-28,2026-09-03T05:00:00+00:00,DOWN
2026-08-24,-0.07328963745310635,2026-08-21,2026-08-28,2026-09-03T05:00:00+00:00,DOWN
2026-08-25,-0.03133704339688048,2026-08-24,2026-08-28,2026-09-03T05:00:00+00:00,DOWN
2026-08-26,0.08815243874363499,2026-08-25,2026-09-01,2026-09-09T05:00:00+00:00,UP
2026-08-27,0.1113044408937065,2026-08-26,2026-09-02,2026-09-11T05:00:00+00:00,UP
2026-08-28,0.11437757902517598,2026-08-27,2026-09-03,2026-09-11T05:00:00+00:00,UP
2026-08-29,0.13658996270242185,2026-08-28,2026-09-04,2026-09-11T05:00:00+00:00,UP
2026-08-30,0.13658996270242185,2026-08-28,2026-09-04,2026-09-11T05:00:00+00:00,UP
2026-08-31,0.13658996270242185,2026-08-28,2026-09-04,2026-09-11T05:00:00+00:00,UP
2026-09-01,0.13658996270242185,2026-08-28,2026-09-04,2026-09-11T05:00:00+00:00,UP
2026-09-02,0.10359118300459724,2026-09-01,2026-09-08,2026-09-15T05:00:00+00:00,UP
2026-09-03,0.11995582449062892,2026-09-02,2026-09-09,2026-09-15T05:00:00+00:00,UP
2026-09-04,0.20139179453753453,2026-09-03,2026-09-10,2026-09-17T05:00:00+00:00,UP
2026-09-05,0.15425216055627256,2026-09-04,2026-09-11,2026-09-17T05:00:00+00:00,UP
2026-09-06,0.15425216055627256,2026-09-04,2026-09-11,2026-09-17T05:00:00+00:00,UP
2026-09-07,0.15425216055627256,2026-09-04,2026-09-11,2026-09-17T05:00:00+00:00,UP
2026-09-08,0.18547558181271917,2026-09-04,2026-09-14,2026-09-22T05:00:00+00:00,UP
2026-09-09,0.2326954795401539,2026-09-08,2026-09-15,2026-09-22T05:00:00+00:00,UP
2026-09-10,0.167399382530802,2026-09-09,2026-09-16,2026-09-24T05:00:00+00:00,UP
2026-09-11,0.0018473396416651688,2026-09-10,2026-09-17,2026-09-24T05:00:00+00:00,FLAT
2026-09-12,0.01196592224262405,2026-09-11,2026-09-18,2026-09-24T05:00:00+00:00,FLAT
