date,predictionTimestamp,endDate,labelKnownAt,return_7d,target_class,frequency_DOWN,frequency_FLAT,frequency_UP,no_change_DOWN,no_change_FLAT,no_change_UP,momentum_DOWN,momentum_FLAT,momentum_UP,mean_reversion_DOWN,mean_reversion_FLAT,mean_reversion_UP,logistic_raw_DOWN,logistic_raw_FLAT,logistic_raw_UP,logistic_platt_DOWN,logistic_platt_FLAT,logistic_platt_UP,logistic_isotonic_DOWN,logistic_isotonic_FLAT,logistic_isotonic_UP,hist_classifier_raw_DOWN,hist_classifier_raw_FLAT,hist_classifier_raw_UP,hist_classifier_platt_DOWN,hist_classifier_platt_FLAT,hist_classifier_platt_UP,hist_classifier_isotonic_DOWN,hist_classifier_isotonic_FLAT,hist_classifier_isotonic_UP,residual_raw_DOWN,residual_raw_FLAT,residual_raw_UP,residual_platt_DOWN,residual_platt_FLAT,residual_platt_UP,residual_isotonic_DOWN,residual_isotonic_FLAT,residual_isotonic_UP,quantile_raw_DOWN,quantile_raw_FLAT,quantile_raw_UP,quantile_platt_DOWN,quantile_platt_FLAT,quantile_platt_UP,quantile_isotonic_DOWN,quantile_isotonic_FLAT,quantile_isotonic_UP,vol_historical_raw_DOWN,vol_historical_raw_FLAT,vol_historical_raw_UP,vol_historical_platt_DOWN,vol_historical_platt_FLAT,vol_historical_platt_UP,vol_historical_isotonic_DOWN,vol_historical_isotonic_FLAT,vol_historical_isotonic_UP
2020-01-09,2020-01-10T04:59:59+00:00,2020-01-16,2020-01-24T06:00:00+00:00,-0.04470709146968144,DOWN,0.3356164383561644,0.35684931506849316,0.30753424657534245,0.03356164383561644,0.9356849315068494,0.030753424657534247,0.03356164383561644,0.9356849315068494,0.030753424657534247,0.03356164383561644,0.9356849315068494,0.030753424657534247,0.16456060388815472,0.46241812901736795,0.3730212670944773,0.3534323025302085,0.44520433846131574,0.20136335900847577,0.18452380952380953,0.47156084656084657,0.34391534391534395,0.12051244589506442,0.4022231107003416,0.477264443404594,0.35503811332781293,0.308410859604262,0.336551027067925,0.18772297277453764,0.42978592282816996,0.3824911043972923,0.12876712328767123,0.263013698630137,0.6082191780821917,0.22116306718629797,0.4484793394590563,0.33035759335464576,0.19403189377865993,0.4533570597495038,0.35261104647183633,0.21381195980947548,0.3337242597070294,0.4524637804834951,0.28714392733527094,0.3298247482777972,0.38303132438693194,0.2018629986496693,0.33755979218639137,0.4605772091639393,0.32,0.464,0.21599999999999997,0.189081053857257,0.4567725997737339,0.3541463463690091,0.19507621972818137,0.5303343970352785,0.27458938323654014
2020-01-17,2020-01-18T04:59:59+00:00,2020-01-24,2020-01-30T06:00:00+00:00,-0.07043010752688172,DOWN,0.3356164383561644,0.35684931506849316,0.30753424657534245,0.03356164383561644,0.9356849315068494,0.030753424657534247,0.9335616438356165,0.035684931506849316,0.030753424657534247,0.03356164383561644,0.035684931506849316,0.9307534246575343,0.27601568369144347,0.45578496051538236,0.26819935579317417,0.26036263809319043,0.5241972567926844,0.21544010511412526,0.2576471878083543,0.6264507337854558,0.1159020784061898,0.15759722490480899,0.5114621135479802,0.33094066154721075,0.3559147062338367,0.4152259434630319,0.22885935030313143,0.21769949624257856,0.498416243408943,0.28388426034847836,0.2602739726027397,0.32876712328767127,0.410958904109589,0.20783022325209724,0.4806494915299041,0.31152028521799874,0.20660582147011908,0.451709622096161,0.3416845564337199,0.18291135487042381,0.4635512773595211,0.35353736777005507,0.2969695617793507,0.4297590025318528,0.2732714356887966,0.19803632942319074,0.49918812692535314,0.30277554365145604,0.236,0.45599999999999996,0.30800000000000005,0.28232998709163903,0.5590156938004601,0.15865431910790073,0.19507621972818137,0.5303343970352785,0.27458938323654014
2020-01-27,2020-01-28T04:59:59+00:00,2020-02-03,2020-02-06T06:00:00+00:00,-0.054786273329319624,DOWN,0.3356164383561644,0.35684931506849316,0.30753424657534245,0.03356164383561644,0.9356849315068494,0.030753424657534247,0.9335616438356165,0.035684931506849316,0.030753424657534247,0.03356164383561644,0.035684931506849316,0.9307534246575343,0.19857605499023048,0.4439345638693743,0.3574893811403952,0.302041251112051,0.4661757871075945,0.23178296178035449,0.18452380952380953,0.47156084656084657,0.34391534391534395,0.20737316165215533,0.522155744967219,0.27047109338062575,0.31618375318535213,0.48793859052465915,0.1958776562899887,0.25352467805839213,0.5804368858461847,0.16603843609542304,0.17534246575342466,0.3315068493150685,0.4931506849315068,0.20930366047532775,0.45144443923259486,0.33925190029207736,0.20660582147011908,0.451709622096161,0.3416845564337199,0.19640940007318208,0.4486011017412067,0.3549894981856112,0.284076077128561,0.43350945982901484,0.2824144630424241,0.19970433694552756,0.4949699212355325,0.3053257418189399,0.264,0.45599999999999996,0.28,0.2543396137791193,0.5342839923680254,0.21137639385285534,0.19507621972818137,0.5303343970352785,0.27458938323654014
2020-02-04,2020-02-05T04:59:59+00:00,2020-02-11,2020-02-21T06:00:00+00:00,0.025851197982345475,UP,0.3356164383561644,0.35684931506849316,0.30753424657534245,0.03356164383561644,0.9356849315068494,0.030753424657534247,0.9335616438356165,0.035684931506849316,0.030753424657534247,0.03356164383561644,0.035684931506849316,0.9307534246575343,0.19619999579641315,0.36360927171581364,0.44019073248777313,0.26676023794076237,0.4141536482430616,0.319086113816176,0.20069591983538818,0.42524716864345813,0.3740569115211536,0.2712906630847976,0.2151633391119366,0.5135459978032658,0.17669822125611792,0.32452998855148196,0.4987717901924002,0.23354238735668872,0.2906080970332732,0.475849515610038,0.12602739726027398,0.26575342465753427,0.6082191780821917,0.22245950079938814,0.44571604010452015,0.3318244590960917,0.19403189377865993,0.4533570597495038,0.35261104647183633,0.28643726922369583,0.18214644230596505,0.5314162884703391,0.2710771210928146,0.2221732888411196,0.5067495900660658,0.21094548781144054,0.30775439918204806,0.48130011300651127,0.288,0.35600000000000004,0.356,0.29273350544168814,0.5054802784620598,0.201786216096252,0.23046655079543882,0.44512861847864504,0.3244048307259161
2020-02-12,2020-02-13T04:59:59+00:00,2020-02-19,2020-02-27T06:00:00+00:00,0.016090584028605637,UP,0.3356164383561644,0.35684931506849316,0.30753424657534245,0.03356164383561644,0.9356849315068494,0.030753424657534247,0.9335616438356165,0.035684931506849316,0.030753424657534247,0.03356164383561644,0.035684931506849316,0.9307534246575343,0.3301378241111925,0.4913598765828284,0.17850229930597894,0.2826121930567329,0.5711080063509724,0.14627980059229476,0.2576471878083543,0.6264507337854558,0.1159020784061898,0.2447277679877056,0.31872229574343935,0.43654993626885513,0.2327232621980448,0.398011057882734,0.3692656799192212,0.1982954133231799,0.39767182223730313,0.404032764439517,0.4328767123287671,0.3178082191780822,0.24931506849315066,0.2713376004557234,0.49574520819995005,0.2329171913443265,0.3854625550660793,0.47577092511013214,0.13876651982378854,0.3730609247065585,0.21505284096189403,0.4118862343315475,0.22460157025965058,0.33118422859915736,0.44421420114119203,0.22323462414578588,0.30296127562642367,0.47380410022779046,0.332,0.35200000000000004,0.31599999999999995,0.25156565209545767,0.4647806463315892,0.2836537015729532,0.23046655079543882,0.44512861847864504,0.3244048307259161
2020-02-20,2020-02-21T04:59:59+00:00,2020-02-27,2020-03-12T05:00:00+00:00,-0.12684365781710916,DOWN,0.3356164383561644,0.35684931506849316,0.30753424657534245,0.03356164383561644,0.9356849315068494,0.030753424657534247,0.03356164383561644,0.035684931506849316,0.9307534246575343,0.9335616438356165,0.035684931506849316,0.030753424657534247,0.5109238578902903,0.3096504828056897,0.17942565930402007,0.1929728470147593,0.5340768043568966,0.2729503486283441,0.3415421881308034,0.5312878482034719,0.12716996366572467,0.49191664555726217,0.20998744504288192,0.298095909399856,0.14331302619663228,0.48551477221580663,0.3711722015875611,0.28181975278311583,0.3506819596632987,0.36749828755358555,0.4328767123287671,0.3178082191780822,0.24931506849315066,0.2713376004557234,0.49574520819995005,0.2329171913443265,0.3854625550660793,0.47577092511013214,0.13876651982378854,0.4085411624859557,0.2720611742627605,0.3193976632512838,0.1981579361295015,0.4552130743104028,0.3466289895600957,0.30434782608695654,0.4130434782608696,0.28260869565217395,0.428,0.316,0.256,0.17712996129335948,0.3497287403841041,0.4731412983225364,0.2994932432432432,0.3660472972972973,0.3344594594594595
2020-02-28,2020-02-29T04:59:59+00:00,2020-03-06,2020-03-12T05:00:00+00:00,-0.05387205387205396,DOWN,0.3356164383561644,0.35684931506849316,0.30753424657534245,0.03356164383561644,0.9356849315068494,0.030753424657534247,0.9335616438356165,0.035684931506849316,0.030753424657534247,0.03356164383561644,0.035684931506849316,0.9307534246575343,0.2989900566852947,0.3922011051535154,0.3088088381611899,0.21757323913141302,0.4919791981928171,0.29044756267576977,0.22596466643311144,0.4555327561183124,0.31850257744857613,0.22898393678327983,0.34609384479629524,0.424922218420425,0.25022047881071974,0.40360238074066845,0.3461771404486118,0.18772297277453764,0.42978592282816996,0.3824911043972923,0.25753424657534246,0.32876712328767127,0.41369863013698627,0.20750828131927065,0.4799794382247727,0.3125122804559567,0.20660582147011908,0.451709622096161,0.3416845564337199,0.24294104735228736,0.4773161167333053,0.2797428359144073,0.23466687876968365,0.5361195180963988,0.22921360313391753,0.22129259950672464,0.5578099663428127,0.2208974341504626,0.436,0.284,0.28,0.1915596498020636,0.3470852230000398,0.46135512719789656,0.4224877450980392,0.3017769607843137,0.2757352941176471
2020-03-09,2020-03-10T03:59:59+00:00,2020-03-16,2020-03-26T05:00:00+00:00,-0.11844331641285943,DOWN,0.3356164383561644,0.35684931506849316,0.30753424657534245,0.03356164383561644,0.9356849315068494,0.030753424657534247,0.9335616438356165,0.035684931506849316,0.030753424657534247,0.03356164383561644,0.035684931506849316,0.9307534246575343,0.27361595132835187,0.27496250933802285,0.4514215393336253,0.1747894724243066,0.36643944450738825,0.4587710830683052,0.23128081967912006,0.35859540422629277,0.4101237760945871,0.1814997400835565,0.2198796045787798,0.5986206553376637,0.20910744122206384,0.2583283219779419,0.5325642367999943,0.23354238735668872,0.2906080970332732,0.475849515610038,0.11506849315068493,0.25479452054794516,0.6301369863013699,0.229428212776833,0.44158530974935584,0.3289864774738112,0.19403189377865993,0.4533570597495038,0.35261104647183633,0.300780781252655,0.15407981838262647,0.5451394003647185,0.2737112570512692,0.1972972023574407,0.52899154059129,0.21094548781144054,0.30775439918204806,0.48130011300651127,0.436,0.304,0.26,0.17737868522749625,0.342283941856985,0.4803373729155187,0.4224877450980392,0.3017769607843137,0.2757352941176471
2020-03-18,2020-03-19T03:59:59+00:00,2020-03-25,2020-04-02T05:00:00+00:00,0.04593301435406705,UP,0.3356164383561644,0.35684931506849316,0.30753424657534245,0.03356164383561644,0.9356849315068494,0.030753424657534247,0.9335616438356165,0.035684931506849316,0.030753424657534247,0.03356164383561644,0.035684931506849316,0.9307534246575343,0.6999564482668477,0.14198044512585273,0.15806310660729964,0.1676324853856035,0.3996467225783518,0.4327207920360447,0.8245614021489689,1.6491228042979379e-09,0.17543859620190827,0.4889494299226314,0.25167515493677534,0.2593754151405933,0.15719277626875788,0.5389117060808635,0.30389551765037864,0.3449145740167412,0.4291938997821351,0.22589152620112374,0.547945205479452,0.304109589041096,0.147945205479452,0.3927564533373501,0.44984790579551764,0.15739564086713226,0.5223880591557141,0.47761193979950994,1.044776118311428e-09,0.4326540815859974,0.21287149922187376,0.35447441919212885,0.2087075214704729,0.382835237899867,0.40845724062966005,0.2645947081058379,0.35909281814363714,0.376312473750525,0.436,0.2,0.364,0.25512119782422044,0.3458298547526279,0.3990489474231516,0.4496250407564395,0.2569285947179654,0.293446364525595
2020-03-26,2020-03-27T03:59:59+00:00,2020-04-02,2020-04-09T05:00:00+00:00,-0.05986903648269415,DOWN,0.3356164383561644,0.35684931506849316,0.30753424657534245,0.03356164383561644,0.9356849315068494,0.030753424657534247,0.9335616438356165,0.035684931506849316,0.030753424657534247,0.03356164383561644,0.035684931506849316,0.9307534246575343,0.6162396278685651,0.00016594252543540962,0.3835944296059995,0.01160162792184515,0.0006114269071143539,0.9877869451710405,0.5438596485312405,1.0877192970624809e-09,0.4561403503810404,0.6395189727178335,0.18571224328031297,0.17476878400185353,0.1284543042673448,0.5808613510717424,0.29068434466091275,0.3449145740167412,0.4291938997821351,0.22589152620112374,0.04657534246575343,0.1917808219178082,0.7616438356164383,0.33617713225149276,0.37555179689606716,0.28827107085244014,0.21015543119640623,0.40793247655530984,0.3819120922482839,0.5028409188825997,0.19172998551750564,0.3054290955998946,0.20208626921713574,0.41686123932958274,0.38105249145328157,0.30434782608695654,0.4130434782608696,0.28260869565217395,0.428,0.13999999999999996,0.43200000000000005,0.31828848237531177,0.3284135609764933,0.35329795664819497,0.3231509495862647,0.31596981737323665,0.36087923304049874
2020-04-03,2020-04-04T03:59:59+00:00,2020-04-13,2020-04-16T05:00:00+00:00,-0.0911552346570399,DOWN,0.3356164383561644,0.35684931506849316,0.30753424657534245,0.03356164383561644,0.9356849315068494,0.030753424657534247,0.9335616438356165,0.035684931506849316,0.030753424657534247,0.03356164383561644,0.035684931506849316,0.9307534246575343,0.35879424229544454,0.0007830235906976146,0.6404227341138579,0.01930810974988772,0.0018557422331275167,0.9788361480169848,0.3605849113810689,1.5247590538399485e-09,0.6394150870941719,0.6762383410721049,0.18568651520508822,0.13807514372280685,0.1279112728192195,0.6215666204354371,0.2505221067453433,0.3612345382490693,0.44950162123213644,0.1892638405187943,1e-09,1e-09,0.9999999980000001,0.9999999958963013,3.1036986704995534e-09,9.999999990000822e-10,0.3549517960256352,1.814198068575469e-09,0.6450482021601667,0.5763448225970468,0.13971660757599136,0.28393856982696186,0.2175040904018492,0.38490253486961873,0.39759337472853207,0.30656934306569344,0.40875912408759124,0.28467153284671537,0.428,0.13999999999999996,0.43200000000000005,0.31828848237531177,0.3284135609764933,0.35329795664819497,0.3231509495862647,0.31596981737323665,0.36087923304049874
2020-04-14,2020-04-15T03:59:59+00:00,2020-04-21,2020-04-30T05:00:00+00:00,-0.21725571725571724,DOWN,0.3356164383561644,0.35684931506849316,0.30753424657534245,0.03356164383561644,0.9356849315068494,0.030753424657534247,0.03356164383561644,0.035684931506849316,0.9307534246575343,0.9335616438356165,0.035684931506849316,0.030753424657534247,0.016698246035067477,0.0014063795862441842,0.9818953743786883,0.8060421277182093,0.002207040593303484,0.1917508316884873,0.3491864825619634,1.5519399224976152e-09,0.6508135158860967,0.5220668929162149,0.15076781166990208,0.32716529541388306,0.11708372110538173,0.41172603189765816,0.4711902469969602,0.28181975278311583,0.3506819596632987,0.36749828755358555,1e-09,0.03835616434520548,0.9616438346547945,0.9999896021720012,1.8356875014422523e-06,8.562140497337213e-06,0.3549517960256352,1.814198068575469e-09,0.6450482021601667,0.3457697731805718,0.22131928233532738,0.43291094448410083,0.23242091939731502,0.31680410699385,0.45077497360883506,0.21094548781144054,0.30775439918204806,0.48130011300651127,0.436,0.12000000000000005,0.44399999999999995,0.33075158598540727,0.3097174869877754,0.35953092702681727,0.4496250407564395,0.2569285947179654,0.293446364525595
2020-04-22,2020-04-23T03:59:59+00:00,2020-04-29,2020-05-07T05:00:00+00:00,-0.08730158730158732,DOWN,0.3356164383561644,0.35684931506849316,0.30753424657534245,0.03356164383561644,0.9356849315068494,0.030753424657534247,0.9335616438356165,0.035684931506849316,0.030753424657534247,0.03356164383561644,0.035684931506849316,0.9307534246575343,0.7777580220199481,0.02489580353588237,0.19734617444416946,0.09700264808464693,0.1042392803304382,0.7987580715849149,0.8245614021489689,1.6491228042979379e-09,0.17543859620190827,0.5724865587536395,0.19963322071603995,0.2278802205303204,0.13498738303076685,0.5391035411574305,0.3259090758118027,0.3449145740167412,0.4291938997821351,0.22589152620112374,0.12054794520547946,0.26575342465753427,0.6136986301369862,0.2254674470572487,0.4419078719402549,0.3326246810024965,0.19403189377865993,0.4533570597495038,0.35261104647183633,0.43546726576441,0.18462067096248097,0.379912063273109,0.2174691653592392,0.33756135547434113,0.4449694791664197,0.2645947081058379,0.35909281814363714,0.376312473750525,0.428,0.14799999999999996,0.42400000000000004,0.31024707254797745,0.3329810796259823,0.3567718478260403,0.3231509495862647,0.31596981737323665,0.36087923304049874
2020-05-29,2020-05-30T03:59:59+00:00,2020-06-05,2020-06-11T05:00:00+00:00,0.15078534031413615,UP,0.3356164383561644,0.35684931506849316,0.30753424657534245,0.03356164383561644,0.9356849315068494,0.030753424657534247,0.03356164383561644,0.035684931506849316,0.9307534246575343,0.9335616438356165,0.035684931506849316,0.030753424657534247,0.0025787522665893497,0.0027542538945864465,0.9946669938388242,0.9946161020984663,0.0003191016833012914,0.005064796218232407,0.3491864825619634,1.5519399224976152e-09,0.6508135158860967,0.07176616601851418,0.14367094742189135,0.7845628865595945,0.21785317005409502,0.10653027486146172,0.6756165550844433,0.23354238735668872,0.2906080970332732,0.475849515610038,0.0027397260273972603,0.043835616438356165,0.9534246575342465,0.8652729938190666,0.09112604364430904,0.04360096253662437,0.3549517960256352,1.814198068575469e-09,0.6450482021601667,0.18077528366107284,0.23974355680875,0.5794811595301772,0.3413877413423687,0.20605068868789828,0.45256156996973307,0.21094548781144054,0.30775439918204806,0.48130011300651127,0.428,0.13999999999999996,0.43200000000000005,0.31828848237531177,0.3284135609764933,0.35329795664819497,0.3231509495862647,0.31596981737323665,0.36087923304049874
2020-06-08,2020-06-09T03:59:59+00:00,2020-06-15,2020-06-18T05:00:00+00:00,0.048327137546468224,UP,0.3356164383561644,0.35684931506849316,0.30753424657534245,0.03356164383561644,0.9356849315068494,0.030753424657534247,0.03356164383561644,0.035684931506849316,0.9307534246575343,0.9335616438356165,0.035684931506849316,0.030753424657534247,0.012940931843103068,0.019143288511234067,0.9679157796456629,0.9307164917706702,0.009248636165565484,0.06003487206376435,0.3491864825619634,1.5519399224976152e-09,0.6508135158860967,0.11633064904486626,0.29938798682685974,0.584281364128274,0.30436969903419425,0.24880016193938756,0.44683013902641827,0.20687306231168945,0.3716169599580804,0.42150997773023013,0.0136986301369863,0.11780821917808218,0.8684931506849315,0.5694198549869355,0.25255714959436937,0.17802299541869532,0.26400316331018636,0.2562281250940182,0.4797687115957955,0.18489568241592522,0.23324061962946394,0.5818636979546108,0.3381293819737428,0.20352954770964712,0.45834107031661014,0.21094548781144054,0.30775439918204806,0.48130011300651127,0.428,0.14799999999999996,0.42400000000000004,0.31024707254797745,0.3329810796259823,0.3567718478260403,0.3231509495862647,0.31596981737323665,0.36087923304049874
2020-06-16,2020-06-17T03:59:59+00:00,2020-06-23,2020-07-02T05:00:00+00:00,0.017736486486486625,UP,0.3356164383561644,0.35684931506849316,0.30753424657534245,0.03356164383561644,0.9356849315068494,0.030753424657534247,0.03356164383561644,0.035684931506849316,0.9307534246575343,0.9335616438356165,0.035684931506849316,0.030753424657534247,0.20082305068267112,0.1670858797139533,0.6320910696033757,0.18254476216820925,0.2318042728635997,0.585650964968191,0.3491864825619634,1.5519399224976152e-09,0.6508135158860967,0.1890348584596962,0.21369878921625382,0.59726635232405,0.20186118714755105,0.25906236912270875,0.5390764437297402,0.23354238735668872,0.2906080970332732,0.475849515610038,0.273972602739726,0.3397260273972603,0.38630136986301367,0.2126469239363813,0.48004250415712135,0.3073105719064974,0.19821198453608246,0.4739851804123711,0.32780283505154634,0.19644477239485258,0.17584636546440502,0.6277088621407424,0.34236063734314953,0.15991207635818244,0.49772728629866814,0.21094548781144054,0.30775439918204806,0.48130011300651127,0.416,0.16399999999999998,0.42000000000000004,0.30797215567762665,0.35011271625950685,0.3419151280628665,0.2874681014573102,0.33262745026755897,0.37990444827513087
2020-06-24,2020-06-25T03:59:59+00:00,2020-07-01,2020-07-09T05:00:00+00:00,0.03537532355478845,UP,0.3356164383561644,0.35684931506849316,0.30753424657534245,0.03356164383561644,0.9356849315068494,0.030753424657534247,0.03356164383561644,0.035684931506849316,0.9307534246575343,0.9335616438356165,0.035684931506849316,0.030753424657534247,0.44444659574632844,0.11495401766443518,0.4405993865892365,0.08524921995601135,0.19766559614123586,0.7170851839027529,0.3605849113810689,1.5247590538399485e-09,0.6394150870941719,0.5588885883467285,0.17811904572692266,0.2629923659263489,0.12779279005095476,0.4910683651558199,0.3811388447932254,0.3449145740167412,0.4291938997821351,0.22589152620112374,0.18904109589041096,0.33150684931506846,0.4794520547945206,0.2074274045528939,0.45721349816772705,0.33535909727937907,0.20660582147011908,0.451709622096161,0.3416845564337199,0.4439112649504557,0.15542551395610554,0.40066322109343877,0.2269067705568014,0.29450566923296695,0.4785875602102317,0.22323462414578588,0.30296127562642367,0.47380410022779046,0.416,0.16399999999999998,0.42000000000000004,0.30797215567762665,0.35011271625950685,0.3419151280628665,0.2874681014573102,0.33262745026755897,0.37990444827513087
2020-07-02,2020-07-03T03:59:59+00:00,2020-07-09,2020-07-16T05:00:00+00:00,-0.0032653061224490187,FLAT,0.3356164383561644,0.35684931506849316,0.30753424657534245,0.03356164383561644,0.9356849315068494,0.030753424657534247,0.9335616438356165,0.035684931506849316,0.030753424657534247,0.03356164383561644,0.035684931506849316,0.9307534246575343,0.3047855515372961,0.209222448286213,0.48599200017649097,0.13841418606059808,0.2986757798111643,0.5629100341282377,0.23128081967912006,0.35859540422629277,0.4101237760945871,0.18050304198262013,0.20141367162755883,0.618083286389821,0.1972319322121193,0.24097190799765425,0.5617961597902265,0.23354238735668872,0.2906080970332732,0.475849515610038,0.15342465753424658,0.3178082191780822,0.5287671232876712,0.21276787956120644,0.4451476778399462,0.3420844425988474,0.19403189377865993,0.4533570597495038,0.35261104647183633,0.2707162828986254,0.2674421426498656,0.461841574451509,0.2574893900708711,0.3111063233283618,0.43140428660076713,0.21094548781144054,0.30775439918204806,0.48130011300651127,0.384,0.21199999999999997,0.404,0.29998178055445784,0.3945175623624353,0.30550065708310686,0.2747227896668953,0.33857727591379533,0.3866999344193094
2020-07-10,2020-07-11T03:59:59+00:00,2020-07-17,2020-07-23T05:00:00+00:00,-0.011308562197092087,FLAT,0.3356164383561644,0.35684931506849316,0.30753424657534245,0.03356164383561644,0.9356849315068494,0.030753424657534247,0.03356164383561644,0.035684931506849316,0.9307534246575343,0.9335616438356165,0.035684931506849316,0.030753424657534247,0.5343720383985874,0.1712439633513337,0.2943839982500789,0.11429321050030473,0.3296232445098185,0.5560835449898768,0.687798503063044,1.4010493386817874e-09,0.31220149553590665,0.4018742001973717,0.20013016486130877,0.39799563494131956,0.14762697588305496,0.40205976478906397,0.45031325932788097,0.23354238735668872,0.2906080970332732,0.475849515610038,0.29041095890410956,0.33972602739726027,0.36986301369863017,0.21601699836717897,0.48322921092203214,0.30075379071078884,0.2830188679245283,0.5660377358490566,0.1509433962264151,0.3813166764385061,0.191658520111616,0.4270248034498779,0.2291457586321487,0.30316750687026206,0.4676867344975893,0.22323462414578588,0.30296127562642367,0.47380410022779046,0.4,0.21599999999999997,0.384,0.28004668293333573,0.3824140312797752,0.33753928578688913,0.2747227896668953,0.33857727591379533,0.3866999344193094
2020-07-20,2020-07-21T03:59:59+00:00,2020-07-27,2020-07-30T05:00:00+00:00,0.020177562550443895,UP,0.3356164383561644,0.35684931506849316,0.30753424657534245,0.03356164383561644,0.9356849315068494,0.030753424657534247,0.9335616438356165,0.035684931506849316,0.030753424657534247,0.03356164383561644,0.035684931506849316,0.9307534246575343,0.2851173635238129,0.31472319198462,0.4001594444915672,0.18602465082162992,0.41249655954551345,0.4014787896328566,0.21493187771003455,0.4039354654106046,0.3811326568793608,0.2070525232644939,0.1921976764268181,0.6007498003086881,0.1810998571691229,0.2524926091303141,0.566407533700563,0.23354238735668872,0.2906080970332732,0.475849515610038,0.1452054794520548,0.30136986301369867,0.5534246575342466,0.21430265824901562,0.4458640224721295,0.3398333192788549,0.19403189377865993,0.4533570597495038,0.35261104647183633,0.2241833335370209,0.318570872592456,0.4572457938705231,0.28074638744886327,0.3244650314769848,0.394788581074152,0.2018629986496693,0.33755979218639137,0.4605772091639393,0.436,0.27599999999999997,0.28800000000000003,0.19729309039090878,0.34843931069321393,0.45426759891587737,0.4224877450980392,0.3017769607843137,0.2757352941176471
2020-07-28,2020-07-29T03:59:59+00:00,2020-08-04,2020-08-13T05:00:00+00:00,0.004003202562049557,FLAT,0.3356164383561644,0.35684931506849316,0.30753424657534245,0.03356164383561644,0.9356849315068494,0.030753424657534247,0.03356164383561644,0.035684931506849316,0.9307534246575343,0.9335616438356165,0.035684931506849316,0.030753424657534247,0.32954972077465083,0.2972386164679757,0.3732116627573735,0.16584400183256578,0.41212604061737346,0.4220299575500608,0.22595878714378295,0.37335484745102027,0.4006863654051967,0.30250954715260886,0.38733631047056766,0.31015414237682354,0.23330424986027348,0.5058752717741655,0.2608204783655611,0.21769949624257856,0.498416243408943,0.28388426034847836,0.2136986301369863,0.3342465753424657,0.452054794520548,0.20636940843027105,0.4654357227003287,0.32819486886940025,0.20660582147011908,0.451709622096161,0.3416845564337199,0.3473681856596623,0.37313758511465367,0.279494229225684,0.19566021756336124,0.5369112586518041,0.2674285237848346,0.25194961007798444,0.4965506898620276,0.251499700059988,0.4,0.32399999999999995,0.276,0.20045613740740748,0.3858260470490317,0.41371781554356085,0.25328375842657586,0.39019389811661687,0.35652234345680733
2020-08-05,2020-08-06T03:59:59+00:00,2020-08-12,2020-08-20T05:00:00+00:00,-0.01267828843106178,FLAT,0.3356164383561644,0.35684931506849316,0.30753424657534245,0.03356164383561644,0.9356849315068494,0.030753424657534247,0.03356164383561644,0.035684931506849316,0.9307534246575343,0.9335616438356165,0.035684931506849316,0.030753424657534247,0.3777902744175495,0.34671933516023656,0.275490390422214,0.18466759145229394,0.4916709998805354,0.32366140866717075,0.300371279595853,0.5645072937166508,0.1351214266874962,0.3139474019392425,0.4739639681891563,0.21208862987160126,0.24800896764954616,0.5784385258990585,0.17355250645139536,0.25352467805839213,0.5804368858461847,0.16603843609542304,0.24383561643835616,0.3397260273972603,0.4164383561643835,0.208599246764166,0.47281174022050737,0.3185890130153266,0.19821198453608246,0.4739851804123711,0.32780283505154634,0.3622587262485646,0.2946499789254302,0.3430912948260052,0.20788246743128103,0.43869910127325284,0.35341843129546613,0.2545903854510702,0.3697701237526187,0.3756394907963111,0.352,0.33599999999999997,0.31200000000000006,0.24188267912461853,0.44321569793219134,0.31490162294319013,0.23046655079543882,0.44512861847864504,0.3244048307259161
2020-08-13,2020-08-14T03:59:59+00:00,2020-08-20,2020-08-27T05:00:00+00:00,0.0032653061224490187,FLAT,0.3356164383561644,0.35684931506849316,0.30753424657534245,0.03356164383561644,0.9356849315068494,0.030753424657534247,0.03356164383561644,0.9356849315068494,0.030753424657534247,0.03356164383561644,0.9356849315068494,0.030753424657534247,0.1860789908586146,0.3328159195757043,0.4811050895656811,0.26514741499453226,0.3855327779203085,0.34931980708515925,0.20664965846432395,0.408196856225825,0.3851534853098511,0.08122218668799992,0.4623200971775495,0.4564577161344506,0.44286228100910513,0.2658390712502791,0.29129864774061576,0.18772297277453764,0.42978592282816996,0.3824911043972923,0.13150684931506848,0.26575342465753427,0.6027397260273972,0.21971134505791506,0.44933656039707487,0.3309520945450101,0.19403189377865993,0.4533570597495038,0.35261104647183633,0.16647841551596093,0.2914956173894907,0.5420259670945484,0.3483799830897187,0.23905733009493293,0.41256268681534836,0.20891513355646035,0.3144172760024728,0.4766675904410667,0.344,0.344,0.31200000000000006,0.24466886809356486,0.45187606224404503,0.3034550696623902,0.23046655079543882,0.44512861847864504,0.3244048307259161
2020-08-21,2020-08-22T03:59:59+00:00,2020-08-28,2020-09-03T05:00:00+00:00,0.0008312551953448821,FLAT,0.3356164383561644,0.35684931506849316,0.30753424657534245,0.03356164383561644,0.9356849315068494,0.030753424657534247,0.03356164383561644,0.9356849315068494,0.030753424657534247,0.03356164383561644,0.9356849315068494,0.030753424657534247,0.14160066672805766,0.4146457748701798,0.4437535584017626,0.37070585844422344,0.4010028877740374,0.2282912537817391,0.20069591983538818,0.42524716864345813,0.3740569115211536,0.10791734431187516,0.3653729366309944,0.5267097190571305,0.3520727957465087,0.2720208181670854,0.37590638608640586,0.18772297277453764,0.42978592282816996,0.3824911043972923,0.08767123287671233,0.22465753424657534,0.6876712328767123,0.25598581404049564,0.4274316280018867,0.31658255795761775,0.19403189377865993,0.4533570597495038,0.35261104647183633,0.19825913160491276,0.25221219917599935,0.5495286692190879,0.3188759503052167,0.23207091380777248,0.44905313588701073,0.21094548781144054,0.30775439918204806,0.48130011300651127,0.352,0.33599999999999997,0.31200000000000006,0.24188267912461853,0.44321569793219134,0.31490162294319013,0.23046655079543882,0.44512861847864504,0.3244048307259161
2020-08-31,2020-09-01T03:59:59+00:00,2020-09-08,2020-09-11T05:00:00+00:00,-0.10370994940978073,DOWN,0.3356164383561644,0.35684931506849316,0.30753424657534245,0.03356164383561644,0.9356849315068494,0.030753424657534247,0.03356164383561644,0.9356849315068494,0.030753424657534247,0.03356164383561644,0.9356849315068494,0.030753424657534247,0.3483133412609156,0.3151613550876552,0.33652530365142924,0.170612251437913,0.4410624246445619,0.38832532391752506,0.2187803861647451,0.41116821780802887,0.37005139602722603,0.19398624353479751,0.44998108281173077,0.3560326736534718,0.30634618712555495,0.4315971232898839,0.26205668958456113,0.21769949624257856,0.498416243408943,0.28388426034847836,0.32054794520547947,0.3397260273972602,0.3397260273972603,0.2244029320047865,0.48765808406482697,0.2879389839303866,0.3690036900369003,0.49815498154981547,0.1328413284132841,0.26302937719505165,0.34836073054573985,0.3886098922592085,0.2458409904027598,0.40137804991778825,0.35278095967945194,0.20300310624855608,0.3394663054489743,0.4575305883024696,0.352,0.33599999999999997,0.31200000000000006,0.24188267912461853,0.44321569793219134,0.31490162294319013,0.23046655079543882,0.44512861847864504,0.3244048307259161
2020-09-09,2020-09-10T03:59:59+00:00,2020-09-16,2020-09-24T05:00:00+00:00,0.026728110599078425,UP,0.3356164383561644,0.35684931506849316,0.30753424657534245,0.03356164383561644,0.9356849315068494,0.030753424657534247,0.9335616438356165,0.035684931506849316,0.030753424657534247,0.03356164383561644,0.035684931506849316,0.9307534246575343,0.1531646678694097,0.41816908605270486,0.4286662460778854,0.35061944127640604,0.41457260135067875,0.2348079573729151,0.20069591983538818,0.42524716864345813,0.3740569115211536,0.05461351513988597,0.317076558733489,0.6283099261266251,0.4147533259869831,0.16362469707380548,0.42162197693921144,0.20687306231168945,0.3716169599580804,0.42150997773023013,0.12054794520547946,0.26301369863013696,0.6164383561643836,0.22559580997567696,0.44282933060556506,0.3315748594187579,0.19403189377865993,0.4533570597495038,0.35261104647183633,0.16182866975658716,0.26374419906247937,0.5744271311809335,0.360620799388838,0.21054184276246657,0.4288373578486955,0.21094548781144054,0.30775439918204806,0.48130011300651127,0.332,0.328,0.33999999999999997,0.2676481590063572,0.46370213368031216,0.2686497073133308,0.23046655079543882,0.44512861847864504,0.3244048307259161
2020-09-17,2020-09-18T03:59:59+00:00,2020-09-24,2020-10-01T05:00:00+00:00,-0.03540587219343694,DOWN,0.3356164383561644,0.35684931506849316,0.30753424657534245,0.03356164383561644,0.9356849315068494,0.030753424657534247,0.9335616438356165,0.035684931506849316,0.030753424657534247,0.03356164383561644,0.035684931506849316,0.9307534246575343,0.2428585200057906,0.20691620145064807,0.5502252785435614,0.1654801897987592,0.2832018291128928,0.551317981088348,0.23128081967912006,0.35859540422629277,0.4101237760945871,0.29014924984362594,0.1743117613046447,0.5355389888517293,0.14974663569084448,0.2900671696011857,0.5601861947079698,0.23354238735668872,0.2906080970332732,0.475849515610038,0.13972602739726028,0.29315068493150687,0.5671232876712329,0.21604141774884186,0.44533855817796714,0.3386200240731911,0.19403189377865993,0.4533570597495038,0.35261104647183633,0.4032121211743446,0.14754888071258343,0.449238998113072,0.2393430224792179,0.2516603075062477,0.5089966700145344,0.22323462414578588,0.30296127562642367,0.47380410022779046,0.436,0.3,0.264,0.1802005245164328,0.34340928622644745,0.47639018925711984,0.4224877450980392,0.3017769607843137,0.2757352941176471
2020-09-25,2020-09-26T03:59:59+00:00,2020-10-02,2020-10-08T05:00:00+00:00,-0.034605146406388565,DOWN,0.3356164383561644,0.35684931506849316,0.30753424657534245,0.03356164383561644,0.9356849315068494,0.030753424657534247,0.03356164383561644,0.035684931506849316,0.9307534246575343,0.9335616438356165,0.035684931506849316,0.030753424657534247,0.3418627262482163,0.2064646268492484,0.4516726469025353,0.12802999484668834,0.30463143889772054,0.5673385662555911,0.23128081967912006,0.35859540422629277,0.4101237760945871,0.2780967119781359,0.19128972621870902,0.5306135618031551,0.1619841273618831,0.30253814258190903,0.5354777300562078,0.23354238735668872,0.2906080970332732,0.475849515610038,0.2328767123287671,0.32876712328767127,0.4383561643835616,0.20560936695233561,0.4732789419677661,0.32111169107989845,0.20660582147011908,0.451709622096161,0.3416845564337199,0.36696799449948814,0.2127806196824592,0.42025138581805266,0.22726570691299633,0.32259129509742185,0.4501429979895818,0.22323462414578588,0.30296127562642367,0.47380410022779046,0.444,0.24000000000000005,0.31599999999999995,0.21545167801507634,0.3418589739061364,0.4426893480787873,0.42764994107796317,0.2932456738820319,0.279104385040005
2020-10-05,2020-10-06T03:59:59+00:00,2020-10-12,2020-10-16T05:00:00+00:00,0.020175438596491402,UP,0.3356164383561644,0.35684931506849316,0.30753424657534245,0.03356164383561644,0.9356849315068494,0.030753424657534247,0.03356164383561644,0.9356849315068494,0.030753424657534247,0.03356164383561644,0.9356849315068494,0.030753424657534247,0.27217559916165956,0.23166969264634737,0.4961547081919931,0.15903490725136998,0.3177532664656883,0.5232118262829418,0.23128081967912006,0.35859540422629277,0.4101237760945871,0.3587912903517206,0.19617212001895457,0.44503658962932496,0.15106263581023593,0.36554433487565635,0.4833930293141077,0.23354238735668872,0.2906080970332732,0.475849515610038,0.1780821917808219,0.3315068493150685,0.4904109589041096,0.20886414644396634,0.45264346621636764,0.3384923873396661,0.20660582147011908,0.451709622096161,0.3416845564337199,0.4026629385157029,0.20742033552573436,0.38991672595856275,0.21805117981868694,0.34566671662464094,0.4362821035566723,0.22323462414578588,0.30296127562642367,0.47380410022779046,0.404,0.276,0.31999999999999995,0.23035583245413116,0.38626129077480026,0.3833828767710685,0.25328375842657586,0.39019389811661687,0.35652234345680733
2020-10-13,2020-10-14T03:59:59+00:00,2020-10-20,2020-10-29T05:00:00+00:00,0.0025553662691653045,FLAT,0.3356164383561644,0.35684931506849316,0.30753424657534245,0.03356164383561644,0.9356849315068494,0.030753424657534247,0.03356164383561644,0.9356849315068494,0.030753424657534247,0.03356164383561644,0.9356849315068494,0.030753424657534247,0.21666326481397621,0.16136740384359843,0.6219693313424254,0.16640726277345835,0.22691372124560275,0.606679015980939,0.3491864825619634,1.5519399224976152e-09,0.6508135158860967,0.37562495766714044,0.15671863428579755,0.4676564080470621,0.12852289726428176,0.32099794210076543,0.5504791606349528,0.23354238735668872,0.2906080970332732,0.475849515610038,0.06575342465753424,0.2191780821917808,0.715068493150685,0.2865038157413624,0.4018894361965967,0.3116067480620408,0.195394718007064,0.4495175969233086,0.3550876850696274,0.34645335463018695,0.19297244741016312,0.46057419795964993,0.2404543939050067,0.27795729044124123,0.481588315653752,0.21094548781144054,0.30775439918204806,0.48130011300651127,0.464,0.176,0.36,0.24542449064667915,0.31410478089141186,0.44047072846190893,0.4496250407564395,0.2569285947179654,0.293446364525595
2020-10-21,2020-10-22T03:59:59+00:00,2020-10-28,2020-11-05T06:00:00+00:00,-0.019281332164767795,DOWN,0.3356164383561644,0.35684931506849316,0.30753424657534245,0.03356164383561644,0.9356849315068494,0.030753424657534247,0.03356164383561644,0.9356849315068494,0.030753424657534247,0.03356164383561644,0.9356849315068494,0.030753424657534247,0.26396835736040114,0.22863014016833402,0.5074015024712649,0.16181463630047463,0.3123136560878328,0.5258717076116926,0.23128081967912006,0.35859540422629277,0.4101237760945871,0.20470493572789536,0.1255129103952365,0.6697821538768681,0.1317404550250806,0.17727343819007418,0.6909861067848453,0.23354238735668872,0.2906080970332732,0.475849515610038,0.10136986301369863,0.2438356164383562,0.6547945205479452,0.24036577314288243,0.43411913186713696,0.3255150949899805,0.19403189377865993,0.4533570597495038,0.35261104647183633,0.32055667428456286,0.174225613208017,0.5052177125074202,0.25704523625535064,0.23467250651038196,0.5082822572342675,0.21094548781144054,0.30775439918204806,0.48130011300651127,0.428,0.20800000000000002,0.364,0.2570628537897978,0.35506472489500884,0.3878724213151934,0.3231509495862647,0.31596981737323665,0.36087923304049874
2020-10-29,2020-10-30T03:59:59+00:00,2020-11-05,2020-11-13T06:00:00+00:00,0.06312900274473932,UP,0.3356164383561644,0.35684931506849316,0.30753424657534245,0.03356164383561644,0.9356849315068494,0.030753424657534247,0.9335616438356165,0.035684931506849316,0.030753424657534247,0.03356164383561644,0.035684931506849316,0.9307534246575343,0.3489417432391391,0.2996014102765917,0.35145684648426917,0.1635608483564352,0.4234662778247992,0.4129728738187657,0.22108875898975625,0.3868607596311737,0.39205048137907006,0.30163842374194616,0.15399519962054378,0.5443663766375101,0.13539546700197508,0.27060490990162367,0.5939996230964012,0.23354238735668872,0.2906080970332732,0.475849515610038,0.2602739726027397,0.32876712328767127,0.410958904109589,0.20783022325209724,0.4806494915299041,0.31152028521799874,0.20660582147011908,0.451709622096161,0.3416845564337199,0.26652939145043286,0.21867428935642919,0.514796319193138,0.27191965556306014,0.2507099469655333,0.4773703974714065,0.21094548781144054,0.30775439918204806,0.48130011300651127,0.428,0.23200000000000004,0.33999999999999997,0.23817183876248696,0.3586873775872098,0.40314078365030326,0.31325309719503314,0.33692110898310235,0.3498257938218645
2020-11-06,2020-11-07T04:59:59+00:00,2020-11-13,2020-11-19T06:00:00+00:00,0.04890829694323151,UP,0.3356164383561644,0.35684931506849316,0.30753424657534245,0.03356164383561644,0.9356849315068494,0.030753424657534247,0.03356164383561644,0.9356849315068494,0.030753424657534247,0.03356164383561644,0.9356849315068494,0.030753424657534247,0.1920305774570095,0.1746858219978635,0.633283600545127,0.19456177349623244,0.239206775549497,0.5662314509542706,0.3491864825619634,1.5519399224976152e-09,0.6508135158860967,0.14350028669835377,0.2004698491939196,0.6560298641077266,0.2148192538085741,0.20962120340257864,0.5755595427888472,0.23354238735668872,0.2906080970332732,0.475849515610038,0.06575342465753424,0.22191780821917806,0.7123287671232876,0.28588746098338363,0.40101722920034916,0.31309530981626715,0.19403189377865993,0.4533570597495038,0.35261104647183633,0.3099876323514833,0.21255130188583382,0.4774610657626829,0.24997502071944147,0.2762347209253734,0.4737902583551853,0.21094548781144054,0.30775439918204806,0.48130011300651127,0.436,0.3,0.264,0.1802005245164328,0.34340928622644745,0.47639018925711984,0.4224877450980392,0.3017769607843137,0.2757352941176471
2020-11-16,2020-11-17T04:59:59+00:00,2020-11-23,2020-11-26T06:00:00+00:00,0.06786590351594435,UP,0.3356164383561644,0.35684931506849316,0.30753424657534245,0.03356164383561644,0.9356849315068494,0.030753424657534247,0.03356164383561644,0.035684931506849316,0.9307534246575343,0.9335616438356165,0.035684931506849316,0.030753424657534247,0.2355550689787008,0.18688941273597195,0.5775555182853273,0.16261826149999756,0.25900255694598506,0.5783791815540175,0.3605849113810689,1.5247590538399485e-09,0.6394150870941719,0.17045550698080036,0.19289281833218644,0.6366516746870132,0.19553591578991708,0.22524504816823976,0.5792190360418432,0.23354238735668872,0.2906080970332732,0.475849515610038,0.10136986301369863,0.2356164383561644,0.6630136986301369,0.24137444879465184,0.43694454077455724,0.32168101043079095,0.19403189377865993,0.4533570597495038,0.35261104647183633,0.18774574377486303,0.25954383021398536,0.5527104260111516,0.32862726190696046,0.22997284220074726,0.4413998958922923,0.21094548781144054,0.30775439918204806,0.48130011300651127,0.428,0.24400000000000005,0.32799999999999996,0.2290562697434017,0.35947307478664564,0.4114706554699527,0.2994932432432432,0.3660472972972973,0.3344594594594595
2020-11-24,2020-11-25T04:59:59+00:00,2020-12-01,2020-12-10T06:00:00+00:00,-0.02479941648431805,DOWN,0.3356164383561644,0.35684931506849316,0.30753424657534245,0.03356164383561644,0.9356849315068494,0.030753424657534247,0.03356164383561644,0.9356849315068494,0.030753424657534247,0.03356164383561644,0.9356849315068494,0.030753424657534247,0.2450553513969283,0.2521337753863958,0.5028108732166758,0.1811413348673628,0.3334861803312418,0.48537248480139544,0.23128081967912006,0.35859540422629277,0.4101237760945871,0.11835994390410963,0.1935193703806342,0.6881206857152562,0.22561781855041974,0.18211067789483523,0.5922715035547451,0.23354238735668872,0.2906080970332732,0.475849515610038,0.10136986301369863,0.2493150684931507,0.6493150684931507,0.23978596373247485,0.4322620885103591,0.32795194775716613,0.19403189377865993,0.4533570597495038,0.35261104647183633,0.20278884972530922,0.24928851046424325,0.5479226398104475,0.3149296996942929,0.23304575042311007,0.4520245498825971,0.21094548781144054,0.30775439918204806,0.48130011300651127,0.428,0.24400000000000005,0.32799999999999996,0.2290562697434017,0.35947307478664564,0.4114706554699527,0.2994932432432432,0.3660472972972973,0.3344594594594595
2020-12-02,2020-12-03T04:59:59+00:00,2020-12-09,2020-12-17T06:00:00+00:00,0.02945508100147265,UP,0.3356164383561644,0.35684931506849316,0.30753424657534245,0.03356164383561644,0.9356849315068494,0.030753424657534247,0.03356164383561644,0.035684931506849316,0.9307534246575343,0.9335616438356165,0.035684931506849316,0.030753424657534247,0.23050891288144226,0.26937290934995184,0.500118177768606,0.19752083595009626,0.3471258004201837,0.45535336362972,0.22254719489497476,0.36266950279181065,0.4147833023132146,0.4456401413949472,0.31037873211058875,0.24398112649446413,0.17860091469603712,0.567353511792863,0.25404557351109985,0.2897481766891427,0.5204898857850557,0.1897619375258016,0.10136986301369863,0.2520547945205479,0.6465753424657534,0.23952302792171157,0.4313414459813264,0.32913552609696206,0.19403189377865993,0.4533570597495038,0.35261104647183633,0.35337669018013285,0.2274395107495678,0.41918379907029935,0.22791771354393617,0.3319920638912595,0.44009022256480435,0.21094548781144054,0.30775439918204806,0.48130011300651127,0.42,0.288,0.29200000000000004,0.20517479610668157,0.366552688342418,0.42827251555090046,0.27712622974382184,0.37773510010733974,0.3451386701488384
2021-01-07,2021-01-08T04:59:59+00:00,2021-01-14,2021-01-23T06:00:00+00:00,0.050748210800260374,UP,0.324079662039831,0.3687386843693422,0.3071816535908268,0.032407966203983105,0.9368738684369342,0.03071816535908268,0.032407966203983105,0.9368738684369342,0.03071816535908268,0.032407966203983105,0.9368738684369342,0.03071816535908268,0.26098048289705894,0.3634196466146506,0.37559987048829047,0.45460150911581454,0.23098532407188122,0.3144131668123043,0.4398662937444574,0.2807831366396071,0.27935056961593563,0.0765335399872086,0.301190316643271,0.6222761433695205,0.40780188420671515,0.28610408066687365,0.30609403512641126,0.2268153773137162,0.30802088277171336,0.4651637399145705,0.2028985507246377,0.37922705314009664,0.41787439613526567,0.401644028248835,0.2550638479865485,0.34329212376461654,0.37364619001105587,0.3020834451445316,0.32427036484441246,0.16673936346620286,0.2635541992379937,0.5697064372958034,0.39146259637938907,0.2700286633139301,0.3385087403066809,0.33871133443892865,0.2318433832873227,0.42944528227374856,0.24,0.43600000000000005,0.32399999999999995,0.5073192778428136,0.271332266422806,0.22134845573438033,0.3841943872996157,0.2888376171025022,0.326967995597882
2021-01-15,2021-01-16T04:59:59+00:00,2021-01-22,2021-01-28T06:00:00+00:00,-0.010094637223974745,FLAT,0.324079662039831,0.3687386843693422,0.3071816535908268,0.032407966203983105,0.9368738684369342,0.03071816535908268,0.032407966203983105,0.03687386843693422,0.9307181653590827,0.9324079662039831,0.03687386843693422,0.03071816535908268,0.2595855491881548,0.3745014898354866,0.3659129609763586,0.46140747185910974,0.22815381832857407,0.3104387098123162,0.4398662937444574,0.2807831366396071,0.27935056961593563,0.16278981427704212,0.2699019185941279,0.56730826712883,0.37934079022648004,0.26339745348766347,0.35726175628585644,0.3855409189918058,0.2447878850741624,0.36967119593403175,0.23429951690821257,0.393719806763285,0.3719806763285024,0.4206404607057286,0.252632753467307,0.3267267858269644,0.3533164652403703,0.3400564041962402,0.30662713056338947,0.197192892659309,0.28575666601495836,0.5170504413257326,0.41769405154611405,0.23035349627953805,0.35195245217434784,0.3670194605667464,0.22191874359849778,0.41106179583475594,0.32,0.336,0.344,0.4469929028425095,0.2552423249740858,0.29776477218340464,0.40417387638228913,0.25185461699941153,0.34397150661829934
2021-01-25,2021-01-26T04:59:59+00:00,2021-02-01,2021-02-04T06:00:00+00:00,0.03710691823899359,UP,0.324079662039831,0.3687386843693422,0.3071816535908268,0.032407966203983105,0.9368738684369342,0.03071816535908268,0.032407966203983105,0.9368738684369342,0.03071816535908268,0.032407966203983105,0.9368738684369342,0.03071816535908268,0.24646884537482724,0.39663844868825177,0.35689270593692096,0.4687323042335756,0.22400801032023837,0.30725968544618604,0.4398662937444574,0.2807831366396071,0.27935056961593563,0.12394512579857811,0.24873569123123232,0.6273191829701895,0.358760273999257,0.28719763115681735,0.3540420948439256,0.3855409189918058,0.2447878850741624,0.36967119593403175,0.2222222222222222,0.38888888888888895,0.38888888888888884,0.41306589538874267,0.25393112970355824,0.333002974907699,0.37364619001105537,0.30208344514453256,0.324270364844412,0.17633546923479726,0.23192696408863306,0.5917375666765696,0.3580456856307893,0.30090481067054614,0.34104950369866455,0.3670194605667464,0.22191874359849778,0.41106179583475594,0.296,0.328,0.376,0.44019417808269407,0.2583349525386403,0.3014708693786657,0.37374021469085456,0.2328903576618385,0.393369427647307
2021-02-02,2021-02-03T04:59:59+00:00,2021-02-09,2021-02-19T06:00:00+00:00,0.04458977407847797,UP,0.324079662039831,0.3687386843693422,0.3071816535908268,0.032407966203983105,0.9368738684369342,0.03071816535908268,0.032407966203983105,0.9368738684369342,0.03071816535908268,0.032407966203983105,0.9368738684369342,0.03071816535908268,0.2626928165510951,0.3492945563793159,0.38801262706958906,0.44617981942128254,0.23443752241766705,0.31938265816105044,0.4398662937444574,0.2807831366396071,0.27935056961593563,0.21695303809846334,0.2147936706042656,0.5682532912972711,0.3390846134879376,0.2652035838999346,0.39571180261212774,0.40188895248998285,0.21276473955352032,0.3853463079564969,0.21739130434782608,0.38647342995169087,0.3961352657004831,0.4100762107758148,0.2542168476363105,0.33570694158787473,0.37364619001105587,0.3020834451445316,0.32427036484441246,0.25889949166460174,0.25609666772029543,0.4850038406151028,0.40079446309937966,0.22763091262018362,0.37157462428043664,0.3761776581426649,0.2187079407806191,0.405114401076716,0.296,0.324,0.38,0.4380734690906862,0.25761752766225626,0.30430900324705756,0.37374021469085456,0.2328903576618385,0.393369427647307
2021-02-10,2021-02-11T04:59:59+00:00,2021-02-17,2021-02-25T06:00:00+00:00,0.0506545247581105,UP,0.324079662039831,0.3687386843693422,0.3071816535908268,0.032407966203983105,0.9368738684369342,0.03071816535908268,0.032407966203983105,0.03687386843693422,0.9307181653590827,0.9324079662039831,0.03687386843693422,0.03071816535908268,0.3463140609721372,0.3088124855378223,0.3448734534900405,0.47229288933221186,0.22921215787393973,0.29849495279384847,0.4398662937444574,0.2807831366396071,0.27935056961593563,0.5601816878852987,0.30552351887028606,0.13429479324441537,0.7096792923198558,0.07472112071739014,0.21559958696275408,0.5899915155201947,0.21291241775657546,0.19709606672322985,0.30193236714975846,0.38647342995169076,0.3115942028985508,0.45990180006470854,0.23097039282565335,0.30912780710963816,0.5297741273100617,0.26488706365503084,0.20533880903490762,0.46460089330604043,0.2981816111454327,0.2372174955485269,0.6282783576094505,0.08851598947283772,0.28320565291771177,0.5657250528515038,0.23424106081161855,0.20003388633687777,0.32,0.35200000000000004,0.32799999999999996,0.45745904929968895,0.256783454066029,0.2857574966342821,0.3841943872996157,0.2888376171025022,0.326967995597882
2021-02-18,2021-02-19T04:59:59+00:00,2021-02-25,2021-03-04T06:00:00+00:00,0.042739726027397396,UP,0.324079662039831,0.3687386843693422,0.3071816535908268,0.032407966203983105,0.9368738684369342,0.03071816535908268,0.032407966203983105,0.03687386843693422,0.9307181653590827,0.9324079662039831,0.03687386843693422,0.03071816535908268,0.3461814280917637,0.3920476153028452,0.2617709566053911,0.5438758797207734,0.1989966331680621,0.2571274871111645,0.46004142692750294,0.29366168009205984,0.24629689298043728,0.6056075338890513,0.20520756490607767,0.18918490120487103,0.5748685779678688,0.1134471019795538,0.31168432005257746,0.6116316767485074,0.18404301585418886,0.20432530739730356,0.32608695652173914,0.38888888888888884,0.285024154589372,0.4784714804161003,0.2254912510336106,0.29603726855028917,0.5399296835760924,0.25916624811652433,0.20090406830738322,0.5006032013697738,0.3158363461564414,0.18356045247378483,0.7159154842828879,0.05934040334413881,0.22474411237297334,0.7071862700913991,0.2928137286172173,1.2913836236451636e-09,0.264,0.44799999999999995,0.28800000000000003,0.5189893757849469,0.26487479031520844,0.21613583389984467,0.3841943872996157,0.2888376171025022,0.326967995597882
2021-02-26,2021-02-27T04:59:59+00:00,2021-03-05,2021-03-11T06:00:00+00:00,0.05402485143165858,UP,0.324079662039831,0.3687386843693422,0.3071816535908268,0.032407966203983105,0.9368738684369342,0.03071816535908268,0.032407966203983105,0.03687386843693422,0.9307181653590827,0.9324079662039831,0.03687386843693422,0.03071816535908268,0.3256899880960906,0.34035225900999383,0.3339577528939155,0.4814369446170078,0.22453765992265254,0.2940253954603397,0.4398662937444574,0.2807831366396071,0.27935056961593563,0.5295994022026856,0.34035364238169596,0.13004695541561845,0.7302246244316563,0.07018283369703485,0.19959254187130898,0.5899915155201947,0.21291241775657546,0.19709606672322985,0.21497584541062803,0.3792270531400966,0.4057971014492754,0.4073527686237149,0.25139533371902867,0.34125189765725644,0.37364619001105587,0.3020834451445316,0.32427036484441246,0.5862679333925626,0.22460932844977977,0.18912273815765768,0.6728891253926034,0.08243285271371227,0.24467802189368446,0.7791619471460031,0.22083805188004446,9.73952433932504e-10,0.256,0.45999999999999996,0.28400000000000003,0.527648606246595,0.2645555025120745,0.2077958912413306,0.4226951254321144,0.31778249976213885,0.25952237480574675
2021-03-08,2021-03-09T04:59:59+00:00,2021-03-15,2021-03-18T05:00:00+00:00,0.019937040923399874,UP,0.324079662039831,0.3687386843693422,0.3071816535908268,0.032407966203983105,0.9368738684369342,0.03071816535908268,0.9324079662039831,0.03687386843693422,0.03071816535908268,0.032407966203983105,0.03687386843693422,0.9307181653590827,0.32186836114284045,0.38844738830223713,0.28968425055492236,0.5186098451587137,0.20870497613664704,0.27268517870463926,0.46004142692750294,0.29366168009205984,0.24629689298043728,0.3752373409872788,0.30639988232897075,0.3183627766837504,0.5054481385490932,0.1651431995862403,0.3294086618646665,0.4499081820036728,0.28565598857376046,0.2644358294225668,0.25120772946859904,0.39855072463768115,0.3502415458937198,0.43159612476212017,0.24991689416261978,0.3184869810752601,0.3533164652403703,0.3400564041962402,0.30662713056338947,0.285662152027786,0.36732382726129664,0.34701402071091736,0.5522227856038979,0.12203141614388131,0.3257457982522209,0.4558470326674348,0.26502734457409,0.2791256227584752,0.316,0.34400000000000003,0.33999999999999997,0.45140767277436356,0.256951597453677,0.2916407297719595,0.3841943872996157,0.2888376171025022,0.326967995597882
2021-03-16,2021-03-17T03:59:59+00:00,2021-03-23,2021-04-01T05:00:00+00:00,-0.10046607975142408,DOWN,0.324079662039831,0.3687386843693422,0.3071816535908268,0.032407966203983105,0.9368738684369342,0.03071816535908268,0.032407966203983105,0.03687386843693422,0.9307181653590827,0.9324079662039831,0.03687386843693422,0.03071816535908268,0.2256360743563616,0.4584912685760632,0.3158726570675753,0.5021250261253393,0.20815858731483186,0.2897163865598289,0.4398662937444574,0.2807831366396071,0.27935056961593563,0.267315483147462,0.3980546217309386,0.33462989512159935,0.542921287352868,0.1658762723475653,0.2912024402995666,0.4499081820036728,0.28565598857376046,0.2644358294225668,0.23671497584541062,0.39371980676328505,0.3695652173913043,0.4219649544416468,0.2519292052659877,0.3261058402923655,0.3533164652403703,0.3400564041962402,0.30662713056338947,0.2826878200095403,0.38517698827510627,0.33213519171535344,0.5745636278675106,0.11164460275617856,0.3137917693763109,0.4558470326674348,0.26502734457409,0.2791256227584752,0.36,0.33599999999999997,0.30400000000000005,0.45773315584804186,0.24590991227992315,0.2963569318720349,0.40417387638228913,0.25185461699941153,0.34397150661829934
2021-03-24,2021-03-25T03:59:59+00:00,2021-03-31,2021-04-08T05:00:00+00:00,-0.025852585258525962,DOWN,0.324079662039831,0.3687386843693422,0.3071816535908268,0.032407966203983105,0.9368738684369342,0.03071816535908268,0.032407966203983105,0.03687386843693422,0.9307181653590827,0.9324079662039831,0.03687386843693422,0.03071816535908268,0.3066146300031413,0.3902274788260136,0.30315789117084496,0.5075246335267106,0.21254410982127675,0.2799312566520127,0.4398662937444574,0.2807831366396071,0.27935056961593563,0.3945098611591803,0.30597761842395754,0.29951252041686216,0.5194712285635094,0.1570633012977671,0.3234654701387235,0.4499081820036728,0.28565598857376046,0.2644358294225668,0.22705314009661837,0.3913043478260869,0.3816425120772947,0.4161489690148515,0.2536397768006679,0.3302112541844807,0.3533164652403703,0.3400564041962402,0.30662713056338947,0.2859403527408692,0.3729935085991037,0.3410661386600271,0.560151427377206,0.11813776546125299,0.3217108071615411,0.4558470326674348,0.26502734457409,0.2791256227584752,0.336,0.36799999999999994,0.29600000000000004,0.47388327770561367,0.25327501337464686,0.2728417089197395,0.3841943872996157,0.2888376171025022,0.326967995597882
2021-04-01,2021-04-02T03:59:59+00:00,2021-04-08,2021-04-15T05:00:00+00:00,-0.006030701754386025,FLAT,0.324079662039831,0.3687386843693422,0.3071816535908268,0.032407966203983105,0.9368738684369342,0.03071816535908268,0.032407966203983105,0.9368738684369342,0.03071816535908268,0.032407966203983105,0.9368738684369342,0.03071816535908268,0.29897433958017594,0.19433861352049747,0.5066870468993266,0.37921671354886993,0.25906626831170043,0.36171701813942975,0.3689564071862035,0.20776113815948916,0.4232824546543073,0.2136518104066685,0.32718764565964065,0.4591605439336909,0.4435991547403478,0.22005160508901409,0.33634924017063805,0.3855409189918058,0.2447878850741624,0.36967119593403175,0.17391304347826086,0.35748792270531404,0.4685990338164251,0.38612770288487297,0.2529738111822749,0.36089848593285206,0.38662312852636727,0.2778444177884402,0.3355324536851926,0.21262872299370433,0.26112725120196795,0.5262440258043277,0.39357102184769766,0.24695176709400496,0.3594772110582974,0.3670194605667464,0.22191874359849778,0.41106179583475594,0.392,0.21599999999999997,0.392,0.39495102148470734,0.2086016549644464,0.3964473235508463,0.3967768824673521,0.18560711308696862,0.41761600444567937
2021-04-09,2021-04-10T03:59:59+00:00,2021-04-16,2021-04-22T05:00:00+00:00,0.04640883977900545,UP,0.324079662039831,0.3687386843693422,0.3071816535908268,0.032407966203983105,0.9368738684369342,0.03071816535908268,0.9324079662039831,0.03687386843693422,0.03071816535908268,0.032407966203983105,0.03687386843693422,0.9307181653590827,0.29159052461854124,0.10561520635340277,0.602794269028056,0.3416912720648604,0.26221306590098414,0.39609566203415547,0.4192408298571386,0.09978829093631045,0.4809708792065508,0.4200416758174392,0.08802966191483344,0.4919286622677274,0.2551645883694492,0.2476791245319768,0.49715628709857396,0.5105067978465287,1.312731765891074e-09,0.48949320084073944,0.11835748792270531,0.28260869565217395,0.5990338164251208,0.3662967696715314,0.2280563498538114,0.40564688047465713,0.38443724827871495,0.1434497268023054,0.4721130249189797,0.3315322292047203,0.20391310416992975,0.46455466662534994,0.3703861612908377,0.24904201603949133,0.380571822669671,0.3761776581426649,0.2187079407806191,0.405114401076716,0.392,0.21599999999999997,0.392,0.39495102148470734,0.2086016549644464,0.3964473235508463,0.3967768824673521,0.18560711308696862,0.41761600444567937
2021-04-19,2021-04-20T03:59:59+00:00,2021-04-26,2021-04-29T05:00:00+00:00,-0.009493670886076,FLAT,0.324079662039831,0.3687386843693422,0.3071816535908268,0.032407966203983105,0.9368738684369342,0.03071816535908268,0.032407966203983105,0.03687386843693422,0.9307181653590827,0.9324079662039831,0.03687386843693422,0.03071816535908268,0.31093894779070075,0.2261775402012788,0.4628835120080205,0.40011281389602316,0.253837560428598,0.34604962567537884,0.4092071611253197,0.2304265324643181,0.36036630641036216,0.4451022343398615,0.38924528730016106,0.16565247835997754,0.6967403219526176,0.0868026205671121,0.21645705748027028,0.49568790810524016,0.26188313377324324,0.2424289581215166,0.178743961352657,0.36714975845410625,0.45410628019323673,0.3892613089540339,0.2565876334435619,0.35415105760240423,0.38662312852636727,0.2778444177884402,0.3355324536851926,0.40104008766493277,0.3726524077765488,0.22630750455851845,0.6752744875412393,0.06923365476622885,0.25549185769253185,0.5970419559311803,0.24720796860851194,0.1557500754603079,0.424,0.192,0.384,0.39064138957316574,0.1922535410532709,0.41710506937356345,0.3967768824673521,0.18560711308696862,0.41761600444567937
2021-04-27,2021-04-28T03:59:59+00:00,2021-05-04,2021-05-13T05:00:00+00:00,0.04652378463146878,UP,0.324079662039831,0.3687386843693422,0.3071816535908268,0.032407966203983105,0.9368738684369342,0.03071816535908268,0.032407966203983105,0.03687386843693422,0.9307181653590827,0.9324079662039831,0.03687386843693422,0.03071816535908268,0.3532740371838023,0.25596733159491136,0.39075863122128635,0.44034035803543276,0.2417411781875999,0.3179184637769674,0.45492066403742093,0.25616802714849124,0.28891130881408783,0.1763645559821364,0.2248662465231289,0.5987691974947348,0.34150717733475994,0.27613092068994255,0.38236190197529746,0.40188895248998285,0.21276473955352032,0.3853463079564969,0.178743961352657,0.3743961352657005,0.4468599033816425,0.3902804061534088,0.2604376327125353,0.3492819611340558,0.38662312852636727,0.2778444177884402,0.3355324536851926,0.2486095021703457,0.2504239643483811,0.5009665334812732,0.3909187169008259,0.23904266118444523,0.37003862191472886,0.3761776581426649,0.2187079407806191,0.405114401076716,0.416,0.292,0.29200000000000004,0.44844323388595414,0.22612237643565056,0.32543438967839533,0.40417387638228913,0.25185461699941153,0.34397150661829934
2021-05-05,2021-05-06T03:59:59+00:00,2021-05-12,2021-05-20T05:00:00+00:00,0.04052026013006493,UP,0.324079662039831,0.3687386843693422,0.3071816535908268,0.032407966203983105,0.9368738684369342,0.03071816535908268,0.032407966203983105,0.9368738684369342,0.03071816535908268,0.032407966203983105,0.9368738684369342,0.03071816535908268,0.2602879240774697,0.4740693542642269,0.26564272165830344,0.5448526563342784,0.19323810315676748,0.2619092405089542,0.46004142692750294,0.29366168009205984,0.24629689298043728,0.2387821085095961,0.43720846718076134,0.32400942430964264,0.5698545394746922,0.15891863368824086,0.27122682683706695,0.4499081820036728,0.28565598857376046,0.2644358294225668,0.28743961352657005,0.3792270531400966,0.33333333333333337,0.4476773413406398,0.23169209761683965,0.32063056104252047,0.41064404914132174,0.3319952736278144,0.25736067723086387,0.2567976556219737,0.4439005581919319,0.2993017861860944,0.6373446610770245,0.08762493303323986,0.2750304058897357,0.4558470326674348,0.26502734457409,0.2791256227584752,0.324,0.36000000000000004,0.31599999999999995,0.4640381276823687,0.2562821570441233,0.2796797152735081,0.3841943872996157,0.2888376171025022,0.326967995597882
2021-05-13,2021-05-14T03:59:59+00:00,2021-05-20,2021-05-27T05:00:00+00:00,-0.022931206380857327,DOWN,0.324079662039831,0.3687386843693422,0.3071816535908268,0.032407966203983105,0.9368738684369342,0.03071816535908268,0.032407966203983105,0.03687386843693422,0.9307181653590827,0.9324079662039831,0.03687386843693422,0.03071816535908268,0.35553735237390055,0.3599792423961767,0.28448340522992277,0.5218227752827093,0.2089543057105512,0.2692229190067396,0.46004142692750294,0.29366168009205984,0.24629689298043728,0.32427925264797713,0.4862912271463436,0.18942952020567935,0.70426535984125,0.0936123973804267,0.20212224277832327,0.4499081820036728,0.28565598857376046,0.2644358294225668,0.34782608695652173,0.38888888888888895,0.2632850241545893,0.49586585965216295,0.21954485794313927,0.28458928240469783,0.5399296835760918,0.2591662481165252,0.200904068307383,0.3682279813300711,0.3861307592588487,0.24564125941108017,0.6574344901121245,0.07519212890338395,0.2673733809844915,0.4844692146923872,0.25108703485718403,0.2644437504504288,0.236,0.404,0.36,0.48662257030036277,0.2732866532468364,0.24009077645280089,0.3841943872996157,0.2888376171025022,0.326967995597882
2021-05-21,2021-05-22T03:59:59+00:00,2021-05-28,2021-06-04T05:00:00+00:00,0.021532298447671572,UP,0.324079662039831,0.3687386843693422,0.3071816535908268,0.032407966203983105,0.9368738684369342,0.03071816535908268,0.032407966203983105,0.03687386843693422,0.9307181653590827,0.9324079662039831,0.03687386843693422,0.03071816535908268,0.4175668780019387,0.3793801746883882,0.20305294730967305,0.6063391100898433,0.1737837034964491,0.21987718641370763,0.6103748571250085,0.38962514142781246,1.447179096731875e-09,0.5214235514316983,0.2790553411488489,0.19952110741945286,0.6044080323392291,0.11208293156605542,0.2835090360947155,0.5899915155201947,0.21291241775657546,0.19709606672322985,0.4106280193236715,0.3647342995169082,0.2246376811594203,0.5389343733083672,0.19423913183263725,0.26682649485899557,0.5559386312704706,0.2372004826754008,0.2068608860541286,0.3994495712780325,0.3788283513645636,0.2217220773574039,0.6839258538312836,0.06637881645732326,0.24969532971139316,0.5970419559311803,0.24720796860851194,0.1557500754603079,0.296,0.35600000000000004,0.348,0.45638265967523584,0.261987619368319,0.28162972095644523,0.3841943872996157,0.2888376171025022,0.326967995597882
2021-06-01,2021-06-02T03:59:59+00:00,2021-06-08,2021-06-17T05:00:00+00:00,0.028338136407300762,UP,0.324079662039831,0.3687386843693422,0.3071816535908268,0.032407966203983105,0.9368738684369342,0.03071816535908268,0.032407966203983105,0.9368738684369342,0.03071816535908268,0.032407966203983105,0.9368738684369342,0.03071816535908268,0.3547724298108711,0.39752382812883735,0.24770374206029155,0.557835860547648,0.19325984269382554,0.2489042967585266,0.46004142692750294,0.29366168009205984,0.24629689298043728,0.3653511872152251,0.36732261517202996,0.26732619761274495,0.5774048914557566,0.13827935027849025,0.2843157582657532,0.4499081820036728,0.28565598857376046,0.2644358294225668,0.24879227053140096,0.3961352657004831,0.35507246376811596,0.42946812324266,0.24954276833635974,0.32098910842098033,0.3533164652403703,0.3400564041962402,0.30662713056338947,0.3199338010692359,0.4469550938609787,0.23311110506978538,0.7009730080645689,0.06187005376527107,0.23715693817016,0.51342722183345,0.29850419874037787,0.18806857942617214,0.328,0.37599999999999995,0.29600000000000004,0.4774807655705651,0.25532097859062364,0.2671982558388114,0.3841943872996157,0.2888376171025022,0.326967995597882
2021-06-09,2021-06-10T03:59:59+00:00,2021-06-16,2021-06-24T05:00:00+00:00,-0.014581373471307502,FLAT,0.324079662039831,0.3687386843693422,0.3071816535908268,0.032407966203983105,0.9368738684369342,0.03071816535908268,0.032407966203983105,0.03687386843693422,0.9307181653590827,0.9324079662039831,0.03687386843693422,0.03071816535908268,0.38182722298862165,0.33916230008968645,0.279010476921692,0.5258900112982492,0.20818814955174256,0.2659218391500083,0.46004142692750294,0.29366168009205984,0.24629689298043728,0.37624781534582136,0.49631385482578494,0.12743832982839362,0.7839384787822217,0.06121700829951884,0.15484451291825946,0.4499081820036728,0.28565598857376046,0.2644358294225668,0.3164251207729469,0.38164251207729466,0.30193236714975846,0.46817887948640446,0.22524811647460902,0.3065730040389865,0.5399296835760924,0.25916624811652433,0.20090406830738322,0.42286730990043564,0.4121547270260022,0.16497796307356216,0.7769442117351173,0.04002435718707883,0.18303143107780387,0.7071862700913991,0.2928137286172173,1.2913836236451636e-09,0.3,0.37600000000000006,0.32399999999999995,0.47015728849463495,0.2622248015255237,0.2676179099798415,0.3841943872996157,0.2888376171025022,0.326967995597882
2021-06-17,2021-06-18T03:59:59+00:00,2021-06-24,2021-07-01T05:00:00+00:00,0.04743465634075528,UP,0.324079662039831,0.3687386843693422,0.3071816535908268,0.032407966203983105,0.9368738684369342,0.03071816535908268,0.032407966203983105,0.9368738684369342,0.03071816535908268,0.032407966203983105,0.9368738684369342,0.03071816535908268,0.2749839650317933,0.3972252581935399,0.32779077677466695,0.4889569555656343,0.21815845154725333,0.29288459288711244,0.4398662937444574,0.2807831366396071,0.27935056961593563,0.21686871258706433,0.5988432407823734,0.18428804663056236,0.7507986937057333,0.0852743877671494,0.16392691852711735,0.4499081820036728,0.28565598857376046,0.2644358294225668,0.23671497584541062,0.391304347826087,0.3719806763285024,0.4213334476507961,0.250819485489184,0.3278470668600199,0.3533164652403703,0.3400564041962402,0.30662713056338947,0.29734021668590654,0.42779101729205365,0.2748687660220398,0.6482128130997528,0.08051615893596997,0.2712710279642773,0.4558470326674348,0.26502734457409,0.2791256227584752,0.264,0.396,0.33999999999999997,0.4800441726036084,0.2693788153390499,0.25057701205734184,0.3841943872996157,0.2888376171025022,0.326967995597882
2021-06-25,2021-06-26T03:59:59+00:00,2021-07-02,2021-07-09T05:00:00+00:00,0.015850815850815714,UP,0.324079662039831,0.3687386843693422,0.3071816535908268,0.032407966203983105,0.9368738684369342,0.03071816535908268,0.032407966203983105,0.9368738684369342,0.03071816535908268,0.032407966203983105,0.9368738684369342,0.03071816535908268,0.19196596969086538,0.40389420711903706,0.40413982319009756,0.44112067516175046,0.22850606138871574,0.3303732634495338,0.4398662937444574,0.2807831366396071,0.27935056961593563,0.2708501923177931,0.38429181288236114,0.34485799479984575,0.5294398322148217,0.1710544292520649,0.2995057385331134,0.4499081820036728,0.28565598857376046,0.2644358294225668,0.178743961352657,0.3719806763285024,0.4492753623188406,0.38993405253670976,0.25916139361925294,0.3509045538440374,0.38662312852636727,0.2778444177884402,0.3355324536851926,0.1872993938672392,0.494795490286207,0.3179051158465538,0.6628825770704939,0.08716148555509474,0.24995593737441135,0.4461363753677799,0.2697568781293553,0.2841067465028648,0.304,0.47200000000000003,0.22399999999999998,0.5596910737080513,0.2447861848164713,0.1955227414754775,0.5708411847402444,0.42915881385783683,1.4019187919356004e-09
2021-07-06,2021-07-07T03:59:59+00:00,2021-07-13,2021-07-22T05:00:00+00:00,0.028301886792452935,UP,0.324079662039831,0.3687386843693422,0.3071816535908268,0.032407966203983105,0.9368738684369342,0.03071816535908268,0.032407966203983105,0.9368738684369342,0.03071816535908268,0.032407966203983105,0.9368738684369342,0.03071816535908268,0.2485887697347348,0.5275927244445879,0.22381850582067733,0.5899950518497562,0.1727211320456259,0.23728381610461785,0.46004142692750294,0.29366168009205984,0.24629689298043728,0.3095119140876065,0.4759563177086257,0.21453176820376785,0.6742796798098387,0.10654168937896678,0.21917863081119454,0.4499081820036728,0.28565598857376046,0.2644358294225668,0.30676328502415456,0.3864734299516908,0.3067632850241546,0.4632664140436907,0.22969869794774897,0.30703488800856044,0.5399296835760924,0.25916624811652433,0.20090406830738322,0.32653364927609996,0.4025368921033218,0.27092945862057827,0.638093611529577,0.08291905283160761,0.2789873356388154,0.4558470326674348,0.26502734457409,0.2791256227584752,0.312,0.48400000000000004,0.20399999999999996,0.5802691098267239,0.2358596944521501,0.18387119572112615,0.5708411847402444,0.42915881385783683,1.4019187919356004e-09
2021-07-14,2021-07-15T03:59:59+00:00,2021-07-21,2021-07-29T05:00:00+00:00,-0.024344569288389573,DOWN,0.324079662039831,0.3687386843693422,0.3071816535908268,0.032407966203983105,0.9368738684369342,0.03071816535908268,0.032407966203983105,0.9368738684369342,0.03071816535908268,0.032407966203983105,0.9368738684369342,0.03071816535908268,0.2210268890503848,0.5074334068142172,0.271539704135398,0.5421121902227934,0.19082578423063823,0.2670620255465683,0.46004142692750294,0.29366168009205984,0.24629689298043728,0.20354275713887982,0.4013682356905859,0.3950890071705343,0.5131972611809007,0.19077009253303132,0.2960326462860679,0.3855409189918058,0.2447878850741624,0.36967119593403175,0.28743961352657005,0.3792270531400966,0.33333333333333337,0.4476773413406398,0.23169209761683965,0.32063056104252047,0.41064404914132174,0.3319952736278144,0.25736067723086387,0.27314608387268513,0.3166409833627929,0.410212932764522,0.4788749204205365,0.1650771862137593,0.3560478933657042,0.39090041291124633,0.22726768192514318,0.38183190516361054,0.252,0.46799999999999997,0.28,0.5338394652878978,0.2638136995591021,0.20234683515300006,0.4458360094198245,0.335179833012203,0.21898415756797263
2021-07-22,2021-07-23T03:59:59+00:00,2021-07-29,2021-08-05T05:00:00+00:00,0.02961918194640356,UP,0.324079662039831,0.3687386843693422,0.3071816535908268,0.032407966203983105,0.9368738684369342,0.03071816535908268,0.9324079662039831,0.03687386843693422,0.03071816535908268,0.032407966203983105,0.03687386843693422,0.9307181653590827,0.3882786303998288,0.3275036155215203,0.28421775407865096,0.5208719682869615,0.2105357996629627,0.2685922320500757,0.46004142692750294,0.29366168009205984,0.24629689298043728,0.43167226760450705,0.44497718590063673,0.12335054649485624,0.7750231882516607,0.06122476611173502,0.1637520456366042,0.4559657018541647,0.282510392212229,0.2615239059336063,0.34541062801932365,0.38647342995169087,0.2681159420289855,0.49263130723286697,0.21937386713325085,0.2879948256338822,0.5399296835760924,0.25916624811652433,0.20090406830738322,0.45947463189430754,0.35740206523702706,0.1831233028686654,0.7309997412312434,0.05313563598985632,0.21586462277890034,0.7071862700913991,0.2928137286172173,1.2913836236451636e-09,0.36,0.33199999999999996,0.30800000000000005,0.4547210811134549,0.24561917838680555,0.29965974049973954,0.40417387638228913,0.25185461699941153,0.34397150661829934
2021-07-30,2021-07-31T03:59:59+00:00,2021-08-06,2021-08-12T05:00:00+00:00,-0.05248744865358279,DOWN,0.324079662039831,0.3687386843693422,0.3071816535908268,0.032407966203983105,0.9368738684369342,0.03071816535908268,0.032407966203983105,0.03687386843693422,0.9307181653590827,0.9324079662039831,0.03687386843693422,0.03071816535908268,0.38231379390016934,0.2068763586550311,0.41080984744479954,0.4272923873981249,0.2466946402139349,0.32601297238794025,0.45492066403742093,0.25616802714849124,0.28891130881408783,0.4775112182348118,0.16546423839391025,0.3570245433712779,0.3885427814831004,0.19309701691506875,0.41836020160183085,0.5225677162959044,0.16983594588267997,0.3075963378214156,0.2463768115942029,0.3961352657004831,0.35748792270531404,0.4280703842137011,0.25023366594248114,0.3216959498438177,0.3533164652403703,0.3400564041962402,0.30662713056338947,0.3654960879702562,0.32358377466220684,0.310920137367537,0.5556672771868039,0.11688145810324824,0.32745126470994784,0.4844692146923872,0.25108703485718403,0.2644437504504288,0.416,0.312,0.272,0.4652263437778316,0.22804336872954034,0.30673028749262804,0.4729673615148244,0.2947221991528943,0.2323104393322814
2021-08-09,2021-08-10T03:59:59+00:00,2021-08-16,2021-08-19T05:00:00+00:00,0.0029354207436398383,FLAT,0.324079662039831,0.3687386843693422,0.3071816535908268,0.032407966203983105,0.9368738684369342,0.03071816535908268,0.032407966203983105,0.9368738684369342,0.03071816535908268,0.032407966203983105,0.9368738684369342,0.03071816535908268,0.3784872797521082,0.43481027881937107,0.18670244142852072,0.6286189605282069,0.1625937973589255,0.20878724211286756,0.6103748571250085,0.38962514142781246,1.447179096731875e-09,0.1954321979715196,0.37811155932137946,0.426456242707101,0.48677080673973766,0.20466039226361732,0.3085688009966451,0.3855409189918058,0.2447878850741624,0.36967119593403175,0.427536231884058,0.3623188405797101,0.21014492753623193,0.5545802513088921,0.18861925716930494,0.2568004915218029,0.5559386312704706,0.2372004826754008,0.2068608860541286,0.3345957339835762,0.22462356777107162,0.44078069824535215,0.3977509149739628,0.2223244555331941,0.37992462949284306,0.39090041291124633,0.22726768192514318,0.38183190516361054,0.436,0.292,0.272,0.4597372788534494,0.22021847637436387,0.3200442447721868,0.4729673615148244,0.2947221991528943,0.2323104393322814
2021-08-17,2021-08-18T03:59:59+00:00,2021-08-24,2021-09-02T05:00:00+00:00,0.014236622484045114,FLAT,0.324079662039831,0.3687386843693422,0.3071816535908268,0.032407966203983105,0.9368738684369342,0.03071816535908268,0.9324079662039831,0.03687386843693422,0.03071816535908268,0.032407966203983105,0.03687386843693422,0.9307181653590827,0.372020629319847,0.32792080196962625,0.30005856871052683,0.5073395284431461,0.2157462816973103,0.27691418985954364,0.44509852144296713,0.2841230636258146,0.27077841493121835,0.2874134638832545,0.26085296613759884,0.45173356997914665,0.40491908815744837,0.22083984618601007,0.3742410656565415,0.3855409189918058,0.2447878850741624,0.36967119593403175,0.2922705314009662,0.3768115942028985,0.3309178743961353,0.44994456850400355,0.22941498398821975,0.32064044750777665,0.545839210155148,0.24259520451339914,0.21156558533145275,0.27300334813495064,0.21398828645574197,0.5130083654093074,0.3576542978110707,0.26813793064908925,0.3742077715398401,0.3761776581426649,0.2187079407806191,0.405114401076716,0.412,0.312,0.276,0.4628858949240404,0.22930512737402037,0.30780897770193927,0.4729673615148244,0.2947221991528943,0.2323104393322814
2021-08-25,2021-08-26T03:59:59+00:00,2021-09-01,2021-09-10T05:00:00+00:00,0.003312825366777128,FLAT,0.324079662039831,0.3687386843693422,0.3071816535908268,0.032407966203983105,0.9368738684369342,0.03071816535908268,0.032407966203983105,0.9368738684369342,0.03071816535908268,0.032407966203983105,0.9368738684369342,0.03071816535908268,0.39570033145039146,0.2755523821385032,0.32874728641110534,0.4830321757552217,0.22641337260119615,0.29055445164358207,0.4398662937444574,0.2807831366396071,0.27935056961593563,0.34637738621326336,0.31023771361446223,0.34338490017227447,0.49038694057617743,0.17534480927749,0.33426825014633255,0.4499081820036728,0.28565598857376046,0.2644358294225668,0.28502415458937197,0.38164251207729466,0.33333333333333337,0.44695681683969246,0.23335958116394137,0.31968360199636625,0.41064404914132174,0.3319952736278144,0.25736067723086387,0.3473812409211613,0.36149968865481685,0.29111907042402185,0.5957293038354422,0.09904124554410643,0.3052294506204514,0.4558470326674348,0.26502734457409,0.2791256227584752,0.308,0.34800000000000003,0.344,0.45274658583362976,0.25895625096757036,0.2882971631987999,0.3841943872996157,0.2888376171025022,0.326967995597882
2021-09-02,2021-09-03T03:59:59+00:00,2021-09-09,2021-09-16T05:00:00+00:00,-0.02223251505326518,DOWN,0.324079662039831,0.3687386843693422,0.3071816535908268,0.032407966203983105,0.9368738684369342,0.03071816535908268,0.032407966203983105,0.03687386843693422,0.9307181653590827,0.9324079662039831,0.03687386843693422,0.03071816535908268,0.47168157757441964,0.2736982751433812,0.2546201472821991,0.5473109449751564,0.20065941362327652,0.252029641401567,0.46004142692750294,0.29366168009205984,0.24629689298043728,0.40677939807560054,0.210060528529755,0.3831600733946445,0.40527036793218707,0.19887378315591403,0.3958558489118989,0.40188895248998285,0.21276473955352032,0.3853463079564969,0.30193236714975846,0.38647342995169076,0.3115942028985508,0.45990180006470854,0.23097039282565335,0.30912780710963816,0.5297741273100617,0.26488706365503084,0.20533880903490762,0.28458434090523926,0.3203066032660104,0.39510905582875033,0.48974341815127115,0.15676797734016576,0.35348860450856323,0.4558470326674348,0.26502734457409,0.2791256227584752,0.416,0.288,0.29600000000000004,0.44531240079856804,0.22554154823810016,0.32914605096333177,0.40417387638228913,0.25185461699941153,0.34397150661829934
2021-09-10,2021-09-11T03:59:59+00:00,2021-09-17,2021-09-23T05:00:00+00:00,0.031775700934579376,UP,0.324079662039831,0.3687386843693422,0.3071816535908268,0.032407966203983105,0.9368738684369342,0.03071816535908268,0.032407966203983105,0.9368738684369342,0.03071816535908268,0.032407966203983105,0.9368738684369342,0.03071816535908268,0.35928029129856154,0.3447051345065832,0.2960145741948554,0.5113352439398301,0.21358233875950267,0.27508241730066724,0.46004142692750294,0.29366168009205984,0.24629689298043728,0.3627048121556045,0.40546989312392195,0.23182529472047347,0.6277705656528889,0.11912214939685137,0.2531072849502597,0.4499081820036728,0.28565598857376046,0.2644358294225668,0.30676328502415456,0.3864734299516908,0.3067632850241546,0.4632664140436907,0.22969869794774897,0.30703488800856044,0.5399296835760924,0.25916624811652433,0.20090406830738322,0.3136849044158476,0.4790941554390894,0.20722094014506298,0.7453684916475974,0.04909724116944224,0.20553426718296028,0.51342722183345,0.29850419874037787,0.18806857942617214,0.44,0.292,0.268,0.4622752766524908,0.21895717869557654,0.31876754465193263,0.5242566510172144,0.26604068857589985,0.20970266040688576
2021-09-20,2021-09-21T03:59:59+00:00,2021-09-27,2021-09-30T05:00:00+00:00,0.03499079189686927,UP,0.324079662039831,0.3687386843693422,0.3071816535908268,0.032407966203983105,0.9368738684369342,0.03071816535908268,0.032407966203983105,0.9368738684369342,0.03071816535908268,0.032407966203983105,0.9368738684369342,0.03071816535908268,0.36933025726011304,0.37267512185736384,0.25799462088252306,0.5466895435874239,0.19873447442319067,0.25457598198938547,0.46004142692750294,0.29366168009205984,0.24629689298043728,0.39322299740075217,0.328833837935701,0.27794316466354674,0.5491715675711859,0.14581137297063543,0.3050170594581787,0.4499081820036728,0.28565598857376046,0.2644358294225668,0.27053140096618356,0.39130434782608703,0.3381642512077294,0.44105005261081015,0.2413768997038233,0.3175730476853666,0.38622054521927296,0.3717255852897361,0.24205386949099095,0.29232304984704677,0.4677261010226312,0.23995084913032205,0.7041334775869345,0.061970549751522594,0.2338959726615429,0.4558470326674348,0.26502734457409,0.2791256227584752,0.444,0.288,0.268,0.46127485114905914,0.21731258761446193,0.321412561236479,0.5242566510172144,0.26604068857589985,0.20970266040688576
2021-09-28,2021-09-29T03:59:59+00:00,2021-10-05,2021-10-15T05:00:00+00:00,0.09636443276390727,UP,0.324079662039831,0.3687386843693422,0.3071816535908268,0.032407966203983105,0.9368738684369342,0.03071816535908268,0.032407966203983105,0.9368738684369342,0.03071816535908268,0.032407966203983105,0.9368738684369342,0.03071816535908268,0.40162106592122715,0.31407495485030046,0.28430397922847234,0.5203829054697161,0.21110974661540516,0.2685073479148787,0.46004142692750294,0.29366168009205984,0.24629689298043728,0.5019772732644371,0.22135546974415485,0.27666725699140815,0.489106942699204,0.15420194274879545,0.35669111455200064,0.6116316767485074,0.18404301585418886,0.20432530739730356,0.30193236714975846,0.3840579710144928,0.31400966183574874,0.45897605661983093,0.22998476065929702,0.3110391827208721,0.5297741273100617,0.26488706365503084,0.20533880903490762,0.3531015773916615,0.39118247415372565,0.2557159484546129,0.6483673860155683,0.07854282378583466,0.273089790198597,0.4558470326674348,0.26502734457409,0.2791256227584752,0.328,0.37599999999999995,0.29600000000000004,0.4774807655705651,0.25532097859062364,0.2671982558388114,0.3841943872996157,0.2888376171025022,0.326967995597882
2021-10-06,2021-10-07T03:59:59+00:00,2021-10-13,2021-10-21T05:00:00+00:00,0.041803278688524514,UP,0.324079662039831,0.3687386843693422,0.3071816535908268,0.032407966203983105,0.9368738684369342,0.03071816535908268,0.032407966203983105,0.03687386843693422,0.9307181653590827,0.9324079662039831,0.03687386843693422,0.03071816535908268,0.31202665577566535,0.45616001223720043,0.23181333198713425,0.5770142974490922,0.18269163305244152,0.24029406949846632,0.46004142692750294,0.29366168009205984,0.24629689298043728,0.17830321386267028,0.4749147197117217,0.346782066425608,0.5779463773370231,0.16639977279622592,0.25565384986675105,0.4499081820036728,0.28565598857376046,0.2644358294225668,0.32608695652173914,0.38888888888888884,0.285024154589372,0.4784714804161003,0.2254912510336106,0.29603726855028917,0.5399296835760924,0.25916624811652433,0.20090406830738322,0.21863902996539156,0.45061410478101915,0.3307468652535893,0.6213352110119805,0.09888867260100824,0.2797761163870113,0.4558470326674348,0.26502734457409,0.2791256227584752,0.268,0.476,0.256,0.5458210357368692,0.25718157158455734,0.19699739267857347,0.4771847816435664,0.3587478625501603,0.1640673558062733
2021-10-14,2021-10-15T03:59:59+00:00,2021-10-21,2021-10-28T05:00:00+00:00,-0.011591962905718844,FLAT,0.324079662039831,0.3687386843693422,0.3071816535908268,0.032407966203983105,0.9368738684369342,0.03071816535908268,0.032407966203983105,0.03687386843693422,0.9307181653590827,0.9324079662039831,0.03687386843693422,0.03071816535908268,0.3791874107138371,0.4305379024817116,0.19027468680445125,0.6239031598878825,0.16474227243718537,0.2113545676749322,0.6103748571250085,0.38962514142781246,1.447179096731875e-09,0.44737332331535795,0.45114817948013003,0.10147849720451206,0.8106330424448704,0.049033636438220396,0.14033332111690916,0.5018387734004347,0.25868906425793453,0.23947216234163082,0.3647342995169082,0.3768115942028985,0.2584541062801933,0.5038120600175438,0.21077557064481087,0.2854123693376454,0.5559386312704706,0.2372004826754008,0.2068608860541286,0.4107700802669936,0.44233551300202345,0.14689440673098297,0.8132572775325939,0.03127012806755724,0.15547259439984887,0.7071862700913991,0.2928137286172173,1.2913836236451636e-09,0.228,0.476,0.29600000000000004,0.5377345175406718,0.26721833102633086,0.1950471514329974,0.3841943872996157,0.2888376171025022,0.326967995597882
2021-10-22,2021-10-23T03:59:59+00:00,2021-10-29,2021-11-04T05:00:00+00:00,-0.027756059421422896,DOWN,0.324079662039831,0.3687386843693422,0.3071816535908268,0.032407966203983105,0.9368738684369342,0.03071816535908268,0.032407966203983105,0.03687386843693422,0.9307181653590827,0.9324079662039831,0.03687386843693422,0.03071816535908268,0.38374897708541045,0.45993835756754325,0.15631266534704633,0.6711900006357544,0.14351909699917306,0.18529090236507248,0.6103748571250085,0.38962514142781246,1.447179096731875e-09,0.37094314946615886,0.5037969516228916,0.12525989891094952,0.7890565316573386,0.05975868743882254,0.151184780903839,0.4499081820036728,0.28565598857376046,0.2644358294225668,0.45410628019323673,0.36714975845410625,0.17874396135265702,0.5885887805052517,0.18108112174360788,0.2303300977511404,0.6984478935698448,0.21286031042128603,0.08869179600886917,0.45642206897822474,0.3779982520760862,0.16557967894568903,0.7653019950301108,0.04353047580498699,0.19116752916490207,0.7071862700913991,0.2928137286172173,1.2913836236451636e-09,0.26,0.392,0.348,0.4774455884444979,0.2699924527451079,0.2525619588103942,0.3841943872996157,0.2888376171025022,0.326967995597882
2021-11-01,2021-11-02T03:59:59+00:00,2021-11-08,2021-11-11T06:00:00+00:00,-0.01314217443249699,FLAT,0.324079662039831,0.3687386843693422,0.3071816535908268,0.032407966203983105,0.9368738684369342,0.03071816535908268,0.032407966203983105,0.9368738684369342,0.03071816535908268,0.032407966203983105,0.9368738684369342,0.03071816535908268,0.4457633556568104,0.40259621040153065,0.1516404339416589,0.6763169482665184,0.1427186446094134,0.1809644071240683,0.6103748571250085,0.38962514142781246,1.447179096731875e-09,0.3777626514689886,0.4284058097092728,0.1938315388217387,0.6773829819120206,0.09904598391300076,0.22357103417497856,0.4499081820036728,0.28565598857376046,0.2644358294225668,0.43719806763285024,0.37439613526570054,0.18840579710144922,0.5746090983142956,0.1883594007965301,0.23703150088917432,0.6650246305418719,0.23645320197044334,0.09852216748768472,0.37165139141497694,0.40867477017831,0.21967383840671306,0.6993829700252838,0.06143874798904886,0.23917828198566726,0.5703811287714221,0.2635639367312399,0.16605493449733794,0.28,0.392,0.32799999999999996,0.4784241629139165,0.2664634965721883,0.25511234051389525,0.3841943872996157,0.2888376171025022,0.326967995597882
2021-11-09,2021-11-10T04:59:59+00:00,2021-11-16,2021-11-25T06:00:00+00:00,-0.03297576479936426,DOWN,0.324079662039831,0.3687386843693422,0.3071816535908268,0.032407966203983105,0.9368738684369342,0.03071816535908268,0.9324079662039831,0.03687386843693422,0.03071816535908268,0.032407966203983105,0.03687386843693422,0.9307181653590827,0.3616485636833803,0.3754014412344701,0.2629499950821496,0.5420534888781006,0.2004566744035707,0.25748983671832865,0.46004142692750294,0.29366168009205984,0.24629689298043728,0.1473361677693203,0.43527611879366035,0.4173877134370194,0.5264563467963712,0.1980368742095186,0.2755067789941102,0.3855409189918058,0.2447878850741624,0.36967119593403175,0.26570048309178745,0.39371980676328505,0.3405797101449275,0.4388427973600032,0.24374281536461884,0.3174143872753781,0.3533164652403703,0.3400564041962402,0.30662713056338947,0.23012937536476208,0.4403028976129383,0.32956772702229964,0.6143055573874413,0.10015618956837784,0.2855382530441808,0.4558470326674348,0.26502734457409,0.2791256227584752,0.292,0.332,0.376,0.44229108058518635,0.2596313126227755,0.2980776067920382,0.37374021469085456,0.2328903576618385,0.393369427647307
2021-11-17,2021-11-18T04:59:59+00:00,2021-11-24,2021-12-02T06:00:00+00:00,0.00042158516020252,FLAT,0.324079662039831,0.3687386843693422,0.3071816535908268,0.032407966203983105,0.9368738684369342,0.03071816535908268,0.032407966203983105,0.9368738684369342,0.03071816535908268,0.032407966203983105,0.9368738684369342,0.03071816535908268,0.2952867942434234,0.4707245993995546,0.233988606357022,0.5755461925224803,0.18234941701592916,0.24210439046159055,0.46004142692750294,0.29366168009205984,0.24629689298043728,0.08944931001041247,0.6010070978803065,0.309543592109281,0.6737639713426015,0.14194177748345588,0.18429425117394274,0.4499081820036728,0.28565598857376046,0.2644358294225668,0.30193236714975846,0.38647342995169076,0.3115942028985508,0.45990180006470854,0.23097039282565335,0.30912780710963816,0.5297741273100617,0.26488706365503084,0.20533880903490762,0.1990350880188166,0.5320788305582165,0.2688860814229669,0.7186031893094852,0.06495130533816265,0.2164455053523522,0.4461363753677799,0.2697568781293553,0.2841067465028648,0.26,0.388,0.352,0.47494127036323763,0.2699042517909978,0.2551544778457646,0.3841943872996157,0.2888376171025022,0.326967995597882
2021-11-29,2021-11-30T04:59:59+00:00,2021-12-06,2021-12-09T06:00:00+00:00,0.01633224451703219,UP,0.324079662039831,0.3687386843693422,0.3071816535908268,0.032407966203983105,0.9368738684369342,0.03071816535908268,0.9324079662039831,0.03687386843693422,0.03071816535908268,0.032407966203983105,0.03687386843693422,0.9307181653590827,0.29829597761598026,0.41852528121199317,0.2831787411720266,0.525782509957537,0.2042158198004521,0.27000167024201094,0.46004142692750294,0.29366168009205984,0.24629689298043728,0.4352493020677555,0.2989973974717549,0.26575330046048967,0.5443906020875432,0.14253266629171057,0.3130767316207462,0.46714441193139317,0.276705424071235,0.25615016399737184,0.3115942028985507,0.3864734299516908,0.30193236714975846,0.466695237567266,0.22842550296783765,0.30487925946489625,0.5399296835760924,0.25916624811652433,0.20090406830738322,0.34510798759061434,0.3829298383206997,0.27196217408868595,0.6266340829857432,0.08670836162199815,0.2866575553922586,0.4558470326674348,0.26502734457409,0.2791256227584752,0.276,0.38,0.344,0.4700990581940639,0.2670528096077881,0.26284813219814795,0.3841943872996157,0.2888376171025022,0.326967995597882
2022-01-06,2022-01-07T04:59:59+00:00,2022-01-13,2022-01-21T06:00:00+00:00,0.04985926819461195,UP,0.33584499461786865,0.35252960172228204,0.3116254036598493,0.03358449946178687,0.9352529601722283,0.031162540365984932,0.03358449946178687,0.9352529601722283,0.031162540365984932,0.03358449946178687,0.9352529601722283,0.031162540365984932,0.38818539615302294,0.3628153885578964,0.24899921528908062,0.24335235129550298,0.30889450227532556,0.4477531464291715,0.23470597933319504,0.28678249863054495,0.47851152203625996,0.2929696902554133,0.5130099726280495,0.19402033711653718,0.3764172778996606,0.3212438622041885,0.3023388598961509,0.23262644657228457,0.31956764377606767,0.4478059096516478,0.5021551724137931,0.293103448275862,0.20474137931034486,0.2765905639421721,0.3350547916382734,0.38835464441955464,0.24368217034204004,0.28557676881116634,0.47074106084679357,0.3277459331646551,0.4579568451712734,0.2142972216640715,0.2388680312568023,0.304981454034615,0.4561505147085828,0.20678314394827957,0.3640696987041746,0.4291471573475458,0.316,0.408,0.276,0.23707529086613352,0.31184270399759495,0.45108200513627156,0.2235859574362659,0.32130416470529943,0.4551098778584347
2022-01-14,2022-01-15T04:59:59+00:00,2022-01-21,2022-01-27T06:00:00+00:00,0.013569543912551829,FLAT,0.33584499461786865,0.35252960172228204,0.3116254036598493,0.03358449946178687,0.9352529601722283,0.031162540365984932,0.03358449946178687,0.035252960172228204,0.931162540365985,0.9335844994617869,0.035252960172228204,0.031162540365984932,0.38667595394947996,0.34403755217487364,0.26928649387564635,0.22860015782051174,0.29599484129049036,0.47540500088899784,0.23470597933319504,0.28678249863054495,0.47851152203625996,0.5361533108783234,0.2905636774092539,0.1732830117124227,0.11647869157711001,0.24086503847885057,0.6426562699440393,0.2684563758389262,0.21476510067114093,0.5167785234899329,0.47413793103448276,0.30603448275862066,0.21982758620689657,0.2648966328585492,0.31442007176692294,0.4206832953745278,0.24368217034204004,0.28557676881116634,0.47074106084679357,0.49645980734580625,0.3074087096779577,0.19613148297623606,0.22017360123351487,0.26220626833123434,0.5176201304352508,0.24198427102238354,0.2571082879612825,0.500907441016334,0.28,0.31199999999999994,0.40800000000000003,0.27790886783562524,0.22596583774169093,0.4961252944226839,0.20627914872326358,0.196701391991137,0.5970194592855994
2022-02-03,2022-02-04T04:59:59+00:00,2022-02-10,2022-02-17T06:00:00+00:00,0.022992571630704006,UP,0.33584499461786865,0.35252960172228204,0.3116254036598493,0.03358449946178687,0.9352529601722283,0.031162540365984932,0.03358449946178687,0.035252960172228204,0.931162540365985,0.9335844994617869,0.035252960172228204,0.031162540365984932,0.33415961908602926,0.4202425602663366,0.2455978206476342,0.27290674500727224,0.3068856849550538,0.42020757003767395,0.23470597933319504,0.28678249863054495,0.47851152203625996,0.3937225641800267,0.3140031796326102,0.2922742561873631,0.16066165035740207,0.24069585293221596,0.598642496710382,0.246806291822369,0.2780915964195707,0.47510211175806033,0.40301724137931033,0.30172413793103453,0.29525862068965514,0.236798292135926,0.2682078158138813,0.49499389205019284,0.23251343356864856,0.27248786799018854,0.49499869844116273,0.4327629886774957,0.26837907632825436,0.29885793499424995,0.2210192051837978,0.24356033858656762,0.5354204562296345,0.2352628279412603,0.25061266361443035,0.5141245084443093,0.3,0.36400000000000005,0.33599999999999997,0.2573098696268825,0.2682643524653866,0.474425777907731,0.23240036115052237,0.27953050432090804,0.4880691345285696
2022-02-11,2022-02-12T04:59:59+00:00,2022-02-18,2022-02-25T06:00:00+00:00,-0.0675540765391015,DOWN,0.33584499461786865,0.35252960172228204,0.3116254036598493,0.03358449946178687,0.9352529601722283,0.031162540365984932,0.03358449946178687,0.035252960172228204,0.931162540365985,0.9335844994617869,0.035252960172228204,0.031162540365984932,0.27750186629377355,0.5007949593938957,0.22170317431233072,0.32960065604900496,0.311689556854704,0.358709787096291,0.1389301634472511,0.5778231797919762,0.28324665676077265,0.3991417739340363,0.22767661960009142,0.3731816064658724,0.09014074965507096,0.193645642655229,0.7162136076897001,0.2684563758389262,0.21476510067114093,0.5167785234899329,0.4353448275862069,0.3103448275862069,0.2543103448275862,0.2488324584279611,0.28739568580856767,0.4637718557634712,0.23251343356864856,0.27248786799018854,0.49499869844116273,0.3528869460009089,0.35132375552780676,0.2957892984712843,0.22980926056515194,0.2681029878002439,0.5020877516346042,0.2183087418689513,0.30461684911946696,0.4770744090115818,0.316,0.35600000000000004,0.32799999999999996,0.2493528188526747,0.2731446917911654,0.47750248935615996,0.23240036115052237,0.27953050432090804,0.4880691345285696
2022-02-22,2022-02-23T04:59:59+00:00,2022-03-01,2022-03-10T06:00:00+00:00,0.1766595289079229,UP,0.33584499461786865,0.35252960172228204,0.3116254036598493,0.03358449946178687,0.9352529601722283,0.031162540365984932,0.03358449946178687,0.035252960172228204,0.931162540365985,0.9335844994617869,0.035252960172228204,0.031162540365984932,0.32335895856896374,0.4441433112573759,0.23249773017366038,0.2903388174762437,0.31327476444272123,0.39638641808103514,0.23470597933319504,0.28678249863054495,0.47851152203625996,0.49383245254340286,0.39534864987753016,0.110818897579067,0.20677516351873684,0.32451149226121,0.4687133442200532,0.34783255952223113,0.4037156122476036,0.24845182823016512,0.40948275862068967,0.31249999999999994,0.2780172413793104,0.23830933368423018,0.27084009975745277,0.4908505665583171,0.23251343356864856,0.27248786799018854,0.49499869844116273,0.5380937241396127,0.24900679257243274,0.2128994832879546,0.21826915998830887,0.24602046241842654,0.5357103775932646,0.3706237411171022,0.21347558661231567,0.4159006722705821,0.34,0.336,0.32399999999999995,0.23973556213924455,0.2746439850330786,0.4856204528276769,0.23240036115052237,0.27953050432090804,0.4880691345285696
2022-03-02,2022-03-03T04:59:59+00:00,2022-03-09,2022-03-17T05:00:00+00:00,0.008223684210526327,FLAT,0.33584499461786865,0.35252960172228204,0.3116254036598493,0.03358449946178687,0.9352529601722283,0.031162540365984932,0.9335844994617869,0.035252960172228204,0.031162540365984932,0.03358449946178687,0.035252960172228204,0.931162540365985,0.22132021323744994,0.48836151304145275,0.2903182737210973,0.31287101015137253,0.26856020343736636,0.41856878641126116,1.00990098907911e-09,0.504950494539555,0.4950495044505441,0.2422551248378866,0.5719866493820625,0.18575822578005094,0.44957337635648054,0.32921245092557544,0.2212141727179441,0.23262644657228457,0.31956764377606767,0.4478059096516478,0.3448275862068966,0.30603448275862066,0.34913793103448276,0.21417934939081568,0.2355508249033788,0.5502698257058055,0.23251343356864856,0.27248786799018854,0.49499869844116273,0.4488612847886211,0.2900052746145255,0.2611334405968534,0.21982140395938893,0.25032171760131,0.5298568784393012,0.23572744014732966,0.2504604051565378,0.5138121546961326,0.36,0.33599999999999997,0.30400000000000005,0.22892566377367854,0.2877769959386653,0.48329734028765614,0.23240036115052237,0.27953050432090804,0.4880691345285696
2022-03-10,2022-03-11T04:59:59+00:00,2022-03-17,2022-03-24T05:00:00+00:00,0.04142526071842423,UP,0.33584499461786865,0.35252960172228204,0.3116254036598493,0.03358449946178687,0.9352529601722283,0.031162540365984932,0.03358449946178687,0.035252960172228204,0.931162540365985,0.9335844994617869,0.035252960172228204,0.031162540365984932,0.934430003965907,0.04561420972439322,0.019955786309699818,0.40878343733548633,0.537448579490107,0.05376798317440669,0.9999999953333333,2.3333333224444446e-09,2.3333333224444446e-09,0.796213315383298,0.06831242856435739,0.13547425605234464,0.005447391235946827,0.09510860398463084,0.8994440047794223,0.5833333319722223,2.333333327888889e-09,0.41666666569444444,0.9094827586206896,0.0625,0.028017241379310387,0.2934450488911044,0.6925215595120511,0.014033391596844545,0.9999999979999998,9.99999998e-10,9.99999998e-10,0.6153544558778206,0.12431642539245114,0.2603291187297283,0.22930330713618347,0.21556146457004202,0.5551352282937745,0.5463414629029387,9.365853649764664e-10,0.4536585361604759,0.392,0.19999999999999996,0.40800000000000003,0.23253697194280834,0.2130637085903476,0.5543993194668441,0.2189649838693045,0.182431536614469,0.5986034795162264
2022-03-18,2022-03-19T03:59:59+00:00,2022-03-25,2022-03-31T05:00:00+00:00,0.13399304626905595,UP,0.33584499461786865,0.35252960172228204,0.3116254036598493,0.03358449946178687,0.9352529601722283,0.031162540365984932,0.9335844994617869,0.035252960172228204,0.031162540365984932,0.03358449946178687,0.035252960172228204,0.931162540365985,0.8433856386073242,0.12009816900254928,0.036516192390126566,0.37779303322125757,0.527289103678444,0.09491786310029858,0.9999999953333333,2.3333333224444446e-09,2.3333333224444446e-09,0.7533324612462644,0.17826592656230394,0.06840161219143172,0.041622040306363094,0.24359104350763722,0.7147869161859997,0.5833333319722223,2.333333327888889e-09,0.41666666569444444,0.9310344827586207,0.0431034482758621,0.025862068965517238,0.2767412076038083,0.7149309361966063,0.008327856199585412,0.9999999979999998,9.99999998e-10,9.99999998e-10,0.6887399550257909,0.1424285139844227,0.16883153098978643,0.23260296362741895,0.23629381905256178,0.5311032173200193,0.9999999965714287,1.7142857084081635e-09,1.7142857084081635e-09,0.448,0.12399999999999994,0.42800000000000005,0.2126735238565171,0.18429713306692888,0.6030293430765541,0.30679094540612517,0.16191744340878828,0.5312916111850865
2022-03-28,2022-03-29T03:59:59+00:00,2022-04-04,2022-04-07T05:00:00+00:00,-0.012833675564681735,FLAT,0.33584499461786865,0.35252960172228204,0.3116254036598493,0.03358449946178687,0.9352529601722283,0.031162540365984932,0.03358449946178687,0.035252960172228204,0.931162540365985,0.9335844994617869,0.035252960172228204,0.031162540365984932,0.5916456783803516,0.11438099162347967,0.29397332999616865,0.14185629185680737,0.2676093399759867,0.590534368167206,0.46646341412644077,1.0884146329616953e-09,0.5335365847851447,0.7267504953302812,0.108295616011527,0.16495388865819177,0.014178431538338643,0.12073685513742863,0.8650847133242328,0.3418803414128132,1.3675213656512528e-09,0.6581196572196654,0.3620689655172414,0.3146551724137931,0.3232758620689655,0.2195747491039992,0.2432035486792983,0.5372217022167025,0.23251343356864856,0.27248786799018854,0.49499869844116273,0.6245443885060951,0.12602636032288184,0.2494292511710231,0.2292003411964713,0.2171716925506206,0.5536279662529081,0.5463414629029387,9.365853649764664e-10,0.4536585361604759,0.456,0.10799999999999993,0.43600000000000005,0.20912007191082016,0.17529136072427237,0.6155885673649075,0.31840796019900497,0.15920398009950248,0.5223880597014925
2022-04-05,2022-04-06T03:59:59+00:00,2022-04-12,2022-04-21T05:00:00+00:00,-0.03224101479915431,DOWN,0.33584499461786865,0.35252960172228204,0.3116254036598493,0.03358449946178687,0.9352529601722283,0.031162540365984932,0.03358449946178687,0.9352529601722283,0.031162540365984932,0.03358449946178687,0.9352529601722283,0.031162540365984932,0.9620556623409307,0.022597162139876073,0.01534717551919328,0.42033953833006793,0.5364810157290686,0.043179445940863447,0.9999999953333333,2.3333333224444446e-09,2.3333333224444446e-09,0.7978515464920779,0.1110384175952585,0.09111003591266367,0.015398012317587504,0.1578035264503956,0.826798461232017,0.5833333319722223,2.333333327888889e-09,0.41666666569444444,0.9310344827586207,0.04525862068965525,0.023706896551724088,0.27559518749119527,0.7162251334785826,0.008179679030222152,0.9999999979999998,9.99999998e-10,9.99999998e-10,0.7028766371123372,0.12782357316319104,0.1692997897244718,0.23606896513631379,0.2337234185169441,0.5302076163467422,0.9999999965714287,1.7142857084081635e-09,1.7142857084081635e-09,0.456,0.10400000000000004,0.43999999999999995,0.2088005245011785,0.1722886838956618,0.6189107916031596,0.31840796019900497,0.15920398009950248,0.5223880597014925
2022-04-13,2022-04-14T03:59:59+00:00,2022-04-20,2022-04-28T05:00:00+00:00,0.07293271700051362,UP,0.33584499461786865,0.35252960172228204,0.3116254036598493,0.03358449946178687,0.9352529601722283,0.031162540365984932,0.03358449946178687,0.9352529601722283,0.031162540365984932,0.03358449946178687,0.9352529601722283,0.031162540365984932,0.9814421595598034,0.010191680926675521,0.008366159513521047,0.4604686310998058,0.5172570084208874,0.02227436047930679,0.9999999953333333,2.3333333224444446e-09,2.3333333224444446e-09,0.7908888320960921,0.11761384949310748,0.09149731841080046,0.01733137609664791,0.1636072787655134,0.8190613451378388,0.5833333319722223,2.333333327888889e-09,0.41666666569444444,0.9676724137931034,0.0237068965517242,0.008620689655172376,0.21844453233352232,0.7800517103010649,0.0015037573654127472,0.9999999979999998,9.99999998e-10,9.99999998e-10,0.6691657307097182,0.1502665540899778,0.180567715200304,0.22935132150584067,0.23431815366173464,0.5363305248324247,0.5591054307740204,9.584664527554635e-10,0.4408945682675132,0.456,0.10400000000000004,0.43999999999999995,0.2088005245011785,0.1722886838956618,0.6189107916031596,0.31840796019900497,0.15920398009950248,0.5223880597014925
2022-04-21,2022-04-22T03:59:59+00:00,2022-04-28,2022-05-05T05:00:00+00:00,0.2719706242350062,UP,0.33584499461786865,0.35252960172228204,0.3116254036598493,0.03358449946178687,0.9352529601722283,0.031162540365984932,0.03358449946178687,0.035252960172228204,0.931162540365985,0.9335844994617869,0.035252960172228204,0.031162540365984932,0.8649123145420153,0.0983586689434351,0.03672901651454965,0.3702460625817965,0.5305039104429827,0.09925002697522087,0.9999999953333333,2.3333333224444446e-09,2.3333333224444446e-09,0.5581975092842137,0.21815769557474382,0.2236447951410424,0.06572520930995475,0.1854283628304267,0.7488464278596185,0.2684563758389262,0.21476510067114093,0.5167785234899329,0.8943965517241379,0.07543103448275867,0.030172413793103425,0.30276214653094724,0.6784267825264599,0.01881107094259294,0.9999999979999998,9.99999998e-10,9.99999998e-10,0.5872100372938179,0.13832712731066454,0.2744628353955175,0.2260476381263478,0.216603241393522,0.5573491204801303,0.5463414629029387,9.365853649764664e-10,0.4536585361604759,0.44,0.14799999999999996,0.41200000000000003,0.21580619784110971,0.19826740837547738,0.5859263937834129,0.30083266183185603,0.16330915928015044,0.5358581788879936
2022-04-29,2022-04-30T03:59:59+00:00,2022-05-06,2022-05-12T05:00:00+00:00,0.03114186851211076,UP,0.33584499461786865,0.35252960172228204,0.3116254036598493,0.03358449946178687,0.9352529601722283,0.031162540365984932,0.03358449946178687,0.035252960172228204,0.931162540365985,0.9335844994617869,0.035252960172228204,0.031162540365984932,0.9717080432369131,0.027425630309639046,0.000866326453447904,0.6304587800686066,0.3686750004260321,0.0008662195053613696,0.9999999953333333,2.3333333224444446e-09,2.3333333224444446e-09,0.8388849109847941,0.06719649220214895,0.09391859681305686,0.005460112801413021,0.11165880004800345,0.8828810871505836,0.5833333319722223,2.333333327888889e-09,0.41666666569444444,0.997844826588362,1.0000000000000003e-09,0.002155172411637977,0.006575355022916849,0.9934246439770832,9.999999990002468e-10,0.9999999979999998,9.99999998e-10,9.99999998e-10,0.6837493413247678,0.11669558869664709,0.19955506997858508,0.23524080366340028,0.22413892746354183,0.5406202688730579,0.5591054307740204,9.584664527554635e-10,0.4408945682675132,0.432,0.16399999999999998,0.404,0.21841950695837506,0.20611438008550922,0.5754661129561157,0.30083266183185603,0.16330915928015044,0.5358581788879936
2022-05-09,2022-05-10T03:59:59+00:00,2022-05-16,2022-05-19T05:00:00+00:00,0.05022643062988896,UP,0.33584499461786865,0.35252960172228204,0.3116254036598493,0.03358449946178687,0.9352529601722283,0.031162540365984932,0.03358449946178687,0.035252960172228204,0.931162540365985,0.9335844994617869,0.035252960172228204,0.031162540365984932,0.9979544876645003,0.0020314918990270857,1.4020436472590063e-05,0.827176857849281,0.17281930426646705,3.837884252051197e-06,0.9999999953333333,2.3333333224444446e-09,2.3333333224444446e-09,0.7280319113915341,0.1184114012510149,0.153556687357451,0.017104819683871276,0.13202198409712923,0.8508731962189995,0.3418803414128132,1.3675213656512528e-09,0.6581196572196654,0.9999999980000001,1.0000000000000003e-09,1.0000000000000003e-09,0.0004537290225096939,0.9995462699774902,9.99999999e-10,0.9999999979999998,9.99999998e-10,9.99999998e-10,0.6217090819471819,0.12747844373995654,0.2508124743128616,0.2288008857225284,0.217246020024961,0.5539530942525106,0.5463414629029387,9.365853649764664e-10,0.4536585361604759,0.44,0.14399999999999996,0.41600000000000004,0.2158233714936771,0.195493019343332,0.5886836091629909,0.30083266183185603,0.16330915928015044,0.5358581788879936
2022-05-17,2022-05-18T03:59:59+00:00,2022-05-24,2022-06-03T05:00:00+00:00,-0.21011904761904765,DOWN,0.33584499461786865,0.35252960172228204,0.3116254036598493,0.03358449946178687,0.9352529601722283,0.031162540365984932,0.9335844994617869,0.035252960172228204,0.031162540365984932,0.03358449946178687,0.035252960172228204,0.931162540365985,0.9599659692906058,0.039413038448180664,0.0006209922612135165,0.6559059137363431,0.3435840019233312,0.0005100843403257534,0.9999999953333333,2.3333333224444446e-09,2.3333333224444446e-09,0.7629099545275725,0.17353806067707686,0.06355198479535061,0.03962078711816105,0.24736474176788809,0.7130144711139509,0.5833333319722223,2.333333327888889e-09,0.41666666569444444,0.997844826588362,1.0000000000000003e-09,0.002155172411637977,0.006575355022916849,0.9934246439770832,9.999999990002468e-10,0.9999999979999998,9.99999998e-10,9.99999998e-10,0.6579691239843354,0.0902424031596537,0.2517884728560109,0.2410334655462506,0.2108224586257886,0.5481440758279608,0.5463414629029387,9.365853649764664e-10,0.4536585361604759,0.44,0.14799999999999996,0.41200000000000003,0.21580619784110971,0.19826740837547738,0.5859263937834129,0.30083266183185603,0.16330915928015044,0.5358581788879936
2022-05-25,2022-05-26T03:59:59+00:00,2022-06-01,2022-06-09T05:00:00+00:00,0.042814960629921295,UP,0.33584499461786865,0.35252960172228204,0.3116254036598493,0.03358449946178687,0.9352529601722283,0.031162540365984932,0.03358449946178687,0.035252960172228204,0.931162540365985,0.9335844994617869,0.035252960172228204,0.031162540365984932,0.9073550462241843,0.09045844367293959,0.0021865101028761616,0.5899644775503703,0.4075534862954492,0.002482036154180469,0.9999999953333333,2.3333333224444446e-09,2.3333333224444446e-09,0.8273770340217095,0.08298234920290626,0.08964061677538429,0.008469762669988237,0.13123120086023576,0.860299036469776,0.5833333319722223,2.333333327888889e-09,0.41666666569444444,0.9870689655172413,0.010775862068965525,0.0021551724137931494,0.15586630258997397,0.8439708458008546,0.00016285160917148945,0.9999999979999998,9.99999998e-10,9.99999998e-10,0.6102197781286183,0.11382336324495235,0.2759568586264294,0.2318630401910376,0.21211942180225252,0.5560175380067098,0.5463414629029387,9.365853649764664e-10,0.4536585361604759,0.44,0.14799999999999996,0.41200000000000003,0.21580619784110971,0.19826740837547738,0.5859263937834129,0.30083266183185603,0.16330915928015044,0.5358581788879936
2022-06-02,2022-06-03T03:59:59+00:00,2022-06-09,2022-06-16T05:00:00+00:00,0.03592814371257491,UP,0.33584499461786865,0.35252960172228204,0.3116254036598493,0.03358449946178687,0.9352529601722283,0.031162540365984932,0.9335844994617869,0.035252960172228204,0.031162540365984932,0.03358449946178687,0.035252960172228204,0.931162540365985,0.4144411886888781,0.3422607252709775,0.24329808604014447,0.23642655041461133,0.31385345209940974,0.44971999748597896,0.26322814558770635,0.27609424302690444,0.46067761138538915,0.7328169864649214,0.17037240718416613,0.09681060635091246,0.037151915545549516,0.20408301123933656,0.7587650732151139,0.5833333319722223,2.333333327888889e-09,0.41666666569444444,0.6314655172413793,0.23275862068965514,0.13577586206896552,0.3230875992683471,0.4397756177322691,0.23713678299938382,0.5760126240715897,0.4239873744307774,1.4976328225861333e-09,0.6137278895075,0.15759385140657056,0.22867825908592943,0.2239098076253343,0.22564288996203857,0.5504473024126272,0.5463414629029387,9.365853649764664e-10,0.4536585361604759,0.44,0.13599999999999995,0.42400000000000004,0.21576346812288563,0.18993534187365524,0.5943011900034592,0.30083266183185603,0.16330915928015044,0.5358581788879936
2022-06-10,2022-06-11T03:59:59+00:00,2022-06-17,2022-06-30T05:00:00+00:00,-0.0011248593925758943,FLAT,0.33584499461786865,0.35252960172228204,0.3116254036598493,0.03358449946178687,0.9352529601722283,0.031162540365984932,0.03358449946178687,0.035252960172228204,0.931162540365985,0.9335844994617869,0.035252960172228204,0.031162540365984932,0.7501012990596267,0.17827633355279784,0.07162236738757546,0.3229447872777672,0.49008289806834515,0.1869723146538877,0.9999999953333333,2.3333333224444446e-09,2.3333333224444446e-09,0.5251510782684301,0.22240702895541165,0.25244189277615814,0.07073387293286253,0.18504183748226252,0.744224289584875,0.2684563758389262,0.21476510067114093,0.5167785234899329,0.8836206896551724,0.07974137931034486,0.03663793103448276,0.31103748932806574,0.6651237987550062,0.02383871191692816,0.9999999979999998,9.99999998e-10,9.99999998e-10,0.5334255967931832,0.14027261013592107,0.3263017930708957,0.2269754733396441,0.21388555663366698,0.559138970026689,0.44010316771676955,1.1559160384563908e-09,0.5598968311273143,0.424,0.172,0.404,0.22115980284001308,0.2082667293654738,0.5705734677945131,0.28091715522268945,0.1679609564443353,0.5511218883329753
2022-06-21,2022-06-22T03:59:59+00:00,2022-06-28,2022-07-08T05:00:00+00:00,-0.056306306306306286,DOWN,0.33584499461786865,0.35252960172228204,0.3116254036598493,0.03358449946178687,0.9352529601722283,0.031162540365984932,0.9335844994617869,0.035252960172228204,0.031162540365984932,0.03358449946178687,0.035252960172228204,0.931162540365985,0.474849071336227,0.4006689942786261,0.12448193438514694,0.33457632704291224,0.40833835251512623,0.2570853204419615,0.49303621084836785,0.5069637874260053,1.7256267379692876e-09,0.55818464661426,0.3180432797868375,0.12377207359890242,0.13544105125820785,0.2795432014514621,0.58501574729033,0.35198300283286116,0.3966005665722379,0.2514164305949008,0.6271551724137931,0.23491379310344818,0.13793103448275867,0.3218473378293016,0.43607647443790737,0.2420761877327911,0.5760126240715897,0.4239873744307774,1.4976328225861333e-09,0.6185304197843587,0.17126473873449377,0.2102048414811475,0.2231107689601271,0.2312865220107825,0.5456027090290904,0.5591054307740204,9.584664527554635e-10,0.4408945682675132,0.392,0.19599999999999995,0.41200000000000003,0.23277438805385275,0.21056307838717744,0.5566625335589698,0.2189649838693045,0.182431536614469,0.5986034795162264
2022-07-28,2022-07-29T03:59:59+00:00,2022-08-04,2022-08-11T05:00:00+00:00,-0.10018954779312217,DOWN,0.33584499461786865,0.35252960172228204,0.3116254036598493,0.03358449946178687,0.9352529601722283,0.031162540365984932,0.9335844994617869,0.035252960172228204,0.031162540365984932,0.03358449946178687,0.035252960172228204,0.931162540365985,0.3857738593158838,0.25814196854606797,0.35608417213804827,0.17506386125238244,0.24614346925243197,0.5787926694951856,0.2269470441337783,0.2178215511004271,0.5552314047657946,0.6578664654843597,0.18045608451102127,0.16167745000461906,0.041844713482419214,0.17506273873840877,0.783092547779172,0.3418803414128132,1.3675213656512528e-09,0.6581196572196654,0.521551724137931,0.28663793103448276,0.1918103448275862,0.2844565015897892,0.3499782215728023,0.3655652768374085,0.28577642453240537,0.2696824706394084,0.44454110482818615,0.48052764558006333,0.2321465793652442,0.2873257750546925,0.21897610973902273,0.23490076892551776,0.5461231213354595,0.23572744014732966,0.2504604051565378,0.5138121546961326,0.344,0.24,0.41600000000000004,0.2511213659965312,0.21626319173215958,0.5326154422713092,0.20735247822589106,0.19252159921648188,0.6001259225576271
2022-08-05,2022-08-06T03:59:59+00:00,2022-08-12,2022-08-18T05:00:00+00:00,0.09578783151326054,UP,0.33584499461786865,0.35252960172228204,0.3116254036598493,0.03358449946178687,0.9352529601722283,0.031162540365984932,0.03358449946178687,0.9352529601722283,0.031162540365984932,0.03358449946178687,0.9352529601722283,0.031162540365984932,0.7278081571280569,0.19275785916500285,0.07943398370694027,0.315295996432204,0.48000033494684574,0.2047036686209503,0.7083333321626157,0.2916666661846065,1.6527777750461036e-09,0.7209612047621692,0.1250824822296357,0.15395631300819518,0.01920004562463219,0.1370889036691144,0.8437110507062535,0.3418803414128132,1.3675213656512528e-09,0.6581196572196654,0.8620689655172413,0.09267241379310354,0.04525862068965514,0.32235614112470984,0.6433369672840018,0.034306891591288385,0.9999999979999998,9.99999998e-10,9.99999998e-10,0.5480320498169844,0.17188280678229162,0.280085143400724,0.22128745205382644,0.22246308669897438,0.5562494612471992,0.49355723652864414,1.0455592514597093e-09,0.5064427624257967,0.34,0.23999999999999994,0.42000000000000004,0.2530567410262173,0.21449933289534598,0.5324439260784368,0.20735247822589106,0.19252159921648188,0.6001259225576271
2022-08-15,2022-08-16T03:59:59+00:00,2022-08-22,2022-08-25T05:00:00+00:00,0.09001447178002886,UP,0.33584499461786865,0.35252960172228204,0.3116254036598493,0.03358449946178687,0.9352529601722283,0.031162540365984932,0.9335844994617869,0.035252960172228204,0.031162540365984932,0.03358449946178687,0.035252960172228204,0.931162540365985,0.27365306347723656,0.4289168469512341,0.29743008957152933,0.26815938288214775,0.2730128601183457,0.4588277569995066,0.23470597933319504,0.28678249863054495,0.47851152203625996,0.6604449584883927,0.2271522528937267,0.11240278861788068,0.0673006553147157,0.23292810829302812,0.6997712363922562,0.39772727272727276,0.31818181818181823,0.2840909090909091,0.5021551724137931,0.2887931034482758,0.20905172413793105,0.2766641950351981,0.3348817968085688,0.38845400815623315,0.24368217034204004,0.28557676881116634,0.47074106084679357,0.5899071853792974,0.17019415425220252,0.23989866036850005,0.22174419095214634,0.22629608145293226,0.5519597275949214,0.5463414629029387,9.365853649764664e-10,0.4536585361604759,0.384,0.31599999999999995,0.30000000000000004,0.22065547460766172,0.288593880410332,0.4907506449820063,0.2466887551998958,0.23523473815319243,0.5180765066469118
2022-08-23,2022-08-24T03:59:59+00:00,2022-08-30,2022-09-09T05:00:00+00:00,-0.0036543983294178295,FLAT,0.33584499461786865,0.35252960172228204,0.3116254036598493,0.03358449946178687,0.9352529601722283,0.031162540365984932,0.03358449946178687,0.035252960172228204,0.931162540365985,0.9335844994617869,0.035252960172228204,0.031162540365984932,0.797731964205307,0.16586857446364023,0.03639946133105276,0.3921100351718577,0.5195255207475192,0.08836444408062301,0.9999999953333333,2.3333333224444446e-09,2.3333333224444446e-09,0.7308026104422795,0.16878438754333222,0.10041300201438834,0.036375128886009855,0.19976328870101887,0.7638615824129713,0.5833333319722223,2.333333327888889e-09,0.41666666569444444,0.9310344827586207,0.04525862068965525,0.023706896551724088,0.27559518749119527,0.7162251334785826,0.008179679030222152,0.9999999979999998,9.99999998e-10,9.99999998e-10,0.638671414331583,0.09752275132725041,0.26380583434116656,0.2375700758581348,0.2105873570801526,0.5518425670617126,0.5463414629029387,9.365853649764664e-10,0.4536585361604759,0.404,0.268,0.32799999999999996,0.21979618426419567,0.2648456863696744,0.5153581293661299,0.2792888661870912,0.22198101562167455,0.49873011819123425
2022-08-31,2022-09-01T03:59:59+00:00,2022-09-07,2022-09-15T05:00:00+00:00,-0.02674230145867096,DOWN,0.33584499461786865,0.35252960172228204,0.3116254036598493,0.03358449946178687,0.9352529601722283,0.031162540365984932,0.03358449946178687,0.035252960172228204,0.931162540365985,0.9335844994617869,0.035252960172228204,0.031162540365984932,0.9072956301552979,0.087011286899508,0.0056930829451941065,0.5221884681952683,0.4685865219466613,0.009225009858070357,0.9999999953333333,2.3333333224444446e-09,2.3333333224444446e-09,0.7043920313099166,0.13074184667958777,0.16486612201049566,0.021107958416066105,0.1380248565674532,0.8408671850164807,0.3418803414128132,1.3675213656512528e-09,0.6581196572196654,0.9719827586206896,0.025862068965517238,0.0021551724137931494,0.18091732269446767,0.8186021642130485,0.0004805130924837912,0.9999999979999998,9.99999998e-10,9.99999998e-10,0.6701962908144508,0.11372765643235583,0.21607605275319341,0.23457527431425435,0.2203091141164471,0.5451156115692987,0.5591054307740204,9.584664527554635e-10,0.4408945682675132,0.44,0.21600000000000003,0.344,0.21145340095817858,0.24648223896755936,0.5420643600742621,0.34916864608076004,0.19952494061757717,0.45130641330166266
2022-09-08,2022-09-09T03:59:59+00:00,2022-09-15,2022-09-22T05:00:00+00:00,-0.08854020734099188,DOWN,0.33584499461786865,0.35252960172228204,0.3116254036598493,0.03358449946178687,0.9352529601722283,0.031162540365984932,0.03358449946178687,0.035252960172228204,0.931162540365985,0.9335844994617869,0.035252960172228204,0.031162540365984932,0.8554633694607056,0.13853324064026087,0.006003389899033555,0.5329743205555095,0.4580839347267011,0.008941744717789272,0.9999999953333333,2.3333333224444446e-09,2.3333333224444446e-09,0.6376983074330158,0.20248116333151944,0.15982052923546483,0.05345482355789049,0.19083900288122455,0.755706173560885,0.2684563758389262,0.21476510067114093,0.5167785234899329,0.9612068965517241,0.028017241379310387,0.010775862068965525,0.2313682658934295,0.7663773695638822,0.0022543645426883296,0.9999999979999998,9.99999998e-10,9.99999998e-10,0.6165496322950968,0.11705707846538238,0.26639328923952077,0.23108273649198627,0.21363943167408572,0.555277831833928,0.5463414629029387,9.365853649764664e-10,0.4536585361604759,0.44,0.22000000000000003,0.33999999999999997,0.2109829577982189,0.24945351958919176,0.5395635226125893,0.34916864608076004,0.19952494061757717,0.45130641330166266
2022-09-16,2022-09-17T03:59:59+00:00,2022-09-23,2022-09-29T05:00:00+00:00,0.020663744520976746,UP,0.33584499461786865,0.35252960172228204,0.3116254036598493,0.03358449946178687,0.9352529601722283,0.031162540365984932,0.03358449946178687,0.9352529601722283,0.031162540365984932,0.03358449946178687,0.9352529601722283,0.031162540365984932,0.5509714618084486,0.39536335572926545,0.05366518246228602,0.42796353452045943,0.4649525240093276,0.1070839414702131,0.593296088564141,0.4067039100515015,1.3843575399829956e-09,0.5732215226652813,0.2106798476073334,0.2160986297273854,0.06048370162071064,0.18175108200748552,0.7577652163718038,0.2684563758389262,0.21476510067114093,0.5167785234899329,0.8512931034482759,0.09698275862068961,0.051724137931034475,0.327436355989218,0.6319224625755764,0.04064118143520564,0.9999999979999998,9.99999998e-10,9.99999998e-10,0.44443123284074626,0.26562486297320453,0.2899439041860492,0.22016130998380365,0.24297212150132408,0.5368665685148724,0.23572744014732966,0.2504604051565378,0.5138121546961326,0.384,0.264,0.352,0.22958891487126784,0.25078858831700773,0.5196224968117245,0.24822536649172902,0.23047105552808309,0.5213035779801879
2022-09-26,2022-09-27T03:59:59+00:00,2022-10-03,2022-10-06T05:00:00+00:00,0.11650793650793645,UP,0.33584499461786865,0.35252960172228204,0.3116254036598493,0.03358449946178687,0.9352529601722283,0.031162540365984932,0.9335844994617869,0.035252960172228204,0.031162540365984932,0.03358449946178687,0.035252960172228204,0.931162540365985,0.6827098896323724,0.2446183330479303,0.07267177731969722,0.3421966679335338,0.48124646675618904,0.17655686531027712,0.6794238004923978,0.3205761979222801,1.5853222011489284e-09,0.8146790539595611,0.13105383890320602,0.05426710713723298,0.022811623298424635,0.22380029540025634,0.7533880813013191,0.5833333319722223,2.333333327888889e-09,0.41666666569444444,0.9073275862068966,0.06465517241379304,0.028017241379310387,0.29469397377893874,0.6906835843389082,0.01462244188215296,0.9999999979999998,9.99999998e-10,9.99999998e-10,0.6805258083985228,0.14663641334214572,0.17283777825933144,0.2311182268621055,0.23582985212963065,0.5330519210082639,0.5764945332204655,9.88276342663655e-10,0.42350546579125825,0.376,0.19999999999999996,0.42400000000000004,0.2393328828530212,0.20642080878075328,0.5542463083662256,0.20936787008455238,0.1846731982284257,0.6059589316870218
2022-10-04,2022-10-05T03:59:59+00:00,2022-10-11,2022-10-14T05:00:00+00:00,0.17349726775956276,UP,0.33584499461786865,0.35252960172228204,0.3116254036598493,0.03358449946178687,0.9352529601722283,0.031162540365984932,0.9335844994617869,0.035252960172228204,0.031162540365984932,0.03358449946178687,0.035252960172228204,0.931162540365985,0.5937884761930428,0.30925086768784543,0.09696065611911188,0.32961204607217426,0.4482487689151797,0.22213918501264607,0.593296088564141,0.4067039100515015,1.3843575399829956e-09,0.7176815306528507,0.17133492858421215,0.11098354076293719,0.03738605844831324,0.19372254211142517,0.7688913994402616,0.5833333319722223,2.333333327888889e-09,0.41666666569444444,0.8599137931034483,0.09267241379310343,0.04741379310344829,0.3237071363727869,0.6405781883961755,0.03571467523103754,0.9999999979999998,9.99999998e-10,9.99999998e-10,0.5735374858094549,0.16155485116065105,0.2649076630298941,0.22238099952447893,0.22178775063213177,0.5558312498433894,0.5463414629029387,9.365853649764664e-10,0.4536585361604759,0.44,0.21600000000000003,0.344,0.21145340095817858,0.24648223896755936,0.5420643600742621,0.34916864608076004,0.19952494061757717,0.45130641330166266
2022-10-12,2022-10-13T03:59:59+00:00,2022-10-19,2022-10-27T05:00:00+00:00,-0.059771188419332266,DOWN,0.33584499461786865,0.35252960172228204,0.3116254036598493,0.03358449946178687,0.9352529601722283,0.031162540365984932,0.03358449946178687,0.035252960172228204,0.931162540365985,0.9335844994617869,0.035252960172228204,0.031162540365984932,0.7781128279420325,0.17651141137858684,0.04537576067938066,0.3729444905094435,0.5140107181647942,0.1130447913257624,0.9999999953333333,2.3333333224444446e-09,2.3333333224444446e-09,0.7338241421226989,0.08319927200289474,0.1829765858744065,0.00816367712453488,0.09668270464553852,0.8951536182299266,0.3418803414128132,1.3675213656512528e-09,0.6581196572196654,0.8620689655172413,0.09267241379310354,0.04525862068965514,0.32235614112470984,0.6433369672840018,0.034306891591288385,0.9999999979999998,9.99999998e-10,9.99999998e-10,0.5353684117667604,0.21572581911886402,0.24890576911437556,0.21823441275835448,0.23413527419971472,0.5476303130419308,0.35287880700708163,0.21206863192057085,0.4350525610723476,0.368,0.20399999999999996,0.42800000000000005,0.2426008693679486,0.20554205663954186,0.5518570739925096,0.20869173377018094,0.18730622906804545,0.6040020371617737
2022-10-20,2022-10-21T03:59:59+00:00,2022-10-27,2022-11-03T05:00:00+00:00,0.05768332554880895,UP,0.33584499461786865,0.35252960172228204,0.3116254036598493,0.03358449946178687,0.9352529601722283,0.031162540365984932,0.03358449946178687,0.035252960172228204,0.931162540365985,0.9335844994617869,0.035252960172228204,0.031162540365984932,0.9771742305113147,0.02272518487104944,0.00010058461763579919,0.7527001849151788,0.24725668711807725,4.312796674402881e-05,0.9999999953333333,2.3333333224444446e-09,2.3333333224444446e-09,0.7803646702179136,0.11678772463011036,0.1028476051519759,0.016911492633704322,0.15444854976846129,0.8286399575978345,0.5833333319722223,2.333333327888889e-09,0.41666666569444444,0.997844826588362,0.002155172411637977,1.0000000000000003e-09,0.009017902344243262,0.9909820966557567,9.999999990294542e-10,0.9999999979999998,9.99999998e-10,9.99999998e-10,0.6933671906808626,0.128720347221984,0.1779124620971534,0.23453897162755316,0.23142058003870655,0.5340404483337403,0.5591054307740204,9.584664527554635e-10,0.4408945682675132,0.36,0.24,0.4,0.243535799086628,0.22348101549634192,0.53298318541703,0.20735247822589106,0.19252159921648188,0.6001259225576271
2022-10-28,2022-10-29T03:59:59+00:00,2022-11-04,2022-11-10T06:00:00+00:00,-0.014168377823408629,FLAT,0.33584499461786865,0.35252960172228204,0.3116254036598493,0.03358449946178687,0.9352529601722283,0.031162540365984932,0.9335844994617869,0.035252960172228204,0.031162540365984932,0.03358449946178687,0.035252960172228204,0.931162540365985,0.8734217933135364,0.11923115761448926,0.007347049071974347,0.5128083215523933,0.4750403769989766,0.0121513014486301,0.9999999953333333,2.3333333224444446e-09,2.3333333224444446e-09,0.7444225343322333,0.16648580899000787,0.08909165667775895,0.035580449140250804,0.20817193256089506,0.7562476182988542,0.5833333319722223,2.333333327888889e-09,0.41666666569444444,0.9698275862068966,0.023706896551724088,0.006465517241379337,0.20963932578754782,0.7891993820384005,0.0011612921740517318,0.9999999979999998,9.99999998e-10,9.99999998e-10,0.6756933448105158,0.15010186754720523,0.17420478764227898,0.23023576446070593,0.23602728034840098,0.533736955190893,0.5591054307740204,9.584664527554635e-10,0.4408945682675132,0.44,0.14799999999999996,0.41200000000000003,0.21580619784110971,0.19826740837547738,0.5859263937834129,0.30083266183185603,0.16330915928015044,0.5358581788879936
2022-11-07,2022-11-08T04:59:59+00:00,2022-11-14,2022-11-17T06:00:00+00:00,-0.030529461998291985,DOWN,0.33584499461786865,0.35252960172228204,0.3116254036598493,0.03358449946178687,0.9352529601722283,0.031162540365984932,0.03358449946178687,0.035252960172228204,0.931162540365985,0.9335844994617869,0.035252960172228204,0.031162540365984932,0.9574889170037155,0.04131710280644711,0.0011939801898374642,0.6150560950889126,0.38368781327939794,0.001256091631689528,0.9999999953333333,2.3333333224444446e-09,2.3333333224444446e-09,0.789009306114448,0.1323310036945149,0.07865969019103711,0.02240129093628804,0.18943422695773826,0.7881644821059737,0.5833333319722223,2.333333327888889e-09,0.41666666569444444,0.9935344827586207,0.004310344827586188,0.0021551724137931494,0.13269047009845755,0.8672571044354987,5.2425466043714634e-05,0.9999999979999998,9.99999998e-10,9.99999998e-10,0.6693785339634645,0.14914114346118434,0.18148032257535118,0.22945100821105432,0.23388714831092425,0.5366618434780215,0.5591054307740204,9.584664527554635e-10,0.4408945682675132,0.44,0.14799999999999996,0.41200000000000003,0.21580619784110971,0.19826740837547738,0.5859263937834129,0.30083266183185603,0.16330915928015044,0.5358581788879936
2022-11-15,2022-11-16T04:59:59+00:00,2022-11-22,2022-12-01T06:00:00+00:00,-0.22977346278317157,DOWN,0.33584499461786865,0.35252960172228204,0.3116254036598493,0.03358449946178687,0.9352529601722283,0.031162540365984932,0.9335844994617869,0.035252960172228204,0.031162540365984932,0.03358449946178687,0.035252960172228204,0.931162540365985,0.9072215799721859,0.083225035492196,0.009553384535618176,0.4824071616783059,0.498999878244343,0.018592960077351166,0.9999999953333333,2.3333333224444446e-09,2.3333333224444446e-09,0.7091430740713859,0.12719596225049204,0.16366096367812202,0.01991029726722886,0.13569542606980425,0.844394276662967,0.3418803414128132,1.3675213656512528e-09,0.6581196572196654,0.9719827586206896,0.025862068965517238,0.0021551724137931494,0.18091732269446767,0.8186021642130485,0.0004805130924837912,0.9999999979999998,9.99999998e-10,9.99999998e-10,0.575255291747867,0.16045868912229044,0.2642860191298425,0.2225279861911452,0.2216437033174471,0.5558283104914078,0.5463414629029387,9.365853649764664e-10,0.4536585361604759,0.444,0.12799999999999995,0.42800000000000005,0.21418299439709035,0.18574823585448821,0.6000687697484214,0.30083266183185603,0.16330915928015044,0.5358581788879936
2022-11-23,2022-11-24T04:59:59+00:00,2022-11-30,2022-12-08T06:00:00+00:00,-0.01969302056183031,DOWN,0.33584499461786865,0.35252960172228204,0.3116254036598493,0.03358449946178687,0.9352529601722283,0.031162540365984932,0.9335844994617869,0.035252960172228204,0.031162540365984932,0.03358449946178687,0.035252960172228204,0.931162540365985,0.8377283128525612,0.15746496814551167,0.004806719001927035,0.554017963086075,0.4395750495382659,0.006406987375659096,0.9999999953333333,2.3333333224444446e-09,2.3333333224444446e-09,0.5495668576371318,0.399480238493926,0.05095290386894229,0.1989313090222996,0.40981018463458785,0.3912585063431126,0.3238317757009346,0.4448598130841121,0.23130841121495327,0.9612068965517241,0.028017241379310387,0.010775862068965525,0.2313682658934295,0.7663773695638822,0.0022543645426883296,0.9999999979999998,9.99999998e-10,9.99999998e-10,0.6914201468638208,0.18157721870941979,0.1270026344267594,0.23394801928392933,0.25877869458727387,0.5072732861287967,0.9276675250499853,0.07233247335972759,1.5902871857999747e-09,0.444,0.12799999999999995,0.42800000000000005,0.21418299439709035,0.18574823585448821,0.6000687697484214,0.30083266183185603,0.16330915928015044,0.5358581788879936
2022-12-15,2022-12-16T04:59:59+00:00,2022-12-22,2022-12-30T06:00:00+00:00,-0.040735068912710615,DOWN,0.33584499461786865,0.35252960172228204,0.3116254036598493,0.03358449946178687,0.9352529601722283,0.031162540365984932,0.9335844994617869,0.035252960172228204,0.031162540365984932,0.03358449946178687,0.035252960172228204,0.931162540365985,0.5465158080520843,0.2917724408397632,0.16171175110815242,0.26126404660506375,0.3842026046037237,0.35453334879121245,0.6499999990141667,0.3499999994691667,1.516666664366389e-09,0.6666031672826519,0.11665928469699265,0.21673754802035536,0.0169032583103538,0.1168605833640279,0.8662361583256183,0.3418803414128132,1.3675213656512528e-09,0.6581196572196654,0.7672413793103449,0.15086206896551724,0.0818965517241379,0.34286617215972265,0.5569010544432582,0.10023277339701915,0.9999999979999998,9.99999998e-10,9.99999998e-10,0.4907200488281593,0.29731571688647623,0.21196423428536448,0.21930651882117969,0.25710738330118704,0.5235860978776333,0.24198427102238354,0.2571082879612825,0.500907441016334,0.416,0.18,0.404,0.22390996015825246,0.2102817077930147,0.5658083320487328,0.25983381251777193,0.17288553284256425,0.5672806546396638
2022-12-23,2022-12-24T04:59:59+00:00,2022-12-30,2023-01-06T06:00:00+00:00,0.018176216882316742,UP,0.33584499461786865,0.35252960172228204,0.3116254036598493,0.03358449946178687,0.9352529601722283,0.031162540365984932,0.03358449946178687,0.035252960172228204,0.931162540365985,0.9335844994617869,0.035252960172228204,0.031162540365984932,0.7405347644641258,0.1821153128987153,0.07734992263715884,0.3151052786570879,0.4833033962445491,0.20159132509836308,0.9999999953333333,2.3333333224444446e-09,2.3333333224444446e-09,0.8297377808009986,0.0900624458048641,0.08019977339413732,0.010155671670239196,0.14616578147386702,0.8436785468558937,0.5833333319722223,2.333333327888889e-09,0.41666666569444444,0.7801724137931034,0.14655172413793105,0.07327586206896552,0.3417781057975599,0.5697220367800603,0.08849985742237988,0.9999999979999998,9.99999998e-10,9.99999998e-10,0.6150762967108332,0.1662991142481336,0.2186245890410332,0.22321078264634328,0.22886129717548762,0.5479279201781692,0.5591054307740204,9.584664527554635e-10,0.4408945682675132,0.392,0.19999999999999996,0.40800000000000003,0.23253697194280834,0.2130637085903476,0.5543993194668441,0.2189649838693045,0.182431536614469,0.5986034795162264
2023-01-03,2023-01-04T04:59:59+00:00,2023-01-10,2023-01-20T06:00:00+00:00,0.0025421035907213785,FLAT,0.32581573896353166,0.3450095969289827,0.3291746641074856,0.03258157389635317,0.9345009596928983,0.03291746641074856,0.03258157389635317,0.03450095969289827,0.9329174664107486,0.9325815738963532,0.03450095969289827,0.03291746641074856,0.8344447703408318,0.1413495763952631,0.024205653263905114,0.3905709981976204,0.11329006635293694,0.4961389354494427,0.37715468423133125,0.12396679532220882,0.4988785204464598,0.36465197464266785,0.20616778107075248,0.42918024428657975,0.3184563984210849,0.09843852032902015,0.583105081249895,0.3017736378716346,0.07273191272170473,0.6254944494066607,0.9213051823416507,0.051823416506717845,0.026871401151631447,0.3905185398571886,0.11642107327171683,0.4930603868710946,0.31923718712753274,0.11063510982462113,0.5701277030478461,0.5911382606430917,0.12133692591364043,0.28752481344326786,0.3800286721350941,0.17659952829386083,0.44337179957104506,0.3682887818588351,1.1190312987249224e-09,0.6317112170221336,0.368,0.21999999999999997,0.41200000000000003,0.3775699023162478,0.11496491734546974,0.5074651803382825,0.37286689419795227,0.13294065837278432,0.4941924474292635
2023-01-11,2023-01-12T04:59:59+00:00,2023-01-18,2023-01-26T06:00:00+00:00,0.016317733990147687,UP,0.32581573896353166,0.3450095969289827,0.3291746641074856,0.03258157389635317,0.9345009596928983,0.03291746641074856,0.9325815738963532,0.03450095969289827,0.03291746641074856,0.03258157389635317,0.03450095969289827,0.9329174664107486,0.7774025217678332,0.2045844718390337,0.018013006393133215,0.4617603043997754,0.1270064351370346,0.4112332604631899,0.4089493964109073,0.13441738427651834,0.45663321931257433,0.603924844979148,0.2816967952145229,0.11437835980632903,0.42003261465346187,0.13438997214789825,0.4455774131986399,0.40029501973977427,0.13128202603663483,0.4684229542235908,0.8982725527831094,0.07293666026871404,0.028790786948176605,0.3841412897182384,0.1193598447928192,0.4964988654889424,0.31923718712753274,0.11063510982462113,0.5701277030478461,0.6716608740599042,0.1995770899871785,0.12876203595291735,0.49194749870863397,0.05815848756246224,0.44989401372890386,0.8112919621745086,0.18870803634278538,1.482705999836171e-09,0.344,0.248,0.40800000000000003,0.346569516248395,0.11486013543538602,0.538570348316219,0.3108660857193669,0.14608368689819873,0.5430502273824345
2023-01-19,2023-01-20T04:59:59+00:00,2023-01-26,2023-02-02T06:00:00+00:00,-0.006430868167202508,FLAT,0.32581573896353166,0.3450095969289827,0.3291746641074856,0.03258157389635317,0.9345009596928983,0.03291746641074856,0.9325815738963532,0.03450095969289827,0.03291746641074856,0.03258157389635317,0.03450095969289827,0.9329174664107486,0.5646796529041215,0.38365431987750914,0.051666027218369416,0.4525213325177698,0.1452615810231089,0.40221708645912124,0.35563490604124065,0.11689346957601707,0.5274716243827423,0.5299591856549528,0.36183868893587917,0.10820212540916807,0.4218291325770776,0.1580127956517163,0.4201580717712061,0.3447518213287371,0.14344104398708052,0.5118071346841823,0.710172744721689,0.2111324376199617,0.07869481765834929,0.3720495742750391,0.13145818718822558,0.4964922385367353,0.31923718712753274,0.11063510982462113,0.5701277030478461,0.567313056852905,0.21404917981166516,0.21863776333542984,0.3788094846597145,0.09429697184504787,0.5268935434952376,0.32237538224353773,0.12466684362285059,0.5529577741336116,0.34,0.22000000000000003,0.43999999999999995,0.3524728657625741,0.12403705775933581,0.5234900764780901,0.3108660857193669,0.14608368689819873,0.5430502273824345
2023-02-09,2023-02-10T04:59:59+00:00,2023-02-16,2023-02-24T06:00:00+00:00,-0.013527945888216486,FLAT,0.32581573896353166,0.3450095969289827,0.3291746641074856,0.03258157389635317,0.9345009596928983,0.03291746641074856,0.9325815738963532,0.03450095969289827,0.03291746641074856,0.03258157389635317,0.03450095969289827,0.9329174664107486,0.4547031804592485,0.38034767890467136,0.16494914063608015,0.3599949348285823,0.14001380223078844,0.49999126294062923,0.3389930438218382,0.11991244908510343,0.5410945070930585,0.6403440920079934,0.2481309656174785,0.1115249423745281,0.42338338283927807,0.12246867758553039,0.45414793957519156,0.40029501973977427,0.13128202603663483,0.4684229542235908,0.491362763915547,0.2821497120921306,0.22648752399232241,0.3737767339625128,0.138952510648155,0.4872707553893322,0.3078829652368305,0.1422669080988529,0.5498501266643167,0.6587078973361542,0.16691878907270308,0.17437331359114272,0.4419047939395285,0.09019641827810249,0.4678987877823691,0.49909792743327347,0.11609111666316267,0.3848109559035638,0.372,0.19599999999999995,0.43200000000000005,0.3911175569348239,0.1204378263584017,0.48844461670677436,0.37286689419795227,0.13294065837278432,0.4941924474292635
2023-02-17,2023-02-18T04:59:59+00:00,2023-02-24,2023-03-02T06:00:00+00:00,0.030927835051546282,UP,0.32581573896353166,0.3450095969289827,0.3291746641074856,0.03258157389635317,0.9345009596928983,0.03291746641074856,0.03258157389635317,0.03450095969289827,0.9329174664107486,0.9325815738963532,0.03450095969289827,0.03291746641074856,0.5828092333498762,0.2870745107703206,0.13011625587980324,0.3428789429468335,0.12688455262811982,0.5302365044250467,0.35563490604124065,0.11689346957601707,0.5274716243827423,0.5928268283837707,0.19797134791532947,0.20920182370089987,0.3709664242543691,0.10484298124740847,0.5241905944982224,0.4308805991425919,0.06490537566365683,0.5042140251937514,0.5988483685220729,0.25911708253358934,0.14203454894433776,0.372731416049473,0.13566339233563726,0.4916051916148897,0.31923718712753274,0.11063510982462113,0.5701277030478461,0.5141770597123551,0.18323303745545094,0.302589902832194,0.3448149277274263,0.14092435375561246,0.5142607185169612,0.2903330173632199,0.13056187811121767,0.5791051045255624,0.34,0.22000000000000003,0.43999999999999995,0.3524728657625741,0.12403705775933581,0.5234900764780901,0.3108660857193669,0.14608368689819873,0.5430502273824345
2023-02-27,2023-02-28T04:59:59+00:00,2023-03-06,2023-03-09T06:00:00+00:00,0.035625222657641675,UP,0.32581573896353166,0.3450095969289827,0.3291746641074856,0.03258157389635317,0.9345009596928983,0.03291746641074856,0.9325815738963532,0.03450095969289827,0.03291746641074856,0.03258157389635317,0.03450095969289827,0.9329174664107486,0.5827585098181555,0.3390353587554495,0.07820613142639517,0.4034442389903614,0.1376831866373981,0.45887257437224044,0.35563490604124065,0.11689346957601707,0.5274716243827423,0.7283359152308979,0.18017739127421148,0.09148669349489062,0.44254482650670507,0.09418100612661458,0.4632741673666803,0.5284742717823688,0.0658283074554087,0.40569742076222254,0.7197696737044146,0.20345489443378117,0.07677543186180424,0.37268620966043586,0.1309924965100709,0.49632129382949325,0.31923718712753274,0.11063510982462113,0.5701277030478461,0.6129703756256478,0.25265638610435237,0.1343732382699998,0.462823922858015,0.05141611097236708,0.4857599661696179,0.7211296000336318,0.2788703977752436,2.191124553948343e-09,0.384,0.19599999999999995,0.42000000000000004,0.40171641231082234,0.11654016768717576,0.4817434200020019,0.37286689419795227,0.13294065837278432,0.4941924474292635
2023-03-07,2023-03-08T04:59:59+00:00,2023-03-14,2023-03-23T05:00:00+00:00,-0.014239943040227798,FLAT,0.32581573896353166,0.3450095969289827,0.3291746641074856,0.03258157389635317,0.9345009596928983,0.03291746641074856,0.03258157389635317,0.03450095969289827,0.9329174664107486,0.9325815738963532,0.03450095969289827,0.03291746641074856,0.5396309353940801,0.33426385406022663,0.12610521054569332,0.3640766485536402,0.1343287974664721,0.5015945539798877,0.35563490604124065,0.11689346957601707,0.5274716243827423,0.5578394464740659,0.3657843922931219,0.07637616123281213,0.45176546200353934,0.15506105032943215,0.3931734876670285,0.41841293234467825,0.1740892552848524,0.4074978123704693,0.5700575815738963,0.2571976967370442,0.17274472168905952,0.37457005645189173,0.13636056803077873,0.48906937551732954,0.31923718712753274,0.11063510982462113,0.5701277030478461,0.6050461594360752,0.22380245733002246,0.17115138323390233,0.4199509523316314,0.0720672374937294,0.5079818101746392,0.37473334234134636,0.1449143624578773,0.4803522952007764,0.368,0.20399999999999996,0.42800000000000005,0.3840253158174017,0.1194561876444931,0.4965184965381052,0.37286689419795227,0.13294065837278432,0.4941924474292635
2023-03-15,2023-03-16T03:59:59+00:00,2023-03-22,2023-03-30T05:00:00+00:00,0.02750565184626974,UP,0.32581573896353166,0.3450095969289827,0.3291746641074856,0.03258157389635317,0.9345009596928983,0.03291746641074856,0.03258157389635317,0.03450095969289827,0.9329174664107486,0.9325815738963532,0.03450095969289827,0.03291746641074856,0.5124029148963917,0.3749520092735089,0.11264507583009938,0.3872455637923384,0.1406616044743604,0.4720928317333012,0.35563490604124065,0.11689346957601707,0.5274716243827423,0.4272931632111548,0.3897801544376812,0.18292668235116405,0.37886088180549,0.16661077304594762,0.4545283451485625,0.2943728876672088,0.15446954749855837,0.5511575648342327,0.5508637236084453,0.27447216890595016,0.17466410748560457,0.3728663652149103,0.13724970196591482,0.48988393281917497,0.3078829652368305,0.1422669080988529,0.5498501266643167,0.5449935343512066,0.23707212218148843,0.217934343467305,0.374343806568969,0.0872372319359893,0.5384189614950418,0.32237538224353773,0.12466684362285059,0.5529577741336116,0.392,0.272,0.33599999999999997,0.3826995653825534,0.09403461676584259,0.523265817851604,0.37286689419795227,0.13294065837278432,0.4941924474292635
2023-03-23,2023-03-24T03:59:59+00:00,2023-03-30,2023-04-06T05:00:00+00:00,-0.014958863126402377,FLAT,0.32581573896353166,0.3450095969289827,0.3291746641074856,0.03258157389635317,0.9345009596928983,0.03291746641074856,0.9325815738963532,0.03450095969289827,0.03291746641074856,0.03258157389635317,0.03450095969289827,0.9329174664107486,0.5277053416010588,0.34946931575964074,0.12282534263930046,0.37167004731793657,0.13667715781756762,0.49165279486449576,0.35563490604124065,0.11689346957601707,0.5274716243827423,0.5080368543064969,0.3650691972945689,0.12689394839893414,0.4083881859539273,0.16005919947578726,0.4315526145702853,0.3447518213287371,0.14344104398708052,0.5118071346841823,0.5431861804222649,0.2763915547024952,0.18042226487523993,0.37291348787643663,0.13749016980051282,0.4895963423230505,0.3078829652368305,0.1422669080988529,0.5498501266643167,0.6179600980878045,0.19836567462100707,0.18367422729118843,0.4151668858946704,0.08427745261352673,0.500555661491803,0.37473334234134636,0.1449143624578773,0.4803522952007764,0.404,0.256,0.33999999999999997,0.3974628020951779,0.0945416854920924,0.5079955124127297,0.37286689419795227,0.13294065837278432,0.4941924474292635
2023-03-31,2023-04-01T03:59:59+00:00,2023-04-10,2023-04-13T05:00:00+00:00,0.0386381025248661,UP,0.32581573896353166,0.3450095969289827,0.3291746641074856,0.03258157389635317,0.9345009596928983,0.03291746641074856,0.03258157389635317,0.03450095969289827,0.9329174664107486,0.9325815738963532,0.03450095969289827,0.03291746641074856,0.47021393682263446,0.3511590533163451,0.17862700986102045,0.34413944036013727,0.13537475635504276,0.5204858032848201,0.35563490604124065,0.11689346957601707,0.5274716243827423,0.5123540282198892,0.2256486886282594,0.2619972831518515,0.35339894355238416,0.11462340825258094,0.5319776481950349,0.3737383061643065,0.07142218388781994,0.5548395099478736,0.4952015355086372,0.2802303262955854,0.22456813819577737,0.3739296749575078,0.1388078320118273,0.4872624930306649,0.3078829652368305,0.1422669080988529,0.5498501266643167,0.4609648069719797,0.2354760690701665,0.3035591239578538,0.3374650626249416,0.11826078072958729,0.5442741566454712,0.2903330173632199,0.13056187811121767,0.5791051045255624,0.388,0.32399999999999995,0.28800000000000003,0.3692400788556621,0.0824284264623908,0.5483314946819471,0.7371714628579155,0.2628285351445878,1.9974968670988676e-09
2023-04-11,2023-04-12T03:59:59+00:00,2023-04-18,2023-04-27T05:00:00+00:00,-0.03563474387527843,DOWN,0.32581573896353166,0.3450095969289827,0.3291746641074856,0.03258157389635317,0.9345009596928983,0.03291746641074856,0.9325815738963532,0.03450095969289827,0.03291746641074856,0.03258157389635317,0.03450095969289827,0.9329174664107486,0.37036496536658486,0.3673336421116472,0.26230139252176793,0.32298332844165706,0.13797160040025425,0.5390450711580886,0.27662183610391783,0.13122713223623758,0.5921510316598446,0.48081424237374515,0.3110451127520756,0.2081406448741793,0.370221775319958,0.14506976449913503,0.48470846018090696,0.3447518213287371,0.14344104398708052,0.5118071346841823,0.5412667946257198,0.27063339731285985,0.18809980806142035,0.3738038020860679,0.13740749373931785,0.48878870417461423,0.30945529552573275,0.13788654324445915,0.5526581612298082,0.46334336302390083,0.21311299448566084,0.3235436424904383,0.33462853185231517,0.1342356035200364,0.5311358646276484,0.2903330173632199,0.13056187811121767,0.5791051045255624,0.368,0.264,0.368,0.3634434309874921,0.10318746167910302,0.5333691073334048,0.37286689419795227,0.13294065837278432,0.4941924474292635
2023-04-19,2023-04-20T03:59:59+00:00,2023-04-26,2023-05-04T05:00:00+00:00,-0.06893850372111243,DOWN,0.32581573896353166,0.3450095969289827,0.3291746641074856,0.03258157389635317,0.9345009596928983,0.03291746641074856,0.03258157389635317,0.9345009596928983,0.03291746641074856,0.03258157389635317,0.9345009596928983,0.03291746641074856,0.5022759745433287,0.3132160513681343,0.184507974088537,0.32772184005446625,0.1292304191741842,0.5430477407713495,0.35563490604124065,0.11689346957601707,0.5274716243827423,0.3942145488615698,0.4268367028024573,0.1789487483359729,0.38020097768627314,0.1746624583382598,0.44513656397546714,0.24851968956596723,0.2861741879850531,0.46530612244897956,0.6679462571976967,0.22072936660268716,0.1113243761996161,0.3745836721963722,0.1329320852472908,0.49248424255633716,0.31923718712753274,0.11063510982462113,0.5701277030478461,0.5346448058551784,0.18858102958711154,0.2767741645577101,0.3529532476709128,0.1278400976323339,0.5192066546967534,0.32237538224353773,0.12466684362285059,0.5529577741336116,0.408,0.2760000000000001,0.31599999999999995,0.3959214223651458,0.08842373671039666,0.5156548409244576,0.5055388067026573,0.10481665848699433,0.3896445348103485
2023-04-27,2023-04-28T03:59:59+00:00,2023-05-04,2023-05-11T05:00:00+00:00,-0.05010615711252653,DOWN,0.32581573896353166,0.3450095969289827,0.3291746641074856,0.03258157389635317,0.9345009596928983,0.03291746641074856,0.9325815738963532,0.03450095969289827,0.03291746641074856,0.03258157389635317,0.03450095969289827,0.9329174664107486,0.22652887326355176,0.37062022187851806,0.4028509048579302,0.29900649209992314,0.1445193215035062,0.5564741863965706,1.3557917473962011e-09,0.1814087549332945,0.8185912437109137,0.6322327497718576,0.24109004894273492,0.12667720128540755,0.41252837340299536,0.12074378281601113,0.4667278437809936,0.40029501973977427,0.13128202603663483,0.4684229542235908,0.272552783109405,0.2687140115163148,0.4587332053742802,0.37428461080907544,0.14512088375790871,0.4805945054330159,8.74999999234375e-10,0.12499999989062499,0.874999999234375,0.46872030492352945,0.3695432248498135,0.16173647022665705,0.4258851830035275,0.04619550195850698,0.5279193150379655,0.6897993294224373,0.31020066814027175,2.4372909639592786e-09,0.416,0.3,0.28400000000000003,0.39826649680414405,0.08035002606864111,0.5213834771272148,0.828269483727437,0.17173051496741118,1.3051519137523252e-09
2023-05-05,2023-05-06T03:59:59+00:00,2023-05-12,2023-05-18T05:00:00+00:00,-0.009462365591397903,FLAT,0.32581573896353166,0.3450095969289827,0.3291746641074856,0.03258157389635317,0.9345009596928983,0.03291746641074856,0.9325815738963532,0.03450095969289827,0.03291746641074856,0.03258157389635317,0.03450095969289827,0.9329174664107486,0.2688599768886638,0.28393520451287935,0.4472048185984569,0.26170392129613546,0.12743775824165315,0.6108583204622113,0.1558921546276032,0.15312855346604282,0.690979291906354,0.3848926458617128,0.32901169636580535,0.2860956577724818,0.34716969420875043,0.14611170241314894,0.5067186033781006,0.2943728876672088,0.15446954749855837,0.5511575648342327,0.31477927063339733,0.27255278310940495,0.4126679462571977,0.3749575099520987,0.14372795892197643,0.48131453112592487,0.3078829652368305,0.1422669080988529,0.5498501266643167,0.3884124270206284,0.2703186976878055,0.34126887529156613,0.33720941826319983,0.11817936536642334,0.5446112163703769,0.2903330173632199,0.13056187811121767,0.5791051045255624,0.384,0.31599999999999995,0.30000000000000004,0.366785731690848,0.08549491991272652,0.5477193483964254,0.49523844340053746,0.17657058253669414,0.3281909740627685
2023-06-08,2023-06-09T03:59:59+00:00,2023-06-15,2023-06-23T05:00:00+00:00,0.04311427375470922,UP,0.32581573896353166,0.3450095969289827,0.3291746641074856,0.03258157389635317,0.9345009596928983,0.03291746641074856,0.03258157389635317,0.9345009596928983,0.03291746641074856,0.03258157389635317,0.9345009596928983,0.03291746641074856,0.31144599351840724,0.46071428402913356,0.22783972245245926,0.3614502467671097,0.1528514705679266,0.4856982826649638,0.27662183610391783,0.13122713223623758,0.5921510316598446,0.41073544775423604,0.3301236340561219,0.2591409181896421,0.353958498496688,0.14823163234046008,0.4978098691628519,0.2943728876672088,0.15446954749855837,0.5511575648342327,0.4069097888675624,0.28406909788867557,0.309021113243762,0.3745621120331109,0.14124787104616335,0.48419001692072566,0.3078829652368305,0.1422669080988529,0.5498501266643167,0.2378044333742744,0.551478599411536,0.21071696721418964,0.517423727538056,0.0404045093509861,0.4421717631109579,0.2903330173632199,0.13056187811121767,0.5791051045255624,0.392,0.31199999999999994,0.29600000000000004,0.3746537404648665,0.0841998857254981,0.5411463738096355,0.7371714628579155,0.2628285351445878,1.9974968670988676e-09
2023-06-16,2023-06-17T03:59:59+00:00,2023-06-23,2023-06-29T05:00:00+00:00,-0.0483808037456106,DOWN,0.32581573896353166,0.3450095969289827,0.3291746641074856,0.03258157389635317,0.9345009596928983,0.03291746641074856,0.9325815738963532,0.03450095969289827,0.03291746641074856,0.03258157389635317,0.03450095969289827,0.9329174664107486,0.5245520661536376,0.29449662502936674,0.18095130881699567,0.3216491694142652,0.12621544622385888,0.5521353843618759,0.35563490604124065,0.11689346957601707,0.5274716243827423,0.6507146219418766,0.28429005274814656,0.06499532530997697,0.4699836549090705,0.12906033458911997,0.4009560105018096,0.47718120805369124,0.15649786455155582,0.36632092739475286,0.5431861804222649,0.27831094049904037,0.17850287907869478,0.3726404465492729,0.13753268246791986,0.48982687098280714,0.3078829652368305,0.1422669080988529,0.5498501266643167,0.6339595713356367,0.21145875838477513,0.15458167027958813,0.4453009889180412,0.06772918792599783,0.48696982315596105,0.7211296000336318,0.2788703977752436,2.191124553948343e-09,0.376,0.31999999999999995,0.30400000000000005,0.3589193255927821,0.08679606784739302,0.5542846065598249,0.37286689419795227,0.13294065837278432,0.4941924474292635
2023-06-26,2023-06-27T03:59:59+00:00,2023-07-03,2023-07-07T05:00:00+00:00,-0.025010084711577396,DOWN,0.32581573896353166,0.3450095969289827,0.3291746641074856,0.03258157389635317,0.9345009596928983,0.03291746641074856,0.03258157389635317,0.03450095969289827,0.9329174664107486,0.9325815738963532,0.03450095969289827,0.03291746641074856,0.5327823907969369,0.2737566997953087,0.19346090940775437,0.30817847599384257,0.12232672646725745,0.5694947975389,0.35563490604124065,0.11689346957601707,0.5274716243827423,0.5960816419667279,0.22462715010075368,0.17929120793251838,0.3835018604067173,0.11564425853574688,0.5008538810575359,0.4308805991425919,0.06490537566365683,0.5042140251937514,0.4971209213051823,0.2783109404990403,0.22456813819577737,0.3741287626251974,0.13871233878103476,0.4871588985937678,0.3078829652368305,0.1422669080988529,0.5498501266643167,0.6329914941219413,0.188094688321916,0.17891381755614266,0.4249571524283095,0.08525415313016547,0.4897886944415249,0.37473334234134636,0.1449143624578773,0.4803522952007764,0.36,0.26,0.38,0.3574027629013107,0.10666251570320937,0.5359347213954799,0.3108660857193669,0.14608368689819873,0.5430502273824345
2023-07-05,2023-07-06T03:59:59+00:00,2023-07-12,2023-07-20T05:00:00+00:00,0.04261250497809632,UP,0.32581573896353166,0.3450095969289827,0.3291746641074856,0.03258157389635317,0.9345009596928983,0.03291746641074856,0.9325815738963532,0.03450095969289827,0.03291746641074856,0.03258157389635317,0.03450095969289827,0.9329174664107486,0.6443671392313631,0.22974027074151734,0.12589259002711956,0.3184897725059986,0.11725272721355912,0.5642575002804424,0.35563490604124065,0.11689346957601707,0.5274716243827423,0.7343842508867213,0.16519416462603778,0.10042158448724083,0.43411169100142044,0.08839176590848014,0.4774965430900995,0.5088300770903394,0.06338136886833337,0.42778855404132715,0.6276391554702495,0.24184261036468335,0.13051823416506714,0.3737849820385003,0.13451634686502034,0.49169867109647936,0.31923718712753274,0.11063510982462113,0.5701277030478461,0.6631331021157273,0.16841462118240214,0.16845227670187057,0.44842527996442644,0.08658704698616206,0.4649876730494115,0.49909792743327347,0.11609111666316267,0.3848109559035638,0.388,0.22399999999999998,0.388,0.3937302642166144,0.10761435185131188,0.4986553839320737,0.37286689419795227,0.13294065837278432,0.4941924474292635
2023-07-27,2023-07-28T03:59:59+00:00,2023-08-03,2023-08-10T05:00:00+00:00,0.06758620689655181,UP,0.32581573896353166,0.3450095969289827,0.3291746641074856,0.03258157389635317,0.9345009596928983,0.03291746641074856,0.03258157389635317,0.03450095969289827,0.9329174664107486,0.9325815738963532,0.03450095969289827,0.03291746641074856,0.41652540388344655,0.4102312595892999,0.17324333652725352,0.36596607571257755,0.14434514534311843,0.48968877894430407,0.28691810507652804,0.12935929889892567,0.5837225960245463,0.29922097510768186,0.2556699054193803,0.44510911947293785,0.31845136189863726,0.11216937708401378,0.569379261017349,0.2779732582688248,0.14586398822852026,0.576162753502655,0.45489443378119004,0.28023032629558536,0.2648752399232246,0.37466310307793327,0.13985193421543837,0.4854849627066283,0.3078829652368305,0.1422669080988529,0.5498501266643167,0.5103201358958758,0.22846477658134823,0.261215087522776,0.3515285526294807,0.10585796529007038,0.5426134820804489,0.2903330173632199,0.13056187811121767,0.5791051045255624,0.32,0.36400000000000005,0.31599999999999995,0.30204631563510637,0.09211261183959057,0.6058410725253031,0.21738589727645816,0.1658997637109812,0.6167143390125606
2023-08-04,2023-08-05T03:59:59+00:00,2023-08-11,2023-08-17T05:00:00+00:00,0.0169823644676681,UP,0.32581573896353166,0.3450095969289827,0.3291746641074856,0.03258157389635317,0.9345009596928983,0.03291746641074856,0.03258157389635317,0.03450095969289827,0.9329174664107486,0.9325815738963532,0.03450095969289827,0.03291746641074856,0.53187498239405,0.38515202164892437,0.08297299595702565,0.4147900963156609,0.14340844106398062,0.4418014626203585,0.35563490604124065,0.11689346957601707,0.5274716243827423,0.4787747606909544,0.25953361177843554,0.26169162753061015,0.3535051908868625,0.12673906566838575,0.5197557434447517,0.3447518213287371,0.14344104398708052,0.5118071346841823,0.6429942418426103,0.23416506717850294,0.12284069097888672,0.3740458526893639,0.13392862891703775,0.49202551839359826,0.31923718712753274,0.11063510982462113,0.5701277030478461,0.5949097455665542,0.1877136979477243,0.21737655648572152,0.38857228609721894,0.10299462114078979,0.5084330927619912,0.32237538224353773,0.12466684362285059,0.5529577741336116,0.276,0.344,0.38,0.26402717180841395,0.11038035623174862,0.6255924719598375,0.21738589727645816,0.1658997637109812,0.6167143390125606
2023-08-14,2023-08-15T03:59:59+00:00,2023-08-21,2023-08-24T05:00:00+00:00,0.01915584415584415,UP,0.32581573896353166,0.3450095969289827,0.3291746641074856,0.03258157389635317,0.9345009596928983,0.03291746641074856,0.03258157389635317,0.9345009596928983,0.03291746641074856,0.03258157389635317,0.9345009596928983,0.03291746641074856,0.5088462601036253,0.4350024951749677,0.05615124472140688,0.461451490048654,0.15084194837027792,0.38770656158106803,0.35563490604124065,0.11689346957601707,0.5274716243827423,0.6251401673014525,0.2578034572461638,0.11705637545238373,0.41885752649413077,0.1263106542513618,0.4548318192545074,0.40029501973977427,0.13128202603663483,0.4684229542235908,0.6948176583493282,0.22648752399232253,0.07869481765834929,0.37030944724544085,0.13223541372508846,0.49745513902947075,0.31923718712753274,0.11063510982462113,0.5701277030478461,0.593144379637552,0.19880726011835748,0.20804836024409057,0.3919021160099445,0.09489053891766197,0.5132073450723935,0.37473334234134636,0.1449143624578773,0.4803522952007764,0.236,0.42000000000000004,0.344,0.21935798450709976,0.10308235106258806,0.6775596644303122,0.21738589727645816,0.1658997637109812,0.6167143390125606
2023-08-22,2023-08-23T03:59:59+00:00,2023-08-29,2023-09-08T05:00:00+00:00,0.02292993630573248,UP,0.32581573896353166,0.3450095969289827,0.3291746641074856,0.03258157389635317,0.9345009596928983,0.03291746641074856,0.03258157389635317,0.9345009596928983,0.03291746641074856,0.03258157389635317,0.9345009596928983,0.03291746641074856,0.627531736266858,0.31724083124833496,0.05522743248480705,0.42329239975315536,0.13674844183859067,0.439959158408254,0.35563490604124065,0.11689346957601707,0.5274716243827423,0.7183903168513179,0.18163830720394045,0.09997137594474166,0.4345331551558538,0.09546590379166595,0.47000094105248025,0.5284742717823688,0.0658283074554087,0.40569742076222254,0.7485604606525912,0.17658349328214973,0.07485604606525909,0.3758097067001445,0.12943698245690935,0.4947533108429462,0.31923718712753274,0.11063510982462113,0.5701277030478461,0.6196739265306582,0.19561339201970362,0.18471268144963815,0.41521453107194717,0.08558669710372953,0.4991987718243233,0.37473334234134636,0.1449143624578773,0.4803522952007764,0.324,0.32,0.356,0.3117248504985226,0.1019824652619964,0.586292684239481,0.21738589727645816,0.1658997637109812,0.6167143390125606
2023-08-30,2023-08-31T03:59:59+00:00,2023-09-06,2023-09-14T05:00:00+00:00,0.04235370190753329,UP,0.32581573896353166,0.3450095969289827,0.3291746641074856,0.03258157389635317,0.9345009596928983,0.03291746641074856,0.03258157389635317,0.03450095969289827,0.9329174664107486,0.9325815738963532,0.03450095969289827,0.03291746641074856,0.5919548950600328,0.35902848469504045,0.04901662024492665,0.44853068492157483,0.14257662792725376,0.4088926871511714,0.35563490604124065,0.11689346957601707,0.5274716243827423,0.4945113984924975,0.44481549918539465,0.06067310232210783,0.46894915766057327,0.16974885427834271,0.361301988061084,0.3463855421686747,0.31626506024096385,0.3373493975903614,0.7735124760076776,0.16314779270633395,0.06333973128598847,0.3757832829993062,0.12823825219454663,0.4959784648061472,0.31923718712753274,0.11063510982462113,0.5701277030478461,0.6263491089067504,0.22055279763747337,0.15309809345577619,0.4439647946617801,0.06506591869952538,0.4909692866386944,0.7211296000336318,0.2788703977752436,2.191124553948343e-09,0.284,0.38800000000000007,0.32799999999999996,0.26643647296405254,0.0967161026466421,0.6368474243893053,0.21738589727645816,0.1658997637109812,0.6167143390125606
2023-09-07,2023-09-08T03:59:59+00:00,2023-09-14,2023-09-21T05:00:00+00:00,0.07401719901719916,UP,0.32581573896353166,0.3450095969289827,0.3291746641074856,0.03258157389635317,0.9345009596928983,0.03291746641074856,0.03258157389635317,0.9345009596928983,0.03291746641074856,0.03258157389635317,0.9345009596928983,0.03291746641074856,0.6507689539754825,0.31304723526463635,0.03618381075988118,0.45638396720937335,0.13836824645108456,0.4052477863395421,0.35563490604124065,0.11689346957601707,0.5274716243827423,0.5064791026684398,0.43421197731889993,0.05930892001266027,0.47131595277303046,0.167187055303724,0.3614969919232456,0.3463855421686747,0.31626506024096385,0.3373493975903614,0.7965451055662188,0.15163147792706333,0.051823416506717845,0.37515187120031523,0.12707239014517502,0.49777573865450986,0.31923718712753274,0.11063510982462113,0.5701277030478461,0.6639783329893894,0.20156467038548798,0.13445699662512267,0.48084751197686154,0.06052110147364555,0.45863138654949287,0.8112919621745086,0.18870803634278538,1.482705999836171e-09,0.392,0.272,0.33599999999999997,0.3826995653825534,0.09403461676584259,0.523265817851604,0.37286689419795227,0.13294065837278432,0.4941924474292635
2023-09-15,2023-09-16T03:59:59+00:00,2023-09-22,2023-09-28T05:00:00+00:00,-0.017946454839658732,DOWN,0.32581573896353166,0.3450095969289827,0.3291746641074856,0.03258157389635317,0.9345009596928983,0.03291746641074856,0.03258157389635317,0.03450095969289827,0.9329174664107486,0.9325815738963532,0.03450095969289827,0.03291746641074856,0.7264159859465216,0.2307179226709728,0.04286609138250567,0.4042468138153621,0.12588064243535887,0.4698725437492791,0.35563490604124065,0.11689346957601707,0.5274716243827423,0.45129874913681245,0.3659534708950015,0.1827477799681861,0.3792690483119723,0.16084439474255643,0.4598865569454713,0.2943728876672088,0.15446954749855837,0.5511575648342327,0.8426103646833013,0.11900191938579663,0.03838771593090207,0.3770396118209674,0.12417651001030201,0.49878387816873065,0.31923718712753274,0.11063510982462113,0.5701277030478461,0.6737904642688302,0.19062564553198758,0.13558389019918227,0.48451404797886927,0.06346410792680642,0.45202184409432433,0.8112919621745086,0.18870803634278538,1.482705999836171e-09,0.344,0.276,0.38,0.3388821166941535,0.10734113250619551,0.553776750799651,0.3108660857193669,0.14608368689819873,0.5430502273824345
2023-09-25,2023-09-26T03:59:59+00:00,2023-10-02,2023-10-05T05:00:00+00:00,0.011083743842364324,FLAT,0.32581573896353166,0.3450095969289827,0.3291746641074856,0.03258157389635317,0.9345009596928983,0.03291746641074856,0.9325815738963532,0.03450095969289827,0.03291746641074856,0.03258157389635317,0.03450095969289827,0.9329174664107486,0.5321440155265308,0.4170994511684397,0.050756533305029536,0.4643616717918304,0.1491361983832968,0.3865021298248728,0.35563490604124065,0.11689346957601707,0.5274716243827423,0.3787614571147537,0.39120857084559635,0.23002997203965003,0.3622125195127816,0.16471987151153925,0.4730676089756792,0.2943728876672088,0.15446954749855837,0.5511575648342327,0.6429942418426103,0.23416506717850294,0.12284069097888672,0.3740458526893639,0.13392862891703775,0.49202551839359826,0.31923718712753274,0.11063510982462113,0.5701277030478461,0.5225789492438729,0.2057533741464581,0.27166767660966895,0.3508721605965704,0.11824550464232629,0.5308823347611032,0.2903330173632199,0.13056187811121767,0.5791051045255624,0.416,0.22800000000000004,0.356,0.4167039773986637,0.09809658377363435,0.48519943882770206,0.5055388067026573,0.10481665848699433,0.3896445348103485
2023-10-03,2023-10-04T03:59:59+00:00,2023-10-10,2023-10-13T05:00:00+00:00,-0.0585350904076003,DOWN,0.32581573896353166,0.3450095969289827,0.3291746641074856,0.03258157389635317,0.9345009596928983,0.03291746641074856,0.9325815738963532,0.03450095969289827,0.03291746641074856,0.03258157389635317,0.03450095969289827,0.9329174664107486,0.5215374795241364,0.4081099431596253,0.0703525773162384,0.43532161947785475,0.14694734336804308,0.41773103715410215,0.35563490604124065,0.11689346957601707,0.5274716243827423,0.6332798640953399,0.2604000094030492,0.10632012650161088,0.427146783079296,0.12648156604599603,0.4463716508747081,0.40029501973977427,0.13128202603663483,0.4684229542235908,0.6276391554702495,0.24184261036468335,0.13051823416506714,0.3737849820385003,0.13451634686502034,0.49169867109647936,0.31923718712753274,0.11063510982462113,0.5701277030478461,0.5681767383064333,0.21765356635407662,0.21416969533949004,0.38118021647748807,0.09137373445841242,0.5274460490640995,0.32237538224353773,0.12466684362285059,0.5529577741336116,0.4,0.22799999999999998,0.372,0.40278987299575836,0.10289293597796799,0.49431719102627364,0.37286689419795227,0.13294065837278432,0.4941924474292635
2023-10-11,2023-10-12T03:59:59+00:00,2023-10-18,2023-10-26T05:00:00+00:00,0.048884514435695525,UP,0.32581573896353166,0.3450095969289827,0.3291746641074856,0.03258157389635317,0.9345009596928983,0.03291746641074856,0.03258157389635317,0.9345009596928983,0.03291746641074856,0.03258157389635317,0.9345009596928983,0.03291746641074856,0.6446219679998388,0.3170918542206108,0.03828617777955041,0.4533237777948655,0.13860824291583926,0.4080679792892953,0.35563490604124065,0.11689346957601707,0.5274716243827423,0.5469887801304106,0.39907861532209643,0.05393260454749293,0.481160216154807,0.15777767358668304,0.36106211025851,0.4582486901745894,0.1906637368035166,0.351087573021894,0.8253358925143954,0.13051823416506714,0.04414587332053743,0.37665697235088996,0.12530771285107925,0.4980353147980307,0.31923718712753274,0.11063510982462113,0.5701277030478461,0.6730981493969324,0.20478049095362139,0.12212135964944626,0.5019421320337762,0.05391865623810211,0.4441392117281217,0.8112919621745086,0.18870803634278538,1.482705999836171e-09,0.376,0.268,0.356,0.36950827103166733,0.09975987123196153,0.5307318577363711,0.37286689419795227,0.13294065837278432,0.4941924474292635
2023-10-19,2023-10-20T03:59:59+00:00,2023-10-26,2023-11-02T05:00:00+00:00,-0.06009244992295848,DOWN,0.32581573896353166,0.3450095969289827,0.3291746641074856,0.03258157389635317,0.9345009596928983,0.03291746641074856,0.03258157389635317,0.03450095969289827,0.9329174664107486,0.9325815738963532,0.03450095969289827,0.03291746641074856,0.583537206593708,0.33053286154477257,0.08592993186151943,0.39271709347144823,0.13598127734945364,0.4713016291790981,0.35563490604124065,0.11689346957601707,0.5274716243827423,0.5279301232432762,0.22142907037622866,0.2506408063804952,0.35676533708434544,0.11337980516714469,0.5298548577485098,0.3737383061643065,0.07142218388781994,0.5548395099478736,0.7293666026871402,0.1938579654510556,0.07677543186180424,0.3738580053928641,0.13047575049716403,0.49566624410997195,0.31923718712753274,0.11063510982462113,0.5701277030478461,0.6020450082238812,0.1783661915461393,0.2195888002299795,0.39084138124732,0.10774782642091431,0.5014107923317657,0.32237538224353773,0.12466684362285059,0.5529577741336116,0.368,0.19599999999999995,0.43600000000000005,0.3875630457502518,0.1217514407408118,0.4906855135089365,0.37286689419795227,0.13294065837278432,0.4941924474292635
2023-10-27,2023-10-28T03:59:59+00:00,2023-11-03,2023-11-16T06:00:00+00:00,-0.004652708541043493,FLAT,0.32581573896353166,0.3450095969289827,0.3291746641074856,0.03258157389635317,0.9345009596928983,0.03291746641074856,0.9325815738963532,0.03450095969289827,0.03291746641074856,0.03258157389635317,0.03450095969289827,0.9329174664107486,0.6725590084719137,0.24962717904548867,0.07781381248259756,0.3656473616525149,0.12452201181211738,0.5098306265353678,0.35563490604124065,0.11689346957601707,0.5274716243827423,0.6097991038632934,0.30555006237125365,0.08465083376545306,0.4453606213831914,0.13914828067349533,0.41549109794331335,0.47718120805369124,0.15649786455155582,0.36632092739475286,0.7523992322456814,0.17274472168905952,0.07485604606525909,0.3763298075039671,0.12921119832890546,0.49445899416712746,0.31923718712753274,0.11063510982462113,0.5701277030478461,0.5917453668541643,0.1689152975598498,0.23933933558598586,0.38079367180241475,0.12112764272513125,0.498078685472454,0.32237538224353773,0.12466684362285059,0.5529577741336116,0.4,0.22799999999999998,0.372,0.40278987299575836,0.10289293597796799,0.49431719102627364,0.37286689419795227,0.13294065837278432,0.4941924474292635
2023-11-06,2023-11-07T04:59:59+00:00,2023-11-13,2023-11-16T06:00:00+00:00,-0.02767589196398801,DOWN,0.32581573896353166,0.3450095969289827,0.3291746641074856,0.03258157389635317,0.9345009596928983,0.03291746641074856,0.9325815738963532,0.03450095969289827,0.03291746641074856,0.03258157389635317,0.03450095969289827,0.9329174664107486,0.4887660223489976,0.3040522995820398,0.2071816780689627,0.31591959953813403,0.1272849292685533,0.5567954711933127,0.35563490604124065,0.11689346957601707,0.5274716243827423,0.6140772970917895,0.2844960560823694,0.10142664682584115,0.43035886036003024,0.13429688799553396,0.43534425164443585,0.4258213072228387,0.13965370835271465,0.43452498442444665,0.5700575815738963,0.2571976967370442,0.17274472168905952,0.37457005645189173,0.13636056803077873,0.48906937551732954,0.31923718712753274,0.11063510982462113,0.5701277030478461,0.5779432469507025,0.20405259674928689,0.21800415630001058,0.3821999746895739,0.09733713103500928,0.5204628942754169,0.32237538224353773,0.12466684362285059,0.5529577741336116,0.408,0.22000000000000003,0.372,0.4126734571451348,0.10255989644504195,0.4847666464098232,0.5055388067026573,0.10481665848699433,0.3896445348103485
2023-11-16,2023-11-17T04:59:59+00:00,2023-11-24,2023-11-30T06:00:00+00:00,0.02270308620078043,UP,0.32581573896353166,0.3450095969289827,0.3291746641074856,0.03258157389635317,0.9345009596928983,0.03291746641074856,0.9325815738963532,0.03450095969289827,0.03291746641074856,0.03258157389635317,0.03450095969289827,0.9329174664107486,0.4526031201981667,0.43962538639979043,0.10777149340204287,0.410935227540396,0.14940294915083402,0.43966182330877,0.33632701634028483,0.12039608981180566,0.5432768938479094,0.4723588749591431,0.3172668974483376,0.2103742275925192,0.369314335515141,0.1468513703396999,0.48383429414515905,0.3447518213287371,0.14344104398708052,0.5118071346841823,0.6295585412667947,0.24184261036468324,0.1285988483685221,0.3736461263033954,0.13446508835601234,0.4918887853405922,0.31923718712753274,0.11063510982462113,0.5701277030478461,0.43804615366467853,0.35137703079763677,0.2105768155376847,0.3840632881031167,0.062339697571897154,0.5535970143249862,0.2903330173632199,0.13056187811121767,0.5791051045255624,0.424,0.292,0.28400000000000003,0.4068531222079876,0.08003404303035518,0.5131128347616573,0.828269483727437,0.17173051496741118,1.3051519137523252e-09
2023-11-27,2023-11-28T04:59:59+00:00,2023-12-04,2023-12-07T06:00:00+00:00,-0.03468609087755814,DOWN,0.32581573896353166,0.3450095969289827,0.3291746641074856,0.03258157389635317,0.9345009596928983,0.03291746641074856,0.03258157389635317,0.9345009596928983,0.03291746641074856,0.03258157389635317,0.9345009596928983,0.03291746641074856,0.5941268461199548,0.3101308350578607,0.09574231882218452,0.37616452064534206,0.13241225138964838,0.49142322796500953,0.35563490604124065,0.11689346957601707,0.5274716243827423,0.5272015390070546,0.3157193722896836,0.15707908870326184,0.39233203077601947,0.1469172781724572,0.4607506910515234,0.3447518213287371,0.14344104398708052,0.5118071346841823,0.7120921305182342,0.20921305182341654,0.07869481765834929,0.3722738984222028,0.13135851108915234,0.49636759048864487,0.31923718712753274,0.11063510982462113,0.5701277030478461,0.4672081442998086,0.32671798863803614,0.20607386706215525,0.3819281577298475,0.06473170759173763,0.5533401346784149,0.3400988090100419,0.1529414038093643,0.5069597871805938,0.36,0.264,0.376,0.3563094565411731,0.10561110868098918,0.5380794347778378,0.3108660857193669,0.14608368689819873,0.5430502273824345
2023-12-05,2023-12-06T04:59:59+00:00,2023-12-12,2023-12-21T06:00:00+00:00,-0.0747041420118345,DOWN,0.32581573896353166,0.3450095969289827,0.3291746641074856,0.03258157389635317,0.9345009596928983,0.03291746641074856,0.03258157389635317,0.9345009596928983,0.03291746641074856,0.03258157389635317,0.9345009596928983,0.03291746641074856,0.7172484717375253,0.2187195548882365,0.06403197337423824,0.3649069731319956,0.12079417757802949,0.5142988492899749,0.35563490604124065,0.11689346957601707,0.5274716243827423,0.6905386506150635,0.2421972386009203,0.06726411078401615,0.46880270410467034,0.11524122852838858,0.4159560673669411,0.47718120805369124,0.15649786455155582,0.36632092739475286,0.7754318618042226,0.1612284069097889,0.06333973128598847,0.3760587288067594,0.12811999770070606,0.49582127349253463,0.31923718712753274,0.11063510982462113,0.5701277030478461,0.6292437549918446,0.16445470989507927,0.20630153511307614,0.4093147554713707,0.10739346664842021,0.48329177788020905,0.37473334234134636,0.1449143624578773,0.4803522952007764,0.364,0.28400000000000003,0.352,0.35493708110868666,0.09924273820759359,0.5458201806837198,0.3493903657805316,0.13791724965020985,0.5126923845692584
2023-12-13,2023-12-14T04:59:59+00:00,2023-12-20,2023-12-29T06:00:00+00:00,0.052238805970149294,UP,0.32581573896353166,0.3450095969289827,0.3291746641074856,0.03258157389635317,0.9345009596928983,0.03291746641074856,0.9325815738963532,0.03450095969289827,0.03291746641074856,0.03258157389635317,0.03450095969289827,0.9329174664107486,0.7731618957348282,0.17033752313166825,0.05650058113350353,0.3443244583684584,0.11247155088271718,0.5432039907488244,0.35563490604124065,0.11689346957601707,0.5274716243827423,0.7662210590317318,0.14537033366528548,0.08840860730298278,0.44533397120492924,0.07864602293644334,0.4760200058586275,0.5284742717823688,0.0658283074554087,0.40569742076222254,0.8618042226487524,0.10172744721689053,0.03646833013435702,0.3798701467082048,0.1226630765511332,0.4974667767406619,0.31923718712753274,0.11063510982462113,0.5701277030478461,0.6158908748594181,0.16803383613955714,0.2160752890010248,0.39875754102807476,0.11057541530226593,0.4906670436696593,0.32237538224353773,0.12466684362285059,0.5529577741336116,0.356,0.268,0.376,0.3516741144060551,0.10578012302891514,0.5425457625650297,0.3108660857193669,0.14608368689819873,0.5430502273824345
2023-12-21,2023-12-22T04:59:59+00:00,2023-12-28,2024-01-05T06:00:00+00:00,-0.04877140729709595,DOWN,0.32581573896353166,0.3450095969289827,0.3291746641074856,0.03258157389635317,0.9345009596928983,0.03291746641074856,0.03258157389635317,0.9345009596928983,0.03291746641074856,0.03258157389635317,0.9345009596928983,0.03291746641074856,0.46053528293810064,0.3615557158898626,0.17790900117203667,0.3480700883756763,0.13698797327779036,0.5149419383465333,0.34628580161730904,0.1185894789716033,0.5351247194110877,0.6643111482737715,0.2744922106528243,0.06119664107340427,0.4759189735125406,0.1250595201098948,0.39902150637756456,0.47718120805369124,0.15649786455155582,0.36632092739475286,0.5239923224568138,0.272552783109405,0.20345489443378117,0.3741376913496461,0.13789050677203935,0.4879718018783146,0.3078829652368305,0.1422669080988529,0.5498501266643167,0.6532040006533899,0.15840675085961486,0.18838924848699523,0.4310585835685559,0.10086805937857647,0.4680733570528676,0.4977239682995215,0.11640955106146629,0.3858664806390122,0.4,0.22799999999999998,0.372,0.40278987299575836,0.10289293597796799,0.49431719102627364,0.37286689419795227,0.13294065837278432,0.4941924474292635
2023-12-29,2023-12-30T04:59:59+00:00,2024-01-05,2024-01-11T06:00:00+00:00,0.033583563808771144,UP,0.32581573896353166,0.3450095969289827,0.3291746641074856,0.03258157389635317,0.9345009596928983,0.03291746641074856,0.9325815738963532,0.03450095969289827,0.03291746641074856,0.03258157389635317,0.03450095969289827,0.9329174664107486,0.38329479506117237,0.42960680087067527,0.18709840406815237,0.36626455879728176,0.1472343061165047,0.48650113508621357,0.27662183610391783,0.13122713223623758,0.5921510316598446,0.4292317957602778,0.40420999622884385,0.1665582080108784,0.3858099257683031,0.1702106995095524,0.4439793747221444,0.2943728876672088,0.15446954749855837,0.5511575648342327,0.4760076775431862,0.2802303262955854,0.2437619961612284,0.37433618637241906,0.1393019679420965,0.4863618456854846,0.3078829652368305,0.1422669080988529,0.5498501266643167,0.49964728970252215,0.3329560199975473,0.16739669029993054,0.41426842895872107,0.052057787187139916,0.5336737838541391,0.3400988090100419,0.1529414038093643,0.5069597871805938,0.392,0.252,0.356,0.38805111919082547,0.09909283423684266,0.5128560465723319,0.37286689419795227,0.13294065837278432,0.4941924474292635
2024-01-08,2024-01-09T04:59:59+00:00,2024-01-16,2024-01-19T06:00:00+00:00,0.023615950445218692,UP,0.3320192728865528,0.3250109505037232,0.34296977660972405,0.03320192728865528,0.9325010950503724,0.03429697766097241,0.9332019272886553,0.03250109505037232,0.03429697766097241,0.03320192728865528,0.03250109505037232,0.9342969776609724,0.41407931645924356,0.24663721625899324,0.3392834672817631,0.39073441322609337,0.23691852759282528,0.3723470591810814,0.4658273381294964,0.2014388489208633,0.3327338129496403,0.6638421253574802,0.15591481123297501,0.18024306340954474,0.37806624303905273,0.23618555005422984,0.38574820690671746,0.44292514128657645,0.2431509980384133,0.3139238606750103,0.34912280701754383,0.20000000000000007,0.4508771929824561,0.3966790265897712,0.22854734408588093,0.37477362932434793,0.41830896376350923,0.2171646535282899,0.3645263827082009,0.45949571870306927,0.3107211755398648,0.22978310575706595,0.32689566165326844,0.18875259033294825,0.4843517480137833,0.3768580807009223,0.2497160615553586,0.37342585774371906,0.412,0.3,0.28800000000000003,0.35486136504840804,0.29268866541283006,0.3524499695387619,0.49350649350649345,0.3038961038961039,0.2025974025974026
2024-01-17,2024-01-18T04:59:59+00:00,2024-01-24,2024-02-01T06:00:00+00:00,0.012854442344045314,FLAT,0.3320192728865528,0.3250109505037232,0.34296977660972405,0.03320192728865528,0.9325010950503724,0.03429697766097241,0.03320192728865528,0.03250109505037232,0.9342969776609724,0.9332019272886553,0.03250109505037232,0.03429697766097241,0.44963707541587494,0.27564745780441646,0.27471546677970854,0.3563361923746105,0.2062931374569801,0.4373706701684094,0.4658273381294964,0.2014388489208633,0.3327338129496403,0.6297859045146503,0.25818504903118716,0.11202904645416245,0.41736220666838325,0.21445175178519651,0.3681860415464202,0.45466485018965197,0.24959570318242852,0.2957394466279195,0.3684210526315789,0.20877192982456144,0.42280701754385963,0.39518348025533995,0.22383913746952286,0.38097738227513717,0.41766109785202726,0.21837708830549188,0.3639618138424809,0.53800823906658,0.27229920580096323,0.18969255513245675,0.3437460924930079,0.14935828739910414,0.506895620107888,0.7703081225372502,0.22969187653838002,9.243697470447003e-10,0.336,0.316,0.348,0.32001839385308767,0.26357458284144664,0.4164070233054658,0.2678776110144693,0.3620966328195585,0.3700257561659722
2024-02-01,2024-02-02T04:59:59+00:00,2024-02-08,2024-02-15T06:00:00+00:00,0.05510948905109481,UP,0.3320192728865528,0.3250109505037232,0.34296977660972405,0.03320192728865528,0.9325010950503724,0.03429697766097241,0.03320192728865528,0.03250109505037232,0.9342969776609724,0.9332019272886553,0.03250109505037232,0.03429697766097241,0.35503946203305425,0.2812128805424845,0.3637476574244612,0.401134661397564,0.24616300152626422,0.35270233707617177,0.3978250184320472,0.22708282133202262,0.3750921602359302,0.5323264749296315,0.21810331274292893,0.24957021232743964,0.42991622860490547,0.22880252825585268,0.3412812431392419,0.44292514128657645,0.2431509980384133,0.3139238606750103,0.30526315789473685,0.20350877192982458,0.49122807017543857,0.39457677100833277,0.23966518692943237,0.3657580420622348,0.41830896376350923,0.2171646535282899,0.3645263827082009,0.5338536697684306,0.27744303927803815,0.18870329095353122,0.33990848654448375,0.14949801638781385,0.5105934970677025,0.7703081225372502,0.22969187653838002,9.243697470447003e-10,0.332,0.34800000000000003,0.31999999999999995,0.2905556015750868,0.2810148124101933,0.4284295860147199,0.16796420033102435,0.41151229081100965,0.4205235088579661
2024-02-09,2024-02-10T04:59:59+00:00,2024-02-16,2024-02-23T06:00:00+00:00,-0.045562733764025865,DOWN,0.3320192728865528,0.3250109505037232,0.34296977660972405,0.03320192728865528,0.9325010950503724,0.03429697766097241,0.9332019272886553,0.03250109505037232,0.03429697766097241,0.03320192728865528,0.03250109505037232,0.9342969776609724,0.3647395583128285,0.29161904598921634,0.34364139569795515,0.3924997959722644,0.23745702641563188,0.37004317761210365,0.3978250184320472,0.22708282133202262,0.3750921602359302,0.5579272171771683,0.21590310649760783,0.22616967632522386,0.42794771010548177,0.22704807961648793,0.3450042102780303,0.44292514128657645,0.2431509980384133,0.3139238606750103,0.28771929824561404,0.21052631578947367,0.5017543859649123,0.39244034750636525,0.24444365408620025,0.36311599840743447,0.36714975845410625,0.27053140096618356,0.36231884057971014,0.4578436455465121,0.23834803133564936,0.30380832311783856,0.3858342992154969,0.2251149283706144,0.3890507724138887,0.3768580807009223,0.2497160615553586,0.37342585774371906,0.276,0.33999999999999997,0.384,0.27658684134455835,0.24581870360223665,0.47759445505320497,0.16796420033102435,0.41151229081100965,0.4205235088579661
2024-02-20,2024-02-21T04:59:59+00:00,2024-02-27,2024-03-07T06:00:00+00:00,0.002936857562408246,FLAT,0.3320192728865528,0.3250109505037232,0.34296977660972405,0.03320192728865528,0.9325010950503724,0.03429697766097241,0.03320192728865528,0.03250109505037232,0.9342969776609724,0.9332019272886553,0.03250109505037232,0.03429697766097241,0.376188019486504,0.3169954706702545,0.3068165098432415,0.3744408080176651,0.22069695564696082,0.40486223633537416,0.3800037764350453,0.2617069486404834,0.3582892749244713,0.5273136418431646,0.18772677103479332,0.28495958712204206,0.4116328105181011,0.2376524027466009,0.35071478673529805,0.44292514128657645,0.2431509980384133,0.3139238606750103,0.2824561403508772,0.20701754385964916,0.5105263157894737,0.3931796749969539,0.24580888579677165,0.3610114392062745,0.38838751766880497,0.22833532673697948,0.38327715559421544,0.46142873535089285,0.2635829290614828,0.27498833558762437,0.3634749968557468,0.2119710129301191,0.4245539902141341,0.3768580807009223,0.2497160615553586,0.37342585774371906,0.28,0.4,0.31999999999999995,0.23582402412659265,0.2789975275737248,0.48517844829968243,0.16796420033102435,0.41151229081100965,0.4205235088579661
2024-02-28,2024-02-29T04:59:59+00:00,2024-03-06,2024-03-14T05:00:00+00:00,0.013232514177693888,FLAT,0.3320192728865528,0.3250109505037232,0.34296977660972405,0.03320192728865528,0.9325010950503724,0.03429697766097241,0.9332019272886553,0.03250109505037232,0.03429697766097241,0.03320192728865528,0.03250109505037232,0.9342969776609724,0.35986277560175073,0.3805056228276584,0.2596316015705909,0.346450503891068,0.19780393052230016,0.4557455655866319,0.34881403229021324,0.322304165836157,0.32888180187362964,0.585963832793485,0.19247464562337502,0.22156152158314008,0.4135755253539632,0.2308546808632383,0.3555697937827986,0.44292514128657645,0.2431509980384133,0.3139238606750103,0.35789473684210527,0.20175438596491224,0.4403508771929825,0.39651942666798257,0.2264135656690188,0.37706700766299855,0.41830896376350923,0.2171646535282899,0.3645263827082009,0.5918438392860812,0.21149555622947558,0.19666060448444322,0.3973544317545772,0.14293996334802517,0.4597056048973976,0.7703081225372502,0.22969187653838002,9.243697470447003e-10,0.396,0.31599999999999995,0.28800000000000003,0.33527255219242696,0.29603274174875327,0.3686947060588198,0.45611156685808046,0.3461108210903125,0.19777761205160715
2024-03-07,2024-03-08T04:59:59+00:00,2024-03-14,2024-03-21T05:00:00+00:00,-0.001474926253687281,FLAT,0.3320192728865528,0.3250109505037232,0.34296977660972405,0.03320192728865528,0.9325010950503724,0.03429697766097241,0.9332019272886553,0.03250109505037232,0.03429697766097241,0.03320192728865528,0.03250109505037232,0.9342969776609724,0.2734099332006317,0.3071730543889675,0.4194170124104008,0.4211739405764566,0.2696393498597091,0.30918670956383426,0.3378779724531085,0.2724391556538899,0.3896828718930017,0.5242301093771936,0.14258043355833355,0.3331894570644729,0.37263128944474655,0.2536487430593636,0.3737199674958898,0.4088629888048819,0.2244520225248469,0.3666849886702713,0.20526315789473684,0.21403508771929827,0.5807017543859649,0.390206246014209,0.26916258105295254,0.34063117293283846,0.3231096264804123,0.31248102034619035,0.36440935317339734,0.4670024878725139,0.19835424512919458,0.3346432669982915,0.42569486656203565,0.23106003679342516,0.34324509664453917,0.3768580807009223,0.2497160615553586,0.37342585774371906,0.408,0.292,0.30000000000000004,0.3629529323590859,0.2842082927901187,0.3528387748507954,0.4449762810376512,0.22834309158511049,0.32668062737723835
2024-03-15,2024-03-16T03:59:59+00:00,2024-03-22,2024-03-28T05:00:00+00:00,-0.027553269654665757,DOWN,0.3320192728865528,0.3250109505037232,0.34296977660972405,0.03320192728865528,0.9325010950503724,0.03429697766097241,0.03320192728865528,0.9325010950503724,0.03429697766097241,0.03320192728865528,0.9325010950503724,0.03429697766097241,0.34965351600262384,0.33558276047290336,0.31476372352447285,0.3786084484264215,0.22449088627595226,0.3969006652976262,0.3800037764350453,0.2617069486404834,0.3582892749244713,0.3999992818070559,0.3681997406540013,0.23180097753894283,0.4654089868099705,0.21706198615887165,0.3175290270311579,0.36754507628294036,0.3103713977500385,0.3220835259670211,0.2824561403508772,0.2087719298245614,0.5087719298245614,0.39274919997816865,0.24584368654825248,0.36140711347357884,0.38775510204081565,0.22959183673469527,0.38265306122448917,0.41054979578936945,0.3612339726592271,0.22821623155140347,0.30115575250032334,0.19920545618274674,0.49963879131692984,0.3432475884244373,0.31055734190782425,0.3461950696677385,0.336,0.316,0.348,0.32001839385308767,0.26357458284144664,0.4164070233054658,0.2678776110144693,0.3620966328195585,0.3700257561659722
2024-03-25,2024-03-26T03:59:59+00:00,2024-04-01,2024-04-04T05:00:00+00:00,-0.01869158878504662,DOWN,0.3320192728865528,0.3250109505037232,0.34296977660972405,0.03320192728865528,0.9325010950503724,0.03429697766097241,0.03320192728865528,0.03250109505037232,0.9342969776609724,0.9332019272886553,0.03250109505037232,0.03429697766097241,0.4003309337524201,0.3031321467818352,0.29653691946574473,0.368878745986039,0.21600229451467928,0.41511895949928174,0.3800037764350453,0.2617069486404834,0.3582892749244713,0.3924034852967125,0.2765560342971467,0.33104048040614087,0.440281815193052,0.2330779230911161,0.3266402617158319,0.35872945167341974,0.243487497537199,0.39778305078938125,0.2824561403508772,0.20350877192982458,0.5140350877192983,0.39405672524052165,0.2457305311267148,0.3602127436327636,0.388387517668805,0.22833532673697945,0.38327715559421555,0.323486082332389,0.3681080136713654,0.30840590399624557,0.30694062036998554,0.2736024799151346,0.4194568997148799,0.2884160756501182,0.33648542159180456,0.37509850275807727,0.404,0.30399999999999994,0.29200000000000004,0.3491710263656752,0.29134847344518616,0.3594805001891386,0.4697156983930779,0.3374536464771323,0.1928306551297899
2024-04-02,2024-04-03T03:59:59+00:00,2024-04-09,2024-04-18T05:00:00+00:00,-0.01291512915129156,FLAT,0.3320192728865528,0.3250109505037232,0.34296977660972405,0.03320192728865528,0.9325010950503724,0.03429697766097241,0.9332019272886553,0.03250109505037232,0.03429697766097241,0.03320192728865528,0.03250109505037232,0.9342969776609724,0.34457152553356074,0.3560957361250181,0.2993327383414212,0.37043730088637367,0.21745811477925983,0.41210458433436653,0.34881403229021324,0.322304165836157,0.32888180187362964,0.47569630425836196,0.2791896520215026,0.2451140437201355,0.45317614861052136,0.2214200659755142,0.32540378541396453,0.4199671242114728,0.2531716706239375,0.32686120516458966,0.30350877192982456,0.20350877192982458,0.49298245614035086,0.3945340133969005,0.24012338728726365,0.36534259931583585,0.41830896376350923,0.2171646535282899,0.3645263827082009,0.4493282092377972,0.27346841542194994,0.27720337534025286,0.356542186210921,0.21652034368422884,0.42693747010485017,0.3768580807009223,0.2497160615553586,0.37342585774371906,0.276,0.376,0.348,0.25017995527873377,0.26374968049711306,0.4860703642241531,0.16796420033102435,0.41151229081100965,0.4205235088579661
2024-04-10,2024-04-11T03:59:59+00:00,2024-04-17,2024-04-25T05:00:00+00:00,-0.05062823355506285,DOWN,0.3320192728865528,0.3250109505037232,0.34296977660972405,0.03320192728865528,0.9325010950503724,0.03429697766097241,0.9332019272886553,0.03250109505037232,0.03429697766097241,0.03320192728865528,0.03250109505037232,0.9342969776609724,0.3843179655640006,0.2954065037887458,0.3202755306472536,0.38142474036452745,0.2270712244389697,0.39150403519650284,0.3800037764350453,0.2617069486404834,0.3582892749244713,0.36492797963235485,0.4150520720940413,0.22001994827360388,0.46414666369866947,0.216848665191577,0.3190046711097535,0.30453287933602896,0.42860183017663334,0.26686529048733776,0.3508771929824561,0.20175438596491235,0.4473684210526315,0.396293310001173,0.22812937473133002,0.37557731526749694,0.41830896376350923,0.2171646535282899,0.3645263827082009,0.43664474835639533,0.3164593262822364,0.24689592536136828,0.32614962231814165,0.20413120429323656,0.46971917338862185,0.3768580807009223,0.2497160615553586,0.37342585774371906,0.32,0.35200000000000004,0.32799999999999996,0.2836193955672473,0.2764735582191102,0.43990704621364257,0.16796420033102435,0.41151229081100965,0.4205235088579661
2024-05-09,2024-05-10T03:59:59+00:00,2024-05-16,2024-05-23T05:00:00+00:00,-0.01337115072933548,FLAT,0.3320192728865528,0.3250109505037232,0.34296977660972405,0.03320192728865528,0.9325010950503724,0.03429697766097241,0.9332019272886553,0.03250109505037232,0.03429697766097241,0.03320192728865528,0.03250109505037232,0.9342969776609724,0.3553714356976487,0.3756715299836967,0.26895703431865464,0.3524925911489909,0.2025968570932724,0.44491055175773675,0.34881403229021324,0.322304165836157,0.32888180187362964,0.29053805814674327,0.38433360469374006,0.3251283371595167,0.43918175302880713,0.2345817460818434,0.3262365008893495,0.20801881542401815,0.38361585509024765,0.4083653294857342,0.3736842105263158,0.20526315789473687,0.42105263157894735,0.3962052512717514,0.22258146269350437,0.3812132860347442,0.41830896376350923,0.2171646535282899,0.3645263827082009,0.28063755399728746,0.35703079730075343,0.3623316487019591,0.31381709549759307,0.3189612664432205,0.36722163805918645,0.2884160756501182,0.33648542159180456,0.37509850275807727,0.348,0.41600000000000004,0.236,0.24259150878714555,0.3396379053447654,0.41777058586808913,0.4054054054054054,0.37837837837837834,0.21621621621621623
2024-05-17,2024-05-18T03:59:59+00:00,2024-05-24,2024-05-31T05:00:00+00:00,-0.02911443590780427,DOWN,0.3320192728865528,0.3250109505037232,0.34296977660972405,0.03320192728865528,0.9325010950503724,0.03429697766097241,0.03320192728865528,0.9325010950503724,0.03429697766097241,0.03320192728865528,0.9325010950503724,0.03429697766097241,0.2930097786984746,0.38633692108531975,0.3206533002162056,0.3818704600278687,0.22889108291495064,0.3892384570571807,0.3139013452914798,0.3395841826335099,0.3465144720750102,0.24682831876775602,0.40585200963387935,0.3473196715983647,0.42159157706980976,0.2428235038153581,0.33558491911483207,1.1186440665452458e-09,0.5593220332726229,0.4406779656087331,0.21754385964912282,0.2070175438596491,0.5754385964912281,0.39208136687619316,0.2648808439684687,0.34303778915533817,0.3682257304429783,0.2164820923656928,0.41529217719132894,0.28501477027495775,0.41319339784207215,0.3017918318829701,0.2893950197338834,0.2851650137053636,0.425439966560753,0.1723975506358926,0.6033914272256242,0.22421102213848332,0.324,0.46,0.21599999999999997,0.21014977850085506,0.3541806071278192,0.43566961437132573,0.20618556701030927,0.5051546391752577,0.288659793814433
2024-08-01,2024-08-02T03:59:59+00:00,2024-08-08,2024-08-15T05:00:00+00:00,-0.03256784968684756,DOWN,0.3320192728865528,0.3250109505037232,0.34296977660972405,0.03320192728865528,0.9325010950503724,0.03429697766097241,0.9332019272886553,0.03250109505037232,0.03429697766097241,0.03320192728865528,0.03250109505037232,0.9342969776609724,0.307209983643427,0.3803654635606543,0.3124245527959188,0.37761308010534855,0.22459244483445712,0.3977944750601944,0.3139013452914798,0.3395841826335099,0.3465144720750102,0.28970273916088385,0.3165067031174134,0.39379055772170285,0.41936132413683547,0.2455646361236802,0.3350740397394843,0.20598002623738687,0.3285599891431502,0.4654599846194628,0.22280701754385965,0.21403508771929827,0.5631578947368421,0.39042831123213767,0.26344311747856275,0.34612857128929964,0.3231096264804123,0.31248102034619035,0.36440935317339734,0.266789311313449,0.32167227541931315,0.41153841326723783,0.3308866118118068,0.34593281690076483,0.3231805712874284,0.3154331917827538,0.27433129103530407,0.4102355171819422,0.304,0.36800000000000005,0.32799999999999996,0.2660495443935108,0.2763252222006596,0.45762523340582967,0.16796420033102435,0.41151229081100965,0.4205235088579661
2024-08-09,2024-08-10T03:59:59+00:00,2024-08-16,2024-08-22T05:00:00+00:00,-0.007391304347826089,FLAT,0.3320192728865528,0.3250109505037232,0.34296977660972405,0.03320192728865528,0.9325010950503724,0.03429697766097241,0.9332019272886553,0.03250109505037232,0.03429697766097241,0.03320192728865528,0.03250109505037232,0.9342969776609724,0.3504924876242184,0.3208426153202278,0.32866489705555374,0.38551357672360503,0.23075751044078133,0.3837289128356138,0.3800037764350453,0.2617069486404834,0.3582892749244713,0.3730483167266988,0.2566297050385028,0.37032197823479845,0.4258568634826434,0.24066445239864084,0.3334786841187157,0.34782052570509714,0.23608306761806436,0.41609640667683845,0.22982456140350876,0.21228070175438596,0.5578947368421052,0.3909499013393841,0.2611899293711838,0.34786016928943214,0.3490813648293959,0.25721784776902984,0.3937007874015743,0.33127861717707224,0.3833699533551375,0.28535142946779024,0.29895704277925256,0.25769657173363675,0.44334638548711075,0.2884160756501182,0.33648542159180456,0.37509850275807727,0.32,0.35200000000000004,0.32799999999999996,0.2836193955672473,0.2764735582191102,0.43990704621364257,0.16796420033102435,0.41151229081100965,0.4205235088579661
2024-08-19,2024-08-20T03:59:59+00:00,2024-08-26,2024-08-29T05:00:00+00:00,0.04328223624887295,UP,0.3320192728865528,0.3250109505037232,0.34296977660972405,0.03320192728865528,0.9325010950503724,0.03429697766097241,0.03320192728865528,0.03250109505037232,0.9342969776609724,0.9332019272886553,0.03250109505037232,0.03429697766097241,0.2973196606376302,0.3468863437623051,0.35579399560006475,0.3978874628829482,0.24359480707140288,0.358517730045649,0.33478260869565213,0.29565217391304344,0.3695652173913043,0.1846116768240329,0.3483167696520822,0.4670715535238849,0.36051809491610126,0.27175829129627727,0.36772361378762153,1.3793103429250895e-09,0.41379310287752674,0.586206895743163,0.22280701754385965,0.21403508771929827,0.5631578947368421,0.39042831123213767,0.26344311747856275,0.34612857128929964,0.3231096264804123,0.31248102034619035,0.36440935317339734,0.28138028197206294,0.31843261519957883,0.40018710282835823,0.332920310148533,0.3341050753822685,0.33297461446919846,0.3154331917827538,0.27433129103530407,0.4102355171819422,0.336,0.316,0.348,0.32001839385308767,0.26357458284144664,0.4164070233054658,0.2678776110144693,0.3620966328195585,0.3700257561659722
2024-08-27,2024-08-28T03:59:59+00:00,2024-09-03,2024-09-06T05:00:00+00:00,-0.04070796460176973,DOWN,0.3320192728865528,0.3250109505037232,0.34296977660972405,0.03320192728865528,0.9325010950503724,0.03429697766097241,0.9332019272886553,0.03250109505037232,0.03429697766097241,0.03320192728865528,0.03250109505037232,0.9342969776609724,0.2963003640173326,0.38666960555869395,0.31703003042397343,0.3800400289801433,0.22713699880754826,0.39282297221230844,0.3139013452914798,0.3395841826335099,0.3465144720750102,0.485120776025391,0.2005549652625373,0.31432425871207165,0.4167746071429162,0.23863568790368733,0.3445897049533964,0.38644574560857103,0.23296374735268466,0.3805905070387442,0.2596491228070175,0.21403508771929824,0.5263157894736843,0.3910247730275101,0.2523355577917623,0.35663966918072765,0.33853006681514425,0.3273942093541212,0.3340757238307345,0.5002801659455038,0.20247248870589685,0.2972473453485993,0.4197171853170536,0.2081438966542478,0.3721389180286986,0.5733670574563353,0.17096763167788906,0.25566531086577576,0.356,0.32000000000000006,0.32399999999999995,0.3222111771425351,0.2765395715077956,0.4012492513496692,0.3463677734704197,0.32327658857239167,0.33035563795718864
2024-09-04,2024-09-05T03:59:59+00:00,2024-09-11,2024-09-19T05:00:00+00:00,-0.022727272727272707,DOWN,0.3320192728865528,0.3250109505037232,0.34296977660972405,0.03320192728865528,0.9325010950503724,0.03429697766097241,0.03320192728865528,0.03250109505037232,0.9342969776609724,0.9332019272886553,0.03250109505037232,0.03429697766097241,0.35794706059913606,0.2935257640870473,0.3485271753138166,0.39466576587686925,0.2395572234922445,0.3657770106308863,0.3978250184320472,0.22708282133202262,0.3750921602359302,0.3327939496417764,0.3188331550493159,0.3483728953089077,0.4382566796959928,0.2357093041620052,0.326034016142002,0.33860302500570044,0.285931443338147,0.37546553165615265,0.2631578947368421,0.21052631578947367,0.5263157894736843,0.3919318648501958,0.2512560463186594,0.3568120888311449,0.36714975845410625,0.27053140096618356,0.36231884057971014,0.2663906085519662,0.4503247139367155,0.28328467751131825,0.2766118439657725,0.2815848582902177,0.4418032977440099,0.1723975506358926,0.6033914272256242,0.22421102213848332,0.392,0.29599999999999993,0.31200000000000006,0.3553308929407886,0.2788322494843594,0.36583685757485196,0.41736481340441733,0.23970276445523966,0.3429324221403429
2024-09-12,2024-09-13T03:59:59+00:00,2024-09-19,2024-09-26T05:00:00+00:00,0.025310410697230168,UP,0.3320192728865528,0.3250109505037232,0.34296977660972405,0.03320192728865528,0.9325010950503724,0.03429697766097241,0.9332019272886553,0.03250109505037232,0.03429697766097241,0.03320192728865528,0.03250109505037232,0.9342969776609724,0.29965191549304543,0.3900977139232509,0.31025037058370375,0.37655559581638803,0.22396773550700158,0.3994766686766104,0.3139013452914798,0.3395841826335099,0.3465144720750102,0.4611201831142098,0.23354454779702502,0.30533526908876524,0.4331630076932489,0.23287557166284756,0.3339614206439036,0.3882665477763684,0.2635357918187906,0.3481976604048409,0.24210526315789474,0.2105263157894737,0.5473684210526315,0.39156391941869234,0.2573973810956205,0.35103869948568706,0.34908136482939633,0.2572178477690289,0.3937007874015748,0.3459875558212272,0.3104100228086296,0.3436024213701432,0.3371166072662314,0.2820268551777482,0.3808565375560205,0.3154331917827538,0.27433129103530407,0.4102355171819422,0.384,0.30399999999999994,0.31200000000000006,0.3450868884113525,0.28045608403675315,0.3744570275518944,0.38084862600725033,0.30622288172204587,0.3129284922707038
2024-09-20,2024-09-21T03:59:59+00:00,2024-09-27,2024-10-03T05:00:00+00:00,-0.015370284117373068,DOWN,0.3320192728865528,0.3250109505037232,0.34296977660972405,0.03320192728865528,0.9325010950503724,0.03429697766097241,0.9332019272886553,0.03250109505037232,0.03429697766097241,0.03320192728865528,0.03250109505037232,0.9342969776609724,0.2690356864211411,0.41368676081089045,0.31727755276796854,0.3804457063278433,0.22889637291722179,0.39065792075493494,0.3139013452914798,0.3395841826335099,0.3465144720750102,0.43700761068116284,0.33514142346507086,0.2278509658537663,0.46396837821101133,0.21676167858415452,0.3192699432048341,0.36754507628294036,0.3103713977500385,0.3220835259670211,0.22456140350877193,0.212280701754386,0.5631578947368421,0.39087515570261633,0.2628347320329805,0.3462901122644032,0.34908136482939545,0.2572178477690308,0.3937007874015738,0.3605011940109272,0.3364500493755582,0.3030487566135146,0.32120028983840215,0.257343960379902,0.42145574978169587,0.3568330069281597,0.25774085077274034,0.3854261422990999,0.388,0.29600000000000004,0.31599999999999995,0.35443756567716006,0.2767663923606844,0.36879604196215565,0.41736481340441733,0.23970276445523966,0.3429324221403429
2024-09-30,2024-10-01T03:59:59+00:00,2024-10-07,2024-10-10T05:00:00+00:00,0.12315739419876359,UP,0.3320192728865528,0.3250109505037232,0.34296977660972405,0.03320192728865528,0.9325010950503724,0.03429697766097241,0.03320192728865528,0.03250109505037232,0.9342969776609724,0.9332019272886553,0.03250109505037232,0.03429697766097241,0.3673095067464533,0.3056955868895325,0.3269949063640141,0.3847097040250302,0.22999292869082796,0.3852973672841418,0.3800037764350453,0.2617069486404834,0.3582892749244713,0.3511828903287718,0.4724433927282661,0.1763737169429622,0.4589886963662227,0.21416869572221126,0.32684260791156605,0.30453287933602896,0.42860183017663334,0.26686529048733776,0.30701754385964913,0.20350877192982458,0.4894736842105263,0.3946199961397534,0.2392082664973031,0.36617173736294356,0.41830896376350923,0.2171646535282899,0.3645263827082009,0.3606503512652771,0.37568445076851753,0.26366519796620536,0.29985807670088466,0.2350465613316961,0.46509536196741935,0.3284295747925829,0.317564309594205,0.35400611561321216,0.42,0.304,0.276,0.3517526978325164,0.3005359997581228,0.3477113024093608,0.4697156983930779,0.3374536464771323,0.1928306551297899
2024-10-08,2024-10-09T03:59:59+00:00,2024-10-15,2024-10-18T05:00:00+00:00,-0.050262237762237705,DOWN,0.3320192728865528,0.3250109505037232,0.34296977660972405,0.03320192728865528,0.9325010950503724,0.03429697766097241,0.03320192728865528,0.9325010950503724,0.03429697766097241,0.03320192728865528,0.9325010950503724,0.03429697766097241,0.37066333047241246,0.297292553005949,0.3320441165216385,0.38714250279542967,0.23230973823486772,0.38054775896970267,0.3800037764350453,0.2617069486404834,0.3582892749244713,0.3966258911866003,0.3434958228932884,0.2598782859201113,0.4613439353623155,0.22081604666427876,0.3178400179734059,0.36754507628294036,0.3103713977500385,0.3220835259670211,0.2771929824561403,0.2,0.5228070175438597,0.3948481191522407,0.24707146637276134,0.3580804144749979,0.388387517668805,0.22833532673697945,0.38327715559421555,0.380990819100207,0.2846953733651431,0.3343138075346499,0.3525621359189815,0.26447987209167667,0.3829579919893418,0.37271072928679494,0.25137805897351795,0.37591121173968706,0.284,0.37600000000000006,0.33999999999999997,0.2532344983490653,0.26859966080961195,0.4781658408413228,0.16796420033102435,0.41151229081100965,0.4205235088579661
2024-10-16,2024-10-17T03:59:59+00:00,2024-10-23,2024-10-31T05:00:00+00:00,0.027881040892193232,UP,0.3320192728865528,0.3250109505037232,0.34296977660972405,0.03320192728865528,0.9325010950503724,0.03429697766097241,0.03320192728865528,0.03250109505037232,0.9342969776609724,0.9332019272886553,0.03250109505037232,0.03429697766097241,0.3269880107213184,0.28656213158233773,0.3864498576963438,0.4099459104117697,0.2555822368870834,0.33447185270114693,0.3544052090508559,0.23685065568017885,0.4087441352689654,0.24520268833637968,0.2741923321016917,0.48060497956192855,0.3761072071868461,0.2656867334011454,0.3582060594120085,1.501197761919948e-09,0.3619909496828243,0.6380090488159779,0.22280701754385965,0.21403508771929827,0.5631578947368421,0.39042831123213767,0.26344311747856275,0.34612857128929964,0.3231096264804123,0.31248102034619035,0.36440935317339734,0.19555559907156103,0.42929623592245325,0.3751481650059857,0.286310227420365,0.37282614997156704,0.34086362260806796,0.1723975506358926,0.6033914272256242,0.22421102213848332,0.396,0.29999999999999993,0.30400000000000005,0.3518889276238965,0.28391263169017594,0.36419844068592755,0.4122230542089072,0.2681202272143605,0.3196567185767322
2024-10-24,2024-10-25T03:59:59+00:00,2024-10-31,2024-11-07T06:00:00+00:00,0.004995458673932918,FLAT,0.3320192728865528,0.3250109505037232,0.34296977660972405,0.03320192728865528,0.9325010950503724,0.03429697766097241,0.9332019272886553,0.03250109505037232,0.03429697766097241,0.03320192728865528,0.03250109505037232,0.9342969776609724,0.2867284540012944,0.3246608053691364,0.38861074062956924,0.41076646417276647,0.25723264622004965,0.33200088960718394,0.3378779724531085,0.2724391556538899,0.3896828718930017,0.23726011013281817,0.35688691103326126,0.4058529788339205,0.40348407029261296,0.25268969794180096,0.343826231765586,1.3793103429250895e-09,0.41379310287752674,0.586206895743163,0.24210526315789474,0.2105263157894737,0.5473684210526315,0.39156391941869234,0.2573973810956205,0.35103869948568706,0.34908136482939633,0.2572178477690289,0.3937007874015748,0.21315575907822776,0.41240412153684297,0.37444011938492927,0.2919486532760734,0.36119359839743603,0.3468577483264905,0.1723975506358926,0.6033914272256242,0.22421102213848332,0.404,0.22799999999999998,0.368,0.4423788912078343,0.2337428082773608,0.32387830051480493,0.4505069340539091,0.21875209361531073,0.33074097233078
2024-11-01,2024-11-02T03:59:59+00:00,2024-11-08,2024-11-15T06:00:00+00:00,-0.0017921146953404632,FLAT,0.3320192728865528,0.3250109505037232,0.34296977660972405,0.03320192728865528,0.9325010950503724,0.03429697766097241,0.03320192728865528,0.9325010950503724,0.03429697766097241,0.03320192728865528,0.9325010950503724,0.03429697766097241,0.34117135141988447,0.24912234570551436,0.40970630287460114,0.41807475517996434,0.26535631924476116,0.31656892557527455,0.39125384309442485,0.22333192340957442,0.3854142334960006,0.26548255309276775,0.30350471697048814,0.4310127299367441,0.4015893658650742,0.2541174886000406,0.34429314553488527,1.3793103429250895e-09,0.41379310287752674,0.586206895743163,0.24912280701754386,0.21228070175438596,0.5385964912280702,0.3912551526656118,0.25536006767493025,0.35338477965945797,0.3518518518518514,0.25925925925926024,0.38888888888888845,0.24002616180622402,0.3720175127580355,0.38795632543574043,0.3072850953007214,0.3515575059887484,0.3411573987105302,0.2884160756501182,0.33648542159180456,0.37509850275807727,0.404,0.21199999999999997,0.384,0.4659281297797704,0.22150827050230776,0.31256359971792197,0.4897045405374898,0.15077745063917447,0.3595180088233358
2024-11-11,2024-11-12T04:59:59+00:00,2024-11-18,2024-11-21T06:00:00+00:00,0.006283662477558183,FLAT,0.3320192728865528,0.3250109505037232,0.34296977660972405,0.03320192728865528,0.9325010950503724,0.03429697766097241,0.03320192728865528,0.03250109505037232,0.9342969776609724,0.9332019272886553,0.03250109505037232,0.03429697766097241,0.3572425426104939,0.22157457692931107,0.4211828804601951,0.42176055160573805,0.27082371003576516,0.30741573835849667,0.39125384309442485,0.22333192340957442,0.3854142334960006,0.33848510108675595,0.316205494530505,0.345309404382739,0.439372822100054,0.23505151412585623,0.3255756637740897,0.33860302500570044,0.285931443338147,0.37546553165615265,0.24561403508771928,0.21403508771929824,0.5403508771929825,0.3907758893058221,0.25644195964084227,0.35278215105333566,0.325481798715203,0.3147751605995727,0.3597430406852244,0.3198548162419627,0.2563555435972302,0.4237896401608071,0.3723934913077507,0.3211085584546596,0.3064979502375898,0.3154331917827538,0.27433129103530407,0.4102355171819422,0.392,0.23199999999999998,0.376,0.4334847004650886,0.2323608997254444,0.33415439980946704,0.4228137175412036,0.22977670787621354,0.347409574582583
2024-11-19,2024-11-20T04:59:59+00:00,2024-11-26,2024-12-05T06:00:00+00:00,-0.001799370220422869,FLAT,0.3320192728865528,0.3250109505037232,0.34296977660972405,0.03320192728865528,0.9325010950503724,0.03429697766097241,0.9332019272886553,0.03250109505037232,0.03429697766097241,0.03320192728865528,0.03250109505037232,0.9342969776609724,0.3860789874351741,0.24636207542100325,0.36755893714382254,0.4027785334687234,0.24868231971182042,0.34853914681945625,0.3978250184320472,0.22708282133202262,0.3750921602359302,0.3163638902884782,0.3822260403195613,0.30141006939196047,0.4488163595024991,0.2292608860647658,0.32192275443273505,0.36754507628294036,0.3103713977500385,0.3220835259670211,0.32456140350877194,0.2070175438596491,0.46842105263157896,0.39421512018355387,0.23474098427962345,0.3710438955368227,0.4183089637635092,0.21716465352828992,0.3645263827082008,0.3401717724198885,0.3284222204135312,0.3314060071665803,0.32685302740489924,0.27883960264104607,0.39430736995405463,0.3154331917827538,0.27433129103530407,0.4102355171819422,0.272,0.376,0.352,0.2485949142516894,0.26133883928494,0.49006624646337055,0.16796420033102435,0.41151229081100965,0.4205235088579661
2024-11-27,2024-11-28T04:59:59+00:00,2024-12-04,2024-12-12T06:00:00+00:00,-0.01192660550458724,FLAT,0.3320192728865528,0.3250109505037232,0.34296977660972405,0.03320192728865528,0.9325010950503724,0.03429697766097241,0.03320192728865528,0.9325010950503724,0.03429697766097241,0.03320192728865528,0.9325010950503724,0.03429697766097241,0.28591014975049434,0.32458071413677414,0.3895091361127316,0.41109293629933874,0.2576172832530674,0.3312897804475939,0.3378779724531085,0.2724391556538899,0.3896828718930017,0.23091774928518924,0.5755901998947662,0.19349205082004461,0.4172369695278583,0.2315271847702329,0.35123584570190874,1.2325581380156844e-09,0.6162790690078421,0.3837209297595998,0.18771929824561404,0.2105263157894737,0.6017543859649123,0.3908778130996353,0.27509484125496986,0.33402734564539494,0.34908136482939633,0.2572178477690289,0.3937007874015748,0.25148906593637,0.5272806479242593,0.22123028613937068,0.2520131303106649,0.24260493533155833,0.5053819343577768,0.1723975506358926,0.6033914272256242,0.22421102213848332,0.304,0.312,0.384,0.3121169962857471,0.24557227135042153,0.4423107323638314,0.16796420033102435,0.41151229081100965,0.4205235088579661
2024-12-05,2024-12-06T04:59:59+00:00,2024-12-12,2024-12-19T06:00:00+00:00,0.03453103126458257,UP,0.3320192728865528,0.3250109505037232,0.34296977660972405,0.03320192728865528,0.9325010950503724,0.03429697766097241,0.9332019272886553,0.03250109505037232,0.03429697766097241,0.03320192728865528,0.03250109505037232,0.9342969776609724,0.28735865509258474,0.45115362444754525,0.26148772045986995,0.3485218051996264,0.201781162602496,0.4496970321978776,0.3139013452914798,0.3395841826335099,0.3465144720750102,0.25044970257522653,0.5533058265298779,0.19624447089489555,0.4282838743954956,0.22792196395539632,0.34379416164910814,1.2325581380156844e-09,0.6162790690078421,0.3837209297595998,0.23859649122807017,0.20701754385964913,0.5543859649122806,0.39237584254086866,0.25834448335701815,0.3492796741021132,0.36822573044297824,0.2164820923656928,0.4152921771913289,0.2238838949505429,0.5367094282864239,0.2394066767630333,0.2533332156602953,0.26945464493223426,0.4772121394074705,0.1723975506358926,0.6033914272256242,0.22421102213848332,0.272,0.264,0.46399999999999997,0.3450385822268585,0.20789702540343927,0.44706439236970213,0.13656387665198236,0.2261380323054332,0.6372980910425844
2024-12-13,2024-12-14T04:59:59+00:00,2024-12-20,2024-12-28T06:00:00+00:00,-0.014234875444839923,FLAT,0.3320192728865528,0.3250109505037232,0.34296977660972405,0.03320192728865528,0.9325010950503724,0.03429697766097241,0.03320192728865528,0.9325010950503724,0.03429697766097241,0.03320192728865528,0.9325010950503724,0.03429697766097241,0.2855169336933357,0.32638888029214697,0.3880941860145174,0.41058111423997307,0.2570755945553902,0.3323432912046367,0.3378779724531085,0.2724391556538899,0.3896828718930017,0.23569514121453036,0.4809164426533791,0.2833884161320906,0.42475727104803757,0.23746329656804063,0.3377794323839219,1.2325581380156844e-09,0.6162790690078421,0.3837209297595998,0.22456140350877193,0.212280701754386,0.5631578947368421,0.39087515570261633,0.2628347320329805,0.3462901122644032,0.34908136482939545,0.2572178477690308,0.3937007874015738,0.277596628808331,0.39768707374874923,0.32471629744291974,0.29616389537891524,0.30146901289343725,0.4023670917276475,0.2884160756501182,0.33648542159180456,0.37509850275807727,0.268,0.28400000000000003,0.44799999999999995,0.3220847578819911,0.21568515870568788,0.46223008341232097,0.15661491963181756,0.2740761093556807,0.5693089710125017
2024-12-23,2024-12-24T04:59:59+00:00,2024-12-30,2025-01-03T06:00:00+00:00,0.031151241534988605,UP,0.3320192728865528,0.3250109505037232,0.34296977660972405,0.03320192728865528,0.9325010950503724,0.03429697766097241,0.03320192728865528,0.03250109505037232,0.9342969776609724,0.9332019272886553,0.03250109505037232,0.03429697766097241,0.37766220705127534,0.3321028514581947,0.29023494149053003,0.3652565890676703,0.21278135018538166,0.42196206074694803,0.3800037764350453,0.2617069486404834,0.3582892749244713,0.3677775377194697,0.5271534572733316,0.1050690050071987,0.43721714009032747,0.2099407742262143,0.35284208568345826,0.3113673805601318,0.4382207578253707,0.2504118616144975,0.2964912280701754,0.21052631578947373,0.49298245614035086,0.39264349659286873,0.2420871757502398,0.3652693276568915,0.36714975845410625,0.27053140096618356,0.36231884057971014,0.3742948629673214,0.42259029061706777,0.20311484641561084,0.27354157988079825,0.19056059642256487,0.535897823696637,0.26923076903402365,0.730769230235207,7.307692302352071e-10,0.28,0.29599999999999993,0.42400000000000004,0.31646510114427934,0.22647574567984882,0.4570591531758718,0.17551963048498845,0.30715935334872985,0.5173210161662818
2025-01-03,2025-01-04T04:59:59+00:00,2025-01-10,2025-01-16T06:00:00+00:00,0.06335034013605445,UP,0.33776167471819646,0.3176328502415459,0.3446054750402576,0.03377616747181965,0.9317632850241546,0.03446054750402577,0.03377616747181965,0.03176328502415459,0.9344605475040257,0.9337761674718197,0.03176328502415459,0.03446054750402577,0.35779165841374594,0.32570307489352995,0.31650526669272405,0.33220206845740025,0.33423089388130134,0.33356703766129847,0.3496213403423535,0.364177004307627,0.28620165535001957,0.36605792663674924,0.2549389186263112,0.37900315473693963,0.3914061205713936,0.31170978151046363,0.29688409791814274,0.4210740528086866,0.22962984497532543,0.349296102215988,0.2576489533011272,0.18035426731078907,0.5619967793880838,0.33370227257896845,0.3265835139304889,0.3397142134905426,0.37839059674502606,0.2712477396021722,0.3503616636528019,0.327383372462469,0.40463099048574097,0.26798563705179,0.3332409347399337,0.33167628528625076,0.3350827799738155,0.3722848459200554,0.3171315354133805,0.3105836186665641,0.284,0.36800000000000005,0.348,0.3747681440096396,0.34908812211964546,0.27614373387071495,0.3341245010249218,0.3517100010788651,0.31416549789621323
2025-01-13,2025-01-14T04:59:59+00:00,2025-01-21,2025-01-24T06:00:00+00:00,0.016224772457459347,UP,0.33776167471819646,0.3176328502415459,0.3446054750402576,0.03377616747181965,0.9317632850241546,0.03446054750402577,0.03377616747181965,0.03176328502415459,0.9344605475040257,0.9337761674718197,0.03176328502415459,0.03446054750402577,0.3371331415505473,0.3478618167439207,0.31500504170553206,0.32965848177444,0.3431644217324887,0.32717709649307125,0.33636295910005215,0.3716009833867243,0.29203605751322353,0.2999370783369831,0.39736907635231145,0.3026938453107055,0.35975324597568226,0.34854184680538336,0.2917049072189345,0.3497536945812808,0.35467980295566504,0.2955665024630542,0.21578099838969403,0.1819645732689211,0.6022544283413849,0.3758265096568528,0.3215459577109128,0.30262753263223446,0.3240264511388685,0.34166054371785454,0.334313005143277,0.4016034203641913,0.32561624297104963,0.2727803366647591,0.32943369436427505,0.33334629883608635,0.33722000679963865,0.3722848459200554,0.3171315354133805,0.3105836186665641,0.224,0.41200000000000003,0.364,0.3999323809452615,0.36898118423741627,0.23108643481732227,0.32059377652636595,0.37796318916792615,0.30144303430570796
2025-02-13,2025-02-14T04:59:59+00:00,2025-02-20,2025-02-27T06:00:00+00:00,-0.07000000000000006,DOWN,0.33776167471819646,0.3176328502415459,0.3446054750402576,0.03377616747181965,0.9317632850241546,0.03446054750402577,0.03377616747181965,0.03176328502415459,0.9344605475040257,0.9337761674718197,0.03176328502415459,0.03446054750402577,0.3374729839794454,0.3556768452878073,0.3068501707327473,0.32099606411330195,0.3477658780133555,0.33123805787334254,0.33636295910005215,0.3716009833867243,0.29203605751322353,0.25546854480384007,0.42856004126077407,0.3159714139353858,0.3591539077973841,0.36012135169336845,0.2807247405092474,0.3497536945812808,0.35467980295566504,0.2955665024630542,0.23671497584541062,0.18035426731078907,0.5829307568438002,0.3548111921886976,0.32365166620023655,0.32153714161106584,0.37839059674502606,0.2712477396021722,0.3503616636528019,0.2849485572904817,0.38725846602937947,0.32779297668013885,0.36587914188215115,0.32747884674452354,0.3066420113733252,0.3511980976769709,0.3277848911651729,0.32101701115785625,0.272,0.36,0.368,0.3810921623541236,0.34770892320841557,0.27119891443746086,0.3506261428379441,0.3196924467829494,0.3296814103791066
2025-02-21,2025-02-22T04:59:59+00:00,2025-02-28,2025-03-06T06:00:00+00:00,-0.03685503685503699,DOWN,0.33776167471819646,0.3176328502415459,0.3446054750402576,0.03377616747181965,0.9317632850241546,0.03446054750402577,0.9337761674718197,0.03176328502415459,0.03446054750402577,0.03377616747181965,0.03176328502415459,0.9344605475040257,0.3698174151930506,0.28022644448052647,0.34995614032642297,0.36945626999766495,0.309259892827659,0.32128383717467596,0.4186711572200606,0.23860268617188976,0.34272615660804956,0.34853637888611494,0.2531027298728261,0.39836089124105895,0.3960091441382123,0.3131861072849631,0.2908047485768245,0.4210740528086866,0.22962984497532543,0.349296102215988,0.19806763285024154,0.19001610305958133,0.6119162640901772,0.3871827595789269,0.3254978886365672,0.28731935178450596,0.3240264511388685,0.34166054371785454,0.334313005143277,0.31213727935926744,0.2923100249557696,0.395552695684963,0.38954589975072174,0.32443265790693443,0.28602144234234383,0.32967032967032966,0.3076923076923077,0.3626373626373626,0.4,0.19199999999999995,0.40800000000000003,0.3117898925120615,0.2798225450552034,0.4083875624327351,0.39529778163531004,0.23301763970081435,0.3716845786638756
2025-03-03,2025-03-04T04:59:59+00:00,2025-03-10,2025-03-13T05:00:00+00:00,-0.017929179740026946,DOWN,0.33776167471819646,0.3176328502415459,0.3446054750402576,0.03377616747181965,0.9317632850241546,0.03446054750402577,0.03377616747181965,0.9317632850241546,0.03446054750402577,0.03377616747181965,0.9317632850241546,0.03446054750402577,0.47595824578765106,0.2556593680833014,0.2683823861290474,0.2892495841588424,0.3141763174948853,0.3965740983462723,0.4186711572200606,0.23860268617188976,0.34272615660804956,0.4518358253924285,0.27834142583446675,0.2698227487731048,0.35469572910531577,0.3064915090439911,0.33881276185069314,0.3788222986100732,0.30693095202510834,0.3142467493648184,0.29790660225442833,0.19323671497584544,0.5088566827697263,0.28388943093903424,0.34198602335276074,0.37412454570820514,0.34816494261017417,0.3294601105285535,0.3223749468612724,0.3821065204325562,0.3294062617956862,0.28848721777175756,0.3389214615081048,0.33240841815584016,0.328670120336055,0.3722848459200554,0.3171315354133805,0.3105836186665641,0.4,0.17599999999999993,0.42400000000000004,0.30730488297122344,0.2735092752662637,0.41918584176251295,0.39529778163531004,0.23301763970081435,0.3716845786638756
2025-03-11,2025-03-12T03:59:59+00:00,2025-03-18,2025-03-27T05:00:00+00:00,-0.006756756756756799,FLAT,0.33776167471819646,0.3176328502415459,0.3446054750402576,0.03377616747181965,0.9317632850241546,0.03446054750402577,0.9337761674718197,0.03176328502415459,0.03446054750402577,0.03377616747181965,0.03176328502415459,0.9344605475040257,0.35172104783035446,0.4041722911941912,0.24410666097545436,0.25375600995493314,0.37735160590660566,0.3688923841384612,0.31650006308971357,0.4244115131717302,0.25908842373855623,0.6040511133330814,0.25159995514589484,0.14434893152102377,0.275130687628041,0.2696125698714047,0.4552567425005543,0.430680562273099,0.225819441779944,0.34349999594695707,0.27697262479871176,0.19484702093397743,0.5281803542673108,0.29999512201642464,0.34166705060499925,0.35833782737857606,0.3440779610194903,0.33733133433283363,0.3185907046476762,0.4864521200224163,0.27708610354205504,0.23646177643552868,0.3026265691963487,0.33484070982011765,0.3625327209835336,0.3722848459200554,0.3171315354133805,0.3105836186665641,0.36,0.18400000000000005,0.45599999999999996,0.3258542946112789,0.2812555867628184,0.3928901186259027,0.39529778163531004,0.23301763970081435,0.3716845786638756
2025-03-19,2025-03-20T03:59:59+00:00,2025-03-26,2025-04-03T05:00:00+00:00,0.025881302989736676,UP,0.33776167471819646,0.3176328502415459,0.3446054750402576,0.03377616747181965,0.9317632850241546,0.03446054750402577,0.9337761674718197,0.03176328502415459,0.03446054750402577,0.03377616747181965,0.03176328502415459,0.9344605475040257,0.37463178559956456,0.3226716952371599,0.3026965191632756,0.31821829027978926,0.3356883472773826,0.3460933624428281,0.3496213403423535,0.364177004307627,0.28620165535001957,0.5182999618181243,0.31390921042749825,0.1677908277543775,0.29718625413729904,0.2978494697387679,0.4049642761239331,0.3700845746991338,0.32291693282571476,0.30699849247515143,0.19162640901771336,0.1884057971014493,0.6199677938808373,0.39712983557544157,0.3224447732393217,0.28042539118523674,0.3240264511388685,0.34166054371785454,0.334313005143277,0.4168393506540178,0.35234322331698775,0.23081742602899447,0.3051235341797925,0.3343716253904697,0.3605048404297377,0.3722848459200554,0.3171315354133805,0.3105836186665641,0.364,0.18000000000000005,0.45599999999999996,0.32301445663050243,0.27924320443253975,0.3977423389369578,0.39529778163531004,0.23301763970081435,0.3716845786638756
2025-03-27,2025-03-28T03:59:59+00:00,2025-04-03,2025-04-10T05:00:00+00:00,-0.04374453193350836,DOWN,0.33776167471819646,0.3176328502415459,0.3446054750402576,0.03377616747181965,0.9317632850241546,0.03446054750402577,0.03377616747181965,0.03176328502415459,0.9344605475040257,0.9337761674718197,0.03176328502415459,0.03446054750402577,0.33088830817957865,0.3340529678092924,0.33505872401112896,0.3506536608560002,0.3338106182888386,0.3155357208551613,0.27858762552640104,0.4039520570132816,0.31746031746031744,0.2504507570717875,0.3800246361426735,0.36952460678553894,0.3772668651956489,0.3532227614035932,0.26951037340075795,0.3497536945812808,0.35467980295566504,0.2955665024630542,0.20128824476650564,0.19001610305958133,0.6086956521739131,0.3832617589032286,0.3262169753583436,0.2905212657384278,0.3240264511388685,0.34166054371785454,0.334313005143277,0.3327189405053366,0.29014923716197566,0.3771318223326877,0.38082115303167235,0.3263247480399153,0.29285409892841235,0.3501621120889301,0.29828624363131084,0.35155164427975916,0.392,0.30399999999999994,0.30400000000000005,0.32645723819590355,0.3216424771112589,0.3519002846928375,0.3506261428379441,0.3196924467829494,0.3296814103791066
2025-04-04,2025-04-05T03:59:59+00:00,2025-04-11,2025-04-17T05:00:00+00:00,-0.013320647002854402,FLAT,0.33776167471819646,0.3176328502415459,0.3446054750402576,0.03377616747181965,0.9317632850241546,0.03446054750402577,0.03377616747181965,0.03176328502415459,0.9344605475040257,0.9337761674718197,0.03176328502415459,0.03446054750402577,0.2604809353946212,0.37521529157438166,0.3643037730309971,0.37988382630927736,0.34341367137062,0.2767025023201027,0.27858762552640104,0.4039520570132816,0.31746031746031744,0.21461739634143118,0.4260447569235625,0.3593378467350063,0.36769527664961743,0.3667532516203909,0.2655514717299917,0.28194640517597636,0.39166559717674015,0.3263879976472835,0.1610305958132045,0.18357487922705312,0.6553945249597424,0.4449949156318965,0.30869942342241147,0.24630566094569192,0.3240264511388685,0.34166054371785454,0.334313005143277,0.2237788062316114,0.46690808559257846,0.30931310817581015,0.3633830891478416,0.3252240852973994,0.31139282555475906,0.16080402010050251,0.6432160804020101,0.19597989949748743,0.304,0.35200000000000004,0.344,0.3662293331380279,0.3423818314443387,0.29138883541763344,0.3506261428379441,0.3196924467829494,0.3296814103791066
2025-04-14,2025-04-15T03:59:59+00:00,2025-04-21,2025-04-24T05:00:00+00:00,0.011921793037672934,FLAT,0.33776167471819646,0.3176328502415459,0.3446054750402576,0.03377616747181965,0.9317632850241546,0.03446054750402577,0.9337761674718197,0.03176328502415459,0.03446054750402577,0.03377616747181965,0.03176328502415459,0.9344605475040257,0.409209277387395,0.2692254474102954,0.32156527520230965,0.34238136745162956,0.31027543408337044,0.347343198465,0.4186711572200606,0.23860268617188976,0.34272615660804956,0.27092311785375095,0.4672458305564412,0.2618310515898079,0.3384806178303695,0.3619967664448392,0.2995226157247914,0.3497536945812808,0.35467980295566504,0.2955665024630542,0.25925925925925924,0.18357487922705318,0.5571658615136876,0.32847023347561266,0.3297586716570189,0.3417710948673684,0.34816494261017433,0.32946011052855323,0.3223749468612725,0.46087384202514764,0.3031925452111997,0.23593361276365266,0.3045277786127948,0.3347737245824124,0.36069849680479277,0.3722848459200554,0.3171315354133805,0.3105836186665641,0.308,0.32,0.372,0.3654888883501032,0.33182750920360915,0.30268360244628767,0.3506261428379441,0.3196924467829494,0.3296814103791066
2025-04-22,2025-04-23T03:59:59+00:00,2025-04-29,2025-05-08T05:00:00+00:00,-0.01862197392923648,DOWN,0.33776167471819646,0.3176328502415459,0.3446054750402576,0.03377616747181965,0.9317632850241546,0.03446054750402577,0.03377616747181965,0.9317632850241546,0.03446054750402577,0.03377616747181965,0.9317632850241546,0.03446054750402577,0.3216280544840693,0.2195049484064412,0.45886699710948947,0.4801663471057888,0.2606195601069847,0.25921409278722657,0.4673913035832349,1.6358695625413221e-09,0.5326086947808956,0.40656736502338225,0.22406001917381319,0.3693726158028046,0.3894442452786489,0.29883476030648093,0.31172099441487017,0.4210740528086866,0.22962984497532543,0.349296102215988,0.1610305958132045,0.18679549114331723,0.6521739130434783,0.44095288739711314,0.31188964851858686,0.24715746408430006,0.3240264511388685,0.34166054371785454,0.334313005143277,0.2604000476330558,0.28253831551998343,0.4570616368469608,0.41505030769911233,0.3179750726275905,0.2669746196732971,0.2912621359223301,0.2718446601941748,0.4368932038834952,0.408,0.24400000000000005,0.348,0.3173509814110961,0.29879230907054183,0.3838567095183622,0.3506261428379441,0.3196924467829494,0.3296814103791066
2025-04-30,2025-05-01T03:59:59+00:00,2025-05-07,2025-05-15T05:00:00+00:00,-0.027133695115934997,DOWN,0.33776167471819646,0.3176328502415459,0.3446054750402576,0.03377616747181965,0.9317632850241546,0.03446054750402577,0.03377616747181965,0.9317632850241546,0.03446054750402577,0.03377616747181965,0.9317632850241546,0.03446054750402577,0.3475493527598774,0.23014909137196912,0.42230155586815354,0.4452729838927688,0.27294191845921006,0.2817850976480212,0.4186711572200606,0.23860268617188976,0.34272615660804956,0.42476603070931046,0.17496201568519346,0.4002719536054961,0.39634581716280265,0.2808897282186941,0.3227644546185033,0.441343165336096,0.19254677311231638,0.36611006155158754,0.2318840579710145,0.1819645732689211,0.5861513687600644,0.35802236412990235,0.32440661701407,0.3175710188560277,0.34816494261017433,0.32946011052855323,0.3223749468612725,0.39188518392411853,0.18629935460280644,0.421815461473075,0.38832896055054406,0.3245393937975673,0.28713164565188865,0.32263492942647337,0.25240147540166286,0.42496359517186383,0.388,0.244,0.368,0.3260277815925524,0.3000601725163706,0.373912045891077,0.3506261428379441,0.3196924467829494,0.3296814103791066
2025-05-30,2025-05-31T03:59:59+00:00,2025-06-06,2025-06-12T05:00:00+00:00,0.05657568238213395,UP,0.33776167471819646,0.3176328502415459,0.3446054750402576,0.03377616747181965,0.9317632850241546,0.03446054750402577,0.9337761674718197,0.03176328502415459,0.03446054750402577,0.03377616747181965,0.03176328502415459,0.9344605475040257,0.3449039652280372,0.30654200383285996,0.3485540309391029,0.36575167614724935,0.32022986592911806,0.31401845792363253,0.4086342655443932,0.2568558240564757,0.33450991039913114,0.5459071835467212,0.2885167422867962,0.1655760741664826,0.2947849026919728,0.289081236731496,0.4161338605765312,0.3788222986100732,0.30693095202510834,0.3142467493648184,0.24476650563607086,0.18035426731078905,0.5748792270531401,0.34648722484429423,0.3248562283914221,0.32865654676428363,0.37839059674502656,0.27124773960217113,0.35036166365280236,0.43930489148829077,0.34099400779930245,0.21970110071240678,0.29662536662639594,0.334607799207447,0.36876683416615713,0.3722848459200554,0.3171315354133805,0.3105836186665641,0.404,0.2839999999999999,0.31200000000000006,0.3211220579383962,0.31385975042030495,0.3650181916412989,0.3506261428379441,0.3196924467829494,0.3296814103791066
2025-06-09,2025-06-10T03:59:59+00:00,2025-06-16,2025-06-19T05:00:00+00:00,0.11586784550953944,UP,0.33776167471819646,0.3176328502415459,0.3446054750402576,0.03377616747181965,0.9317632850241546,0.03446054750402577,0.9337761674718197,0.03176328502415459,0.03446054750402577,0.03377616747181965,0.03176328502415459,0.9344605475040257,0.24046362778392488,0.3262616057263528,0.43327476648972224,0.447741887656162,0.30973527207739987,0.2425228402664382,0.27858762552640104,0.4039520570132816,0.31746031746031744,0.3398637080075195,0.3998337559681493,0.2603025360243313,0.345268634500466,0.3424833218041582,0.3122480436953758,0.3497536945812808,0.35467980295566504,0.2955665024630542,0.15619967793880837,0.18357487922705315,0.6602254428341385,0.452245628787362,0.3069568551400912,0.24079751607254693,0.3240264511388685,0.34166054371785454,0.334313005143277,0.2293476349119112,0.4043424550451239,0.36630991004296487,0.3875329388489174,0.3223525523329077,0.2901145088181749,0.2785502697855839,0.34664033573317105,0.37480939448124495,0.252,0.392,0.356,0.388270982360837,0.35961287984783424,0.2521161377913288,0.32059377652636595,0.37796318916792615,0.30144303430570796
2025-06-17,2025-06-18T03:59:59+00:00,2025-06-24,2025-07-03T05:00:00+00:00,-0.07836117740652337,DOWN,0.33776167471819646,0.3176328502415459,0.3446054750402576,0.03377616747181965,0.9317632850241546,0.03446054750402577,0.03377616747181965,0.03176328502415459,0.9344605475040257,0.9337761674718197,0.03176328502415459,0.03446054750402577,0.32364898430219735,0.34223758132992516,0.3341134343678775,0.3493859392172906,0.3371772847936713,0.313436775989038,0.27858762552640104,0.4039520570132816,0.31746031746031744,0.24843508393168068,0.3509247184291029,0.4006401976392165,0.38655185061241415,0.348092373620971,0.26535577576661484,0.3497536945812808,0.35467980295566504,0.2955665024630542,0.23671497584541062,0.18035426731078907,0.5829307568438002,0.3548111921886976,0.32365166620023655,0.32153714161106584,0.37839059674502606,0.2712477396021722,0.3503616636528019,0.30401323959432536,0.3156757501819053,0.38031101022376934,0.38500588681908166,0.3251312304010505,0.28986288277986794,0.32967032967032966,0.3076923076923077,0.3626373626373626,0.256,0.272,0.472,0.3870027118678589,0.3246825388773367,0.28831474925480444,0.23421010624146432,0.21354711693655665,0.5522427768219791
2025-06-25,2025-06-26T03:59:59+00:00,2025-07-02,2025-07-10T05:00:00+00:00,0.04745470232959437,UP,0.33776167471819646,0.3176328502415459,0.3446054750402576,0.03377616747181965,0.9317632850241546,0.03446054750402577,0.03377616747181965,0.03176328502415459,0.9344605475040257,0.9337761674718197,0.03176328502415459,0.03446054750402577,0.4973337860101619,0.23547378766087204,0.267192426328966,0.2910587010015358,0.30543578044896597,0.40350551854949834,0.4186711572200606,0.23860268617188976,0.34272615660804956,0.48580656745707207,0.14921946100732547,0.36497397153560246,0.38337109247236895,0.2645141601610674,0.35211474736656373,0.5465866628656444,1.4307709704424223e-09,0.45341333570358455,0.3333333333333333,0.21900161030595816,0.4476650563607085,0.2334300867185601,0.36445260213327485,0.4021173111481651,0.350649350307809,0.649350648718165,9.740259730772474e-10,0.522844825909845,0.1393858901237609,0.33776928396639405,0.3436959964258161,0.3301373055279385,0.32616669804624543,0.382178801019631,0.29898341576365683,0.3188377832167122,0.396,0.248,0.356,0.3229609679030849,0.30096908758968954,0.37606994450722553,0.3506261428379441,0.3196924467829494,0.3296814103791066
2025-07-03,2025-07-04T03:59:59+00:00,2025-07-10,2025-07-17T05:00:00+00:00,0.00965575146935338,FLAT,0.33776167471819646,0.3176328502415459,0.3446054750402576,0.03377616747181965,0.9317632850241546,0.03446054750402577,0.03377616747181965,0.9317632850241546,0.03446054750402577,0.03377616747181965,0.9317632850241546,0.03446054750402577,0.30756289483916965,0.1704420678345476,0.5219950373262828,0.5453046621974492,0.22450478754263165,0.23019055025991914,0.4673913035832349,1.6358695625413221e-09,0.5326086947808956,0.42129345277122654,0.19555027532541192,0.3831562719033616,0.3927398913184084,0.2884592329218623,0.31880087575972926,0.441343165336096,0.19254677311231638,0.36611006155158754,0.16747181964573268,0.19162640901771336,0.6409017713365539,0.42566851191295363,0.31875084811414095,0.2555806399729055,0.3240264511388685,0.34166054371785454,0.334313005143277,0.46690413736943875,0.2043237742943504,0.32877208833621085,0.3479587271160197,0.33135481372422776,0.32068645915975263,0.382178801019631,0.29898341576365683,0.3188377832167122,0.376,0.16800000000000004,0.45599999999999996,0.3142261629627353,0.27306374115669946,0.4127100958805652,0.39529778163531004,0.23301763970081435,0.3716845786638756
2025-07-24,2025-07-25T03:59:59+00:00,2025-07-31,2025-08-07T05:00:00+00:00,-0.0036600244001626647,FLAT,0.33776167471819646,0.3176328502415459,0.3446054750402576,0.03377616747181965,0.9317632850241546,0.03446054750402577,0.03377616747181965,0.03176328502415459,0.9344605475040257,0.9337761674718197,0.03176328502415459,0.03446054750402577,0.4325963281730608,0.1904436166717088,0.3769600551552303,0.4115649501420096,0.2633562673464956,0.32507878251149475,0.5498721220019306,1.3825356210334255e-09,0.45012787661553383,0.3545406988364322,0.12854504177622267,0.5169142593873451,0.41670681829017425,0.26753820114225185,0.31575498056757395,0.49830890577616294,1.3043968415905442e-09,0.5016910929194401,0.27697262479871176,0.19323671497584538,0.5297906602254429,0.3016732291984704,0.3402704371560291,0.35805633364550044,0.34816494261017433,0.32946011052855323,0.3223749468612725,0.35316823526517654,0.22536969142129576,0.4214620733135277,0.39321373362287765,0.3238682892613757,0.2829179771157467,0.323840305913947,0.25334445700750957,0.4228152370785435,0.4,0.18799999999999994,0.41200000000000003,0.3107533331961931,0.27826634459910043,0.4109803222047065,0.39529778163531004,0.23301763970081435,0.3716845786638756
2025-08-01,2025-08-02T03:59:59+00:00,2025-08-08,2025-08-14T05:00:00+00:00,-0.007695596408721639,FLAT,0.33776167471819646,0.3176328502415459,0.3446054750402576,0.03377616747181965,0.9317632850241546,0.03446054750402577,0.9337761674718197,0.03176328502415459,0.03446054750402577,0.03377616747181965,0.03176328502415459,0.9344605475040257,0.29205564427524655,0.32658056426562726,0.38136379145912613,0.3971594623287793,0.32124331060196076,0.2815972270692598,0.27858762552640104,0.4039520570132816,0.31746031746031744,0.30512267500694235,0.21824542235711014,0.4766319026359476,0.41186262089849845,0.3079747058572177,0.2801626732442839,0.4025869139220009,0.18450343077338274,0.4129096553046163,0.19162640901771336,0.1884057971014493,0.6199677938808373,0.39712983557544157,0.3224447732393217,0.28042539118523674,0.3240264511388685,0.34166054371785454,0.334313005143277,0.2742728452887384,0.22205133155147916,0.5036758231597824,0.4257095084982367,0.31523132970598183,0.2590591617957815,0.2978723404255319,0.2553191489361702,0.44680851063829785,0.412,0.2720000000000001,0.31599999999999995,0.3172767089269151,0.3091050425860068,0.37361824848707814,0.3506261428379441,0.3196924467829494,0.3296814103791066
2025-08-11,2025-08-12T03:59:59+00:00,2025-08-18,2025-08-21T05:00:00+00:00,-0.0183760683760682,DOWN,0.33776167471819646,0.3176328502415459,0.3446054750402576,0.03377616747181965,0.9317632850241546,0.03446054750402577,0.9337761674718197,0.03176328502415459,0.03446054750402577,0.03377616747181965,0.03176328502415459,0.9344605475040257,0.4254722871197304,0.25257370275961827,0.32195401012065133,0.3450310623264409,0.3030568524719297,0.3519120852016294,0.4186711572200606,0.23860268617188976,0.34272615660804956,0.6980901631144442,0.2003005658630848,0.10160927102247108,0.22491662421274092,0.23048814463074216,0.5445952311565169,0.5769230769230769,0.1923076923076923,0.23076923076923078,0.30917874396135264,0.2012882447665057,0.48953301127214166,0.2669800938057037,0.3494590793560812,0.3835608268382151,0.3440779610194903,0.33733133433283363,0.3185907046476762,0.5064126908347314,0.24658661528062398,0.24700069388464463,0.30656813028252655,0.33465496974829667,0.3587768999691768,0.382178801019631,0.29898341576365683,0.3188377832167122,0.4,0.2919999999999999,0.30800000000000005,0.3229496893390879,0.31696623151186043,0.3600840791490516,0.3506261428379441,0.3196924467829494,0.3296814103791066
2025-08-19,2025-08-20T03:59:59+00:00,2025-08-26,2025-09-05T05:00:00+00:00,0.009969657563935863,FLAT,0.33776167471819646,0.3176328502415459,0.3446054750402576,0.03377616747181965,0.9317632850241546,0.03446054750402577,0.03377616747181965,0.9317632850241546,0.03446054750402577,0.03377616747181965,0.9317632850241546,0.03446054750402577,0.3740988448232262,0.2958691355237032,0.33003201965307055,0.3480781516768454,0.31965426306717054,0.33226758525598404,0.4186711572200606,0.23860268617188976,0.34272615660804956,0.4567684132372215,0.35254431598583297,0.19068727077694553,0.3128720073210273,0.31536668987956357,0.37176130279940917,0.353984896253391,0.3523718747708776,0.29364322897573136,0.2785829307568438,0.19323671497584538,0.5281803542673108,0.30025736862334296,0.3404175818531745,0.35932504952348254,0.34816494261017433,0.32946011052855323,0.3223749468612725,0.40731836625902085,0.2974723118640549,0.2952093218769243,0.3398120148629107,0.33258818289528935,0.3275998022418,0.3722848459200554,0.3171315354133805,0.3105836186665641,0.376,0.29600000000000004,0.32799999999999996,0.3340939802749232,0.3192451314743749,0.3466608882507019,0.3506261428379441,0.3196924467829494,0.3296814103791066
2025-08-27,2025-08-28T03:59:59+00:00,2025-09-03,2025-09-11T05:00:00+00:00,0.03171881697385337,UP,0.33776167471819646,0.3176328502415459,0.3446054750402576,0.03377616747181965,0.9317632850241546,0.03446054750402577,0.9337761674718197,0.03176328502415459,0.03446054750402577,0.03377616747181965,0.03176328502415459,0.9344605475040257,0.30893214501822824,0.34643991270070906,0.3446279422810627,0.3599292773463085,0.33664466949772853,0.30342605315596305,0.27858762552640104,0.4039520570132816,0.31746031746031744,0.47648964832623,0.3030733780531345,0.2204369736206356,0.33066416876717886,0.3065044533867161,0.36283137784610514,0.3788222986100732,0.30693095202510834,0.3142467493648184,0.20611916264090177,0.1851851851851852,0.6086956521739131,0.3832162148768905,0.3226738850576989,0.2941099000654106,0.3240264511388685,0.34166054371785454,0.334313005143277,0.3112690420531076,0.3679439324753249,0.32078702547156746,0.3603042507072017,0.3288988084865556,0.31079694080624276,0.3511980976769709,0.3277848911651729,0.32101701115785625,0.272,0.30799999999999994,0.42000000000000004,0.3819391563933831,0.332323761788244,0.2857370818183729,0.3506261428379441,0.3196924467829494,0.3296814103791066
2025-09-04,2025-09-05T03:59:59+00:00,2025-09-11,2025-09-18T05:00:00+00:00,-0.020210526315789457,DOWN,0.33776167471819646,0.3176328502415459,0.3446054750402576,0.03377616747181965,0.9317632850241546,0.03446054750402577,0.03377616747181965,0.03176328502415459,0.9344605475040257,0.9337761674718197,0.03176328502415459,0.03446054750402577,0.4023716963906112,0.3254743729471607,0.27215393066222815,0.2862460563059213,0.3423455892607175,0.3714083544333612,0.3496213403423535,0.364177004307627,0.28620165535001957,0.3429453363404939,0.4665776668663933,0.1904769967931127,0.3072428210291189,0.34657396391072287,0.34618321506015826,0.3497536945812808,0.35467980295566504,0.2955665024630542,0.2898550724637681,0.19001610305958133,0.5201288244766505,0.2939108213047433,0.3385867246526736,0.3675024540425832,0.34816494261017433,0.32946011052855323,0.3223749468612725,0.4005064311548443,0.3573616232278365,0.2421319456173192,0.31301970960081704,0.3340309390723434,0.3529493513268396,0.3722848459200554,0.3171315354133805,0.3105836186665641,0.316,0.336,0.348,0.3613338976300404,0.3363013123927584,0.3023647899772011,0.3506261428379441,0.3196924467829494,0.3296814103791066
2025-09-12,2025-09-13T03:59:59+00:00,2025-09-19,2025-09-25T05:00:00+00:00,0.003841229193341844,FLAT,0.33776167471819646,0.3176328502415459,0.3446054750402576,0.03377616747181965,0.9317632850241546,0.03446054750402577,0.03377616747181965,0.03176328502415459,0.9344605475040257,0.9337761674718197,0.03176328502415459,0.03446054750402577,0.40296207494213593,0.27370070439671557,0.32333722066114856,0.34362732213777386,0.311817574721412,0.344555103140814,0.4186711572200606,0.23860268617188976,0.34272615660804956,0.46247060599848766,0.2817257720066345,0.2558036219948779,0.3484366837764356,0.30553457230440734,0.3460287439191571,0.3788222986100732,0.30693095202510834,0.3142467493648184,0.23349436392914655,0.18035426731078905,0.5861513687600644,0.358216684294737,0.3231405231209821,0.31864279258428085,0.37839059674502656,0.27124773960217113,0.35036166365280236,0.4303419458403523,0.32245773031727837,0.24720032384236934,0.3134275557200404,0.33438382785696014,0.35218861642299953,0.3722848459200554,0.3171315354133805,0.3105836186665641,0.312,0.34,0.348,0.3630578472484306,0.33789488945676577,0.29904726329480363,0.3506261428379441,0.3196924467829494,0.3296814103791066
2025-09-22,2025-09-23T03:59:59+00:00,2025-09-29,2025-10-02T05:00:00+00:00,0.019173412867490303,UP,0.33776167471819646,0.3176328502415459,0.3446054750402576,0.03377616747181965,0.9317632850241546,0.03446054750402577,0.03377616747181965,0.9317632850241546,0.03446054750402577,0.03377616747181965,0.9317632850241546,0.03446054750402577,0.3112881858666602,0.3246530971692366,0.3640587169641032,0.3801256009109531,0.32416442474435403,0.2957099743446929,0.27858762552640104,0.4039520570132816,0.31746031746031744,0.3027733936994394,0.3250408888236412,0.37218571747691936,0.3848051793106646,0.3354146589108315,0.279780161778504,0.3497536945812808,0.35467980295566504,0.2955665024630542,0.2109500805152979,0.18196457326892113,0.607085346215781,0.38141041416273047,0.32058741440044825,0.29800217143682123,0.3240264511388685,0.34166054371785454,0.334313005143277,0.32366326243054827,0.34101176293980456,0.33532497462964717,0.3654063748116552,0.3285526369784136,0.30604098820993114,0.3722848459200554,0.3171315354133805,0.3105836186665641,0.264,0.36,0.376,0.3849126795331141,0.3485737357553828,0.2665135847115031,0.3506261428379441,0.3196924467829494,0.3296814103791066
2025-09-30,2025-10-01T03:59:59+00:00,2025-10-07,2025-10-17T05:00:00+00:00,-0.021857923497267784,DOWN,0.33776167471819646,0.3176328502415459,0.3446054750402576,0.03377616747181965,0.9317632850241546,0.03446054750402577,0.9337761674718197,0.03176328502415459,0.03446054750402577,0.03377616747181965,0.03176328502415459,0.9344605475040257,0.3862430820547176,0.3025906838576398,0.31116623408764266,0.3283782101467038,0.32605158402840506,0.3455702058248911,0.4086342655443932,0.2568558240564757,0.33450991039913114,0.2534179538001309,0.4935676791388522,0.25301436706101704,0.3318384939507194,0.3677784583739421,0.3003830476753385,0.3497536945812808,0.35467980295566504,0.2955665024630542,0.2914653784219002,0.19162640901771333,0.5169082125603865,0.29087886854820855,0.3401139338683337,0.36900719758345785,0.34816494261017433,0.32946011052855323,0.3223749468612725,0.3421198562522427,0.3583761636360585,0.29950398011169876,0.34774574807096037,0.33094089883607336,0.3213133530929664,0.3722848459200554,0.3171315354133805,0.3105836186665641,0.3,0.328,0.372,0.3691036328934719,0.3350761417010355,0.29582022540549263,0.3506261428379441,0.3196924467829494,0.3296814103791066
2025-10-08,2025-10-09T03:59:59+00:00,2025-10-15,2025-10-23T05:00:00+00:00,-0.041916167664670545,DOWN,0.33776167471819646,0.3176328502415459,0.3446054750402576,0.03377616747181965,0.9317632850241546,0.03446054750402577,0.03377616747181965,0.03176328502415459,0.9344605475040257,0.9337761674718197,0.03176328502415459,0.03446054750402577,0.41053858693009215,0.31276154032134856,0.27669987274855923,0.2919116692642286,0.33649088806585237,0.37159744266991906,0.4086342655443932,0.2568558240564757,0.33450991039913114,0.4927497658797559,0.3343806414037301,0.17286959271651398,0.30110662987760645,0.3055104804773634,0.39338288964503015,0.353984896253391,0.3523718747708776,0.29364322897573136,0.2946859903381642,0.19162640901771338,0.5136876006441224,0.2881899220524498,0.34036450362083204,0.37144557432671815,0.34816494261017433,0.32946011052855323,0.3223749468612725,0.4797702827790082,0.2480008207558118,0.27222889646518,0.32198195227196247,0.3340530358680827,0.3439650118599549,0.382178801019631,0.29898341576365683,0.3188377832167122,0.376,0.29600000000000004,0.32799999999999996,0.3340939802749232,0.3192451314743749,0.3466608882507019,0.3506261428379441,0.3196924467829494,0.3296814103791066
2025-10-16,2025-10-17T03:59:59+00:00,2025-10-23,2025-10-30T05:00:00+00:00,0.10516772438803268,UP,0.33776167471819646,0.3176328502415459,0.3446054750402576,0.03377616747181965,0.9317632850241546,0.03446054750402577,0.9337761674718197,0.03176328502415459,0.03446054750402577,0.03377616747181965,0.03176328502415459,0.9344605475040257,0.3216990814087356,0.35639878114453805,0.3219021374467263,0.3365114962042014,0.3450890900612956,0.31839941373450303,0.27858762552640104,0.4039520570132816,0.31746031746031744,0.34558248554553034,0.3555557828173311,0.29886173163713864,0.3625515691241634,0.3353161014584538,0.3021323294173827,0.353984896253391,0.3523718747708776,0.29364322897573136,0.2318840579710145,0.178743961352657,0.5893719806763285,0.36186683936851266,0.3213403646129443,0.316792796018543,0.3932038834951457,0.24271844660194175,0.3640776699029126,0.3867441100341204,0.2675265290960584,0.3457293608698212,0.3633579389472077,0.32960688747756406,0.30703517357522825,0.3722848459200554,0.3171315354133805,0.3105836186665641,0.264,0.364,0.372,0.3846819625298983,0.34977828539584194,0.26553975207425984,0.3506261428379441,0.3196924467829494,0.3296814103791066
2025-10-24,2025-10-25T03:59:59+00:00,2025-10-31,2025-11-06T06:00:00+00:00,0.0,FLAT,0.33776167471819646,0.3176328502415459,0.3446054750402576,0.03377616747181965,0.9317632850241546,0.03446054750402577,0.03377616747181965,0.9317632850241546,0.03446054750402577,0.03377616747181965,0.9317632850241546,0.03446054750402577,0.3649418980363174,0.2898261934036715,0.34523190856001107,0.363822889394291,0.3141572869742025,0.32201982363150655,0.4186711572200606,0.23860268617188976,0.34272615660804956,0.4707981505531668,0.3561404854307166,0.17306136401611666,0.30118176270614705,0.3119758692375103,0.3868423680563427,0.353984896253391,0.3523718747708776,0.29364322897573136,0.25925925925925924,0.18357487922705318,0.5571658615136876,0.32847023347561266,0.3297586716570189,0.3417710948673684,0.34816494261017433,0.32946011052855323,0.3223749468612725,0.4404062129774799,0.3206961096478221,0.23889767737469803,0.3079269253235726,0.3345963521331729,0.35747672254325463,0.3722848459200554,0.3171315354133805,0.3105836186665641,0.268,0.30799999999999994,0.42400000000000004,0.38376886202614974,0.332881287578926,0.28334985039492433,0.3506261428379441,0.3196924467829494,0.3296814103791066
2025-11-03,2025-11-04T04:59:59+00:00,2025-11-10,2025-11-14T06:00:00+00:00,0.03827361563517906,UP,0.33776167471819646,0.3176328502415459,0.3446054750402576,0.03377616747181965,0.9317632850241546,0.03446054750402577,0.03377616747181965,0.03176328502415459,0.9344605475040257,0.9337761674718197,0.03176328502415459,0.03446054750402577,0.46716196517399655,0.24690089681913222,0.2859371380068712,0.3089608716389434,0.30727313887024066,0.38376598949081603,0.4186711572200606,0.23860268617188976,0.34272615660804956,0.36201168418063806,0.14000852555560717,0.4979797902637549,0.41475576054678404,0.2723978139264362,0.3128464255267797,0.49830890577616294,1.3043968415905442e-09,0.5016910929194401,0.3059581320450886,0.19645732689210949,0.4975845410628019,0.27418812454145275,0.34525816209610927,0.38055371336243804,0.3440779610194903,0.33733133433283363,0.3185907046476762,0.4008596168324823,0.18415613180400525,0.41498425136351247,0.3851591137611374,0.3251508118188782,0.28969007441998446,0.34764863243229394,0.27197001856948166,0.3803813489982244,0.304,0.35600000000000004,0.33999999999999997,0.36596445204570893,0.34368811880909544,0.2903474291451956,0.3506261428379441,0.3196924467829494,0.3296814103791066
2025-11-12,2025-11-13T04:59:59+00:00,2025-11-19,2025-11-27T06:00:00+00:00,0.0684064847765915,UP,0.33776167471819646,0.3176328502415459,0.3446054750402576,0.03377616747181965,0.9317632850241546,0.03446054750402577,0.03377616747181965,0.9317632850241546,0.03446054750402577,0.03377616747181965,0.9317632850241546,0.03446054750402577,0.3554211374484929,0.2878373527480604,0.3567415098034467,0.37539055929150156,0.31100887478373435,0.3136005659247642,0.4186711572200606,0.23860268617188976,0.34272615660804956,0.18767072076639302,0.30014191815293445,0.5121873610806725,0.4035165422034318,0.3467206918442646,0.24976276595230362,0.09330143540669857,0.40430622009569384,0.5023923444976077,0.26570048309178745,0.18679549114331723,0.5475040257648953,0.3187974724221141,0.33342956023730874,0.3477729673405772,0.34816494261017433,0.32946011052855323,0.3223749468612725,0.31481451146971345,0.25350080717088713,0.4316846813593994,0.40094269957468537,0.32203739341817444,0.2770199070071402,0.2978723404255319,0.2553191489361702,0.44680851063829785,0.292,0.32,0.388,0.37290169697128317,0.33342330251415575,0.2936750005145611,0.3506261428379441,0.3196924467829494,0.3296814103791066
2025-11-20,2025-11-21T04:59:59+00:00,2025-11-28,2025-12-04T06:00:00+00:00,-0.07766990291262144,DOWN,0.33776167471819646,0.3176328502415459,0.3446054750402576,0.03377616747181965,0.9317632850241546,0.03446054750402577,0.03377616747181965,0.03176328502415459,0.9344605475040257,0.9337761674718197,0.03176328502415459,0.03446054750402577,0.33129162738032614,0.31094902421713444,0.35775934840253953,0.3745980594185935,0.3200916947911029,0.3053102457903036,0.33172613307618126,0.29026036644165865,0.37801350048216004,0.2815257275659954,0.192445128399409,0.5260291440345956,0.4191919031583099,0.30209258358001506,0.27871551326167504,0.40484429065743943,0.17993079584775085,0.41522491349480967,0.24476650563607086,0.18035426731078905,0.5748792270531401,0.34648722484429423,0.3248562283914221,0.32865654676428363,0.37839059674502656,0.27124773960217113,0.35036166365280236,0.3468544996164751,0.22101864263318405,0.4321268577503409,0.3971599119297316,0.3229457037395022,0.27989438433076613,0.317323259579061,0.24824608742579599,0.434430652995143,0.304,0.34800000000000003,0.348,0.3664664363993331,0.3410840293579717,0.2924495342426952,0.3506261428379441,0.3196924467829494,0.3296814103791066
2025-12-01,2025-12-02T04:59:59+00:00,2025-12-08,2025-12-11T06:00:00+00:00,-0.019214703425229795,DOWN,0.33776167471819646,0.3176328502415459,0.3446054750402576,0.03377616747181965,0.9317632850241546,0.03446054750402577,0.9337761674718197,0.03176328502415459,0.03446054750402577,0.03377616747181965,0.03176328502415459,0.9344605475040257,0.2857570691538464,0.274849130111143,0.4393938007350105,0.4554520504702657,0.28830648803333414,0.25624146149640026,0.3409631548342761,0.2704974361685257,0.3885394089971983,0.4236043129585984,0.278418257501954,0.29797742953944756,0.3659716314689007,0.3103941416602353,0.3236342268708639,0.3788222986100732,0.30693095202510834,0.3142467493648184,0.13848631239935588,0.17069243156199676,0.6908212560386473,0.4975227840426981,0.2863696433388482,0.21610757261845367,0.4921874992501832,1.5234374976791383e-09,0.5078124992263794,0.3894393119550479,0.2700900912679506,0.34047059677700153,0.3610102218462729,0.3299656954171589,0.3090240827365682,0.3722848459200554,0.3171315354133805,0.3105836186665641,0.4,0.248,0.352,0.32121608896846393,0.30072672086915275,0.3780571901623833,0.3506261428379441,0.3196924467829494,0.3296814103791066
2025-12-18,2025-12-19T04:59:59+00:00,2025-12-26,2025-12-30T06:00:00+00:00,-0.018781493357764467,DOWN,0.33776167471819646,0.3176328502415459,0.3446054750402576,0.03377616747181965,0.9317632850241546,0.03446054750402577,0.9337761674718197,0.03176328502415459,0.03446054750402577,0.03377616747181965,0.03176328502415459,0.9344605475040257,0.3362869935186767,0.3234056141890743,0.340307392292249,0.3564570747572519,0.3285840287672209,0.3149588964755272,0.33636295910005215,0.3716009833867243,0.29203605751322353,0.5572349312568814,0.2555376817935491,0.18722738694956964,0.30887137254731023,0.28341120270581854,0.4077174247468713,0.4210740528086866,0.22962984497532543,0.349296102215988,0.22705314009661837,0.17713365539452497,0.5958132045088567,0.3690645240540718,0.31896602650478173,0.3119694494411464,0.3932038834951457,0.24271844660194175,0.3640776699029126,0.4639323370348298,0.30210557720380643,0.2339620857613638,0.30313926989274387,0.33480222142393085,0.3620585086833252,0.3722848459200554,0.3171315354133805,0.3105836186665641,0.384,0.24,0.376,0.32729245284164177,0.2989286746267009,0.37377887253165726,0.3506261428379441,0.3196924467829494,0.3296814103791066
2025-12-29,2025-12-30T04:59:59+00:00,2026-01-05,2026-01-08T06:00:00+00:00,-0.004168596572487249,FLAT,0.33776167471819646,0.3176328502415459,0.3446054750402576,0.03377616747181965,0.9317632850241546,0.03446054750402577,0.9337761674718197,0.03176328502415459,0.03446054750402577,0.03377616747181965,0.03176328502415459,0.9344605475040257,0.4100440122033545,0.31617014303277813,0.2737858447638674,0.2886010239012062,0.33836378473660755,0.37303519136218627,0.3496213403423535,0.364177004307627,0.28620165535001957,0.5538730089072956,0.2539959660909004,0.192131025001804,0.3120993629956914,0.28400677046732564,0.40389386653698306,0.4210740528086866,0.22962984497532543,0.349296102215988,0.2721417069243156,0.19162640901771338,0.536231884057971,0.30767615921907515,0.33840104248463204,0.35392279829629286,0.34816494261017433,0.32946011052855323,0.3223749468612725,0.4656102303607482,0.3005886490759475,0.23380112056330427,0.3029054061225588,0.33481093100189224,0.3622836628755489,0.3722848459200554,0.3171315354133805,0.3105836186665641,0.384,0.24,0.376,0.32729245284164177,0.2989286746267009,0.37377887253165726,0.3506261428379441,0.3196924467829494,0.3296814103791066
2026-02-05,2026-02-06T04:59:59+00:00,2026-02-12,2026-02-20T06:00:00+00:00,-0.0064102564102562765,FLAT,0.33896396396396394,0.3183183183183183,0.3427177177177177,0.0338963963963964,0.9318318318318318,0.03427177177177177,0.0338963963963964,0.9318318318318318,0.03427177177177177,0.0338963963963964,0.9318318318318318,0.03427177177177177,0.3725381531188801,0.3384228233702127,0.28903902351090716,0.3972601512801046,0.2740091975762413,0.328730651143654,0.4303943577485526,0.2656802421223881,0.3039254001290592,0.42984301505832073,0.29713600326607253,0.2730209816756067,0.3725359135389877,0.29433325124956605,0.3331308352114464,0.39166537499169635,0.26281526095524893,0.34551936405305456,0.30930930930930933,0.21171171171171166,0.478978978978979,0.43736457641423876,0.2603264893554292,0.30230893423033195,0.475177304964539,0.2762224710712953,0.24860022396416576,0.47034066821838816,0.21141030872127808,0.31824902306033376,0.423034243752866,0.3262544096563821,0.25071134659075184,0.4094197812370767,0.26693174187037366,0.3236484768925497,0.388,0.276,0.33599999999999997,0.42654968671523535,0.31249618900447823,0.26095412428028647,0.49790167865707435,0.22631894484412468,0.27577937649880097
2026-02-13,2026-02-14T04:59:59+00:00,2026-02-20,2026-02-26T06:00:00+00:00,0.08175842235004094,UP,0.33896396396396394,0.3183183183183183,0.3427177177177177,0.0338963963963964,0.9318318318318318,0.03427177177177177,0.0338963963963964,0.03183183183183183,0.9342717717717718,0.9338963963963964,0.03183183183183183,0.03427177177177177,0.3208034256175752,0.23974651631741212,0.43945005806501275,0.3603428025746192,0.3160742329461258,0.32358296447925494,0.3372654155495978,0.24611260053619305,0.4166219839142091,0.20322061313133222,0.15435871433437778,0.64242067253429,0.6189910342121857,0.12853552804225793,0.2524734377455565,1.7218458743693361e-09,0.18438879462952132,0.8156112036486328,0.1981981981981982,0.2192192192192192,0.5825825825825826,0.3527843893952792,0.313698706313386,0.3335169042913349,0.29722995749670234,0.3693390004396893,0.3334310420636084,0.2936603344977456,0.18484556924444656,0.5214940962578078,0.643497347574842,0.18993398782624105,0.16656866459891692,0.10452092316871421,0.4047405961001274,0.4907384807311583,0.376,0.264,0.36,0.42842359358429183,0.30305888496994854,0.26851752144575963,0.3705663560719353,0.2837148663675755,0.3457187775604893
2026-02-23,2026-02-24T04:59:59+00:00,2026-03-02,2026-03-05T06:00:00+00:00,0.091870215092964,UP,0.33896396396396394,0.3183183183183183,0.3427177177177177,0.0338963963963964,0.9318318318318318,0.03427177177177177,0.0338963963963964,0.03183183183183183,0.9342717717717718,0.9338963963963964,0.03183183183183183,0.03427177177177177,0.3896080231239504,0.21797501145620482,0.3924169654198449,0.4219508295086695,0.2913747166771097,0.2866744538142209,0.41305477858362827,0.23525334785514493,0.3516918735612268,0.5554501473497806,0.2252501919892678,0.21929966066095163,0.3981115459178891,0.3151545420978021,0.28673391198430886,0.43338030264904887,0.24479340399149857,0.32182629335945273,0.21921921921921922,0.20570570570570573,0.575075075075075,0.37517748906733134,0.2938713954082636,0.33095111552440515,0.31694817600145553,0.32750098553537316,0.3555508384631713,0.48430679486883305,0.2517707623422916,0.26392244278887533,0.33966632220524823,0.35271858006892826,0.30761509772582357,0.4093447351497284,0.26706611228199756,0.32358915256827403,0.42,0.24000000000000005,0.33999999999999997,0.4645588364488077,0.31592852542069794,0.21951263813049438,0.5629077353215285,0.19701770736253496,0.24007455731593663
2026-03-03,2026-03-04T04:59:59+00:00,2026-03-10,2026-03-19T05:00:00+00:00,0.07196029776674928,UP,0.33896396396396394,0.3183183183183183,0.3427177177177177,0.0338963963963964,0.9318318318318318,0.03427177177177177,0.0338963963963964,0.03183183183183183,0.9342717717717718,0.9338963963963964,0.03183183183183183,0.03427177177177177,0.5382459565211498,0.12234138484892265,0.3394126586299276,0.5693246017915132,0.24314445239771376,0.18753094581077304,0.6427795874049946,0.15635179153094464,0.2008686210640608,0.604195505135026,0.0869045615664408,0.30889993329853327,0.6135264525580704,0.18459679880794977,0.20187674863397995,0.6288331538529752,1.0424260330597243e-09,0.3711668451045988,0.2702702702702703,0.2222222222222222,0.5075075075075075,0.4082979530136016,0.28157336070335115,0.3101286862830473,0.37030563559922525,0.3924606736265293,0.23723369077424533,0.46264987950079317,0.16397536373807853,0.3733747567611283,0.5092412490501447,0.30319870999533655,0.1875600409545188,0.4420995879385373,0.20841837717102477,0.34948203489043783,0.428,0.18,0.392,0.5180988168886175,0.29695962875368176,0.18494155435770077,0.5792098197161488,0.17376294591484465,0.2470272343690065
2026-03-11,2026-03-12T03:59:59+00:00,2026-03-18,2026-03-26T05:00:00+00:00,0.1649565903709549,UP,0.33896396396396394,0.3183183183183183,0.3427177177177177,0.0338963963963964,0.9318318318318318,0.03427177177177177,0.0338963963963964,0.03183183183183183,0.9342717717717718,0.9338963963963964,0.03183183183183183,0.03427177177177177,0.46654155320081,0.11421121191279433,0.4192472348863957,0.5226574889572448,0.27351226005881524,0.20383025098393995,0.4328974535443909,0.21059876118375775,0.35650378527185134,0.4025755872185286,0.12766752835681272,0.4697568844246586,0.5793709625304767,0.15875324607916913,0.2618757913903542,0.46006505187891394,1.1398626658492494e-09,0.5399349469812234,0.24774774774774774,0.20270270270270271,0.5495495495495495,0.39857034042423783,0.2787459929509823,0.3226836666247799,0.4024764357808175,0.2864929852860009,0.3110305789331816,0.40903154238800504,0.1880221107178675,0.40294634689412745,0.5293623622801653,0.2684390858158185,0.20219855190401628,0.4043905935161917,0.26920484516079696,0.3264045613230113,0.344,0.16000000000000003,0.496,0.5022499362888642,0.26151037960643353,0.23623968410470247,0.31372549019607837,0.20588235294117646,0.48039215686274506
2026-03-19,2026-03-20T03:59:59+00:00,2026-03-26,2026-04-02T05:00:00+00:00,-0.019876627827278948,DOWN,0.33896396396396394,0.3183183183183183,0.3427177177177177,0.0338963963963964,0.9318318318318318,0.03427177177177177,0.0338963963963964,0.03183183183183183,0.9342717717717718,0.9338963963963964,0.03183183183183183,0.03427177177177177,0.30987082206778505,0.1734798254638519,0.5166493524683631,0.3701650927642056,0.3334825244426909,0.29635238279310344,0.2939710235239134,0.262190372332139,0.44383860414394766,0.5310228266292796,0.1535371635349973,0.3154400098357231,0.4995728109588899,0.22564989797186066,0.2747772910692494,0.4795212925716278,0.11148764605850518,0.408991061369867,0.11411411411411411,0.16666666666666669,0.7192192192192193,0.27948343210237875,0.32929602448130346,0.3912205434163178,9.999999980000002e-10,9.999999980000002e-10,0.9999999980000001,0.515750413205081,0.11182485419256882,0.3724247326023502,0.5380674449603021,0.32886922168090094,0.13306333335879708,0.5585015803885647,1.3164680109159025e-09,0.44149841829496733,0.4,0.15600000000000003,0.44399999999999995,0.5329625144620174,0.27851393350844544,0.18852355202953716,0.4851994851994852,0.1544401544401544,0.3603603603603603
2026-03-27,2026-03-28T03:59:59+00:00,2026-04-06,2026-04-09T05:00:00+00:00,-0.04581976112920749,DOWN,0.33896396396396394,0.3183183183183183,0.3427177177177177,0.0338963963963964,0.9318318318318318,0.03427177177177177,0.0338963963963964,0.03183183183183183,0.9342717717717718,0.9338963963963964,0.03183183183183183,0.03427177177177177,0.17615217479387382,0.07270454441702857,0.7511432807890975,0.30792525731941006,0.4282430417238626,0.2638317009567273,1.5266990267954038e-09,0.3713592227340171,0.6286407757392838,0.5293958276504953,0.1089024810838936,0.3617016912656112,0.5811585962984491,0.18155277642277567,0.23728862727877517,0.5372187265846058,1.299726125941876e-09,0.462781272115668,0.13813813813813813,0.17267267267267267,0.6891891891891893,0.307446465284324,0.3162150896663971,0.3763384450492789,9.999999980000002e-10,9.999999980000002e-10,0.9999999980000001,0.5565858446955522,0.12177757357321739,0.32163658173123044,0.4720608767500708,0.3727446857577589,0.1551944374921702,0.5585015803885647,1.3164680109159025e-09,0.44149841829496733,0.404,0.132,0.46399999999999997,0.563775450654538,0.269185497701091,0.1670390516443711,0.5,0.15,0.35
2026-04-07,2026-04-08T03:59:59+00:00,2026-04-14,2026-04-23T05:00:00+00:00,-0.15190454336851755,DOWN,0.33896396396396394,0.3183183183183183,0.3427177177177177,0.0338963963963964,0.9318318318318318,0.03427177177177177,0.0338963963963964,0.03183183183183183,0.9342717717717718,0.9338963963963964,0.03183183183183183,0.03427177177177177,0.11152248012814264,0.07718391231542922,0.8112936075564282,0.2220436423332574,0.47533171720111717,0.3026246404656254,1.5266990267954038e-09,0.3713592227340171,0.6286407757392838,0.6706345034547413,0.12502841559839376,0.20433708094686498,0.5060833615067875,0.27667581283794,0.21724082565527247,0.8333333323611112,1.1666666653055558e-09,0.16666666647222222,0.1066066066066066,0.15765765765765766,0.7357357357357357,0.27238183279478984,0.32733700608625654,0.4002811611189536,9.999999980000002e-10,9.999999980000002e-10,0.9999999980000001,0.4209513468198037,0.2073145207167431,0.3717341324634532,0.48693315629861494,0.28359966640564244,0.22946717729574267,0.4043905935161917,0.26920484516079696,0.3264045613230113,0.404,0.132,0.46399999999999997,0.563775450654538,0.269185497701091,0.1670390516443711,0.5,0.15,0.35
2026-04-15,2026-04-16T03:59:59+00:00,2026-04-22,2026-04-30T05:00:00+00:00,0.048021108179419514,UP,0.33896396396396394,0.3183183183183183,0.3427177177177177,0.0338963963963964,0.9318318318318318,0.03427177177177177,0.9338963963963964,0.03183183183183183,0.03427177177177177,0.0338963963963964,0.03183183183183183,0.9342717717717718,0.23542714850888494,0.08203032069580664,0.6825425307953084,0.3609670031705895,0.3882129196993369,0.25082007713007365,1.5266990267954038e-09,0.3713592227340171,0.6286407757392838,0.45754680287498506,0.33745137676822806,0.20500182035678688,0.3315999169877952,0.35685567836348464,0.31154440464872024,0.48835853221708525,0.33878962055895706,0.17285184722395766,0.29429429429429427,0.22072072072072074,0.484984984984985,0.4248891190413165,0.2712104759282505,0.3039004050304331,0.4499986404053392,0.31457394835353275,0.235427411241128,0.30432596554080793,0.2474969921188641,0.44817704234032796,0.5512097173261975,0.21106936219093977,0.2377209204828628,0.10449187639375597,0.4049060210258045,0.4906021025804397,0.404,0.132,0.46399999999999997,0.563775450654538,0.269185497701091,0.1670390516443711,0.5,0.15,0.35
2026-05-14,2026-05-15T03:59:59+00:00,2026-05-21,2026-05-29T05:00:00+00:00,-0.007740324594257109,FLAT,0.33896396396396394,0.3183183183183183,0.3427177177177177,0.0338963963963964,0.9318318318318318,0.03427177177177177,0.0338963963963964,0.9318318318318318,0.03427177177177177,0.0338963963963964,0.9318318318318318,0.03427177177177177,0.3063932339918324,0.11911804788670853,0.5744887181214592,0.3950124254970027,0.3445228773138661,0.2604646971891311,0.2893284268629255,0.2639144434222631,0.4467571297148114,0.35974683475383,0.08265779338252591,0.557595371863644,0.6872151456039844,0.11397364145516176,0.19881121294085388,0.46006505187891394,1.1398626658492494e-09,0.5399349469812234,0.26576576576576577,0.20870870870870872,0.5255255255255256,0.40959799136344727,0.2750525569203132,0.3153494517162395,0.4250854075158614,0.3025866276232308,0.27232796486090777,0.35215550399854184,0.16147182032060997,0.4863726756808482,0.6232079151581126,0.22060846217652924,0.15618362266535823,0.4369659856572553,0.21033616936722122,0.35269784497552337,0.324,0.172,0.504,0.47706471362058833,0.2571518054456071,0.26578348093380466,0.31372549019607837,0.20588235294117646,0.48039215686274506
2026-05-22,2026-05-23T03:59:59+00:00,2026-05-29,2026-06-04T05:00:00+00:00,-0.10917361637604239,DOWN,0.33896396396396394,0.3183183183183183,0.3427177177177177,0.0338963963963964,0.9318318318318318,0.03427177177177177,0.0338963963963964,0.03183183183183183,0.9342717717717718,0.9338963963963964,0.03183183183183183,0.03427177177177177,0.21155894771733005,0.13739999379470655,0.6510410584879635,0.2979820946230831,0.38881575916386,0.3132021462130568,1.5266990267954038e-09,0.3713592227340171,0.6286407757392838,0.42715607105993764,0.22636692737228586,0.3464770015677765,0.4373963239979523,0.23706286889484934,0.32554080710719835,0.39166537499169635,0.26281526095524893,0.34551936405305456,0.13963963963963963,0.17567567567567569,0.6846846846846847,0.30813002267595013,0.3176743323216083,0.37419564500244157,9.999999980000002e-10,9.999999980000002e-10,0.9999999980000001,0.2920621156269354,0.251143116390395,0.4567947679826696,0.5585160526480729,0.20400443442536872,0.23747951292655844,0.10449187639375597,0.4049060210258045,0.4906021025804397,0.368,0.18000000000000005,0.45199999999999996,0.49307296225227115,0.2761869619346007,0.2307400758131282,0.31372549019607837,0.20588235294117646,0.48039215686274506
2026-06-01,2026-06-02T03:59:59+00:00,2026-06-08,2026-06-11T05:00:00+00:00,-0.018873085339168427,DOWN,0.33896396396396394,0.3183183183183183,0.3427177177177177,0.0338963963963964,0.9318318318318318,0.03427177177177177,0.9338963963963964,0.03183183183183183,0.03427177177177177,0.0338963963963964,0.03183183183183183,0.9342717717717718,0.3730645354635712,0.21244493106162793,0.41449053347480097,0.4098004831911646,0.29927608412121637,0.2909234326876191,0.39468327696239724,0.22478994811833308,0.3805267749192697,0.2505284003712563,0.07426802605004089,0.6752035735787029,0.7447991796113476,0.08860678034609401,0.1665940400425585,0.2602739721962845,1.561643833177707e-09,0.7397260262420717,0.26426426426426425,0.21021021021021025,0.5255255255255256,0.4080324047282167,0.2766214437810282,0.315346151490755,0.4250854075158614,0.3025866276232308,0.27232796486090777,0.39408443753357963,0.12801356794905777,0.4779019945173626,0.6331965752767696,0.23870204203078832,0.128101382692442,0.5533569705543533,1.3318083020121725e-09,0.4466430281138383,0.356,0.17600000000000005,0.46799999999999997,0.49108711570988506,0.2705602472472934,0.23835263704282156,0.31372549019607837,0.20588235294117646,0.48039215686274506
2026-06-09,2026-06-10T03:59:59+00:00,2026-06-16,2026-06-25T05:00:00+00:00,-0.09047078842881451,DOWN,0.33896396396396394,0.3183183183183183,0.3427177177177177,0.0338963963963964,0.9318318318318318,0.03427177177177177,0.9338963963963964,0.03183183183183183,0.03427177177177177,0.0338963963963964,0.03183183183183183,0.9342717717717718,0.34495268701674997,0.143726755102882,0.5113205578803681,0.41246221677180317,0.3228990570609189,0.2646387261672779,0.38280043069144704,0.22920275268011797,0.38799681662843494,0.26528526595843493,0.09897549296457385,0.6357392410769913,0.6834536718083694,0.10886106473808996,0.20768526345354069,0.46006505187891394,1.1398626658492494e-09,0.5399349469812234,0.22372372372372373,0.20120120120120122,0.575075075075075,0.3803905135624823,0.288647283068947,0.3309622033685706,0.4395959329631026,0.2206878367911949,0.3397162302457025,0.30542099966323827,0.15637438382507196,0.5382046165116898,0.6700099950232847,0.19012620247925252,0.1398638024974628,0.17558886466471943,2.4582441053060725e-09,0.8244111328770365,0.364,0.18000000000000005,0.45599999999999996,0.4910802555016262,0.27470850051883533,0.23421124397953857,0.31372549019607837,0.20588235294117646,0.48039215686274506
2026-06-17,2026-06-18T03:59:59+00:00,2026-06-24,2026-07-02T05:00:00+00:00,-0.004413619167717653,FLAT,0.33896396396396394,0.3183183183183183,0.3427177177177177,0.0338963963963964,0.9318318318318318,0.03427177177177177,0.9338963963963964,0.03183183183183183,0.03427177177177177,0.0338963963963964,0.03183183183183183,0.9342717717717718,0.4088545035196631,0.15599001532972273,0.43515548115061414,0.4570414210587768,0.29341197284285825,0.24954660609836504,0.39468327696239724,0.22478994811833308,0.3805267749192697,0.3093646435818704,0.053517736415162685,0.637117620002967,0.7816067021282826,0.07937493676720742,0.13901836110451,0.46006505187891394,1.1398626658492494e-09,0.5399349469812234,0.2057057057057057,0.2117117117117117,0.5825825825825826,0.36178077713428,0.30472483187416066,0.33349439099155936,0.3169481760014552,0.3275009855353739,0.3555508384631709,0.3225612125992647,0.18046534998042824,0.4969734374203071,0.6238688302255514,0.20663826429123525,0.16949290548321344,0.4043905935161917,0.26920484516079696,0.3264045613230113,0.36,0.18400000000000005,0.45599999999999996,0.4850183384383879,0.274367719416798,0.2406139421448142,0.3033175355450237,0.23222748815165878,0.46445497630331756
2026-06-25,2026-06-26T03:59:59+00:00,2026-07-02,2026-07-09T05:00:00+00:00,-0.033343437405274234,DOWN,0.33896396396396394,0.3183183183183183,0.3427177177177177,0.0338963963963964,0.9318318318318318,0.03427177177177177,0.9338963963963964,0.03183183183183183,0.03427177177177177,0.0338963963963964,0.03183183183183183,0.9342717717717718,0.4248082107242453,0.2587286146018436,0.31646317467391116,0.4447798238756889,0.26892498660331055,0.28629518952100064,0.4388186988703654,0.25130700506322096,0.30987429606641365,0.23680156082896425,0.10544119108403642,0.6577572480869993,0.6829514369335047,0.107840995747519,0.20920756731897625,0.2602739721962845,1.561643833177707e-09,0.7397260262420717,0.2987987987987988,0.21921921921921927,0.48198198198198194,0.4282734058797343,0.2686321100064048,0.3030944841138611,0.44999864040534043,0.31457394835353086,0.23542741124112865,0.42700840750946967,0.10858767018729165,0.4644039223032387,0.6326005004688308,0.2552466436825275,0.11215285584864189,0.5533569705543533,1.3318083020121725e-09,0.4466430281138383,0.42,0.24000000000000005,0.33999999999999997,0.4645588364488077,0.31592852542069794,0.21951263813049438,0.5629077353215285,0.19701770736253496,0.24007455731593663
2026-07-06,2026-07-07T03:59:59+00:00,2026-07-13,2026-07-16T05:00:00+00:00,0.1693889897156684,UP,0.33896396396396394,0.3183183183183183,0.3427177177177177,0.0338963963963964,0.9318318318318318,0.03427177177177177,0.0338963963963964,0.03183183183183183,0.9342717717717718,0.9338963963963964,0.03183183183183183,0.03427177177177177,0.4878953679140133,0.13017436377643082,0.3819302683095559,0.528799341193395,0.2633182351782305,0.20788242362837467,0.6223241590214068,0.15137614678899083,0.22629969418960247,0.5253800106795575,0.09371665675036632,0.3809033325700762,0.6163273473663781,0.1643834398328111,0.21928921280081087,0.5312988098256746,1.3163522750904774e-09,0.468701188857973,0.24774774774774774,0.2012012012012012,0.5510510510510511,0.39908753842813005,0.2777505277432317,0.32316193382863817,0.43959593296310334,0.22068783679119355,0.3397162302457031,0.506350865370734,0.10032726735208097,0.393321867277185,0.5683360894675068,0.3152677492769399,0.1163961612555533,0.5585015803885647,1.3164680109159025e-09,0.44149841829496733,0.428,0.18,0.392,0.5180988168886175,0.29695962875368176,0.18494155435770077,0.5792098197161488,0.17376294591484465,0.2470272343690065
2026-07-23,2026-07-24T03:59:59+00:00,2026-07-30,2026-08-06T05:00:00+00:00,-0.028669724770642224,DOWN,0.33896396396396394,0.3183183183183183,0.3427177177177177,0.0338963963963964,0.9318318318318318,0.03427177177177177,0.0338963963963964,0.03183183183183183,0.9342717717717718,0.9338963963963964,0.03183183183183183,0.03427177177177177,0.38187945993804406,0.13965468747866353,0.4784658525832925,0.443954848420454,0.3071961320279574,0.2488490195515886,0.39468327696239724,0.22478994811833308,0.3805267749192697,0.3288485940745035,0.1179056501707207,0.5532457557547757,0.6215854024339691,0.1342199465990205,0.24419465096701037,0.46006505187891394,1.1398626658492494e-09,0.5399349469812234,0.36186186186186187,0.20570570570570568,0.43243243243243246,0.46980195268388436,0.2395864441838988,0.29061160313221684,0.475177304964539,0.2762224710712953,0.24860022396416576,0.33200261976170303,0.1753346239592532,0.49266275627904377,0.6223176283327478,0.2113103151424493,0.16637205652480286,0.4369659856572553,0.21033616936722122,0.35269784497552337,0.364,0.18400000000000005,0.45199999999999996,0.48706624234006324,0.27588732713058467,0.23704643052935215,0.3033175355450237,0.23222748815165878,0.46445497630331756
2026-07-31,2026-08-01T03:59:59+00:00,2026-08-07,2026-08-13T05:00:00+00:00,-0.06032203797164126,DOWN,0.33896396396396394,0.3183183183183183,0.3427177177177177,0.0338963963963964,0.9318318318318318,0.03427177177177177,0.0338963963963964,0.9318318318318318,0.03427177177177177,0.0338963963963964,0.9318318318318318,0.03427177177177177,0.44992817808337315,0.18413174299718493,0.36594007891944186,0.47865864615412057,0.27205659276577865,0.24928476108010078,0.41305477858362827,0.23525334785514493,0.3516918735612268,0.6580799767629716,0.17916575685031674,0.16275426638671164,0.4164845840986438,0.35104447908784653,0.2324709368135097,0.7971014483858434,0.20289855049821467,1.1159420277401807e-09,0.5165165165165165,0.17567567567567566,0.3078078078078078,0.5507808467302252,0.18469232028370489,0.26452683298606994,0.6565239805943667,1.2784940674732407e-09,0.34347601812713924,0.5803064400331243,0.12094761559048006,0.2987459443763957,0.4433805722858349,0.3972356234865926,0.15938380422757253,0.5585015803885647,1.3164680109159025e-09,0.44149841829496733,0.348,0.17600000000000005,0.476,0.48680168782938044,0.2675504514417809,0.24564786072883876,0.31372549019607837,0.20588235294117646,0.48039215686274506
2026-08-10,2026-08-11T03:59:59+00:00,2026-08-17,2026-08-20T05:00:00+00:00,0.07597340930674279,UP,0.33896396396396394,0.3183183183183183,0.3427177177177177,0.0338963963963964,0.9318318318318318,0.03427177177177177,0.9338963963963964,0.03183183183183183,0.03427177177177177,0.0338963963963964,0.03183183183183183,0.9342717717717718,0.3461009153053936,0.18507794738526748,0.4688211373093389,0.3959095746044021,0.31555023188207537,0.2885401935135225,0.38280043069144704,0.22920275268011797,0.38799681662843494,0.40095957990793124,0.21126552410173616,0.3877748959903326,0.4618886845378626,0.21546706222439868,0.3226442532377388,0.39166537499169635,0.26281526095524893,0.34551936405305456,0.26576576576576577,0.20870870870870872,0.5255255255255256,0.40959799136344727,0.2750525569203132,0.3153494517162395,0.4250854075158614,0.3025866276232308,0.27232796486090777,0.5042270795876688,0.1321432154870258,0.36362970492530544,0.5157572977766538,0.3271462234086525,0.1570964788146937,0.5585015803885647,1.3164680109159025e-09,0.44149841829496733,0.356,0.16400000000000003,0.48,0.5040623371715036,0.26697079906292787,0.22896686376556846,0.31372549019607837,0.20588235294117646,0.48039215686274506
2026-08-18,2026-08-19T03:59:59+00:00,2026-08-25,2026-08-27T05:00:00+00:00,-0.07999999999999996,DOWN,0.33896396396396394,0.3183183183183183,0.3427177177177177,0.0338963963963964,0.9318318318318318,0.03427177177177177,0.0338963963963964,0.03183183183183183,0.9342717717717718,0.9338963963963964,0.03183183183183183,0.03427177177177177,0.3306539281998525,0.08091480914400825,0.5884312626561392,0.44732205174442097,0.336759683654812,0.21591826460076696,0.38280043069144704,0.22920275268011797,0.38799681662843494,0.2587227359592807,0.10184578694800309,0.6394314770927162,0.6803309576579804,0.10957339256297176,0.210095649779048,0.46006505187891394,1.1398626658492494e-09,0.5399349469812234,0.26426426426426425,0.2072072072072072,0.5285285285285286,0.4090447270731793,0.27471061639397776,0.31624465653284306,0.4024764357808175,0.2864929852860009,0.3110305789331816,0.30438044105815437,0.14331354662233137,0.5523060123195143,0.6874596661631854,0.18624209411153395,0.1262982397252807,0.17558886466471943,2.4582441053060725e-09,0.8244111328770365,0.36,0.18000000000000005,0.45999999999999996,0.48904268807386314,0.27321547010951086,0.23774184181662605,0.31372549019607837,0.20588235294117646,0.48039215686274506
2026-08-26,2026-08-27T03:59:59+00:00,2026-09-02,2026-09-11T05:00:00+00:00,0.10281257385960774,UP,0.33896396396396394,0.3183183183183183,0.3427177177177177,0.0338963963963964,0.9318318318318318,0.03427177177177177,0.0338963963963964,0.03183183183183183,0.9342717717717718,0.9338963963963964,0.03183183183183183,0.03427177177177177,0.36878644751431383,0.060951088911908036,0.5702624635737782,0.5023106333296828,0.31726152240730204,0.18042784426301522,0.39468327696239724,0.22478994811833308,0.3805267749192697,0.27334229477413335,0.0956640067470076,0.6309936984788591,0.687143297266661,0.10805722585687887,0.2047994768764602,0.46006505187891394,1.1398626658492494e-09,0.5399349469812234,0.30930930930930933,0.21021021021021014,0.48048048048048053,0.4378667899206818,0.25941973499045334,0.3027134750888649,0.475177304964539,0.2762224710712953,0.24860022396416576,0.3266363595198906,0.15519843697046432,0.5181652035096451,0.653903083834608,0.20268343133903072,0.14341348482636124,0.5533569705543533,1.3318083020121725e-09,0.4466430281138383,0.352,0.16400000000000003,0.484,0.5019805691272893,0.26555615898287094,0.2324632718898398,0.31372549019607837,0.20588235294117646,0.48039215686274506
2026-09-03,2026-09-04T03:59:59+00:00,2026-09-10,2026-09-17T05:00:00+00:00,0.12587108013937298,UP,0.33896396396396394,0.3183183183183183,0.3427177177177177,0.0338963963963964,0.9318318318318318,0.03427177177177177,0.0338963963963964,0.03183183183183183,0.9342717717717718,0.9338963963963964,0.03183183183183183,0.03427177177177177,0.269838038835313,0.12921868500432268,0.6009432761603644,0.3569085615786839,0.36065265611610786,0.2824387823052083,0.20283779425991613,0.2960335375685263,0.5011286681715575,0.3718727373876032,0.2247578897230131,0.4033693728893836,0.45697845096969825,0.2130994106109377,0.3299221384193641,0.39166537499169635,0.26281526095524893,0.34551936405305456,0.26426426426426425,0.1996996996996997,0.5360360360360361,0.4116232734476568,0.26984273659329355,0.31853398995904963,0.4558702752258527,0.19183681265160454,0.3522929121225428,0.39075724471585704,0.21791019819069157,0.3913325570934514,0.5038430011407464,0.263543831101463,0.23261316775779045,0.4043905935161917,0.26920484516079696,0.3264045613230113,0.416,0.196,0.388,0.49870707480721416,0.29892384061561145,0.20236908457717445,0.5629077353215285,0.19701770736253496,0.24007455731593663
2026-09-11,2026-09-12T03:59:59+00:00,2026-09-18,2026-09-24T05:00:00+00:00,0.022187004754358197,UP,0.33896396396396394,0.3183183183183183,0.3427177177177177,0.0338963963963964,0.9318318318318318,0.03427177177177177,0.0338963963963964,0.03183183183183183,0.9342717717717718,0.9338963963963964,0.03183183183183183,0.03427177177177177,0.28746546931654876,0.13294676829137927,0.579587762392072,0.3702485035281026,0.3513220059988543,0.27842949047304316,0.2893284268629255,0.2639144434222631,0.4467571297148114,0.4349587429908332,0.2518436777635263,0.31319757924564046,0.4098630303587037,0.2601384074716629,0.32999856216963336,0.39166537499169635,0.26281526095524893,0.34551936405305456,0.2552552552552553,0.19819819819819817,0.5465465465465466,0.40567223370891214,0.2725583142432629,0.3217694520478251,0.45587027522585327,0.19183681265160343,0.3522929121225433,0.35459935837066586,0.3630656750140591,0.282334966615275,0.3321863830581826,0.2752785904621429,0.3925350264796745,0.4043158381709919,0.2693399394111239,0.32634422241788413,0.384,0.264,0.352,0.4323421074751627,0.3069999726358467,0.2606579198889905,0.4613281878115453,0.24280430937449748,0.2958675028139572
