0,AT,BE,BG,CY,CZ,DE,DK,EE,ES,FI,FR,GR,HR,HU,IE,IT,LT,LU,LV,MT,NL,PL,PT,RO,SE,SI,SK
2005-01-03,0.40569,0.40345,,0.38292,0.37079,0.371,0.36116,0.35578,0.39637,0.37992,0.3552,0.39043,,0.4135,0.43773,0.44536,0.34523,0.36425,0.35958,0.45784,0.38,0.39903,0.41329,,0.39963,0.34179,0.38207
2005-01-10,0.39903,0.37205,,0.38233,0.36485,0.3658,0.35133,0.35578,0.39603,0.37234,0.35087,0.39148,,0.39054,0.43773,0.43378,0.36183,0.36425,0.35932,0.46017,0.381,0.39546,0.4046,,0.37543,0.33877,0.36414
2005-01-17,0.38653,0.3726,,0.38161,0.35595,0.3654,0.35991,0.34495,0.39656,0.37082,0.34772,0.40508,,0.3932,0.41624,0.43372,0.3601,0.36425,0.35978,0.45953,0.38347,0.39041,0.39253,,0.37807,0.33878,0.35859
2005-01-24,0.38986,0.3737,,0.39893,0.35389,0.3621,0.3609,0.34659,0.39667,0.37286,0.35263,0.40843,,0.39269,0.41624,0.43372,0.36116,0.36425,0.35973,0.4606,0.39,0.38675,0.38821,,0.38967,0.3632,0.35783
2005-01-31,0.40236,0.3872,,0.40355,0.35368,0.3652,0.37706,0.35091,0.40089,0.38761,0.36303,0.41166,,0.39393,0.41624,0.44896,0.3756,0.38165,0.35973,0.46124,0.38851,0.38671,0.38669,,0.40447,0.3632,0.36117
2005-02-07,0.40153,0.37281,,0.39613,0.35646,0.3557,0.35654,0.36717,0.4011,0.37286,0.36136,0.41528,,0.39658,0.41624,0.44902,0.38114,0.38165,0.36581,0.46231,0.38851,0.39449,0.38651,,0.38392,0.36952,0.36211
2005-02-14,0.38986,0.37116,,0.40066,0.35215,0.3406,0.36943,0.36717,0.40374,0.38265,0.35976,0.41354,,0.39603,0.41624,0.44884,0.37241,0.36765,0.36953,0.46188,0.391,0.38768,0.38666,,0.38814,0.36948,0.36125
2005-02-21,0.39819,0.38273,,0.40073,0.35643,0.3408,0.3748,0.37638,0.40686,0.37614,0.36244,0.41346,,0.39715,0.40384,0.44912,0.38076,0.36765,0.37434,0.46145,0.412,0.38844,0.38671,,0.38717,0.36149,0.36205
2005-02-28,0.40069,0.4056,,0.39969,0.35903,0.3632,0.39635,0.37799,0.42292,0.41105,0.38191,0.41818,,0.40002,0.40384,0.43938,0.3975,0.40595,0.37434,0.46081,0.424,0.3983,0.38593,,0.41722,0.36157,0.36355
2005-03-07,0.41069,0.40229,,0.41564,0.38028,0.3787,0.41782,0.38775,0.44022,0.42566,0.39883,0.43056,,0.41669,0.40384,0.45999,0.39466,0.42245,0.3791,0.46092,0.435,0.40637,0.38792,,0.42616,0.37939,0.37598
2005-03-14,0.42153,0.41799,,0.42621,0.38085,0.4003,0.42515,0.39638,0.44357,0.40868,0.41424,0.45142,,0.43061,0.40384,0.48093,0.41465,0.42245,0.39022,0.45964,0.44649,0.39983,0.40972,,0.44904,0.37937,0.38079
2005-03-21,0.43403,0.42653,,0.4365,0.3753,0.4018,0.43047,0.40344,0.4446,0.41876,0.42661,0.47832,,0.4271,0.40384,0.48105,0.4244,0.43555,0.39497,0.45985,0.453,0.40032,0.42436,,0.45912,0.42125,0.38879
2005-04-04,0.45818,0.45298,,0.44402,0.39697,0.4139,0.4475,0.42836,0.45349,0.43214,0.42343,0.48273,,0.45102,0.41954,0.48253,0.43033,0.43555,0.40721,0.4622,0.4675,0.41714,0.443,,0.44381,0.44432,0.39904
2005-04-11,0.47901,0.47447,,0.45974,0.42511,0.4363,0.44542,0.44136,0.45644,0.42938,0.44298,0.49081,,0.4694,0.41954,0.52267,0.44597,0.47205,0.43277,0.47774,0.462,0.4325,0.44463,,0.48363,0.44425,0.41398
2005-04-18,0.47151,0.45315,,0.45846,0.42695,0.4268,0.43335,0.43837,0.4635,0.41876,0.42884,0.48693,,0.46442,0.45177,0.52267,0.4397,0.44425,0.43289,0.47819,0.45742,0.42514,0.44992,,0.45538,0.44306,0.41736
2005-04-25,0.46568,0.44056,,0.45952,0.42499,0.4227,0.42502,0.41942,0.46372,0.44991,0.42352,0.48022,,0.45188,0.45177,0.52154,0.43821,0.42945,0.42663,0.47885,0.46162,0.42348,0.45616,,0.45398,0.44306,0.415
2005-05-02,0.46484,0.45627,,0.45936,0.42282,0.438,0.41878,0.40859,0.45853,0.46943,0.42446,0.48107,,0.44806,0.45177,0.49777,0.4374,0.44765,0.43277,0.47952,0.454,0.41748,0.45778,,0.44644,0.42746,0.41958
2005-05-09,0.46401,0.45489,,0.4619,0.43169,0.4307,0.40827,0.40724,0.44957,0.46088,0.41709,0.47739,,0.44635,0.45177,0.48093,0.42985,0.43375,0.42663,0.47897,0.44145,0.43207,0.45315,,0.44727,0.42761,0.42283
2005-05-16,0.45734,0.45489,,0.46322,0.4264,0.4341,0.40175,0.39911,0.44065,0.44654,0.40578,0.49037,,0.4314,0.46252,0.47252,0.42119,0.42165,0.42669,0.47897,0.42548,0.41788,0.45221,,0.4253,0.417,0.40772
2005-05-23,0.45151,0.41474,,0.45954,0.42321,0.427,0.40676,0.39618,0.44075,0.45884,0.3996,0.45557,,0.42199,0.46252,0.46423,0.40495,0.40595,0.42663,0.47897,0.43,0.41703,0.44179,,0.42734,0.41699,0.39703
2005-05-30,0.45234,0.41777,,0.45147,0.42094,0.4057,0.42216,0.38947,0.44174,0.46725,0.40397,0.45522,,0.41941,0.46252,0.46423,0.4066,0.42425,0.41823,0.47897,0.4465,0.42013,0.43849,,0.44144,0.3989,0.39758
2005-06-06,0.46984,0.47176,,0.44793,0.43414,0.4322,0.4546,0.40801,0.44909,0.49262,0.42245,0.46209,,0.43677,0.46252,0.48246,0.42193,0.43555,0.41828,,0.489,0.42452,0.43439,,0.46707,0.39898,0.41248
2005-06-13,0.47234,0.47727,,0.45011,0.45973,0.4529,0.46202,0.41638,0.46635,0.49965,0.43991,0.49037,,0.4553,0.46252,0.50563,0.43611,0.46945,0.43418,0.47897,0.501,0.43917,0.43293,,0.4717,0.42656,0.43262
2005-06-20,0.47734,0.47672,,0.45051,0.46186,0.4662,0.48217,0.4346,0.48364,0.49855,0.45716,0.50456,,0.47017,0.46252,0.50703,0.45184,0.48685,0.44873,0.47897,0.507,0.44764,0.45717,,0.49971,0.42639,0.44772
2005-06-27,0.48984,0.49766,,0.49161,0.46812,0.4662,0.47764,0.44553,0.48979,0.47537,0.45989,0.51473,,0.47159,0.46334,0.52104,0.45754,0.48685,0.45462,0.47897,0.502,0.46449,0.47722,,0.49198,0.46833,0.44891
2005-07-04,0.49401,0.49132,,0.50632,0.46751,0.4835,0.47636,0.44917,0.49563,0.47537,0.45797,0.51653,,0.47267,0.46334,0.52954,0.46365,0.48685,0.45712,0.47897,0.518,0.47003,0.48551,,0.4867,0.46835,0.44934
2005-07-11,0.52484,0.52064,,0.50623,0.46725,0.4876,0.49758,0.47223,0.50662,0.48654,0.47665,0.52035,,0.48582,0.46334,0.53031,0.48059,0.50945,0.47295,0.47897,0.531,0.47427,0.49299,,0.51201,0.47032,0.44471
2005-07-18,0.51401,0.50039,,0.50605,0.49082,0.4859,0.47477,0.45923,0.50585,0.48685,0.47481,0.52495,,0.49781,0.50136,0.53148,0.48722,0.49555,0.47295,0.47897,0.50107,0.47398,0.49794,,0.49707,0.47032,0.45811
2005-07-25,0.50651,0.48955,,0.50815,0.48965,0.47938,0.45547,0.46064,0.50263,0.47472,0.46587,0.52495,,0.49707,0.50136,0.53044,0.47944,0.49555,0.47173,0.47897,0.50107,0.47894,0.50262,,0.48859,0.47639,0.45926
2005-08-01,0.50568,0.47006,,0.51224,0.49044,0.47874,0.46512,0.45345,0.50139,0.47982,0.45874,0.52068,,0.49743,0.50136,0.53044,0.47271,0.49555,0.4718,0.47897,0.50611,0.483,0.50012,,0.49175,0.47645,0.45942
2005-08-08,0.50901,0.47651,,0.51242,0.49893,0.4895,0.47578,0.45869,0.50076,0.48685,0.45893,0.52227,,0.50149,0.50136,0.53102,0.47252,0.49555,0.47302,0.47897,0.507,0.48327,0.49226,,0.49538,0.4677,0.46402
2005-08-15,0.50901,0.47651,,0.51286,0.49922,0.50227,0.50791,0.45869,0.50076,0.48685,0.45893,0.52227,,0.50074,0.5212,0.53102,0.49589,0.49555,0.47302,0.47908,0.507,0.48736,0.49015,,0.49633,0.46772,0.46503
2005-08-22,0.53318,0.52986,,0.5369,0.49927,0.5048,0.49651,0.47774,0.5192,0.50022,0.48539,0.5395,,0.5195,0.5212,0.55138,0.49899,0.53895,0.48032,0.47897,0.539,0.49745,0.49569,,0.50514,0.48585,0.49268
2005-08-29,0.53734,0.53711,,0.5369,0.49664,0.4964,0.51336,0.47755,0.52933,0.49013,0.49175,0.54345,,0.51634,0.5212,0.55192,0.49868,0.53895,0.49243,0.47897,0.54061,0.49761,0.50729,,0.52482,0.48583,0.48923
2005-09-05,0.56151,0.56383,,0.5369,0.54556,0.54339,0.55553,0.50002,0.54571,0.5228,0.52119,0.56038,,0.52952,0.5212,0.56961,0.5105,0.57035,0.52279,0.47897,0.559,0.52505,0.51571,,0.55208,0.50012,0.51338
2005-09-12,0.55401,0.53667,,0.56532,0.54837,0.50244,0.51266,0.51177,0.54072,0.57132,0.51047,0.57799,,0.54412,0.5212,0.59275,0.52405,0.55375,0.50947,0.47897,0.545,0.53041,0.52834,,0.52944,0.50022,0.53359
2005-09-19,0.54068,0.51693,,0.55011,0.54492,0.4899,0.50711,0.49199,0.53933,0.51329,0.48085,0.55815,,0.532,0.565,0.56918,0.50877,0.51635,0.49981,0.47897,0.539,0.53512,0.53829,,0.51822,0.52867,0.50851
2005-09-26,0.53568,0.55229,,0.54512,0.52995,0.5057,0.52937,0.48995,0.53965,0.56084,0.5003,0.55587,,0.52824,0.565,0.56839,0.51105,0.54765,0.49737,0.47897,0.547,0.52943,0.53252,,0.54237,0.5286,0.50622
2005-10-03,0.51684,0.56468,,0.54512,0.52389,0.5259,0.55073,0.4902,0.53931,0.57532,0.51523,0.56882,,0.51985,0.565,0.60125,0.53356,0.56685,0.49608,0.57964,0.57254,0.52552,0.5262,,0.55895,0.50875,0.50255
2005-10-10,0.52184,0.57825,,0.55732,0.52452,0.5257,0.53897,0.51449,0.53956,0.56677,0.52326,0.58102,,0.51983,0.565,0.60208,0.54665,0.56685,0.52834,0.57964,0.556,0.53153,0.53405,,0.56566,0.50867,0.51671
2005-10-17,0.52351,0.58175,,0.55243,0.52037,0.5188,0.54535,0.51935,0.5396,0.5727,0.51758,0.57599,,0.52695,0.57326,0.60093,0.53819,0.54765,0.52256,0.57964,0.554,0.53395,0.53871,,0.55405,0.50873,0.52251
2005-10-24,0.51684,0.55238,,0.55243,0.51402,0.5208,0.50589,0.51762,0.53906,0.53029,0.49985,0.56967,,0.52311,0.57326,0.59379,0.52376,0.54765,0.51777,0.57964,0.555,0.53233,0.55509,,0.53003,0.50871,0.52089
2005-11-07,0.50351,0.53015,,0.54302,0.51641,0.496,0.4799,0.49608,0.52925,0.5092,0.47313,0.54264,,0.52504,0.57326,0.55978,0.5031,0.50855,0.51405,0.59543,0.5154,0.51017,0.55131,,0.49675,0.53104,0.50765
2005-11-14,0.49184,0.51558,,0.53716,0.51097,0.4882,0.47394,0.46454,0.51512,0.45709,0.4581,0.52666,,0.51713,0.57326,0.53561,0.49306,0.50855,0.49937,0.59543,0.51,0.51074,0.53542,,0.49142,0.53106,0.49886
2005-11-21,0.48768,0.47875,,0.5132,0.50161,0.4602,0.47805,0.47084,0.50033,0.47129,0.45162,0.52082,,0.50942,0.57326,0.51905,0.48194,0.50855,0.48763,0.59543,0.50531,0.50795,0.51303,,0.49006,0.53104,0.5017
2005-11-28,0.48518,0.48054,,0.5126,0.4976,0.4824,0.47606,0.46534,0.48242,0.48634,0.44696,0.51584,,0.50528,0.57326,0.51905,0.48369,0.49115,0.44854,0.56187,0.48767,0.51299,0.50085,,0.48496,0.46737,0.50452
2005-12-05,0.47351,0.47227,,0.5126,0.48969,0.46796,0.47101,0.46952,0.47384,0.48441,0.43932,0.50994,,0.4935,0.57326,0.51041,0.47923,0.47985,0.46889,0.56187,0.492,0.50809,0.49785,,0.47569,0.46735,0.49198
2005-12-12,0.47768,0.48332,,0.50932,0.47566,0.4628,0.48411,0.46962,0.49065,0.4975,0.44892,0.51149,,0.48799,0.5526,0.51604,0.49069,0.47985,0.46748,0.56187,0.5,0.50251,0.49007,,0.47995,0.46737,0.48946
2005-12-19,0.47851,0.4804,,0.50289,0.47345,0.47119,0.49443,0.41632,0.4909,0.4975,0.45239,0.51394,,0.49022,0.52285,0.5273,0.49051,0.49465,0.47998,0.56187,0.487,0.49536,0.48937,,0.48051,0.46741,0.48961
2006-01-09,0.48101,0.50285,,0.50134,0.46456,0.48844,0.4952,0.47981,0.49468,0.4975,0.46256,0.51386,,0.49073,0.52285,0.55013,0.49955,0.48825,0.48885,0.55397,0.531,0.49111,0.48972,,0.5045,0.45941,0.47982
2006-01-16,0.47684,0.50921,,0.50673,0.46722,0.47227,0.49402,0.48324,0.49823,0.4975,0.46464,0.51908,,0.49942,0.52285,0.55119,0.49848,0.48825,0.48892,0.55397,0.496,0.48096,0.49645,,0.51183,0.45937,0.48691
2006-01-23,0.48184,0.50032,,0.50639,0.4727,0.46688,0.50147,0.48592,0.50385,0.50214,0.46967,0.5188,,0.49986,0.52285,0.55113,0.5066,0.50305,0.48885,0.55397,0.507,0.47395,0.48236,,0.51566,0.46571,0.4867
2006-01-30,0.48768,0.50756,,0.50639,0.48512,0.47486,0.49599,0.49391,0.51057,0.49635,0.47754,0.52304,,0.51032,0.52285,0.55146,0.51571,0.50305,0.49973,0.5816,0.507,0.47722,0.5031,,0.52013,0.46571,0.49991
2006-02-06,0.49268,0.50197,,0.50639,0.48675,0.5018,0.49902,0.49433,0.5107,0.49635,0.47988,0.52382,,0.51262,0.52285,0.55139,0.50829,0.50305,0.48512,0.5816,0.507,0.47487,0.50517,,0.50929,0.46567,0.49948
2006-02-13,0.48934,0.49774,,0.50133,0.48276,0.47744,0.49056,0.49327,0.50977,0.49635,0.47242,0.52398,,0.51043,0.52285,0.55139,0.49997,0.50305,0.46206,0.5816,0.49775,0.47534,0.50681,,0.50193,0.46565,0.49655
2006-02-20,0.47518,0.48825,,0.50577,0.47751,0.46516,0.49392,0.49097,0.50668,0.49635,0.46725,0.52034,,0.50979,0.52533,0.53467,0.49863,0.48915,0.48147,0.5816,0.508,0.47729,0.51197,,0.50056,0.47926,0.4915
2006-02-27,0.47934,0.47957,,0.50569,0.47385,0.46322,0.49948,0.48931,0.5119,0.52339,0.47278,0.52696,,0.50358,0.52533,0.53532,0.50171,0.50645,0.49723,0.5737,0.509,0.47318,0.50552,,0.51069,0.4792,0.4914
2006-03-06,0.48518,0.48489,,0.50569,0.46644,0.4643,0.52183,0.48969,0.51096,0.54214,0.48182,0.53255,,0.50565,0.52533,0.55952,0.50832,0.52565,0.46808,0.5737,0.533,0.46573,0.50636,,0.52791,0.4792,0.49241
2006-03-13,0.49351,0.51018,,0.50525,0.46651,0.47982,0.50268,0.50024,0.51657,0.52477,0.48767,0.54636,,0.50113,0.52533,0.55963,0.51511,0.51345,0.49121,0.5737,0.519,0.4559,0.51522,,0.52279,0.4791,0.49699
2006-03-20,0.50018,0.47701,,0.52018,0.47218,0.50244,0.50683,0.4996,0.51951,0.55993,0.48959,0.54854,,0.49975,0.52533,0.56125,0.51415,0.51345,0.48276,0.5737,0.519,0.46691,0.52108,,0.53814,0.4854,0.50187
2006-03-27,0.49851,0.49621,,0.52935,0.49279,0.48305,0.50686,0.50867,0.52045,0.48632,0.48738,0.55125,,0.50093,0.52533,0.56155,0.51421,0.51345,0.45232,0.5737,0.52548,0.47487,0.52182,,0.5241,0.4853,0.49986
2006-04-03,0.51301,0.5274,,0.52926,0.49575,0.49727,0.51861,0.50982,0.52613,0.49679,0.49277,0.55191,,0.51224,0.52533,0.56159,0.51665,0.52475,0.45834,0.58556,0.539,0.4854,0.52197,,0.53326,0.4853,0.49526
2006-04-10,0.51801,0.53593,,0.53472,0.50334,0.48951,0.51649,0.50679,0.53189,0.50024,0.49454,0.55614,,0.50451,0.52533,0.56168,0.51541,0.53605,0.47417,0.58556,0.5465,0.48415,0.52223,,0.53625,0.48522,0.50633
2006-04-24,0.54218,0.54256,,0.53481,0.54066,0.51408,0.55088,0.52043,0.553,0.52858,0.52298,0.57249,,0.52409,0.52533,0.59374,0.53753,0.56735,0.53633,0.58556,0.572,0.51986,0.53503,,0.5745,0.4943,0.52374
2006-05-01,0.54218,0.54676,,0.55803,0.54444,0.53305,0.54659,0.52037,0.55885,0.52127,0.52964,0.58822,,0.54104,0.54599,0.59603,0.54339,0.56735,0.54478,0.61516,0.561,0.51772,0.54662,,0.57728,0.4943,0.53135
2006-05-08,0.54051,0.52555,,0.56581,0.54648,0.52378,0.52861,0.5242,0.56013,0.5108,0.52576,0.59055,,0.55739,0.54599,0.59752,0.53633,0.55605,0.55582,0.61516,0.544,0.53347,0.55838,,0.55568,0.49426,0.53447
2006-05-15,0.53468,0.54155,,0.56591,0.54103,0.50546,0.53848,0.49838,0.56029,0.51011,0.51776,0.58416,,0.5405,0.54599,0.58869,0.53421,0.54565,0.55582,0.61516,0.54733,0.51769,0.55789,,0.5607,0.53393,0.52858
2006-05-22,0.53051,0.5473,,0.566,0.54158,0.49943,0.52442,0.494,0.54712,0.54177,0.50836,0.5837,,0.54804,0.565,0.58552,0.51838,0.54565,0.55582,0.61516,0.55,0.51281,0.55692,,0.5457,0.53393,0.52749
2006-05-29,0.52801,0.52885,,0.566,0.54076,0.47033,0.52538,0.49416,0.54614,0.54177,0.50048,0.57519,,0.54023,0.565,0.58406,0.51878,0.53435,0.54973,0.61516,0.543,0.51526,0.54993,,0.54898,0.53388,0.516
2006-06-05,0.53468,0.53055,,0.566,0.53518,0.5115,0.53495,0.49509,0.53784,0.55183,0.50424,0.57518,,0.53446,0.565,0.58449,0.52832,0.54645,0.54973,0.63687,0.55237,0.50976,0.54993,,0.55532,0.53384,0.52037
2006-06-12,0.54301,0.55884,,0.56522,0.53612,0.50835,0.53197,0.49487,0.54189,0.5681,0.5042,0.57518,,0.53275,0.565,0.5846,0.52542,0.54645,0.54965,0.63687,0.564,0.50752,0.54075,,0.55419,0.50985,0.51944
2006-06-19,0.53385,0.5319,,0.566,0.53154,0.48714,0.53845,0.50861,0.54747,0.52537,0.50488,0.57444,,0.51874,0.56252,0.5846,0.516,0.54645,0.54965,0.63687,0.55153,0.49975,0.54128,,0.5326,0.50989,0.51643
2006-06-26,0.52385,0.52014,,0.55814,0.53025,0.4994,0.54156,0.51283,0.5424,0.52537,0.50088,0.57373,,0.51051,0.56252,0.5846,0.50952,0.54645,0.53755,0.63687,0.55657,0.49835,0.5403,,0.53622,0.50987,0.51544
2006-07-03,0.53468,0.54439,,0.55814,0.53073,0.5214,0.54989,0.51187,0.54578,0.53833,0.51041,0.56245,,0.52637,0.56252,0.5846,0.53242,0.54645,0.53755,0.61516,0.56078,0.51033,0.54033,,0.56236,0.50989,0.52174
2006-07-10,0.53551,0.54189,,0.5685,0.54007,0.5139,0.54027,0.51148,0.55391,0.53102,0.51386,0.59953,,0.54986,0.56252,0.58856,0.53614,0.56045,0.53755,0.61516,0.557,0.51524,0.54718,,0.56511,0.51126,0.534
2006-07-17,0.53801,0.55483,,0.57149,0.53802,0.5193,0.55318,0.50356,0.56183,0.55505,0.51719,0.58513,,0.5511,0.56252,0.59305,0.53618,0.55085,0.53747,0.61516,0.574,0.51905,0.55528,,0.5698,0.5113,0.53195
2006-07-24,0.53718,0.5702,,0.57149,0.54007,0.5404,0.53161,0.52056,0.56274,0.53603,0.52251,0.59373,,0.55969,0.56087,0.59305,0.54145,0.55085,0.53633,0.61516,0.557,0.53458,0.55665,,0.55543,0.51126,0.5294
2006-07-31,0.53468,0.54602,,0.57762,0.53646,0.532,0.5433,0.51947,0.56063,0.5523,0.51261,0.58954,,0.56143,0.56087,0.59236,0.53912,0.54475,0.53633,0.61516,0.571,0.53042,0.56334,,0.55702,0.51124,0.52691
2006-08-07,0.55385,0.5326,,0.57726,0.53981,0.53154,0.55191,0.51653,0.56385,0.53603,0.51985,0.58767,,0.55608,0.56087,0.59236,0.53975,0.56915,0.53633,0.62306,0.574,0.5486,0.56371,,0.573,0.52825,0.53152
2006-08-14,0.56385,0.5326,,0.57696,0.54691,0.527,0.55839,0.51839,0.56682,0.53603,0.52516,0.59008,,0.54903,0.56087,0.59258,0.54272,0.56915,0.5218,0.62306,0.568,0.54821,0.56419,,0.57203,0.52836,0.53251
2006-08-21,0.54885,0.53234,,0.57696,0.54626,0.5171,0.54013,0.51666,0.55902,0.521,0.52073,0.59032,,0.53974,0.57244,0.59285,0.53396,0.56915,0.51936,0.62306,0.55657,0.54015,0.56374,,0.55236,0.52845,0.53155
2006-08-28,0.53551,0.55962,,0.57666,0.54323,0.5046,0.5434,0.51871,0.5562,0.52927,0.5181,0.58612,,0.54426,0.57244,0.59268,0.53219,0.54915,0.50589,0.62306,0.563,0.53217,0.5645,,0.55881,0.52841,0.53083
2006-09-04,0.53551,0.54753,,0.57656,0.54087,0.51559,0.53374,0.51708,0.55095,0.5475,0.51314,0.5839,,0.55171,0.57244,0.57746,0.51678,0.56385,0.50582,0.62898,0.545,0.52371,0.56444,,0.53736,0.53012,0.53131
2006-09-11,0.51885,0.52835,,0.5711,0.53251,0.48326,0.51011,0.50529,0.53856,0.5282,0.49925,0.57154,,0.54826,0.57244,0.56833,0.50054,0.53695,0.51313,0.62898,0.523,0.51796,0.55896,,0.52295,0.53017,0.52522
2006-09-18,0.50218,0.501,,0.54465,0.52498,0.4904,0.47261,0.48132,0.51843,0.49925,0.47368,0.55614,,0.54079,0.57244,0.55233,0.48327,0.48565,0.49737,0.62898,0.491,0.51814,0.55598,,0.49245,0.53019,0.51648
2006-09-25,0.48301,0.50651,,0.52304,0.51515,0.46,0.47161,0.45384,0.50512,0.51308,0.45404,0.53615,,0.50548,0.55673,0.52757,0.47572,0.48565,0.48878,0.62898,0.484,0.50474,0.53351,,0.47807,0.53015,0.48837
2006-10-02,0.46051,0.49348,,0.51886,0.51068,0.45826,0.48034,0.45457,0.49403,0.52948,0.45002,0.52181,,0.49447,0.55673,0.52628,0.46925,0.48565,0.48398,0.58949,0.501,0.50369,0.5115,,0.48941,0.47871,0.47507
2006-10-09,0.47468,0.48114,,0.51886,0.50436,0.45417,0.48038,0.45243,0.49181,0.51308,0.45021,0.51855,,0.49986,0.55673,0.5148,0.46924,0.48565,0.4766,0.58949,0.491,0.50638,0.50072,,0.48351,0.47867,0.4749
2006-10-16,0.47968,0.4945,,0.50447,0.49652,0.47292,0.48045,0.45045,0.49064,0.52204,0.45032,0.51666,,0.51196,0.55673,0.5148,0.47421,0.4967,0.47667,0.58949,0.501,0.50652,0.49959,,0.48545,0.45855,0.47765
2006-10-23,0.48218,0.50524,,0.50203,0.49213,0.45632,0.48044,0.45026,0.4908,0.48444,0.45753,0.51757,,0.5162,0.49888,0.5148,0.47598,0.4967,0.47667,0.58949,0.514,0.50523,0.49295,,0.49182,0.45848,0.47999
2006-10-30,0.47218,0.50312,,0.50177,0.48812,0.44749,0.48375,0.45511,0.4877,0.48995,0.44914,0.51594,,0.50739,0.49888,0.51485,0.46867,0.4967,0.47653,0.58949,0.49355,0.50168,0.49179,,0.49602,0.46681,0.48334
2006-11-06,0.47218,0.48547,,0.49842,0.49329,0.43714,0.46427,0.47103,0.47751,0.4741,0.44264,0.51544,,0.51428,0.49888,0.51468,0.46293,0.47085,0.47166,0.52239,0.48767,0.50676,0.49923,,0.47745,0.46679,0.48471
2006-11-13,0.46885,0.45279,,0.49842,0.48755,0.44857,0.48353,0.47058,0.48,0.49422,0.44506,0.51092,,0.50034,0.49888,0.51412,0.47086,0.47085,0.47058,0.52239,0.487,0.50235,0.49223,,0.48903,0.45255,0.47815
2006-11-20,0.46635,0.47676,,0.49808,0.48466,0.45482,0.48138,0.46994,0.47828,0.4894,0.44527,0.51265,,0.50418,0.48153,0.51213,0.46889,0.48385,0.47045,0.52239,0.488,0.49852,0.49129,,0.48083,0.45247,0.48353
2006-11-27,0.46635,0.49164,,0.496,0.4847,0.4397,0.47083,0.46943,0.47789,0.50274,0.44466,0.51011,,0.4962,0.48153,0.51223,0.47049,0.48385,0.4743,0.52239,0.48851,0.48851,0.49164,,0.48295,0.45769,0.47806
2006-12-04,0.46468,0.47511,,0.496,0.48223,0.4602,0.48138,0.46877,0.48024,0.51308,0.44426,0.50996,,0.49987,0.48153,0.51223,0.47429,0.48385,0.47423,0.52239,0.501,0.48193,0.49186,,0.48345,0.45767,0.47829
2006-12-11,0.47051,0.48007,,0.49591,0.48312,0.45934,0.46545,0.46834,0.48249,0.49777,0.44711,0.51426,,0.50092,0.48153,0.51223,0.47401,0.48385,0.47416,0.52239,0.49,0.47425,0.49183,,0.47326,0.46252,0.48329
2006-12-18,0.47051,0.48399,,0.5011,0.48491,0.45374,0.47949,0.46886,0.48063,0.50439,0.44192,0.51348,,0.50687,0.48153,0.51223,0.46972,0.48385,0.4745,0.52239,0.49,0.46934,0.49157,,0.47341,0.46256,0.48683
2007-01-08,0.46301,0.45384,,0.49517,0.47777,0.44977,0.42803,0.46681,0.46535,0.46728,0.4315,0.50458,,0.47995,0.48483,0.51258,0.45801,0.44615,0.4771,0.52239,0.47254,0.45056,0.46435,,0.44057,0.4467,0.47385
2007-01-15,0.44385,0.438,,0.47569,0.46703,0.40901,0.42378,0.44157,0.45652,0.46687,0.41932,0.49713,,0.46509,0.48483,0.49903,0.44322,0.44615,0.47738,0.52239,0.466,0.44608,0.47734,,0.43951,0.4467,0.45064
2007-01-22,0.43635,0.43078,,0.46315,0.45765,0.41489,0.42154,0.43607,0.45122,0.46554,0.4102,0.48548,,0.45543,0.48235,0.48388,0.43997,0.43395,0.4628,0.52239,0.46834,0.44427,0.46664,,0.42872,0.42003,0.4369
2007-01-29,0.43551,0.42839,,0.46203,0.44471,0.41973,0.44185,0.44038,0.4512,0.48222,0.41262,0.47859,,0.44544,0.48235,0.48377,0.43572,0.44445,0.44771,0.52239,0.466,0.43115,0.45819,,0.44883,0.42003,0.42641
2007-02-05,0.43885,0.44026,,0.46171,0.43969,0.42918,0.44943,0.44038,0.45516,0.49035,0.42108,0.48094,,0.44782,0.48235,0.48345,0.44377,0.46535,0.44649,0.52239,0.47758,0.43728,0.45385,,0.46422,0.41587,0.4302
2007-02-12,0.44468,0.45935,,0.46507,0.4332,0.43359,0.45588,0.45249,0.46375,0.49297,0.43097,0.48836,,0.46363,0.48235,0.4854,0.45466,0.46535,0.46596,0.52239,0.489,0.43319,0.46,,0.47359,0.41587,0.44827
2007-02-19,0.45218,0.44659,,0.47018,0.43967,0.43737,0.44183,0.45499,0.4636,0.4836,0.42836,0.48836,,0.46896,0.48235,0.48573,0.45741,0.46535,0.46294,0.52239,0.491,0.44113,0.46748,,0.44923,0.4342,0.45395
2007-02-26,0.45051,0.45238,,0.47002,0.43413,0.4359,0.4591,0.45499,0.47005,0.49228,0.42803,0.49091,,0.46628,0.4683,0.49886,0.46204,0.46535,0.46342,0.52239,0.491,0.43923,0.46931,,0.46458,0.4342,0.45022
2007-03-05,0.46301,0.47316,,0.47482,0.44246,0.46699,0.47555,0.48328,0.47751,0.5011,0.44189,0.49995,,0.46979,0.4683,0.50047,0.4754,0.47745,0.47509,0.52239,0.501,0.44604,0.47343,,0.47927,0.43253,0.45562
2007-03-12,0.46801,0.48327,,0.48551,0.45554,0.4546,0.47331,0.47167,0.48444,0.49958,0.45187,0.50488,,0.48505,0.4683,0.5081,0.47487,0.47745,0.47169,0.52239,0.497,0.45233,0.47951,,0.47261,0.43253,0.47077
2007-03-19,0.46718,0.46652,,0.49716,0.46459,0.44557,0.45945,0.47026,0.47974,0.49007,0.44044,0.50674,,0.49286,0.4683,0.5081,0.46724,0.47745,0.47176,0.52239,0.49,0.45674,0.48417,,0.46408,0.45087,0.48732
2007-03-26,0.46218,0.46533,,0.49656,0.46304,0.44725,0.46472,0.44288,0.47886,0.49481,0.43787,0.50422,,0.49148,0.4683,0.50771,0.4583,0.47745,0.45378,0.52239,0.497,0.4558,0.48873,,0.47184,0.45087,0.4712
2007-04-02,0.47385,0.48478,,0.49613,0.46382,0.48107,0.49045,0.44297,0.49547,0.5148,0.45483,0.50968,,0.4914,0.48814,0.51222,0.47311,0.49485,0.46425,0.52239,0.523,0.45558,0.48808,,0.50304,0.44587,0.47854
2007-04-16,0.48385,0.49759,,0.50699,0.47713,0.46237,0.49769,0.44994,0.50859,0.52004,0.46679,0.52544,,0.51602,0.48814,0.52339,0.4839,0.49485,0.47485,0.52239,0.522,0.48062,0.50229,,0.48049,0.4717,0.49178
2007-04-23,0.48718,0.49057,,0.50655,0.47727,0.48611,0.48174,0.45499,0.50377,0.48931,0.4648,0.53072,,0.51576,0.51789,0.5241,0.48892,0.48875,0.48915,0.52239,0.51456,0.48495,0.50778,,0.4688,0.4717,0.48351
2007-04-30,0.48968,0.49057,,0.5269,0.47619,0.4987,0.49151,0.45499,0.50501,0.51509,0.46477,0.53057,,0.50597,0.51789,0.52459,0.49188,0.48875,0.4906,0.52239,0.518,0.48479,0.51237,,0.47114,0.47587,0.4819
2007-05-07,0.49468,0.4871,,0.52689,0.48894,0.48506,0.49251,0.45556,0.50835,0.49427,0.46616,0.53475,,0.5077,0.51789,0.52508,0.49109,0.50005,0.49266,0.52239,0.517,0.48406,0.50734,,0.47046,0.47587,0.48979
2007-05-14,0.48968,0.49141,,0.52635,0.4872,0.48884,0.48609,0.45607,0.51178,0.49386,0.46214,0.53563,,0.50583,0.51789,0.52483,0.49194,0.50005,0.49287,0.52239,0.518,0.47864,0.50909,,0.46711,0.47753,0.4897
2007-05-21,0.48885,0.49581,,0.52609,0.48917,0.49199,0.49883,0.45543,0.51547,0.5024,0.46515,0.53552,,0.50207,0.51789,0.52724,0.49053,0.50005,0.49294,0.52239,0.523,0.47301,0.5085,,0.46774,0.47753,0.48648
2007-05-28,0.48551,0.49581,,0.5297,0.49296,0.48716,0.50753,0.4562,0.51962,0.49241,0.47329,0.53952,,0.50085,0.53029,0.53344,0.48923,0.51315,0.49294,0.52239,0.528,0.46721,0.50823,,0.47723,0.47837,0.48451
2007-06-04,0.48051,0.49781,,0.53637,0.49559,0.5019,0.49697,0.45467,0.51197,0.48111,0.47319,0.54141,,0.51388,0.53029,0.53348,0.4897,0.51315,0.49294,0.53028,0.526,0.48081,0.51229,,0.47103,0.47837,0.4902
2007-06-11,0.48051,0.48343,,0.53609,0.49146,0.4764,0.51224,0.45467,0.51984,0.49931,0.47814,0.54038,,0.50542,0.53029,0.53598,0.4933,0.51315,0.49151,0.53028,0.529,0.47274,0.51642,,0.47897,0.4892,0.48662
2007-06-18,0.48968,0.50661,,0.536,0.48751,0.5105,0.51881,0.46662,0.52531,0.49668,0.47915,0.52967,,0.513,0.53029,0.53692,0.48851,0.51315,0.49044,0.53028,0.548,0.47565,0.5198,,0.49096,0.4892,0.49239
2007-06-25,0.49135,0.52189,,0.53591,0.48907,0.51342,0.52428,0.47135,0.53008,0.49227,0.48222,0.54692,,0.53305,0.53029,0.54063,0.49317,0.53055,0.49416,0.53028,0.55069,0.48963,0.52702,,0.5313,0.4942,0.50023
2007-07-02,0.49301,0.5289,,0.54106,0.49055,0.47792,0.51902,0.47071,0.53114,0.49668,0.48549,0.54947,,0.53573,0.53029,0.54184,0.49383,0.53055,0.49266,0.53028,0.55048,0.49826,0.53085,,0.49128,0.4942,0.50268
2007-07-09,0.49135,0.51428,,0.55183,0.49246,0.48443,0.51476,0.47429,0.52774,0.5025,0.48385,0.54954,,0.53533,0.5369,0.54249,0.49279,0.53055,0.49188,0.5816,0.54649,0.49491,0.53164,,0.4878,0.50087,0.51978
2007-07-16,0.49551,0.52556,,0.55173,0.50257,0.51342,0.5233,0.47981,0.53381,0.50898,0.49348,0.55185,,0.53556,0.5369,0.54733,0.49986,0.53055,0.49817,0.5816,0.55069,0.49343,0.53172,,0.48873,0.50087,0.51098
2007-07-23,0.49718,0.52535,,0.55173,0.50376,0.49199,0.51903,0.48209,0.53536,0.50898,0.49175,0.55607,,0.53513,0.5369,0.54727,0.49903,0.53055,0.50332,0.5816,0.54817,0.50078,0.53532,,0.4825,0.5042,0.50916
2007-07-30,0.49551,0.50927,,0.55594,0.50773,0.48674,0.52763,0.48231,0.53217,0.50898,0.49062,0.557,,0.52084,0.54517,0.55408,0.49873,0.53055,0.50482,0.5816,0.54985,0.49087,0.53606,,0.49508,0.5042,0.50333
2007-08-06,0.49301,0.52771,,0.55664,0.50613,0.49662,0.52643,0.48189,0.53477,0.50898,0.49398,0.56523,,0.5236,0.54516,0.5622,0.51154,0.53055,0.50346,0.59345,0.54313,0.50177,0.53523,,0.49375,0.50587,0.50639
2007-08-13,0.48885,0.51715,,0.55664,0.50567,0.4966,0.506,0.48272,0.51977,0.49574,0.48648,0.56563,,0.52202,0.54516,0.55567,0.4913,0.51135,0.50144,0.59345,0.53305,0.49768,0.53862,,0.47583,0.50587,0.50607
2007-08-20,0.48968,0.51693,,0.55664,0.51018,0.48779,0.5147,0.48177,0.52794,0.50016,0.48724,0.55539,,0.50848,0.54516,0.55319,0.49281,0.51135,0.5016,0.59345,0.53473,0.48545,0.53883,,0.4922,0.50003,0.502
2007-08-27,0.48551,0.50996,,0.55664,0.50607,0.48296,0.5114,0.48036,0.52646,0.5057,0.48563,0.55628,,0.51374,0.54516,0.54736,0.4924,0.51135,0.5006,0.59345,0.533,0.48844,0.53483,,0.48143,0.50003,0.50084
2007-09-03,0.48135,0.50723,,0.55664,0.50716,0.48905,0.52386,0.48036,0.52758,0.49743,0.48542,0.55536,,0.5254,0.54516,0.55012,0.50023,0.52615,0.50131,0.57766,0.545,0.49137,0.53166,,0.48945,0.49503,0.50046
2007-09-10,0.50385,0.53511,,0.55664,0.51996,0.50586,0.54008,0.49973,0.53699,0.52665,0.49553,0.5593,,0.52144,0.54516,0.55493,0.51218,0.54265,0.50103,0.57766,0.561,0.49826,0.53127,,0.50702,0.49503,0.50669
2007-09-17,0.52135,0.55624,,0.55664,0.52085,0.52939,0.54852,0.49931,0.54694,0.53272,0.50517,0.56582,,0.52476,0.54516,0.56749,0.51614,0.54265,0.50705,0.57766,0.57254,0.50989,0.53693,,0.51182,0.508,0.51525
2007-09-24,0.53385,0.56164,,0.56552,0.52135,0.55,0.55029,0.51494,0.55339,0.5363,0.51269,0.57666,,0.55234,0.54351,0.57488,0.52039,0.55395,0.51728,0.57766,0.57254,0.52387,0.5457,,0.52628,0.508,0.51336
2007-10-01,0.53385,0.56602,,0.57564,0.53036,0.53905,0.55024,0.51494,0.55442,0.5139,0.51097,0.58268,,0.54901,0.54351,0.57963,0.51514,0.55395,0.53202,0.59345,0.57086,0.52812,0.5541,,0.52121,0.52883,0.5266
2007-10-08,0.51551,0.55323,,0.57608,0.52946,0.51489,0.5376,0.51494,0.54609,0.50549,0.50611,0.58035,,0.55199,0.54351,0.5798,0.492,0.53835,0.53134,0.59345,0.563,0.53276,0.55713,,0.51405,0.52883,0.52663
2007-10-15,0.51135,0.55241,,0.57608,0.52908,0.5233,0.55052,0.51545,0.54674,0.5139,0.50643,0.57776,,0.55147,0.54186,0.5798,0.49285,0.53835,0.52426,0.59345,0.567,0.53673,0.55559,,0.51824,0.518,0.52809
2007-10-22,0.52801,0.58472,,0.57608,0.53871,0.55061,0.56527,0.51653,0.55792,0.51718,0.52311,0.58162,,0.54487,0.54351,0.58331,0.5031,0.56705,0.53037,0.59345,0.58178,0.55059,0.55667,,0.54175,0.518,0.52523
2007-10-29,0.53468,0.57649,,0.57608,0.56467,0.55691,0.57173,0.51404,0.56889,0.52241,0.5318,0.58998,,0.55043,0.54351,0.58853,0.5389,0.56705,0.54063,0.59345,0.59523,0.57137,0.56323,,0.54743,0.52633,0.54037
2007-11-05,0.56551,0.57954,,0.60576,0.56419,0.56805,0.61253,0.55185,0.57682,0.5555,0.54921,0.60124,,0.56681,0.54351,0.60148,0.54684,0.58535,0.55109,0.60925,0.65994,0.56714,0.57105,,0.58674,0.52633,0.54936
2007-11-12,0.61051,0.63704,,0.60576,0.60019,0.65166,0.6363,0.56485,0.59226,0.57177,0.58421,0.63093,,0.58143,0.54351,0.62651,0.57881,0.63835,0.60924,0.60925,0.6591,0.59253,0.58933,,0.59991,0.55717,0.56746
2007-11-19,0.60218,0.66114,,0.64164,0.62933,0.64536,0.62338,0.56485,0.59533,0.56487,0.58654,0.64387,,0.59502,0.60797,0.63049,0.56956,0.61395,0.61194,0.60925,0.65069,0.6108,0.61066,,0.59378,0.55717,0.56548
2007-11-26,0.61801,0.66627,,0.64164,0.62911,0.6359,0.63498,0.59105,0.61287,0.63504,0.60075,0.647,,0.59953,0.60797,0.65134,0.57572,0.64355,0.62684,0.60925,0.659,0.61017,0.62228,,0.61923,0.598,0.57273
2007-12-03,0.61135,0.66952,,0.65429,0.65208,0.61237,0.622,0.61272,0.62111,0.62291,0.60029,0.65195,,0.62815,0.60797,0.6533,0.58234,0.62356,0.62523,0.61912,0.629,0.63219,0.62913,,0.57926,0.598,0.5862
2007-12-10,0.59801,0.58324,,0.6568,0.65547,0.60901,0.58306,0.61273,0.61105,0.59024,0.57866,0.61978,,0.63173,0.60797,0.65203,0.56989,0.58535,0.61317,0.61912,0.606,0.63302,0.63297,,0.54278,0.603,0.5902
2007-12-17,0.59718,0.57643,,0.63122,0.64008,0.60103,0.59901,0.61272,0.60629,0.60279,0.57419,0.63984,,0.6153,0.60797,0.6448,0.5774,0.58535,0.60702,0.61912,0.606,0.61615,0.6275,,0.56579,0.603,0.58136
2008-01-07,0.59801,0.60059,0.55016,0.62524,0.6394,0.61132,0.61773,0.60716,0.62216,0.65604,0.59644,0.64742,,0.6124,0.60797,0.65686,0.60462,0.6041,0.63215,0.61913,0.63725,0.59889,0.63114,0.59797,0.57591,0.59133,0.58465
2008-01-14,0.59968,0.57415,0.52204,0.63254,0.64558,0.58989,0.58372,0.61178,0.60951,0.6304,0.58989,0.64557,,0.63344,0.60797,0.64968,0.61356,0.6041,0.63524,0.61913,0.60864,0.60179,0.63126,0.57614,0.54816,0.59133,0.59708
2008-01-21,0.57801,0.58728,0.5159,0.62055,0.63007,0.56868,0.57248,0.61178,0.596,0.62185,0.56695,0.63499,,0.62092,0.62285,0.62742,0.6065,0.5815,0.62635,0.61913,0.60531,0.5833,0.62505,0.57296,0.54374,0.57717,0.58366
2008-01-28,0.57385,0.57673,0.50925,0.59862,0.63712,0.5567,0.5692,0.57821,0.59344,0.66824,0.55186,0.61989,,0.60898,0.62285,0.62271,0.60152,0.5815,0.60866,0.61913,0.607,0.581,0.61032,0.56832,0.54751,0.57717,0.58525
2008-02-04,0.58135,0.57728,0.5159,0.59888,0.63372,0.57981,0.57242,0.56943,0.59495,0.66824,0.55675,0.61473,,0.61323,0.62285,0.62598,0.59659,0.5815,0.60944,0.61913,0.6,0.58251,0.60373,0.58877,0.56026,0.55133,0.59311
2008-02-11,0.56718,0.58795,0.51795,0.5996,0.6277,0.55754,0.58199,0.56769,0.60515,0.67528,0.55572,0.61227,,0.5954,0.62285,0.62599,0.59129,0.5815,0.61049,0.61913,0.63305,0.56976,0.60287,0.58566,0.56814,0.55133,0.59432
2008-02-18,0.60801,0.61409,0.55476,0.5996,0.63128,0.60565,0.62263,0.5878,0.62234,0.70822,0.58624,0.62079,,0.61464,0.62285,0.64272,0.60265,0.6093,0.62387,0.61913,0.657,0.57271,0.60606,0.59857,0.60128,0.55633,0.60085
2008-02-25,0.61635,0.63877,0.5655,0.61137,0.65884,0.62372,0.63441,0.61633,0.64025,0.66754,0.60619,0.63969,,0.63123,0.60219,0.66787,0.61548,0.6397,0.63256,0.61913,0.666,0.59026,0.62855,0.61269,0.60888,0.55633,0.60253
2008-03-03,0.60551,0.63627,0.5655,0.63375,0.65039,0.63086,0.63378,0.61633,0.64348,0.66175,0.60878,0.65482,,0.64023,0.60219,0.67154,0.62198,0.6397,0.66138,0.61913,0.678,0.61215,0.64645,0.59775,0.60563,0.60633,0.61192
2008-03-10,0.61885,0.66792,0.57419,0.66615,0.64612,0.64536,0.67287,0.61633,0.66785,0.69443,0.62227,0.65874,,0.64231,0.60219,0.68123,0.63201,0.6615,0.66167,0.61913,0.69943,0.61288,0.65321,0.63832,0.65504,0.60633,0.61839
2008-03-17,0.65635,0.68789,0.611,0.67354,0.65679,0.65712,0.69201,0.65784,0.67969,0.70739,0.64221,0.67768,,0.6687,0.60219,0.70117,0.65273,0.6832,0.6856,0.61913,0.711,0.62761,0.66843,0.63136,0.66631,0.6255,0.62406
2008-03-31,0.64218,0.65483,0.59771,0.67999,0.64717,0.62918,0.65578,0.65609,0.66133,0.6295,0.62449,0.68912,,0.66705,0.62946,0.69961,0.65505,0.6597,0.68452,0.61913,0.686,0.64537,0.67335,0.63593,0.62488,0.64633,0.62451
2008-04-07,0.63358,0.66227,0.58288,0.68885,0.65334,0.61742,0.66093,0.64372,0.65977,0.63019,0.62352,0.6866,,0.68162,0.62946,0.69922,0.64417,0.6415,0.6856,0.68416,0.686,0.66275,0.66516,0.64388,0.60969,0.64633,0.62883
2008-04-14,0.65358,0.67494,0.60896,0.68611,0.65966,0.64977,0.69319,0.63541,0.67989,0.69746,0.64828,0.68943,,0.68084,0.62946,0.71551,0.65872,0.6754,0.67364,0.68416,0.71,0.66637,0.66798,0.68935,0.6498,0.62467,0.63099
2008-04-21,0.65358,0.68577,0.62327,0.69976,0.67407,0.65334,0.68965,0.66302,0.69659,0.65431,0.66111,0.72572,,0.67903,0.66334,0.73246,0.67635,0.6876,0.69229,0.68416,0.728,0.67102,0.69036,0.70183,0.65156,0.62467,0.63482
2008-04-28,0.67191,0.71445,0.63401,0.70055,0.66979,0.67246,0.72176,0.66257,0.71496,0.68106,0.67259,0.73642,,0.68925,0.66334,0.74142,0.69741,0.7006,0.70475,0.68416,0.755,0.67463,0.70153,0.69007,0.69637,0.66467,0.63713
2008-05-05,0.68691,0.72924,0.64679,0.72227,0.69505,0.6733,0.70567,0.66238,0.72188,0.6652,0.6878,0.75642,,0.6931,0.66334,0.75313,0.69692,0.738,0.69697,0.68925,0.788,0.68094,0.72077,0.68776,0.67947,0.66467,0.65097
2008-05-12,0.70358,0.72924,0.67287,0.72702,0.70397,0.70943,0.75726,0.67829,0.73912,0.71125,0.69917,0.76614,,0.71062,0.66334,0.78171,0.71826,0.7502,0.73259,0.68925,0.797,0.69913,0.73236,0.73348,0.73563,0.688,0.66809
2008-05-19,0.75275,0.78155,0.72451,0.74191,0.7342,0.76384,0.80121,0.71351,0.78346,0.74461,0.75141,0.81991,,0.74978,0.66334,0.79955,0.74994,0.7997,0.7364,0.68925,0.82548,0.75303,0.75822,0.74514,0.76145,0.688,0.69163
2008-05-26,0.76525,0.80726,0.7332,0.76583,0.76361,0.7708,0.82062,0.7356,0.81672,0.74902,0.77444,0.83981,,0.76703,0.66334,0.82159,0.77058,0.7997,0.77549,0.68925,0.86246,0.75718,0.78664,0.7669,0.78603,0.74717,0.71619
2008-06-02,0.77775,0.83015,0.7332,0.77335,0.78751,0.7792,0.8079,0.75531,0.80977,0.74764,0.78794,0.85892,,0.77913,0.66334,0.81884,0.78064,0.8067,0.77877,0.68925,0.818,0.78225,0.80349,0.77504,0.77101,0.74717,0.73679
2008-06-09,0.76858,0.81464,0.72042,0.80374,0.80043,0.77645,0.76274,0.75769,0.79983,0.71648,0.7597,0.85955,,0.76013,0.71211,0.82521,0.77023,0.7763,0.77168,0.68925,0.83889,0.78498,0.80311,0.76369,0.72657,0.77967,0.73511
2008-06-16,0.78358,0.82244,0.7419,0.81653,0.81376,0.7796,0.80691,0.75759,0.80653,0.78691,0.78658,0.85469,,0.76003,0.71211,0.84395,0.79321,0.811,0.77948,0.68925,0.84225,0.77686,0.79952,0.74806,0.77382,0.77967,0.7358
2008-06-23,0.76691,0.79555,0.7419,0.83097,0.8155,0.76657,0.78972,0.76061,0.80855,0.78691,0.78041,0.85498,,0.80184,0.71211,0.84421,0.78546,0.7919,0.79493,0.77653,0.82628,0.78878,0.80956,0.74607,0.76141,0.77633,0.74558
2008-06-30,0.80608,0.82213,0.72911,0.84201,0.822,0.79031,0.79298,0.76342,0.81385,0.78691,0.77002,0.85121,,0.81538,0.78814,0.8441,0.78208,0.7919,0.78343,0.77653,0.855,0.7916,0.81597,0.75793,0.7552,0.77633,0.74903
2008-07-07,0.80775,0.83125,0.7465,0.84856,0.8313,0.80355,0.8231,0.76755,0.82954,0.78691,0.7733,0.85085,,0.8241,0.78814,0.84706,0.79926,0.8058,0.78432,0.77653,0.855,0.80099,0.80826,0.78887,0.79434,0.77717,0.76007
2008-07-14,0.79941,0.83266,0.7465,0.8488,0.83788,0.78863,0.81199,0.77538,0.83437,0.78691,0.77615,0.85777,,0.83285,0.78814,0.85068,0.79071,0.8058,0.80665,0.77653,0.87586,0.81847,0.82572,0.79488,0.78078,0.77717,0.75976
2008-07-21,0.77775,0.83266,0.7465,0.8488,0.84583,0.76027,0.78832,0.77394,0.82534,0.78691,0.77437,0.85625,,0.83696,0.78814,0.84282,0.79016,0.8276,0.81824,0.77653,0.87586,0.82027,0.82366,0.79961,0.73959,0.7905,0.75979
2008-07-28,0.76358,0.80282,0.70099,0.83874,0.81173,0.71784,0.7497,0.74193,0.79966,0.81973,0.74311,0.84178,,0.81346,0.78814,0.81426,0.76791,0.7841,0.79403,0.77653,0.80695,0.81667,0.81621,0.77563,0.71421,0.7905,0.75863
2008-08-04,0.74191,0.77056,0.6877,0.81138,0.78236,0.712,0.72944,0.74193,0.7773,0.80429,0.71974,0.81688,,0.7822,0.81376,0.79563,0.7577,0.7363,0.76436,0.77653,0.77659,0.80193,0.79313,0.77261,0.69712,0.75133,0.7528
2008-08-11,0.71608,0.73644,0.65344,0.79246,0.76603,0.7204,0.69306,0.74193,0.73785,0.78623,0.69119,0.80156,,0.75843,0.81376,0.7669,0.73471,0.6971,0.74467,0.77653,0.77659,0.77288,0.77187,0.73877,0.6674,0.75133,0.74595
2008-08-18,0.69525,0.7129,0.63146,0.7862,0.73674,0.66636,0.69315,0.74193,0.72718,0.77727,0.67744,0.78573,,0.73713,0.81293,0.75913,0.69389,0.6971,0.72294,0.77653,0.77659,0.74096,0.74171,0.7334,0.66242,0.6955,0.73509
2008-08-25,0.70358,0.71977,0.63146,0.75223,0.72924,0.69431,0.72632,0.70712,0.71876,0.79413,0.67985,0.77668,,0.73638,0.81293,0.75887,0.69389,0.69677,0.72393,0.77653,0.73794,0.73609,0.7256,0.72453,0.66218,0.6955,0.72862
2008-09-01,0.72025,0.68997,0.65344,0.75032,0.71304,0.68065,0.71048,0.69645,0.72365,0.78035,0.68924,0.78245,,0.72634,0.81293,0.75698,0.70008,0.7197,0.70326,0.77653,0.73462,0.71501,0.72742,0.7253,0.69677,0.67633,0.71828
2008-09-08,0.68441,0.70682,0.63146,0.74895,0.71293,0.66784,0.69118,0.67488,0.71674,0.76463,0.67951,0.78372,,0.71575,0.81293,0.74077,0.68248,0.6954,0.70306,0.77653,0.73462,0.67839,0.73376,0.69622,0.67998,0.67633,0.72789
2008-09-15,0.67108,0.69035,0.62532,0.72773,0.72299,0.65292,0.69006,0.67414,0.71024,0.7667,0.66475,0.77379,,0.71611,0.81293,0.72345,0.68566,0.6954,0.69033,0.77653,0.73462,0.69645,0.72301,0.6907,0.68175,0.6755,0.72307
2008-09-22,0.64941,0.67714,0.60027,0.70875,0.72315,0.64473,0.64698,0.6504,0.6908,0.76086,0.64387,0.74574,,0.71919,0.81293,0.70473,0.67375,0.6554,0.68103,0.77653,0.69847,0.70267,0.71396,0.68905,0.63255,0.6755,0.71233
2008-09-29,0.64775,0.68234,0.60027,0.70067,0.69039,0.6483,0.67155,0.65083,0.68075,0.79395,0.65663,0.75021,,0.69764,0.75756,0.71264,0.6697,0.68804,0.68045,0.68963,0.70688,0.67689,0.6918,0.66739,0.66303,0.64467,0.70846
2008-10-06,0.62025,0.67819,0.60436,0.69993,0.67235,0.65145,0.66517,0.65175,0.6848,0.78733,0.65521,0.7488,,0.68092,0.75756,0.71003,0.65781,0.68804,0.67959,0.68963,0.68503,0.65812,0.69088,0.62643,0.64223,0.64467,0.70673
2008-10-13,0.61108,0.67983,0.57419,0.67568,0.66256,0.61111,0.60355,0.5977,0.66014,0.73853,0.61695,0.73531,,0.66266,0.75756,0.65847,0.62768,0.65496,0.66196,0.68963,0.62116,0.63073,0.69241,0.65297,0.57421,0.65217,0.68698
2008-10-20,0.56941,0.63756,0.5159,0.64815,0.63059,0.5733,0.54335,0.56466,0.61142,0.69235,0.56476,0.68989,,0.61283,0.7212,0.6209,0.60441,0.61219,0.63815,0.68963,0.58839,0.615,0.64897,0.64852,0.53554,0.65217,0.63583
2008-10-27,0.56025,0.59566,0.5159,0.63637,0.63872,0.5817,0.56276,0.54218,0.59688,0.6774,0.54621,0.65556,,0.58805,0.7212,0.60392,0.58676,0.56627,0.61885,0.68963,0.58335,0.55952,0.62512,0.64106,0.52615,0.568,0.59993
2008-11-03,0.55441,0.57639,0.50056,0.58941,0.60282,0.5588,0.53544,0.52718,0.56503,0.6774,0.53473,0.6633,,0.6107,0.7212,0.59147,0.56643,0.5667,0.5807,0.70997,0.57747,0.60315,0.60187,0.59785,0.53922,0.568,0.58525
2008-11-10,0.56191,0.57639,0.50056,0.58502,0.55636,0.55061,0.53099,0.5261,0.55913,0.65163,0.53371,0.63139,,0.58568,0.7212,0.58527,0.53618,0.5667,0.58053,0.70997,0.57747,0.58897,0.59238,0.57342,0.52453,0.52883,0.57737
2008-11-17,0.54358,0.55221,0.48573,0.5728,0.5383,0.51111,0.51374,0.52566,0.54871,0.62833,0.51725,0.62264,,0.56671,0.7212,0.57089,0.51487,0.54313,0.56807,0.70997,0.54805,0.54183,0.58722,0.56504,0.49857,0.52883,0.56891
2008-11-24,0.50691,0.54599,0.47909,0.55605,0.52889,0.48905,0.47887,0.52599,0.5237,0.53905,0.4884,0.59967,,0.55918,0.60301,0.53419,0.48796,0.52311,0.56815,0.70997,0.51108,0.51565,0.57089,0.54647,0.4645,0.51133,0.55844
2008-12-01,0.48525,0.52765,0.46375,0.5392,0.50534,0.46153,0.48136,0.48732,0.50693,0.53781,0.46165,0.57212,,0.54398,0.60301,0.52854,0.48984,0.48843,0.56217,0.70997,0.51024,0.50298,0.54611,0.54404,0.45874,0.51133,0.5386
2008-12-08,0.44691,0.51832,0.44432,0.5129,0.49215,0.44893,0.45237,0.46533,0.48214,0.51245,0.43623,0.56004,,0.51388,0.60301,0.50452,0.46538,0.46323,0.52326,0.70997,0.46822,0.47759,0.52771,0.53569,0.42554,0.45967,0.51734
2008-12-15,0.40525,0.47963,0.39677,0.51262,0.45988,0.39178,0.4212,0.4656,0.4552,0.4846,0.40554,0.53687,,0.47109,0.60301,0.47716,0.44473,0.43215,0.49645,0.70997,0.44469,0.44382,0.49708,0.49547,0.40055,0.45967,0.49165
2009-01-05,0.36525,0.42274,0.35535,0.45173,0.38975,0.38422,0.38422,0.37103,0.40963,0.47748,0.36307,0.48832,,0.42633,0.50301,0.42907,0.42428,0.38388,0.43264,0.50658,0.4414,0.38037,0.42956,0.43949,0.37478,0.37908,0.46575
2009-01-12,0.41608,0.43051,0.38143,0.4116,0.38609,0.43968,0.42911,0.39659,0.44537,0.51497,0.40964,0.49,,0.407,0.50301,0.45382,0.45896,0.43963,0.43631,0.50658,0.45569,0.38142,0.41878,0.41606,0.40268,0.37908,0.43045
2009-01-19,0.41108,0.41903,0.38143,0.41781,0.41363,0.42624,0.42814,0.39806,0.44861,0.50836,0.40454,0.49413,,0.41811,0.44103,0.46876,0.45366,0.40868,0.44655,0.50658,0.45317,0.36956,0.43771,0.43483,0.40169,0.38383,0.42457
2009-01-26,0.41691,0.39844,0.37069,0.44053,0.40317,0.40523,0.40545,0.39648,0.44162,0.45977,0.39794,0.49131,,0.42986,0.44103,0.46117,0.43976,0.40868,0.44565,0.50658,0.433,0.38376,0.45166,0.42644,0.39368,0.38383,0.42457
2009-02-02,0.40275,0.41276,0.35791,0.44053,0.39336,0.40523,0.42691,0.39621,0.44187,0.47921,0.39534,0.48787,,0.41159,0.44103,0.46249,0.43557,0.40868,0.39904,0.50658,0.44644,0.38571,0.45151,0.42058,0.41334,0.388,0.42373
2009-02-09,0.41025,0.43413,0.37069,0.448,0.39756,0.40943,0.41519,0.39578,0.44183,0.46322,0.3935,0.48629,,0.43945,0.44103,0.46527,0.42897,0.40868,0.42599,0.50658,0.44812,0.38928,0.44516,0.44896,0.39981,0.388,0.42373
2009-02-16,0.41191,0.42516,0.362,0.44791,0.37896,0.39893,0.42053,0.39513,0.43638,0.4606,0.38949,0.48298,,0.41837,0.44103,0.46131,0.41913,0.40868,0.39825,0.50658,0.39098,0.3807,0.44415,0.44149,0.38204,0.38717,0.42373
2009-02-23,0.38441,0.41587,0.33592,0.44666,0.39412,0.36657,0.3938,0.39524,0.41852,0.44798,0.36708,0.4792,,0.4263,0.43111,0.43803,0.41039,0.3895,0.42884,0.50658,0.37754,0.39264,0.43821,0.44499,0.36758,0.38717,0.42373
2009-03-02,0.38191,0.39661,0.33592,0.42982,0.3948,0.36742,0.41201,0.3947,0.41728,0.46466,0.35847,0.45987,,0.39611,0.43111,0.42772,0.40699,0.37605,0.39879,0.46421,0.3767,0.37814,0.42128,0.42333,0.37433,0.36609,0.40524
2009-03-09,0.37025,0.41091,0.33592,0.41694,0.40215,0.35649,0.39807,0.39405,0.41306,0.44384,0.35922,0.4574,,0.39183,0.43111,0.42545,0.38813,0.3788,0.41172,0.46421,0.37417,0.37276,0.4142,0.42402,0.36081,0.36609,0.40356
2009-03-16,0.36608,0.41042,0.33592,0.41613,0.41735,0.35061,0.39135,0.3908,0.40543,0.43902,0.35212,0.45399,,0.4108,0.43111,0.42602,0.37591,0.3788,0.4116,0.46421,0.36661,0.39168,0.41204,0.42499,0.36525,0.35265,0.40104
2009-03-23,0.36108,0.40909,0.34462,0.41588,0.41009,0.36594,0.41634,0.35462,0.41036,0.43326,0.35571,0.45217,,0.3987,0.43111,0.43242,0.37363,0.37879,0.39715,0.46421,0.3935,0.37346,0.41185,0.40463,0.37676,0.35265,0.4002
2009-03-30,0.38525,0.41571,0.37069,0.43155,0.39906,0.39851,0.44114,0.35462,0.42732,0.45477,0.38364,0.46171,,0.40072,0.42285,0.44494,0.37022,0.41723,0.37486,0.46421,0.3977,0.36983,0.41696,0.42528,0.39512,0.36015,0.40104
2009-04-06,0.38407,0.43967,0.37069,0.43676,0.43594,0.41678,0.44116,0.35462,0.43057,0.45408,0.38197,0.47204,,0.43768,0.42285,0.43725,0.38572,0.39623,0.39721,0.47268,0.3977,0.4046,0.4353,0.43245,0.396,0.36015,0.40104
2009-04-20,0.4049,0.42562,0.37069,0.44376,0.425,0.38632,0.44218,0.38251,0.43558,0.45545,0.38656,0.47351,,0.4251,0.38171,0.45352,0.39429,0.41212,0.38731,0.47268,0.39854,0.40017,0.44585,0.42413,0.40412,0.38598,0.4002
2009-04-27,0.40824,0.41323,0.37069,0.44873,0.43779,0.39914,0.41966,0.38251,0.43634,0.43272,0.38347,0.47708,,0.43584,0.37675,0.45632,0.39888,0.4089,0.3989,0.47268,0.3809,0.37749,0.45278,0.42533,0.39647,0.38765,0.40608
2009-05-04,0.39324,0.40166,0.37069,0.45308,0.43727,0.42708,0.42077,0.38251,0.42978,0.42969,0.37294,0.47552,,0.44198,0.37675,0.45355,0.39978,0.39843,0.39896,0.47268,0.3893,0.39139,0.45088,0.42855,0.39122,0.38765,0.40693
2009-05-11,0.40657,0.42728,0.37069,0.45278,0.43216,0.41195,0.44006,0.38711,0.43716,0.45533,0.37921,0.47272,,0.44649,0.37675,0.46957,0.40499,0.41986,0.41003,0.47268,0.41031,0.39362,0.44696,0.43181,0.41947,0.37629,0.40693
2009-05-18,0.4124,0.43554,0.38603,0.45278,0.44665,0.40817,0.43919,0.38711,0.44471,0.45533,0.39058,0.47706,,0.43608,0.42055,0.46541,0.41631,0.41986,0.39901,0.47268,0.40107,0.38751,0.45003,0.43443,0.40858,0.37629,0.41449
2009-05-25,0.3974,0.42232,0.37069,0.453,0.4481,0.39956,0.43592,0.38971,0.44286,0.45207,0.38648,0.47713,,0.44182,0.42055,0.46036,0.41805,0.40959,0.39907,0.47268,0.40107,0.40024,0.45608,0.46693,0.40613,0.39462,0.41701
2009-06-01,0.3949,0.42232,0.37274,0.45278,0.44285,0.41216,0.45207,0.39064,0.44079,0.47316,0.3869,0.47539,,0.43782,0.42055,0.46425,0.41875,0.40959,0.41056,0.47268,0.42039,0.40034,0.45656,0.46558,0.43156,0.39462,0.41617
2009-06-08,0.4274,0.44876,0.40546,0.453,0.44418,0.42792,0.4574,0.44074,0.4684,0.49853,0.41182,0.49549,,0.44341,0.42055,0.48544,0.44339,0.42969,0.4236,0.47268,0.4414,0.40663,0.46392,0.46129,0.43452,0.39629,0.42205
2009-06-15,0.45407,0.4405,0.4162,0.47467,0.47283,0.44136,0.47781,0.42286,0.47994,0.5119,0.42979,0.51372,,0.46933,0.42055,0.50163,0.45614,0.4529,0.44331,0.47268,0.45653,0.41134,0.48059,0.45553,0.45161,0.39629,0.43634
2009-06-22,0.46074,0.45703,0.42489,0.4762,0.49768,0.46405,0.48439,0.43954,0.48842,0.50202,0.43991,0.53123,,0.48813,0.42055,0.50874,0.46553,0.4529,0.45337,0.47268,0.44224,0.43409,0.49142,0.4555,0.45611,0.43379,0.4523
2009-06-29,0.4524,0.45703,0.41415,0.4762,0.50383,0.45523,0.47567,0.44388,0.48191,0.4965,0.43163,0.53665,,0.50336,0.44287,0.49502,0.45459,0.46732,0.45098,0.47268,0.44476,0.45329,0.50142,0.45624,0.45031,0.43379,0.46995
2009-07-06,0.45574,0.43802,0.41415,0.4762,0.49838,0.4401,0.45097,0.40039,0.47367,0.4965,0.42561,0.53665,,0.49962,0.44287,0.49048,0.44534,0.45406,0.45285,0.46116,0.4246,0.46305,0.49476,0.4568,0.42608,0.44167,0.47163
2009-07-13,0.4324,0.40959,0.38808,0.4956,0.48773,0.40796,0.4231,0.40039,0.45252,0.4965,0.40412,0.52876,,0.47153,0.44287,0.47255,0.43277,0.45406,0.45084,0.46116,0.41451,0.4557,0.48892,0.45512,0.3993,0.44167,0.46407
2009-07-20,0.41824,0.40959,0.362,0.47219,0.48022,0.40187,0.43915,0.40028,0.44032,0.48627,0.39568,0.51116,,0.4571,0.44287,0.46443,0.43154,0.41601,0.41518,0.46116,0.41115,0.45948,0.47142,0.45349,0.41564,0.41152,0.45314
2009-07-27,0.43157,0.44463,0.38347,0.47219,0.47813,0.43107,0.46072,0.4015,0.46147,0.50103,0.41081,0.51069,,0.46589,0.46187,0.49598,0.44633,0.44903,0.41399,0.46116,0.43972,0.46524,0.46892,0.45689,0.44203,0.41152,0.44894
2009-08-03,0.43574,0.45455,0.41415,0.48907,0.48603,0.4691,0.46824,0.4031,0.47461,0.50957,0.41625,0.52396,,0.47608,0.46187,0.497,0.4929,0.44903,0.42583,0.45268,0.43888,0.46707,0.48726,0.45738,0.45182,0.41133,0.44558
2009-08-10,0.4599,0.45124,0.42694,0.49335,0.4805,0.44893,0.49187,0.43186,0.49603,0.52887,0.43916,0.53372,,0.46895,0.46187,0.51636,0.47467,0.46427,0.43865,0.45268,0.45821,0.46314,0.49726,0.47064,0.47127,0.41133,0.44474
2009-08-17,0.46324,0.49256,0.42489,0.51916,0.49555,0.47162,0.4909,0.43277,0.49589,0.52653,0.44702,0.54119,,0.47839,0.46187,0.51336,0.47516,0.47757,0.44493,0.45268,0.45317,0.45481,0.51392,0.46897,0.45227,0.443,0.44138
2009-08-24,0.45907,0.48265,0.42489,0.51916,0.49728,0.46195,0.49845,0.4316,0.49514,0.4774,0.44334,0.543,,0.489,0.4594,0.50943,0.47083,0.47757,0.46231,0.45268,0.45653,0.47106,0.51559,0.46925,0.4684,0.443,0.4523
2009-08-31,0.4549,0.48017,0.4162,0.50649,0.49658,0.45145,0.4834,0.44342,0.48944,0.49449,0.44049,0.54385,,0.4928,0.4594,0.50771,0.46796,0.47757,0.4606,0.46963,0.44812,0.47202,0.51392,0.46905,0.4475,0.45217,0.4523
2009-09-07,0.44824,0.46033,0.41824,0.50568,0.49166,0.45985,0.46725,0.43506,0.47792,0.47836,0.43289,0.54079,,0.48777,0.4594,0.48938,0.46193,0.44916,0.45544,0.46963,0.43468,0.46395,0.50642,0.46657,0.44068,0.45217,0.45146
2009-09-14,0.44074,0.45372,0.39012,0.50309,0.48715,0.42792,0.46833,0.43426,0.46793,0.48085,0.42068,0.5311,,0.47147,0.4594,0.48782,0.43605,0.44742,0.46113,0.46963,0.42712,0.44909,0.48642,0.46324,0.43,0.43717,0.44978
2009-09-21,0.42824,0.43285,0.37274,0.502,0.48448,0.4441,0.46954,0.41493,0.46668,0.50677,0.41508,0.52672,,0.47264,0.47179,0.4865,0.42945,0.44742,0.44841,0.46963,0.43132,0.44981,0.48059,0.46422,0.44235,0.43717,0.45146
2009-09-28,0.42324,0.40823,0.38808,0.48868,0.47346,0.42834,0.45012,0.41482,0.45932,0.48791,0.41508,0.5218,,0.47744,0.47179,0.4734,0.42413,0.44742,0.44121,0.46963,0.41619,0.43913,0.47726,0.44754,0.41654,0.423,0.45062
2009-10-05,0.4149,0.4405,0.39472,0.4796,0.46273,0.46321,0.4715,0.41588,0.45745,0.48791,0.40989,0.51418,,0.46955,0.46179,0.4763,0.42245,0.4468,0.43382,0.46116,0.42628,0.43682,0.47642,0.44098,0.43298,0.423,0.45062
2009-10-12,0.41574,0.43058,0.39472,0.46218,0.45226,0.43464,0.46936,0.41652,0.46593,0.47178,0.41758,0.5131,,0.46494,0.46179,0.48246,0.42663,0.4468,0.43327,0.46116,0.43468,0.43379,0.47726,0.43872,0.43242,0.41383,0.45062
2009-10-19,0.4399,0.4281,0.40546,0.50496,0.46306,0.47162,0.49411,0.43516,0.48535,0.48791,0.43071,0.50773,,0.47017,0.46179,0.49907,0.44827,0.46163,0.43407,0.46116,0.45989,0.43873,0.48142,0.45163,0.45519,0.41383,0.45062
2009-10-26,0.46157,0.4438,0.43358,0.46945,0.4777,0.45985,0.50273,0.43516,0.4957,0.49802,0.45203,0.51411,,0.48947,0.47179,0.51581,0.45973,0.47692,0.44499,0.46116,0.46829,0.45187,0.50726,0.45223,0.47578,0.43133,0.45903
2009-11-02,0.46324,0.4438,0.44227,0.486,0.48147,0.47666,0.51139,0.45194,0.50248,0.49954,0.45429,0.51916,,0.48806,0.46179,0.52247,0.47085,0.47692,0.48002,0.46116,0.46829,0.45743,0.51309,0.47571,0.47154,0.43133,0.46827
2009-11-09,0.47074,0.45537,0.41824,0.48812,0.50396,0.46994,0.50394,0.44225,0.50139,0.49347,0.45463,0.51915,,0.49818,0.45518,0.51822,0.47057,0.47692,0.48029,0.46116,0.46661,0.47752,0.51476,0.47665,0.45872,0.458,0.46995
2009-11-16,0.4674,0.44959,0.41824,0.48812,0.50389,0.45733,0.48678,0.44944,0.4933,0.47734,0.45044,0.51847,,0.50887,0.45518,0.50752,0.46791,0.47692,0.4689,0.46116,0.46661,0.48754,0.51309,0.47648,0.44623,0.458,0.47079
2009-11-23,0.47074,0.4248,0.41824,0.49815,0.49484,0.45817,0.49748,0.45088,0.49469,0.52746,0.44877,0.51251,,0.49958,0.45518,0.51419,0.47564,0.47692,0.48002,0.46116,0.45989,0.47764,0.50892,0.47834,0.45337,0.45217,0.47079
2009-11-30,0.45907,0.44959,0.40546,0.49881,0.49287,0.43884,0.48882,0.47005,0.48859,0.51988,0.44225,0.51102,,0.48087,0.47419,0.50825,0.48013,0.46944,0.48022,0.46963,0.45821,0.46883,0.51226,0.47965,0.44436,0.45217,0.47079
2009-12-07,0.47074,0.45124,0.40086,0.49881,0.49697,0.45733,0.49425,0.46941,0.49167,0.51988,0.44359,0.50755,,0.48855,0.47419,0.50872,0.47149,0.46944,0.46943,0.46963,0.45989,0.47158,0.50809,0.48474,0.44763,0.448,0.46995
2009-12-14,0.45657,0.46364,0.42029,0.49881,0.49493,0.43548,0.47812,0.46834,0.48513,0.51119,0.44275,0.50679,,0.48371,0.42419,0.50107,0.46004,0.46944,0.44663,0.46963,0.45485,0.46302,0.51059,0.48202,0.43569,0.448,0.47499
2009-12-21,0.45324,0.44711,0.40751,0.49881,0.48316,0.45313,0.48888,0.46781,0.48357,0.51988,0.43966,0.50264,,0.48114,0.43163,0.50478,0.44772,0.45256,0.44638,0.46963,0.45485,0.45136,0.50392,0.48609,0.44418,0.4455,0.47835
2010-01-04,0.45574,0.46116,0.43154,0.49881,0.47546,0.46489,0.5175,0.44485,0.51096,0.5366,0.45822,0.52505,,0.5048,0.43163,0.52322,0.45043,0.47693,0.47988,0.46963,0.47659,0.46287,0.52059,0.47742,0.48788,0.44633,0.47499
2010-01-11,0.48907,0.50166,0.44636,0.49877,0.50518,0.50523,0.53581,0.48037,0.52948,0.54556,0.48238,0.54654,,0.52124,0.43163,0.53781,0.5059,0.51723,0.49736,0.46963,0.48583,0.47524,0.53642,0.48866,0.49542,0.44633,0.47667
2010-01-18,0.4824,0.4843,0.4571,0.51589,0.52938,0.49347,0.51426,0.50013,0.52285,0.53219,0.48105,0.56607,,0.51909,0.48535,0.5416,0.51887,0.49488,0.50375,0.46963,0.47406,0.49961,0.54476,0.49915,0.4791,0.48133,0.47667
2010-01-25,0.46157,0.45907,0.44227,0.51589,0.52055,0.4817,0.51619,0.49827,0.51785,0.55511,0.46934,0.56204,,0.5022,0.48535,0.53296,0.51593,0.49488,0.49339,0.46963,0.46482,0.48747,0.53726,0.49755,0.46211,0.48133,0.47499
2010-02-01,0.44824,0.44373,0.44227,0.51589,0.51512,0.47246,0.50219,0.49811,0.51057,0.54339,0.46232,0.56135,,0.5047,0.48535,0.5237,0.52149,0.49488,0.48961,0.47811,0.45558,0.49001,0.52809,0.50147,0.47379,0.46967,0.54965
2010-02-08,0.4599,0.44373,0.45046,0.51589,0.50685,0.46657,0.51517,0.49827,0.5169,0.55511,0.46909,0.56032,,0.49951,0.48535,0.52945,0.52086,0.49488,0.50354,0.47811,0.45726,0.48053,0.52642,0.49533,0.47365,0.46967,0.49418
2010-02-15,0.44407,0.45612,0.44176,0.51589,0.50871,0.44221,0.51735,0.49837,0.51131,0.55511,0.46416,0.55958,,0.50338,0.48535,0.52303,0.50967,0.48554,0.50375,0.47811,0.46566,0.48729,0.52892,0.49797,0.47579,0.46017,0.48242
2010-02-22,0.4549,0.49331,0.45046,0.51589,0.5112,0.45418,0.541,0.49811,0.52633,0.53873,0.47519,0.56512,,0.50568,0.48535,0.53957,0.52011,0.49972,0.51483,0.47811,0.49423,0.49072,0.53809,0.49653,0.51269,0.46017,0.47486
2010-03-01,0.47407,0.51811,0.47244,0.51671,0.52006,0.4859,0.53892,0.51771,0.53041,0.53198,0.50153,0.58337,,0.52396,0.4903,0.56106,0.51961,0.52484,0.50326,0.47811,0.49423,0.50553,0.55059,0.48456,0.51501,0.47017,0.47402
2010-03-08,0.47907,0.49331,0.47858,0.53462,0.53454,0.50271,0.54649,0.50636,0.54213,0.53873,0.50128,0.5918,,0.53141,0.4903,0.56184,0.53119,0.52484,0.51549,0.47811,0.49591,0.51153,0.55976,0.52197,0.51956,0.47017,0.4841
2010-03-15,0.51407,0.55282,0.49187,0.53518,0.54038,0.54641,0.56481,0.51222,0.55337,0.55418,0.5078,0.60251,,0.54381,0.4903,0.56827,0.53343,0.53223,0.50206,0.47811,0.50936,0.51957,0.56892,0.53189,0.51769,0.49517,0.49755
2010-03-22,0.52824,0.54042,0.49187,0.55012,0.54379,0.51699,0.57134,0.5233,0.56001,0.58487,0.51131,0.60833,,0.53989,0.50931,0.5777,0.54053,0.53223,0.52746,0.47811,0.51104,0.51999,0.57309,0.54355,0.526,0.49517,0.51351
2010-03-29,0.53574,0.55612,0.49187,0.55783,0.54015,0.55985,0.57445,0.52234,0.56744,0.58487,0.51257,0.61154,,0.53787,0.50931,0.57857,0.55013,0.53223,0.53562,0.47811,0.51608,0.52656,0.57892,0.54667,0.53079,0.51183,0.52696
2010-04-12,0.55215,0.59579,0.52868,0.57022,0.55954,0.54683,0.59801,0.52261,0.59672,0.61134,0.54376,0.62342,,0.56657,0.50931,0.59362,0.56157,0.57496,0.56367,0.52048,0.54297,0.53994,0.60726,0.55055,0.56526,0.5235,0.54881
2010-04-19,0.55465,0.59498,0.52868,0.57575,0.58053,0.56069,0.60341,0.54407,0.58888,0.60982,0.54016,0.63594,,0.5668,0.50931,0.59634,0.56438,0.57496,0.57415,0.52048,0.54381,0.54832,0.61059,0.54782,0.56806,0.5235,0.55889
2010-04-26,0.55049,0.5768,0.52868,0.59523,0.57393,0.56742,0.60024,0.54311,0.59192,0.60758,0.542,0.63672,,0.5709,0.54733,0.60233,0.57025,0.56037,0.56271,0.52048,0.54297,0.56105,0.60892,0.55314,0.58413,0.54517,0.56057
2010-05-03,0.56299,0.61316,0.53738,0.59465,0.57799,0.5859,0.61418,0.54231,0.60793,0.62082,0.55136,0.64469,,0.56102,0.54733,0.61668,0.5808,0.57834,0.56319,0.52896,0.55474,0.57121,0.61142,0.55861,0.58994,0.54517,0.55973
2010-05-10,0.56215,0.61316,0.5292,0.594,0.59026,0.56069,0.60777,0.53991,0.6104,0.61627,0.56106,0.65579,,0.57426,0.54733,0.61511,0.58748,0.59032,0.56879,0.52896,0.55474,0.5537,0.61309,0.55782,0.56875,0.5535,0.57906
2010-05-17,0.55799,0.6082,0.52306,0.594,0.58923,0.55817,0.61111,0.54007,0.60366,0.62592,0.5527,0.65678,,0.5748,0.54733,0.61952,0.57958,0.56163,0.56879,0.52896,0.55474,0.57363,0.61309,0.56099,0.56698,0.5535,0.57906
2010-05-24,0.54465,0.6036,0.52306,0.594,0.58461,0.51447,0.56368,0.54018,0.58253,0.5829,0.54484,0.65632,,0.57634,0.54733,0.5996,0.56754,0.56163,0.55478,0.52896,0.52617,0.56689,0.60892,0.55832,0.53951,0.55267,0.5799
2010-05-31,0.54382,0.5443,0.50977,0.58471,0.58479,0.55985,0.58969,0.53991,0.57861,0.59414,0.52912,0.64157,,0.56466,0.54733,0.59042,0.55982,0.53776,0.55003,0.52896,0.53457,0.56304,0.59726,0.55625,0.55336,0.55267,0.57318
2010-06-07,0.54382,0.59471,0.50977,0.57678,0.57495,0.55985,0.59629,0.52447,0.58909,0.59608,0.5359,0.63795,,0.54493,0.56716,0.60194,0.57061,0.55966,0.55057,0.52896,0.54465,0.55042,0.59976,0.54956,0.5604,0.5285,0.57234
2010-06-14,0.55132,0.5881,0.5251,0.57507,0.5971,0.56573,0.61029,0.52447,0.59778,0.63702,0.54183,0.64031,,0.56898,0.56716,0.60999,0.58456,0.55966,0.55695,0.52896,0.54969,0.55629,0.61059,0.56361,0.57165,0.5285,0.57318
2010-06-21,0.55715,0.60298,0.53584,0.58822,0.59391,0.56489,0.61759,0.5249,0.60759,0.61993,0.55086,0.64595,,0.58002,0.56303,0.62009,0.59735,0.56813,0.55873,0.52896,0.55978,0.5706,0.61392,0.575,0.57881,0.546,0.57318
2010-06-28,0.55715,0.60132,0.53584,0.60167,0.60038,0.5733,0.60221,0.52751,0.60357,0.61104,0.55747,0.65417,,0.57988,0.56303,0.61693,0.60082,0.58493,0.55834,0.52896,0.55474,0.57008,0.61976,0.56629,0.57635,0.546,0.58494
2010-07-05,0.54549,0.59554,0.51846,0.60282,0.60411,0.52456,0.57373,0.54125,0.58708,0.60623,0.5435,0.65207,,0.57712,0.56303,0.59332,0.59769,0.5656,0.57345,0.54591,0.53793,0.56467,0.61245,0.57701,0.53638,0.56017,0.58662
2010-07-12,0.53299,0.60132,0.51846,0.58888,0.60566,0.53296,0.57772,0.51696,0.56805,0.61621,0.52118,0.64465,,0.57774,0.56303,0.58707,0.59694,0.53375,0.57394,0.54591,0.52785,0.57318,0.60005,0.55641,0.55298,0.56017,0.5841
2010-07-19,0.53882,0.60132,0.50107,0.58529,0.59922,0.52792,0.57146,0.51707,0.56729,0.60623,0.52243,0.62922,,0.55728,0.56303,0.58313,0.58515,0.55019,0.57386,0.54591,0.52785,0.55918,0.59509,0.55289,0.53603,0.52933,0.58074
2010-07-26,0.53715,0.55504,0.50107,0.57753,0.60282,0.53464,0.58329,0.51664,0.56794,0.61334,0.51809,0.60565,,0.55351,0.56303,0.57834,0.57472,0.55019,0.57386,0.54591,0.5228,0.5657,0.59427,0.55506,0.54279,0.52933,0.58326
2010-08-02,0.53299,0.56909,0.50107,0.57492,0.60829,0.52792,0.57377,0.51499,0.57032,0.61334,0.50939,0.60404,,0.56497,0.56303,0.58572,0.57343,0.53833,0.5741,0.54591,0.52448,0.56754,0.59427,0.55692,0.54601,0.5235,0.58326
2010-08-09,0.54465,0.59058,0.51846,0.57492,0.59946,0.54052,0.59308,0.51099,0.5881,0.63153,0.53406,0.59066,,0.56956,0.56551,0.58883,0.57472,0.56102,0.56562,0.54591,0.53457,0.56306,0.60253,0.56235,0.55237,0.5235,0.58326
2010-08-16,0.54299,0.57405,0.51846,0.59186,0.59409,0.51531,0.58243,0.5307,0.58059,0.61621,0.52946,0.59163,,0.5767,0.56551,0.58755,0.57823,0.54889,0.56477,0.54591,0.53289,0.55672,0.60336,0.5694,0.53811,0.5335,0.58578
2010-08-23,0.54049,0.57653,0.50568,0.58385,0.59235,0.54389,0.57602,0.52964,0.56656,0.57751,0.52269,0.61276,,0.56976,0.56551,0.58613,0.56975,0.54889,0.56477,0.54591,0.52785,0.55214,0.5984,0.56355,0.54386,0.5335,0.58242
2010-08-30,0.53965,0.57901,0.50568,0.57844,0.58731,0.52624,0.58159,0.516,0.57551,0.58243,0.51641,0.6226,,0.55785,0.56468,0.58327,0.56162,0.54889,0.55761,0.54591,0.5228,0.54896,0.59427,0.56214,0.55277,0.52767,0.5757
2010-09-06,0.54215,0.57174,0.51846,0.5785,0.5867,0.53128,0.57736,0.51728,0.57774,0.59706,0.52361,0.62653,,0.56088,0.56468,0.58444,0.56542,0.54889,0.56296,0.54591,0.52785,0.55807,0.59096,0.5576,0.54498,0.52767,0.57738
2010-09-13,0.54882,0.55967,0.51846,0.5785,0.58595,0.538,0.59772,0.52708,0.58141,0.59405,0.52829,0.62965,,0.5631,0.56468,0.59571,0.57522,0.56894,0.56336,0.54591,0.54297,0.5609,0.59675,0.56477,0.565,0.52517,0.57738
2010-09-20,0.54799,0.58182,0.51846,0.59276,0.59254,0.53632,0.58799,0.52676,0.58706,0.58626,0.53723,0.63767,,0.58264,0.56468,0.60016,0.57405,0.56894,0.57246,0.54591,0.54465,0.56612,0.59923,0.57794,0.5523,0.52517,0.57486
2010-09-27,0.54299,0.56893,0.49903,0.5943,0.59507,0.51952,0.57702,0.52687,0.57867,0.59811,0.52979,0.63867,,0.59241,0.56468,0.59025,0.56787,0.54925,0.57205,0.54591,0.53289,0.56966,0.59509,0.58197,0.544,0.54009,0.57654
2010-10-04,0.53965,0.56571,0.49903,0.58315,0.59265,0.54641,0.58639,0.52825,0.5797,0.60809,0.52486,0.63468,,0.59292,0.5589,0.58673,0.56089,0.54925,0.5747,0.56285,0.53793,0.56321,0.59096,0.57749,0.55726,0.54009,0.57738
2010-10-11,0.55049,0.58719,0.51437,0.57706,0.58845,0.54893,0.58611,0.52772,0.59009,0.60809,0.543,0.63686,,0.58883,0.5589,0.59677,0.57609,0.56847,0.58186,0.56285,0.54465,0.56769,0.59509,0.57872,0.56399,0.53308,0.57654
2010-10-18,0.55215,0.58893,0.51437,0.59593,0.59708,0.54305,0.58719,0.53922,0.58426,0.60809,0.54969,0.641,,0.58384,0.5589,0.60129,0.58016,0.56847,0.5817,0.56285,0.54465,0.56774,0.59923,0.579,0.55442,0.53308,0.57654
2010-10-25,0.54715,0.57918,0.5205,0.59641,0.59425,0.57162,0.58073,0.5388,0.58379,0.59232,0.55621,0.64187,,0.58193,0.5589,0.59675,0.62192,0.56847,0.58145,0.56285,0.54465,0.57436,0.5984,0.57535,0.55973,0.54148,0.57822
2010-11-08,0.55132,0.58132,0.52664,0.59447,0.58942,0.57666,0.5961,0.54657,0.59037,0.6023,0.55387,0.64016,,0.58174,0.56386,0.60527,0.57118,0.55993,0.56843,0.56675,0.54465,0.5724,0.60005,0.57273,0.55401,0.53482,0.5883
2010-11-15,0.56465,0.58132,0.54607,0.59733,0.59044,0.56826,0.61429,0.55776,0.61575,0.6224,0.55646,0.64385,,0.5799,0.56386,0.62359,0.58142,0.57877,0.5825,0.56675,0.56566,0.56917,0.61328,0.57186,0.57519,0.53482,0.58494
2010-11-22,0.56549,0.57628,0.54607,0.61102,0.60664,0.56489,0.59374,0.56319,0.60181,0.62435,0.55922,0.65621,,0.60392,0.56386,0.61773,0.58649,0.57877,0.58824,0.56675,0.55642,0.5761,0.61989,0.57949,0.57418,0.55148,0.59503
2010-11-29,0.57382,0.60347,0.54607,0.60691,0.59937,0.57834,0.61642,0.55935,0.6123,0.64254,0.55897,0.65455,,0.58842,0.57295,0.62734,0.59828,0.56403,0.58799,0.56675,0.57995,0.56297,0.61741,0.58341,0.58012,0.55148,0.59418
2010-12-06,0.59632,0.60166,0.58186,0.6049,0.60047,0.59935,0.63911,0.57278,0.62773,0.65936,0.57737,0.66626,,0.60414,0.57295,0.64834,0.6299,0.60826,0.6053,0.59218,0.59171,0.58431,0.63394,0.59157,0.60901,0.55232,0.59755
2010-12-13,0.61215,0.61579,0.58186,0.61414,0.62798,0.61363,0.64646,0.59483,0.64258,0.6346,0.59242,0.6847,,0.62562,0.57295,0.65636,0.64252,0.60826,0.6137,0.59218,0.6539,0.60542,0.64716,0.60533,0.61543,0.55232,0.61519
2010-12-20,0.60049,0.63182,0.58186,0.63976,0.62557,0.63296,0.649,0.60825,0.6436,0.66469,0.59158,0.68798,,0.64583,0.57295,0.65408,0.65178,0.60826,0.60564,0.59218,0.6539,0.62122,0.64964,0.61152,0.62642,0.59112,0.63032
2011-01-03,0.58465,0.63752,0.60487,0.64042,0.6525,0.63212,0.65463,0.61791,0.6601,0.66797,0.60588,0.70634,,0.65528,0.57295,0.67043,0.64117,0.6366,0.63459,0.64302,0.63729,0.62032,0.6738,0.62563,0.64664,0.60529,0.59987
2011-01-10,0.60549,0.63865,0.59004,0.66199,0.65854,0.6296,0.66784,0.59708,0.66599,0.68124,0.61708,0.71217,,0.64962,0.57295,0.67556,0.65969,0.62664,0.64876,0.64302,0.64618,0.64451,0.68681,0.62597,0.64783,0.60529,0.63654
2011-01-17,0.63215,0.68667,0.63759,0.6668,0.67269,0.64725,0.68711,0.64375,0.6858,0.69642,0.6369,0.72058,,0.67193,0.59113,0.69396,0.65774,0.67229,0.66274,0.64302,0.66376,0.6442,0.70307,0.62263,0.66521,0.60862,0.6482
2011-01-24,0.61715,0.65452,0.62225,0.67885,0.68094,0.63632,0.66966,0.64125,0.67994,0.68843,0.63874,0.73375,,0.68824,0.59113,0.70154,0.65609,0.6603,0.66754,0.64302,0.65958,0.63954,0.70551,0.62393,0.65352,0.60862,0.6657
2011-01-31,0.60715,0.65625,0.61356,0.69316,0.67439,0.62708,0.66203,0.63958,0.67529,0.70224,0.63205,0.72909,,0.6868,0.6465,0.69857,0.64861,0.64492,0.65238,0.64302,0.65033,0.62454,0.699,0.62174,0.64182,0.63436,0.6682
2011-02-07,0.61799,0.66551,0.63964,0.69316,0.67463,0.65565,0.69635,0.64708,0.70028,0.71127,0.64342,0.72878,,0.6933,0.6465,0.69938,0.66979,0.66019,0.66195,0.64302,0.6621,0.63345,0.72014,0.6316,0.67359,0.63436,0.6682
2011-02-14,0.63049,0.6789,0.63964,0.69316,0.67495,0.68842,0.69292,0.65625,0.70205,0.70964,0.64977,0.73516,,0.68307,0.6465,0.70007,0.67344,0.67418,0.66373,0.64302,0.67386,0.62538,0.72827,0.63449,0.68649,0.62926,0.6682
2011-02-21,0.63715,0.66923,0.65242,0.69316,0.67135,0.67246,0.70594,0.67291,0.71266,0.71858,0.6573,0.74389,,0.69761,0.6465,0.70869,0.67933,0.6886,0.68162,0.64302,0.67806,0.62832,0.73722,0.65102,0.6769,0.62926,0.66654
2011-02-28,0.65715,0.69749,0.6698,0.70066,0.68376,0.69683,0.723,0.67291,0.72794,0.72509,0.67385,0.75269,,0.70288,0.6746,0.73707,0.69794,0.6886,0.69753,0.70235,0.69991,0.65107,0.74616,0.66749,0.71485,0.64997,0.66737
2011-03-07,0.68465,0.69576,0.69997,0.73605,0.70276,0.71531,0.75082,0.67708,0.74659,0.75118,0.69275,0.77013,,0.71624,0.6746,0.75756,0.7171,0.73139,0.70524,0.70235,0.71756,0.66825,0.76892,0.67563,0.72233,0.64997,0.68237
2011-03-14,0.68965,0.76237,0.6831,0.75624,0.70894,0.7212,0.7507,0.69208,0.74937,0.76427,0.70855,0.78791,,0.72841,0.6746,0.76251,0.72946,0.73139,0.71285,0.70235,0.72428,0.66796,0.77868,0.6996,0.72971,0.68359,0.70737
2011-03-21,0.68465,0.72138,0.6831,0.75873,0.70711,0.72624,0.74868,0.69125,0.75016,0.75866,0.69952,0.79368,,0.74477,0.6746,0.76472,0.7261,0.73139,0.7221,0.70235,0.71588,0.67913,0.78112,0.70288,0.72478,0.68359,0.71904
2011-03-28,0.69049,0.72386,0.6831,0.75873,0.70475,0.71868,0.74651,0.67541,0.7452,0.75468,0.70053,0.79286,,0.75568,0.6746,0.76747,0.72072,0.73139,0.722,0.70235,0.71336,0.68919,0.78031,0.71143,0.71894,0.69924,0.72154
2011-04-04,0.68513,0.71815,0.67185,0.75873,0.70741,0.72708,0.74658,0.67041,0.74921,0.75395,0.70078,0.79524,,0.75469,0.72006,0.76797,0.74096,0.72609,0.71602,0.72777,0.71924,0.68934,0.77949,0.70802,0.71773,0.69924,0.71987
2011-04-11,0.70013,0.72914,0.69792,0.75873,0.72359,0.73296,0.75831,0.66875,0.76296,0.76053,0.70822,0.80229,,0.75421,0.72006,0.78355,0.75019,0.74193,0.72768,0.72777,0.73353,0.70703,0.78437,0.72676,0.73798,0.6984,0.7207
2011-04-18,0.69513,0.76485,0.68054,0.7808,0.74448,0.73296,0.75285,0.66875,0.7577,0.76631,0.70997,0.81217,,0.74837,0.72006,0.78617,0.75402,0.728,0.72989,0.72777,0.73184,0.70918,0.78762,0.73032,0.74436,0.6984,0.7307
2011-05-02,0.69179,0.7431,0.73576,0.77413,0.74074,0.74809,0.74651,0.64458,0.75075,0.76728,0.69969,0.81234,,0.75864,0.73659,0.78371,0.74874,0.728,0.7218,0.75319,0.72512,0.71525,0.78274,0.7236,0.74507,0.71257,0.72904
2011-05-09,0.67763,0.70941,0.66316,0.79821,0.7392,0.68086,0.70363,0.64458,0.70656,0.76899,0.68773,0.81025,,0.74797,0.73659,0.75747,0.73141,0.68783,0.70437,0.75319,0.70243,0.70909,0.76242,0.69955,0.7229,0.70174,0.73987
2011-05-16,0.66513,0.68868,0.63299,0.77203,0.72946,0.66994,0.70262,0.63458,0.70921,0.75102,0.66499,0.79105,,0.70867,0.73659,0.74383,0.71803,0.68783,0.70437,0.75319,0.69739,0.70919,0.7486,0.69849,0.6761,0.70174,0.73654
2011-05-23,0.64929,0.70042,0.63299,0.74688,0.71973,0.7212,0.69835,0.63375,0.70472,0.7559,0.65713,0.77811,,0.69776,0.73659,0.73892,0.70293,0.68783,0.69281,0.75319,0.68395,0.69728,0.74291,0.69118,0.68319,0.66101,0.7257
2011-05-30,0.65679,0.66835,0.64628,0.74603,0.71627,0.66321,0.72411,0.60125,0.72203,0.75265,0.66206,0.77053,,0.70304,0.73906,0.73885,0.69866,0.70309,0.69261,0.75319,0.69067,0.69193,0.72909,0.69068,0.69404,0.66101,0.7257
2011-06-06,0.65429,0.69132,0.64628,0.74481,0.72686,0.69178,0.74803,0.60125,0.71477,0.75183,0.66307,0.77538,,0.7267,0.73906,0.73786,0.70434,0.70309,0.69301,0.71929,0.69319,0.69042,0.73478,0.69946,0.70372,0.66434,0.7257
2011-06-13,0.66679,0.69132,0.65242,0.74487,0.73105,0.71531,0.75737,0.60958,0.72536,0.75183,0.66524,0.77378,,0.73083,0.73906,0.73957,0.70748,0.69019,0.68771,0.71929,0.69067,0.69221,0.73722,0.69122,0.69385,0.66434,0.7182
2011-06-20,0.67263,0.73075,0.67185,0.7664,0.72594,0.70607,0.76373,0.61791,0.7322,0.75671,0.67787,0.77755,,0.71822,0.73906,0.74611,0.72094,0.71643,0.70467,0.71929,0.70327,0.67901,0.74291,0.67759,0.69034,0.67434,0.71237
2011-06-27,0.65596,0.7138,0.6289,0.76567,0.71574,0.64977,0.72526,0.63375,0.70794,0.75509,0.65721,0.77891,,0.72716,0.73906,0.72371,0.72402,0.69799,0.70437,0.71929,0.68226,0.67391,0.7364,0.68611,0.67128,0.67434,0.71291
2011-07-04,0.66013,0.67579,0.64168,0.74996,0.72058,0.64473,0.72942,0.62291,0.70718,0.74696,0.63765,0.76363,,0.71555,0.73906,0.71832,0.71576,0.68635,0.69301,0.73624,0.67638,0.68044,0.72502,0.68583,0.68259,0.66767,0.7082
2011-07-11,0.66513,0.68339,0.65497,0.74842,0.71664,0.68506,0.75847,0.61541,0.7208,0.74777,0.65496,0.76171,,0.70236,0.73906,0.73542,0.71698,0.68635,0.69879,0.73624,0.69907,0.67134,0.73152,0.68484,0.69025,0.66767,0.7057
2011-07-18,0.67513,0.72058,0.68719,0.75454,0.71898,0.67498,0.76938,0.63375,0.74197,0.7624,0.67971,0.77747,,0.69624,0.71592,0.74827,0.72667,0.71591,0.71592,0.73624,0.7142,0.66693,0.75104,0.69293,0.71012,0.65767,0.70487
2011-07-25,0.68429,0.73042,0.68719,0.76951,0.74268,0.69599,0.77508,0.65041,0.7414,0.77053,0.68957,0.77257,,0.73391,0.69692,0.74889,0.73354,0.72632,0.72748,0.73624,0.71756,0.6899,0.75998,0.7219,0.70386,0.65767,0.7082
2011-08-01,0.67263,0.78364,0.68719,0.78493,0.74638,0.70271,0.76684,0.65125,0.73968,0.76647,0.68096,0.76621,,0.74933,0.69692,0.75612,0.73551,0.72632,0.73326,0.74472,0.71168,0.70661,0.75673,0.72652,0.69846,0.69871,0.71737
2011-08-08,0.67596,0.71504,0.6698,0.78493,0.74086,0.65229,0.74543,0.64875,0.72833,0.76647,0.67971,0.75903,,0.72667,0.69692,0.75107,0.7264,0.71158,0.72727,0.74472,0.70159,0.6928,0.75185,0.72284,0.67321,0.69871,0.7182
2011-08-22,0.65346,0.69083,0.63964,0.75598,0.70986,0.65145,0.71546,0.63875,0.7043,0.74614,0.65211,0.72458,,0.70967,0.69692,0.73002,0.70585,0.6869,0.70417,0.74472,0.67134,0.66287,0.72502,0.69929,0.68389,0.68343,0.7082
2011-08-29,0.65513,0.69537,0.64373,0.74405,0.71664,0.66405,0.7324,0.63958,0.70793,0.7437,0.65136,0.72418,,0.71,0.69692,0.72916,0.70687,0.6869,0.70437,0.74472,0.67722,0.65859,0.72583,0.6917,0.67696,0.65047,0.70654
2011-09-05,0.67513,0.70314,0.65242,0.74274,0.70061,0.68086,0.74869,0.63875,0.72638,0.74452,0.66633,0.73197,,0.69693,0.71262,0.73552,0.72318,0.70733,0.67662,0.71082,0.69403,0.64973,0.73966,0.69203,0.69591,0.65047,0.70737
2011-09-12,0.68096,0.6924,0.65242,0.75921,0.7272,0.68506,0.75747,0.65458,0.73622,0.75183,0.67619,0.75003,,0.69901,0.71262,0.74847,0.71876,0.70733,0.69301,0.71082,0.70916,0.64238,0.74941,0.68638,0.71309,0.6653,0.7032
2011-09-19,0.68346,0.73835,0.66571,0.76177,0.72841,0.68506,0.7596,0.67708,0.7353,0.76078,0.68263,0.77355,,0.69295,0.71262,0.75326,0.71583,0.70612,0.69281,0.71082,0.71,0.6487,0.75266,0.70892,0.69925,0.6653,0.70312
2011-09-26,0.68096,0.70909,0.66571,0.75927,0.72476,0.67162,0.74932,0.67708,0.73506,0.7559,0.68372,0.77758,,0.71464,0.71262,0.75573,0.72862,0.70612,0.68674,0.71082,0.70663,0.65455,0.75429,0.70747,0.69759,0.68524,0.73645
2011-10-03,0.67429,0.7329,0.66571,0.75925,0.71871,0.69347,0.74077,0.67625,0.72357,0.74452,0.67711,0.77779,,0.71353,0.71262,0.75301,0.71944,0.70612,0.68828,0.72777,0.69823,0.6579,0.75266,0.70599,0.70432,0.68524,0.73645
2011-10-10,0.67846,0.70141,0.65242,0.74947,0.71862,0.70523,0.74496,0.67041,0.72928,0.7437,0.67444,0.77376,,0.71541,0.71262,0.75062,0.71925,0.70231,0.71839,0.72777,0.70159,0.66113,0.75185,0.704,0.6982,0.68071,0.71562
2011-10-17,0.68513,0.75455,0.68974,0.74248,0.72335,0.71363,0.75658,0.66875,0.73837,0.75509,0.68305,0.77604,,0.72773,0.71262,0.75194,0.7369,0.70231,0.73784,0.72777,0.7142,0.67232,0.75429,0.70079,0.7175,0.68071,0.71478
2011-10-24,0.69013,0.75975,0.68514,0.74184,0.71698,0.7254,0.76519,0.68125,0.74866,0.75346,0.69902,0.78067,,0.72741,0.71262,0.76006,0.73771,0.72769,0.75665,0.72777,0.72932,0.68384,0.76892,0.72429,0.73914,0.68571,0.71562
2011-10-31,0.69763,0.75975,0.67645,0.75839,0.73408,0.7254,0.77304,0.70041,0.7525,0.76322,0.70078,0.78719,,0.73011,0.71262,0.75867,0.72987,0.72769,0.76734,0.73624,0.73184,0.70664,0.77461,0.72249,0.74714,0.68571,0.72728
2011-11-07,0.69929,0.73323,0.67645,0.77025,0.72728,0.72876,0.77501,0.69708,0.75189,0.76322,0.70454,0.78641,,0.72554,0.71262,0.75969,0.74566,0.72769,0.76919,0.73624,0.73353,0.70921,0.77543,0.71958,0.74093,0.70201,0.72895
2011-11-14,0.71929,0.73563,0.71122,0.77618,0.71039,0.72372,0.79014,0.70791,0.76936,0.77541,0.71424,0.7925,,0.7202,0.71262,0.77194,0.7497,0.74175,0.77095,0.73624,0.75033,0.71081,0.78681,0.71988,0.74726,0.70201,0.73978
2011-11-21,0.73013,0.78942,0.7194,0.77607,0.72987,0.73632,0.78696,0.74041,0.77492,0.78435,0.72929,0.80779,,0.76067,0.71262,0.77926,0.76628,0.75678,0.77859,0.73624,0.74781,0.71905,0.79413,0.71785,0.75941,0.71022,0.73978
2011-11-28,0.71179,0.71686,0.69997,0.7777,0.7276,0.71447,0.76598,0.74208,0.75539,0.78598,0.7134,0.80903,,0.76342,0.71262,0.78278,0.78029,0.73349,0.77324,0.73624,0.73689,0.708,0.78437,0.71732,0.72691,0.71022,0.74978
2011-12-05,0.71263,0.75371,0.6831,0.79488,0.74644,0.72372,0.75545,0.74208,0.75313,0.77948,0.71591,0.8057,,0.77801,0.7265,0.77999,0.76098,0.73349,0.77118,0.75319,0.73689,0.72176,0.77624,0.71927,0.73966,0.71552,0.76395
2011-12-12,0.70846,0.73107,0.6831,0.79488,0.73142,0.70019,0.75537,0.74041,0.75331,0.78273,0.7119,0.80568,,0.75641,0.7132,0.7773,0.75887,0.72479,0.75346,0.75319,0.72932,0.71081,0.77624,0.72011,0.7303,0.71552,0.75062
2011-12-19,0.70179,0.7519,0.6831,0.79488,0.73785,0.70523,0.74612,0.74291,0.74348,0.7811,0.70696,0.80498,,0.75315,0.7132,0.77373,0.75873,0.72479,0.74705,0.75319,0.72596,0.72305,0.77218,0.72707,0.73094,0.71005,0.76228
2012-01-09,0.71179,0.75595,0.71531,0.79488,0.74002,0.78086,0.80733,0.74125,0.78235,0.79167,0.73205,0.80538,,0.72836,0.69376,0.78202,0.78091,0.73944,0.75664,0.75319,0.75658,0.69571,0.81085,0.71293,0.77493,0.69996,0.75645
2012-01-16,0.73263,0.81066,0.71531,0.80491,0.75142,0.7691,0.81386,0.75458,0.80296,0.81281,0.75354,0.82452,,0.76675,0.72018,0.79648,0.7922,0.78122,0.77099,0.75319,0.77254,0.73644,0.82141,0.75297,0.78943,0.72329,0.76062
2012-01-23,0.72763,0.78702,0.71531,0.80333,0.78142,0.75649,0.78257,0.77791,0.78117,0.81281,0.74629,0.83293,,0.8023,0.72018,0.80101,0.7932,0.75939,0.7769,0.75319,0.76666,0.75781,0.81328,0.75215,0.77069,0.72329,0.77145
2012-01-30,0.72013,0.74967,0.71122,0.80558,0.7809,0.74221,0.77306,0.77875,0.77015,0.80793,0.72823,0.82996,,0.80499,0.72018,0.79951,0.79359,0.74267,0.77048,0.75319,0.75238,0.75601,0.80353,0.75289,0.75127,0.73912,0.78478
2012-02-06,0.72013,0.75545,0.71122,0.80561,0.78673,0.74052,0.77951,0.75958,0.77327,0.81444,0.72772,0.82831,,0.79736,0.71189,0.79733,0.79363,0.74267,0.77377,0.76167,0.75238,0.76948,0.79296,0.7522,0.75956,0.73912,0.78395
2012-02-13,0.73263,0.78024,0.71122,0.80588,0.78279,0.78254,0.79794,0.75541,0.79404,0.82094,0.74612,0.82871,,0.78829,0.71189,0.80444,0.79627,0.77515,0.77783,0.76167,0.7633,0.76422,0.81085,0.75393,0.77255,0.72079,0.78312
2012-02-20,0.74846,0.81504,0.72605,0.81207,0.7878,0.81447,0.82366,0.77375,0.80952,0.82582,0.74971,0.83506,,0.80243,0.71189,0.81349,0.80188,0.77515,0.78437,0.76167,0.77675,0.76851,0.81898,0.75277,0.79514,0.72079,0.79312
2012-02-27,0.74763,0.82041,0.72605,0.81419,0.79115,0.80691,0.83419,0.78125,0.81335,0.82663,0.76518,0.84389,,0.79534,0.71189,0.82246,0.80582,0.77515,0.7979,0.76167,0.77927,0.76892,0.82467,0.76649,0.79313,0.74829,0.81145
2012-03-05,0.75013,0.80925,0.71326,0.8154,0.79964,0.81868,0.80427,0.78041,0.8023,0.82257,0.7573,0.84813,,0.79599,0.71189,0.82513,0.80668,0.7821,0.7987,0.77014,0.77927,0.77871,0.82548,0.76899,0.77459,0.74829,0.81312
2012-03-12,0.76179,0.7714,0.73934,0.8321,0.8085,0.81868,0.82464,0.77625,0.82439,0.82907,0.76267,0.84871,,0.77965,0.75913,0.83055,0.80789,0.7821,0.79912,0.77014,0.78347,0.78172,0.82873,0.77083,0.80594,0.75496,0.81395
2012-03-19,0.76513,0.81347,0.75877,0.84751,0.81662,0.81784,0.82347,0.79291,0.83154,0.83964,0.7799,0.85975,,0.80862,0.75913,0.83701,0.80921,0.79459,0.81066,0.77014,0.79439,0.77881,0.84255,0.7661,0.80725,0.75496,0.81395
2012-03-26,0.76846,0.78148,0.75877,0.84931,0.81537,0.82372,0.81164,0.79625,0.82237,0.83476,0.77789,0.86967,,0.81109,0.75913,0.84128,0.81039,0.79459,0.81066,0.77014,0.79355,0.77923,0.84174,0.76788,0.80267,0.77329,0.82478
2012-04-02,0.76763,0.7776,0.75008,0.8491,0.80733,0.80187,0.81538,0.80041,0.82228,0.82338,0.76694,0.86904,,0.79881,0.77604,0.84332,0.81489,0.79459,0.81293,0.79557,0.78935,0.77805,0.83605,0.76461,0.81384,0.77329,0.82645
2012-04-16,0.76429,0.80148,0.73678,0.84609,0.79904,0.8254,0.80697,0.76958,0.80788,0.82013,0.76134,0.86756,,0.7877,0.77604,0.84077,0.81652,0.7803,0.80365,0.79557,0.78767,0.76941,0.83036,0.76623,0.78877,0.76746,0.82728
2012-04-23,0.75643,0.77413,0.724,0.83449,0.79121,0.80691,0.80689,0.75041,0.80536,0.812,0.75573,0.86109,,0.78825,0.77604,0.83723,0.81668,0.7803,0.79169,0.79557,0.77927,0.76422,0.82304,0.74108,0.78156,0.75579,0.81895
2012-04-30,0.74477,0.77413,0.724,0.83184,0.79342,0.75397,0.80483,0.73875,0.80464,0.79899,0.75314,0.85302,,0.82247,0.79914,0.83435,0.81649,0.7803,0.77951,0.79557,0.77675,0.77016,0.82223,0.75156,0.78556,0.75579,0.81812
2012-05-07,0.7456,0.77198,0.724,0.83121,0.78595,0.78926,0.79109,0.73625,0.80349,0.78761,0.75216,0.84727,,0.81066,0.79914,0.83033,0.81614,0.77609,0.7794,0.80404,0.77591,0.76404,0.82141,0.76614,0.77729,0.74996,0.81062
2012-05-14,0.7306,0.79967,0.69792,0.81779,0.77056,0.74557,0.77207,0.72541,0.78349,0.77785,0.73299,0.84039,,0.77978,0.79914,0.80731,0.81174,0.7485,0.76989,0.80404,0.76162,0.74211,0.81247,0.76017,0.7605,0.74996,0.80145
2012-05-21,0.7231,0.76008,0.69792,0.80162,0.76865,0.75985,0.76359,0.72291,0.77921,0.77948,0.7248,0.83141,,0.75678,0.79914,0.79911,0.80091,0.7485,0.76956,0.80404,0.76078,0.73538,0.80434,0.75932,0.7595,0.73579,0.79395
2012-05-28,0.7106,0.76008,0.69792,0.79999,0.76175,0.7733,0.76807,0.71375,0.76662,0.75996,0.71226,0.82511,,0.75682,0.79914,0.79457,0.79525,0.73847,0.74585,0.80404,0.75238,0.73264,0.79784,0.75525,0.75193,0.73579,0.78478
2012-06-04,0.71227,0.72859,0.68514,0.80069,0.74544,0.73968,0.74868,0.71125,0.75596,0.77216,0.71251,0.82111,,0.75089,0.79469,0.79376,0.78431,0.73768,0.74809,0.80404,0.74733,0.72161,0.79215,0.7544,0.76016,0.71786,0.77812
2012-06-11,0.70227,0.72405,0.68514,0.8002,0.74477,0.71447,0.73121,0.69041,0.73912,0.76484,0.68843,0.81257,,0.76919,0.79469,0.76245,0.76576,0.71111,0.7234,0.80404,0.73305,0.73806,0.78402,0.74388,0.74986,0.71786,0.76978
2012-06-18,0.68393,0.76082,0.68514,0.78398,0.73219,0.71952,0.7291,0.67208,0.73254,0.75915,0.67931,0.79322,,0.76246,0.79469,0.74966,0.76072,0.71111,0.71312,0.80404,0.72044,0.73678,0.76776,0.73322,0.74275,0.69631,0.76895
2012-06-25,0.66227,0.7176,0.68514,0.78388,0.7174,0.68338,0.70532,0.67041,0.7191,0.75183,0.67129,0.78364,,0.76003,0.79469,0.72792,0.75033,0.71111,0.6946,0.80404,0.71204,0.73575,0.758,0.72865,0.73576,0.69631,0.76895
2012-07-02,0.6731,0.70041,0.65702,0.74909,0.72578,0.70355,0.72031,0.66541,0.72152,0.74777,0.66142,0.77224,,0.73686,0.77012,0.72029,0.74804,0.69901,0.68173,0.78709,0.71204,0.71888,0.7515,0.7186,0.74186,0.67214,0.75562
2012-07-09,0.68393,0.7652,0.69383,0.74515,0.71102,0.75565,0.76935,0.66208,0.75534,0.75427,0.685,0.77658,,0.72819,0.77012,0.73778,0.75697,0.72175,0.70478,0.78709,0.72885,0.71398,0.77101,0.70946,0.78014,0.67214,0.74312
2012-07-16,0.70477,0.77338,0.70662,0.7564,0.72771,0.75313,0.76818,0.69541,0.76641,0.76972,0.70674,0.79331,,0.75043,0.77012,0.7494,0.759,0.74217,0.72268,0.78709,0.74313,0.7238,0.77914,0.71387,0.78979,0.68381,0.74312
2012-07-23,0.7331,0.77611,0.75877,0.77921,0.73032,0.7775,0.80582,0.73208,0.80061,0.77948,0.73107,0.81231,,0.77244,0.77012,0.77767,0.7805,0.76504,0.76887,0.78709,0.77086,0.72872,0.80109,0.71897,0.83386,0.68381,0.74312
2012-07-30,0.7256,0.79991,0.72809,0.82028,0.756,0.77162,0.78551,0.73125,0.797,0.78435,0.72789,0.83179,,0.81918,0.77012,0.78169,0.78589,0.76504,0.77566,0.78709,0.77086,0.74815,0.80515,0.7285,0.8153,0.73548,0.75645
2012-08-06,0.7281,0.79471,0.74138,0.82048,0.75622,0.78506,0.78727,0.73125,0.78661,0.78192,0.73609,0.83524,,0.83039,0.77012,0.78289,0.792,0.76504,0.77471,0.76167,0.77086,0.7636,0.80597,0.74043,0.81615,0.73548,0.75645
2012-08-13,0.75143,0.81776,0.75417,0.82915,0.75949,0.82876,0.82694,0.74875,0.81482,0.79492,0.75164,0.84052,,0.8092,0.77012,0.79687,0.80789,0.78462,0.7925,0.76167,0.78347,0.76009,0.82548,0.76178,0.84639,0.73964,0.76728
2012-08-20,0.76727,0.81826,0.78433,0.84333,0.78632,0.84809,0.84385,0.75875,0.83599,0.81444,0.77204,0.85565,,0.8232,0.77012,0.82086,0.82079,0.80714,0.81043,0.76167,0.79859,0.7804,0.84418,0.78006,0.86554,0.73964,0.78395
2012-08-27,0.77727,0.81644,0.78433,0.84411,0.80727,0.84136,0.84033,0.77791,0.8383,0.82338,0.78057,0.87094,,0.83962,0.77012,0.83652,0.83467,0.8177,0.81031,0.76167,0.8028,0.78743,0.85068,0.79419,0.86493,0.77464,0.80395
2012-09-03,0.76643,0.8295,0.78433,0.84688,0.80699,0.83296,0.83356,0.77791,0.82672,0.82094,0.75881,0.87436,,0.81644,0.77012,0.8371,0.83447,0.8177,0.81031,0.77014,0.80364,0.75526,0.84906,0.78993,0.84681,0.77464,0.80562
2012-09-10,0.78477,0.81562,0.78433,0.85951,0.81808,0.84809,0.83668,0.77791,0.82355,0.82826,0.76408,0.87426,,0.8224,0.77012,0.85186,0.83565,0.8177,0.81031,0.77014,0.807,0.78133,0.8515,0.80117,0.85793,0.78714,0.82228
2012-09-17,0.7781,0.80776,0.78433,0.85951,0.81929,0.81195,0.83204,0.77291,0.81605,0.82663,0.76073,0.87201,,0.84118,0.77012,0.84801,0.83616,0.80394,0.81031,0.77014,0.8028,0.7845,0.8515,0.80299,0.83564,0.78714,0.83728
2012-09-24,0.76143,0.79322,0.76286,0.86225,0.805,0.79178,0.80402,0.76541,0.79944,0.8185,0.7354,0.86358,,0.82609,0.77012,0.82674,0.83055,0.78039,0.79845,0.77014,0.80027,0.77288,0.83036,0.79067,0.82032,0.78286,0.83812
2012-10-01,0.75977,0.80586,0.74343,0.83594,0.79001,0.78758,0.82665,0.76375,0.80196,0.81769,0.73665,0.84972,,0.80458,0.74433,0.82613,0.8227,0.77539,0.78788,0.77862,0.78892,0.78026,0.83036,0.78997,0.83639,0.78286,0.82812
2012-10-08,0.7631,0.81644,0.7958,0.83443,0.79729,0.82792,0.82112,0.76291,0.80468,0.80387,0.75104,0.8488,,0.80819,0.74433,0.82448,0.81171,0.7957,0.78668,0.77862,0.7914,0.78376,0.83605,0.78133,0.8235,0.74991,0.82645
2012-10-15,0.7731,0.83504,0.79446,0.83312,0.79419,0.78506,0.84447,0.78291,0.8129,0.82013,0.76374,0.933,,0.82857,0.74433,0.82886,0.80729,0.81835,0.79856,0.77862,0.80297,0.78164,0.84418,0.78514,0.84614,0.74991,0.82728
2012-10-22,0.75893,0.78735,0.80761,0.83312,0.80033,0.81363,0.81233,0.77208,0.79258,0.8185,0.75764,0.89216,,0.83546,0.74433,0.82658,0.79858,0.78893,0.79714,0.77862,0.79966,0.77692,0.83605,0.78462,0.82943,0.76324,0.82145
2012-10-29,0.7481,0.78223,0.78752,0.83312,0.79333,0.80439,0.79722,0.76125,0.77775,0.81281,0.74234,0.86007,,0.79901,0.74433,0.81383,0.79447,0.77483,0.7868,0.77862,0.7914,0.75971,0.81979,0.78448,0.81731,0.76324,0.81145
2012-11-05,0.74477,0.80355,0.78143,0.82327,0.78231,0.79767,0.78872,0.75875,0.7606,0.7998,0.73799,0.84063,,0.79412,0.74433,0.80058,0.7929,0.77483,0.78075,0.78709,0.78892,0.76328,0.81166,0.77603,0.80836,0.74574,0.81062
2012-11-12,0.74393,0.80355,0.7723,0.81295,0.7672,0.79599,0.79529,0.76625,0.74728,0.79818,0.73247,0.82527,,0.78644,0.79834,0.79159,0.78284,0.77483,0.77471,0.78709,0.78396,0.74983,0.81085,0.76273,0.80723,0.74574,0.80228
2012-11-19,0.7381,0.79231,0.75721,0.80815,0.75675,0.79515,0.78985,0.77625,0.74298,0.79818,0.73063,0.82195,,0.78543,0.79834,0.79377,0.78398,0.77483,0.77493,0.78709,0.78066,0.75138,0.81003,0.76155,0.80154,0.72407,0.80145
2012-11-26,0.7406,0.77206,0.76622,0.80725,0.75815,0.79347,0.79204,0.77708,0.74711,0.80061,0.73732,0.82179,,0.79095,0.79834,0.79769,0.78972,0.77483,0.78657,0.78709,0.78148,0.75669,0.81166,0.76354,0.82632,0.72407,0.79478
2012-12-03,0.7381,0.74181,0.77292,0.80731,0.75843,0.79178,0.78858,0.77291,0.7506,0.79899,0.73206,0.82278,,0.7922,0.78409,0.7941,0.79157,0.75881,0.78657,0.78404,0.77818,0.75234,0.80922,0.7684,0.80025,0.73157,0.79395
2012-12-10,0.7231,0.77495,0.76135,0.80731,0.75411,0.74977,0.75974,0.75541,0.74326,0.79736,0.71829,0.82278,,0.77398,0.78409,0.78685,0.78398,0.73776,0.78657,0.78404,0.76495,0.7458,0.79296,0.76602,0.77451,0.73157,0.78978
2012-12-17,0.71643,0.73115,0.751,0.80731,0.74568,0.71531,0.75845,0.73458,0.73954,0.78679,0.70502,0.81183,,0.75166,0.78409,0.78539,0.77665,0.72399,0.77471,0.78709,0.75751,0.7465,0.77914,0.76701,0.76386,0.71794,0.78645
2013-01-07,0.7056,0.74727,0.75295,0.79837,0.72721,0.75901,0.76679,0.73958,0.75691,0.78842,0.71005,0.80437,,0.75906,0.76408,0.7868,0.77583,0.7409,0.75796,0.78709,0.74721,0.72519,0.78694,0.7478,0.76973,0.70327,0.78562
2013-01-14,0.71643,0.74909,0.7549,0.79737,0.7234,0.76069,0.78043,0.74791,0.76864,0.78435,0.71485,0.8074,,0.74442,0.76408,0.7878,0.77934,0.7553,0.76974,0.78709,0.7563,0.72203,0.79426,0.75427,0.78835,0.70666,0.78645
2013-01-21,0.7081,0.76223,0.75916,0.79737,0.73029,0.74893,0.76642,0.74541,0.7602,0.79818,0.71635,0.81,,0.76966,0.76408,0.77362,0.78081,0.74409,0.78096,0.78709,0.7563,0.71091,0.79019,0.74697,0.76307,0.70666,0.78562
2013-01-28,0.71227,0.75917,0.75782,0.79725,0.72931,0.75649,0.77528,0.74708,0.7669,0.79574,0.72155,0.80988,,0.75393,0.76408,0.78012,0.78268,0.74409,0.77973,0.78709,0.75878,0.70603,0.78938,0.7449,0.77542,0.71666,0.77812
2013-02-04,0.7131,0.75743,0.76062,0.7973,0.73232,0.75901,0.7732,0.74458,0.7696,0.79574,0.72348,0.81152,,0.77366,0.76408,0.78294,0.78882,0.74409,0.77765,0.78709,0.76208,0.71342,0.79101,0.75498,0.78415,0.71666,0.77728
2013-02-11,0.7256,0.73884,0.76342,0.79744,0.74631,0.77666,0.78374,0.75375,0.77848,0.80712,0.7315,0.81375,,0.77589,0.76408,0.78496,0.79955,0.75762,0.78091,0.78709,0.76539,0.72134,0.80239,0.75593,0.78478,0.71999,0.77728
2013-02-18,0.73477,0.75165,0.78387,0.80243,0.7484,0.77498,0.79575,0.75875,0.7959,0.80793,0.74379,0.82329,,0.79076,0.76408,0.7917,0.78746,0.77938,0.78888,0.78709,0.77696,0.73202,0.81214,0.76716,0.80023,0.71999,0.77728
2013-02-25,0.73977,0.75826,0.80237,0.80353,0.75321,0.7296,0.7902,0.76458,0.79957,0.82257,0.74505,0.82821,,0.7865,0.76408,0.79662,0.77324,0.76623,0.78843,0.78709,0.77861,0.74591,0.81702,0.76988,0.78473,0.73652,0.78728
2013-03-04,0.71143,0.78967,0.8025,0.81208,0.74981,0.71279,0.77151,0.75708,0.78565,0.82907,0.73769,0.82845,,0.77341,0.76408,0.79253,0.77363,0.76622,0.77873,0.78709,0.76704,0.75665,0.80727,0.76847,0.79352,0.73652,0.78978
2013-03-11,0.69977,0.78149,0.79763,0.81208,0.75026,0.69935,0.77137,0.73958,0.76855,0.82663,0.72682,0.81969,,0.75193,0.73794,0.78635,0.77664,0.74493,0.75765,0.78709,0.76126,0.74857,0.79426,0.75186,0.78427,0.72902,0.77978
2013-03-18,0.69727,0.7281,0.79044,0.8061,0.74246,0.73044,0.76301,0.73708,0.76313,0.81931,0.72047,0.81324,,0.74284,0.7588,0.7768,0.78031,0.74493,0.76222,0.78709,0.74886,0.74148,0.78857,0.74076,0.77364,0.72902,0.77978
2013-03-25,0.68893,0.72818,0.78971,0.80461,0.73463,0.74473,0.75769,0.73625,0.75665,0.80956,0.71461,0.80935,,0.74953,0.7588,0.77024,0.77884,0.74493,0.74858,0.78709,0.73894,0.73572,0.78125,0.73515,0.75506,0.71152,0.77478
2013-04-01,,,0.78898,0.80443,,0.75985,0.7726,,,0.81037,0.71344,,,0.7539,0.7588,,0.76961,0.72979,0.74901,0.78709,0.7385,0.7351,0.77881,0.7333,0.78152,0.71152,0.77228
2013-04-08,0.71758,0.76082,0.78692,0.80443,0.73546,0.73968,0.75446,0.74125,0.76641,0.81444,0.7203,0.80596,,0.77603,0.7588,0.76053,0.78861,0.74741,0.74593,0.78404,0.7418,0.74102,0.77962,0.73363,0.77159,0.70044,0.77228
2013-04-15,0.68341,0.72421,0.78095,0.79153,0.72808,0.72204,0.72961,0.70875,0.73982,0.7998,0.69714,0.79758,,0.76313,0.76052,0.74522,0.78324,0.72299,0.73339,0.78404,0.72858,0.73913,0.75767,0.73124,0.74665,0.70044,0.76312
2013-04-22,0.66258,0.68669,0.77389,0.77934,0.71618,0.70943,0.70075,0.69791,0.71423,0.78842,0.66503,0.77534,,0.71315,0.76052,0.72277,0.77663,0.67943,0.70458,0.78404,0.70213,0.72898,0.73084,0.69968,0.71058,0.68629,0.75145
2013-04-29,0.66508,0.75495,0.77437,0.75972,0.71161,0.68758,0.7167,0.66791,0.71226,0.77053,0.66211,0.76211,,0.70824,0.76052,0.7116,0.76825,0.69702,0.70479,0.78404,0.70296,0.71126,0.73328,0.71707,0.73562,0.68629,0.73562
2013-05-06,0.66341,0.67529,0.77791,0.75982,0.70748,0.68254,0.70631,0.66875,0.70884,0.76322,0.66119,0.76059,,0.72651,0.76052,0.71192,0.74905,0.68057,0.70174,0.78404,0.6947,0.6871,0.73003,0.71857,0.70722,0.65296,0.73145
2013-05-13,0.67675,0.70066,0.78107,0.75972,0.69842,0.71363,0.72235,0.66541,0.7246,0.75753,0.66453,0.75869,,0.72571,0.76052,0.7092,0.73805,0.70083,0.69318,0.78404,0.69552,0.68002,0.73654,0.70181,0.74325,0.65296,0.73062
2013-05-20,0.68091,0.70066,0.78107,0.75977,0.69424,0.75565,0.7836,0.67041,0.72888,0.75021,0.66988,0.76103,,0.73551,0.72685,0.71734,0.73103,0.70083,0.69328,0.78404,0.70544,0.6743,0.74223,0.70489,0.75213,0.66046,0.73062
2013-05-27,0.68258,0.70066,0.78204,0.7592,0.70728,0.7296,0.76532,0.68791,0.74466,0.75671,0.67891,0.76103,,0.74214,0.72685,0.7281,0.72592,0.71566,0.69966,0.78404,0.70792,0.67777,0.74548,0.70538,0.74098,0.66046,0.73062
2013-06-03,0.71308,0.70314,0.78076,0.76347,0.71947,0.71868,0.7695,0.68708,0.73988,0.75102,0.67657,0.77154,,0.72133,0.72685,0.73073,0.723,0.69582,0.69946,0.76709,0.70957,0.66412,0.74223,0.69519,0.7384,0.67751,0.73062
2013-06-10,0.70808,0.70008,0.78076,0.76271,0.72513,0.71195,0.76502,0.68125,0.72874,0.74285,0.66838,0.77087,,0.71725,0.72685,0.727,0.72024,0.69582,0.69916,0.76709,0.70131,0.67804,0.73816,0.68464,0.72636,0.67751,0.73145
2013-06-17,0.70308,0.71677,0.78076,0.76214,0.72375,0.69851,0.76797,0.65708,0.72648,0.73881,0.6642,0.7685,,0.73904,0.72685,0.72311,0.70961,0.71024,0.69631,0.76709,0.70296,0.68584,0.7341,0.70655,0.73498,0.67251,0.73145
2013-06-24,0.70475,0.7395,0.78076,0.76283,0.72182,0.71447,0.77544,0.65708,0.73246,0.73801,0.67139,0.76748,,0.71673,0.70575,0.7259,0.71832,0.71024,0.69936,0.76709,0.70544,0.66953,0.73816,0.70372,0.71664,0.67251,0.72478
2013-07-01,0.70808,0.72752,0.77499,0.76272,0.71862,0.71699,0.78294,0.67208,0.73145,0.74365,0.66645,0.76675,0.69215,0.73207,0.70575,0.72622,0.712,0.69337,0.69564,0.76709,0.70627,0.68071,0.73654,0.70976,0.74631,0.67135,0.72395
2013-07-08,0.71475,0.72388,0.77225,0.76272,0.72154,0.73044,0.79685,0.68291,0.73643,0.73639,0.6754,0.76815,0.68532,0.73674,0.70575,0.73129,0.70961,0.70703,0.71075,0.76709,0.71784,0.6903,0.73897,0.70984,0.75199,0.67135,0.72478
2013-07-15,0.73058,0.74322,0.78244,0.76272,0.73638,0.74136,0.80026,0.69458,0.75737,0.75172,0.68593,0.78164,0.69057,0.76515,0.70575,0.74848,0.72344,0.70703,0.71672,0.76709,0.7261,0.71437,0.75442,0.73987,0.7612,0.67955,0.72562
2013-07-22,0.72725,0.77355,0.79416,0.77911,0.7438,0.74809,0.80666,0.69958,0.76463,0.75091,0.69262,0.7906,0.69259,0.76057,0.70575,0.75553,0.75004,0.72818,0.74712,0.76709,0.73271,0.7317,0.76093,0.73865,0.7864,0.67955,0.73895
2013-07-29,0.71891,0.73727,0.80207,0.77999,0.74641,0.72876,0.7897,0.69875,0.76737,0.75897,0.67632,0.79318,0.71627,0.75088,0.69988,0.7551,0.77016,0.72818,0.73163,0.76709,0.73189,0.72557,0.75523,0.73603,0.75162,0.70606,0.75562
2013-08-05,0.71891,0.73727,0.80207,0.77831,0.74282,0.73548,0.80049,0.69875,0.75732,0.77833,0.68359,0.79081,0.70213,0.74143,0.69988,0.75424,0.76911,0.72818,0.74511,0.75862,0.73354,0.72412,0.75117,0.73119,0.75439,0.70606,0.75562
2013-08-12,0.71308,0.76719,0.80207,0.77927,0.74289,0.71615,0.78293,0.68291,0.75355,0.7622,0.68702,0.78925,0.70068,0.75283,0.69988,0.7531,0.76735,0.71711,0.73584,0.75862,0.72445,0.72669,0.74873,0.72573,0.74313,0.69499,0.74728
2013-08-19,0.72558,0.72016,0.79872,0.77927,0.74204,0.738,0.81318,0.70041,0.75452,0.75091,0.68527,0.78663,0.70211,0.74169,0.69988,0.74868,0.77564,0.71711,0.72474,0.75862,0.7261,0.71405,0.75442,0.72714,0.7587,0.69499,0.74895
2013-08-26,0.72641,0.73314,0.80207,0.77914,0.75035,0.738,0.8076,0.70208,0.76257,0.76865,0.69371,0.79062,0.70871,0.76484,0.69988,0.75447,0.781,0.73636,0.72427,0.75862,0.73354,0.71671,0.76011,0.73223,0.7573,0.69499,0.74478
2013-09-02,0.74308,0.7819,0.80344,0.78522,0.74843,0.75901,0.83547,0.70208,0.772,0.75897,0.70659,0.79683,0.70632,0.764,0.69988,0.76256,0.79201,0.73636,0.74318,0.76709,0.74511,0.72663,0.77393,0.75083,0.7945,0.69499,0.74895
2013-09-09,0.74558,0.76876,0.80572,0.79795,0.75387,0.75649,0.84195,0.71875,0.78779,0.76462,0.7111,0.80648,0.71767,0.78109,0.69988,0.77164,0.79766,0.75874,0.74486,0.76709,0.74676,0.72558,0.77962,0.74219,0.79205,0.71372,0.76478
2013-09-16,0.73975,0.76281,0.80253,0.79702,0.75514,0.75397,0.8347,0.70958,0.78537,0.76059,0.71119,0.80988,0.71727,0.79016,0.69988,0.77244,0.79888,0.74668,0.74475,0.76709,0.74511,0.74991,0.77475,0.75713,0.78325,0.71372,0.76478
2013-09-23,0.73558,0.69537,0.80192,0.79702,0.74807,0.7338,0.80562,0.69041,0.77134,0.77188,0.69981,0.80617,0.73704,0.7687,0.69988,0.76897,0.79522,0.72766,0.73388,0.76709,0.74015,0.73802,0.76011,0.74106,0.76852,0.72356,0.76978
2013-09-30,0.72725,0.74289,0.79431,0.79787,0.74725,0.73632,0.79056,0.68458,0.75568,0.75333,0.68226,0.79425,0.73725,0.74122,0.72557,0.75647,0.79262,0.71218,0.7225,0.75014,0.72032,0.72815,0.74629,0.72407,0.745,0.72356,0.76062
2013-10-07,0.71558,0.70661,0.77939,0.78363,0.74814,0.73044,0.80325,0.68958,0.75391,0.75414,0.67239,0.78695,0.70616,0.74773,0.72557,0.74577,0.78693,0.71218,0.71005,0.75014,0.71949,0.7289,0.74304,0.72973,0.7286,0.69077,0.75478
2013-10-14,0.72641,0.72008,0.76753,0.78122,0.74152,0.72876,0.81406,0.69541,0.75494,0.74688,0.67155,0.78273,0.70699,0.74243,0.72797,0.74334,0.77729,0.72252,0.70122,0.75014,0.72032,0.72555,0.7471,0.71968,0.75122,0.69077,0.75312
2013-10-21,0.71725,0.70248,0.76463,0.78078,0.73146,0.72456,0.79471,0.70375,0.75587,0.76301,0.67523,0.78193,0.70167,0.74767,0.72934,0.74192,0.77534,0.72252,0.71337,0.75014,0.71453,0.72107,0.75036,0.72989,0.7524,0.68421,0.75228
2013-10-28,0.70225,0.69049,0.76372,0.78166,0.73348,0.71195,0.77538,0.70291,0.74396,0.76059,0.66704,0.78137,0.70112,0.73942,0.72934,0.73528,0.7707,0.69662,0.70994,0.75014,0.70379,0.7142,0.7406,0.71542,0.71913,0.68421,0.74395
2013-11-04,0.69808,0.70428,0.76342,0.78012,0.72499,0.71279,0.79803,0.68958,0.73676,0.74123,0.65692,0.77243,0.69743,0.717,0.72934,0.72186,0.75819,0.69662,0.70916,0.75014,0.70048,0.70782,0.73735,0.70722,0.73525,0.68011,0.73312
2013-11-11,0.69558,0.70428,0.76342,0.76722,0.69256,0.70355,0.7787,0.70208,0.73457,0.75736,0.65868,0.76848,0.69726,0.7186,0.72934,0.72144,0.76228,0.69766,0.68682,0.75014,0.69139,0.69939,0.73897,0.696,0.73321,0.68011,0.72978
2013-11-18,0.70641,0.73231,0.76372,0.76609,0.68907,0.71868,0.78833,0.69875,0.73511,0.73881,0.6565,0.76675,0.68313,0.7236,0.72934,0.72308,0.74301,0.69766,0.68516,0.75014,0.69387,0.69749,0.73654,0.71153,0.7324,0.66798,0.72978
2013-11-25,0.71308,0.7038,0.76509,0.76566,0.69735,0.73128,0.80338,0.69625,0.74107,0.74446,0.66119,0.76748,0.68282,0.72874,0.71188,0.73213,0.74593,0.69766,0.69633,0.75014,0.70544,0.69182,0.74223,0.71148,0.74788,0.66798,0.72978
2013-12-02,0.71141,0.72264,0.77483,0.76566,0.69628,0.73128,0.80538,0.71625,0.7519,0.75172,0.6749,0.77211,0.69386,0.73245,0.71188,0.74064,0.74646,0.71812,0.70632,0.75014,0.71536,0.69309,0.7528,0.72085,0.75697,0.67699,0.72978
2013-12-09,0.72058,0.73661,0.79477,0.76538,0.69987,0.72456,0.79998,0.72458,0.75497,0.74446,0.67833,0.77696,0.69289,0.74186,0.71188,0.7413,0.74261,0.71812,0.71944,0.75014,0.71536,0.70275,0.76093,0.72619,0.73361,0.67699,0.75395
2013-12-16,0.71308,0.69677,0.80298,0.76605,0.69881,0.71279,0.78386,0.73375,0.74356,0.75091,0.67189,0.77888,0.71031,0.74603,0.71188,0.73995,0.73987,0.70639,0.72111,0.75014,0.71288,0.70084,0.75198,0.70888,0.71896,0.69257,0.74062
2014-01-06,0.70141,0.7171,0.80359,0.76616,0.70417,0.70103,0.78732,0.72208,0.75115,0.78559,0.67635,0.77713,0.69624,0.73192,0.70368,0.74051,0.74356,0.72003,0.71228,0.73014,0.70432,0.69548,0.75417,0.70566,0.73176,0.67863,0.73562
2014-01-13,0.69891,0.68793,0.80176,0.76622,0.70664,0.68506,0.76132,0.72041,0.73854,0.77591,0.66918,0.77571,0.70483,0.72675,0.70368,0.7348,0.73815,0.70436,0.71414,0.73014,0.70184,0.69246,0.74279,0.6945,0.72253,0.68355,0.73645
2014-01-20,0.69225,0.67462,0.80359,0.76603,0.70239,0.68674,0.77309,0.71125,0.73248,0.77107,0.66143,0.77173,0.7044,0.71504,0.70368,0.72845,0.74467,0.70436,0.71414,0.73014,0.69275,0.68848,0.73303,0.69796,0.72069,0.68355,0.73312
2014-01-27,0.70058,0.70281,0.80359,0.75891,0.70292,0.68926,0.77848,0.70958,0.73585,0.77672,0.66227,0.77173,0.68432,0.71245,0.70368,0.72644,0.74094,0.70436,0.71414,0.73014,0.69358,0.67885,0.73384,0.70376,0.72791,0.66961,0.72395
2014-02-03,0.69641,0.7019,0.80359,0.75576,0.70027,0.69094,0.78168,0.71041,0.73294,0.77107,0.6641,0.76922,0.6837,0.70462,0.70722,0.7263,0.74079,0.70436,0.71414,0.73014,0.69441,0.6788,0.72815,0.71056,0.73482,0.66961,0.72562
2014-02-10,0.69808,0.72545,0.80359,0.75527,0.70088,0.69178,0.78059,0.71125,0.73287,0.77188,0.6646,0.76922,0.68824,0.71362,0.70722,0.72393,0.74663,0.70436,0.72013,0.73014,0.69523,0.6904,0.72815,0.69982,0.72462,0.67238,0.72312
2014-02-17,0.70141,0.69702,0.77437,0.75375,0.70326,0.69599,0.77955,0.71958,0.73514,0.76543,0.66696,0.76912,0.68752,0.71887,0.70722,0.72521,0.73367,0.70436,0.72199,0.73014,0.7035,0.69234,0.72815,0.70267,0.72603,0.67238,0.72395
2014-02-24,0.70475,0.71991,0.75672,0.75319,0.70293,0.70019,0.7913,0.72875,0.73647,0.76704,0.66811,0.77064,0.68664,0.72069,0.70722,0.72434,0.75363,0.70436,0.72179,0.73014,0.70598,0.68874,0.72327,0.70622,0.73511,0.67156,0.72395
2014-03-03,0.70225,0.67223,0.75672,0.75387,0.70204,0.69599,0.78056,0.72708,0.73808,0.76704,0.66881,0.77232,0.68943,0.72267,0.69704,0.72104,0.7507,0.70436,0.71993,0.73014,0.70184,0.69051,0.72165,0.71055,0.73205,0.67156,0.72395
2014-03-10,0.69808,0.72264,0.74942,0.75387,0.70069,0.6775,0.77197,0.71625,0.73248,0.76301,0.66455,0.7732,0.69304,0.72285,0.69704,0.72066,0.74819,0.70436,0.72819,0.73014,0.69193,0.69325,0.71758,0.70126,0.71785,0.67729,0.72395
2014-03-17,0.69058,0.70049,0.75627,0.75359,0.69763,0.66657,0.75476,0.68958,0.72267,0.76462,0.65322,0.77025,0.69143,0.7087,0.69704,0.71409,0.74828,0.69002,0.72344,0.73014,0.68036,0.68498,0.70701,0.68494,0.70536,0.67729,0.72395
2014-03-24,0.68308,0.69024,0.75642,0.75387,0.69314,0.66657,0.76534,0.66625,0.71566,0.75414,0.64274,0.76544,0.68279,0.69755,0.69704,0.70478,0.74461,0.69002,0.71187,0.73014,0.67292,0.68536,0.70376,0.68458,0.70069,0.66282,0.71812
2014-03-31,0.68475,0.65314,0.75672,0.74638,0.68862,0.68758,0.77593,0.67541,0.71976,0.76059,0.64635,0.76361,0.68299,0.71494,0.69704,0.71036,0.74026,0.69181,0.71146,0.73014,0.68118,0.68466,0.71189,0.69477,0.71497,0.66282,0.70812
2014-04-07,0.68286,0.70405,0.75916,0.74129,0.68999,0.68002,0.75879,0.67541,0.71914,0.75897,0.64841,0.76374,0.69359,0.71923,0.70334,0.71416,0.73811,0.69181,0.70815,0.73014,0.68779,0.68155,0.7127,0.69811,0.69925,0.6579,0.70728
2014-04-14,0.68703,0.68642,0.76068,0.741,0.68814,0.68674,0.76516,0.67541,0.72012,0.75575,0.64758,0.76369,0.69183,0.70645,0.70334,0.71513,0.73759,0.69181,0.7098,0.73014,0.68779,0.67738,0.71026,0.70698,0.70512,0.6579,0.70645
2014-04-28,0.68953,0.69801,0.76083,0.7411,0.69276,0.70607,0.77605,0.67625,0.72713,0.76381,0.65282,0.76595,0.68941,0.71407,0.69737,0.71881,0.74867,0.70671,0.71084,0.73014,0.69688,0.68409,0.71921,0.71472,0.72852,0.65746,0.71145
2014-05-05,0.68453,0.74082,0.76098,0.74025,0.69299,0.67918,0.7547,0.67541,0.72549,0.75655,0.65227,0.76613,0.69021,0.71764,0.69737,0.71955,0.74226,0.68979,0.71063,0.73014,0.69193,0.68307,0.71921,0.70702,0.70831,0.6673,0.70228
2014-05-12,0.67786,0.68909,0.76098,0.73979,0.6934,0.6901,0.75467,0.66875,0.71568,0.74607,0.64373,0.76218,0.68282,0.7125,0.69737,0.71624,0.74709,0.68979,0.69947,0.73014,0.68862,0.68072,0.7127,0.7026,0.70042,0.6673,0.72728
2014-05-19,0.68953,0.72396,0.75946,0.73979,0.69068,0.68002,0.77393,0.66625,0.72144,0.74688,0.6461,0.7603,0.67038,0.70358,0.69737,0.71404,0.73755,0.70173,0.69782,0.73014,0.69606,0.67608,0.71433,0.70974,0.71573,0.655,0.72645
2014-05-26,0.68536,0.73016,0.75886,0.73979,0.69635,0.70271,0.76865,0.67375,0.72448,0.7501,0.64986,0.76275,0.68403,0.71615,0.69994,0.71576,0.73778,0.70173,0.70319,0.73014,0.69606,0.67887,0.70945,0.71234,0.71645,0.655,0.72728
2014-06-02,0.68953,0.71248,0.75566,0.7397,0.69508,0.69599,0.76755,0.67375,0.72558,0.74849,0.64959,0.76359,0.68734,0.7162,0.69994,0.71719,0.74528,0.70173,0.70526,0.73014,0.69606,0.68141,0.70945,0.7143,0.71128,0.66566,0.72728
2014-06-09,0.67203,0.71248,0.75414,0.7397,0.69613,0.68422,0.75276,0.67208,0.71663,0.74365,0.64083,0.76302,0.68653,0.70607,0.69994,0.71544,0.73629,0.68597,0.70423,0.73014,0.68862,0.68377,0.70376,0.70012,0.69548,0.66566,0.71895
2014-06-16,0.70786,0.72314,0.75307,0.7397,0.69574,0.69178,0.78221,0.66958,0.71999,0.74365,0.64108,0.76039,0.68523,0.69485,0.69994,0.71576,0.73386,0.68597,0.70009,0.73014,0.69606,0.68009,0.70376,0.70871,0.71047,0.65365,0.71562
2014-06-23,0.69536,0.7195,0.75292,0.7397,0.70306,0.69767,0.78995,0.66625,0.737,0.75333,0.65693,0.76813,0.69519,0.72269,0.6968,0.72239,0.72517,0.71214,0.70009,0.73014,0.71093,0.69259,0.72002,0.71885,0.72682,0.65365,0.72812
2014-06-30,0.68953,0.75405,0.76357,0.75241,0.71201,0.68758,0.78128,0.68708,0.74218,0.74043,0.66368,0.77628,0.71426,0.72537,0.6968,0.72661,0.73,0.71214,0.70939,0.73014,0.71176,0.69284,0.72652,0.7288,0.73174,0.67334,0.73562
2014-07-07,0.68119,0.71074,0.76966,0.75418,0.71193,0.69515,0.7705,0.67458,0.73463,0.74768,0.65682,0.77729,0.71396,0.72093,0.6968,0.72723,0.7257,0.71214,0.71146,0.73014,0.70019,0.69557,0.72002,0.71783,0.70405,0.67334,0.73145
2014-07-14,0.67453,0.7119,0.77422,0.75336,0.71095,0.68674,0.76185,0.66708,0.72639,0.74285,0.64043,0.77421,0.70175,0.71585,0.70538,0.72262,0.72368,0.71214,0.71146,0.73014,0.68945,0.69285,0.70945,0.70836,0.70874,0.67537,0.72478
2014-07-21,0.67369,0.7119,0.77803,0.7528,0.70834,0.68254,0.76401,0.65208,0.72066,0.74204,0.64198,0.76862,0.69638,0.69806,0.70538,0.71343,0.71284,0.68755,0.7081,0.73014,0.68449,0.68701,0.69807,0.69909,0.69926,0.67537,0.72145
2014-07-28,0.67286,0.65545,0.77803,0.74631,0.70536,0.69599,0.76725,0.65208,0.71884,0.73559,0.64261,0.76445,0.69188,0.70161,0.70538,0.7103,0.71757,0.68755,0.68868,0.73014,0.68779,0.68413,0.69644,0.71864,0.70743,0.65816,0.71812
2014-08-04,0.67786,0.69752,0.77803,0.74263,0.69908,0.69515,0.77271,0.65541,0.71635,0.73478,0.63852,0.76432,0.69642,0.70256,0.70538,0.71059,0.71771,0.69937,0.68868,0.73014,0.69441,0.67779,0.69807,0.71175,0.71677,0.65816,0.72145
2014-08-11,0.67369,0.71867,0.77803,0.74169,0.69347,0.69767,0.77378,0.64875,0.72366,0.73801,0.64431,0.76443,0.70365,0.70602,0.70538,0.71042,0.71679,0.69937,0.69116,0.73014,0.68862,0.67042,0.6997,0.71541,0.74493,0.66453,0.72062
2014-08-18,0.66786,0.70338,0.77803,0.74169,0.69613,0.68758,0.76306,0.65125,0.72507,0.73478,0.64453,0.76365,0.70416,0.70562,0.70538,0.70943,0.71636,0.68541,0.69095,0.73014,0.68697,0.67047,0.69807,0.72039,0.70658,0.66453,0.72062
2014-08-25,0.66619,0.69,0.77803,0.74168,0.69649,0.67246,0.75451,0.65041,0.71918,0.72914,0.6396,0.76135,0.69707,0.6972,0.70538,0.70661,0.71406,0.68541,0.69095,0.73014,0.68036,0.66654,0.69563,0.71899,0.69895,0.66043,0.71395
2014-09-01,0.67369,0.7314,0.77803,0.74143,0.69936,0.69431,0.76154,0.65958,0.72374,0.7122,0.6416,0.76038,0.68867,0.7009,0.6945,0.70601,0.72317,0.69702,0.69095,0.73014,0.6911,0.65883,0.69563,0.71842,0.70437,0.66043,0.71312
2014-09-08,0.69286,0.69396,0.77773,0.74143,0.70227,0.69347,0.76945,0.65541,0.72619,0.7122,0.63252,0.76035,0.6977,0.70591,0.6945,0.70524,0.72575,0.69702,0.69075,0.73014,0.69441,0.6621,0.69888,0.71124,0.71454,0.65534,0.71228
2014-09-15,0.68703,0.73091,0.77803,0.74168,0.70393,0.68422,0.75132,0.65708,0.72536,0.7122,0.64193,0.76123,0.6968,0.70467,0.70344,0.7042,0.72481,0.69702,0.69323,0.73014,0.68449,0.65536,0.69726,0.70985,0.70125,0.65534,0.71228
2014-09-22,0.68369,0.69272,0.77711,0.74159,0.70452,0.67834,0.74707,0.65041,0.71878,0.7122,0.6371,0.75969,0.69357,0.70547,0.70344,0.70151,0.71956,0.68677,0.69323,0.73014,0.67953,0.65559,0.69238,0.7086,0.70595,0.65861,0.71228
2014-09-29,0.67703,0.67946,0.75992,0.74017,0.70372,0.68002,0.75357,0.64958,0.71392,0.71623,0.63143,0.75659,0.68712,0.69192,0.70344,0.69745,0.7198,0.67468,0.68517,0.73014,0.67788,0.65457,0.68587,0.69799,0.68624,0.65861,0.70728
2014-10-06,0.67619,0.64967,0.75672,0.7336,0.70457,0.67414,0.74276,0.65708,0.7142,0.7122,0.63293,0.75485,0.67903,0.70108,0.70344,0.69663,0.71759,0.68623,0.68517,0.73014,0.6787,0.65842,0.68344,0.70549,0.69565,0.64792,0.70478
2014-10-13,0.66203,0.67446,0.75657,0.73171,0.70192,0.65649,0.72126,0.65875,0.70193,0.70978,0.62377,0.75485,0.67971,0.69718,0.67092,0.69071,0.71205,0.66788,0.68517,0.73014,0.65308,0.65214,0.67774,0.69368,0.68435,0.64792,0.69895
2014-10-20,0.64786,0.64652,0.75185,0.70906,0.69837,0.60607,0.69948,0.62291,0.68188,0.70414,0.60452,0.73686,0.65763,0.66842,0.6384,0.67708,0.69416,0.63484,0.66141,0.73014,0.6316,0.63847,0.65742,0.6702,0.64746,0.63907,0.68562
2014-10-27,0.64036,0.64276,0.72933,0.70889,0.68873,0.638,0.71583,0.61541,0.66998,0.70736,0.59052,0.72387,0.63419,0.65185,0.6384,0.66719,0.68509,0.64636,0.65314,0.73014,0.63573,0.62711,0.64522,0.66963,0.65191,0.63907,0.67312
2014-11-03,0.64953,0.64636,0.70833,0.70522,0.6837,0.64221,0.72124,0.61708,0.67376,0.6993,0.58968,0.72057,0.63818,0.65733,0.6384,0.66109,0.67258,0.64636,0.64695,0.73014,0.63903,0.62085,0.64604,0.66751,0.6668,0.60568,0.67062
2014-11-10,0.64786,0.64636,0.69311,0.69009,0.684,0.64473,0.71101,0.63208,0.67504,0.70494,0.59452,0.71893,0.6433,0.66733,0.6384,0.65582,0.66763,0.64636,0.64633,0.73014,0.64399,0.61532,0.64766,0.65492,0.65975,0.60568,0.66978
2014-11-17,0.64453,0.65487,0.69038,0.68953,0.68114,0.63128,0.69981,0.63208,0.67249,0.70091,0.5976,0.71816,0.64123,0.66962,0.63027,0.65155,0.66714,0.64636,0.64674,0.73014,0.64482,0.60777,0.64522,0.65043,0.64842,0.6096,0.66978
2014-11-24,0.62953,0.61049,0.69038,0.67813,0.67499,0.62036,0.68938,0.63458,0.65472,0.69607,0.57885,0.70878,0.63856,0.65178,0.6384,0.64345,0.66616,0.63113,0.64695,0.73014,0.63325,0.60252,0.6314,0.63571,0.63148,0.6096,0.66978
2014-12-01,0.60953,0.56256,0.66572,0.6768,0.66576,0.59767,0.65711,0.62291,0.64443,0.68962,0.57043,0.70244,0.62138,0.6398,0.6384,0.63561,0.65352,0.63113,0.64075,0.73014,0.61507,0.59656,0.61596,0.61787,0.61306,0.59402,0.66395
2014-12-08,0.58453,0.60132,0.66131,0.65964,0.65654,0.57078,0.64636,0.58708,0.61667,0.66543,0.54177,0.68267,0.60714,0.61167,0.58149,0.61452,0.61174,0.59167,0.60934,0.73014,0.59275,0.58556,0.59644,0.60345,0.5883,0.59402,0.64478
2014-12-15,0.56369,0.60132,0.63894,0.63859,0.63776,0.54557,0.62504,0.55291,0.58954,0.64204,0.51718,0.65959,0.58116,0.58807,0.57336,0.5873,0.609,0.5745,0.59447,0.73014,0.56487,0.56704,0.56718,0.56696,0.56056,0.55533,0.63145
2015-01-05,0.54369,0.60132,0.55814,0.55574,0.58554,0.51868,0.57963,0.50791,0.54198,0.58801,0.45447,0.61492,0.52105,0.54399,0.51645,0.55119,0.54795,0.5328,0.54261,0.72165,0.50829,0.51475,0.53458,0.53186,0.55844,0.4956,0.60562
2015-01-12,0.51203,0.52604,0.54064,0.54022,0.55612,0.48842,0.56364,0.48875,0.52424,0.57752,0.4583,0.59079,0.50093,0.52579,0.49206,0.52018,0.54239,0.50574,0.52525,0.72165,0.5025,0.50352,0.52726,0.51015,0.52181,0.47255,0.59145
2015-01-19,0.48869,0.50174,0.51233,0.53743,0.54228,0.4691,0.55538,0.49041,0.50548,0.55978,0.43947,0.5714,0.48165,0.50594,0.4758,0.49733,0.50253,0.48774,0.5048,0.72165,0.49093,0.4938,0.51588,0.49752,0.52071,0.47255,0.56645
2015-01-26,0.49203,0.45571,0.50254,0.52644,0.52478,0.4817,0.5632,0.48208,0.50764,0.55897,0.44,0.56307,0.4697,0.51927,0.4758,0.48751,0.49106,0.50281,0.49963,0.72165,0.49093,0.48914,0.51425,0.49968,0.54029,0.43976,0.53978
2015-02-02,0.49953,0.47835,0.50107,0.52543,0.51091,0.48254,0.56972,0.48875,0.51798,0.56543,0.44963,0.5653,0.48054,0.5193,0.4758,0.49423,0.48855,0.50281,0.49757,0.66777,0.49672,0.48327,0.52482,0.51478,0.54601,0.43976,0.52562
2015-02-09,0.52786,0.5343,0.51081,0.5268,0.50724,0.52372,0.61163,0.51791,0.5479,0.57914,0.47796,0.58253,0.49235,0.54457,0.46767,0.52011,0.5196,0.5412,0.51988,0.66777,0.52564,0.49852,0.55246,0.5322,0.58073,0.45042,0.52228
2015-02-16,0.54703,0.54009,0.54551,0.55122,0.52116,0.54473,0.6299,0.53125,0.5747,0.58881,0.5039,0.60578,0.54083,0.5731,0.46767,0.5498,0.52952,0.56597,0.52711,0.66777,0.56035,0.51737,0.5801,0.55377,0.59461,0.45042,0.52228
2015-02-23,0.56036,0.56628,0.5942,0.57593,0.54312,0.55145,0.6336,0.55291,0.59258,0.59688,0.52297,0.6242,0.54703,0.5954,0.52458,0.5683,0.55488,0.58418,0.5424,0.66777,0.56944,0.53961,0.58986,0.56921,0.6041,0.50669,0.52228
2015-03-02,0.57369,0.58537,0.63133,0.60271,0.54905,0.56405,0.64757,0.56875,0.60009,0.60575,0.52728,0.63393,0.56585,0.59847,0.53271,0.57954,0.56614,0.58418,0.53207,0.64235,0.57854,0.5499,0.59392,0.58118,0.62702,0.50669,0.53312
2015-03-09,0.57203,0.56769,0.64594,0.60326,0.56377,0.56489,0.64869,0.57958,0.6057,0.62833,0.53383,0.6436,0.57355,0.59931,0.5571,0.58618,0.58771,0.58418,0.58496,0.64235,0.57936,0.56329,0.5988,0.58169,0.63339,0.53113,0.54562
2015-03-16,0.56453,0.57232,0.64777,0.60375,0.56668,0.55901,0.64306,0.58125,0.60628,0.6372,0.5352,0.64933,0.57377,0.60713,0.5571,0.58546,0.59758,0.58418,0.59004,0.64235,0.57854,0.57044,0.60043,0.58261,0.61821,0.53113,0.56145
2015-03-23,0.54869,0.51215,0.6502,0.60335,0.56803,0.54641,0.62679,0.56958,0.59057,0.6501,0.52012,0.64886,0.56479,0.58565,0.5571,0.57643,0.57965,0.56232,0.58868,0.64235,0.56779,0.5644,0.5923,0.5777,0.60112,0.53031,0.57895
2015-03-30,0.55119,0.57356,0.6502,0.60335,0.56724,0.54305,0.63636,0.54208,0.58742,0.65252,0.51112,0.64404,0.55149,0.58817,0.5571,0.57184,0.56171,0.56232,0.58178,0.64235,0.56614,0.56095,0.58823,0.57137,0.6071,0.53031,0.57978
2015-04-13,0.54453,0.55255,0.63401,0.60335,0.56916,0.55229,0.61474,0.52708,0.58517,0.63639,0.50778,0.64076,0.55793,0.58502,0.5571,0.56443,0.55346,0.56232,0.57706,0.6254,0.55374,0.56008,0.58823,0.55098,0.61501,0.5131,0.58062
2015-04-20,0.57119,0.55124,0.63559,0.60335,0.57039,0.57414,0.65855,0.54708,0.60748,0.63478,0.52942,0.64913,0.56397,0.59295,0.5571,0.57294,0.57466,0.58198,0.55609,0.6254,0.57688,0.57558,0.59555,0.56951,0.64274,0.51228,0.57895
2015-04-27,0.58036,0.59364,0.63986,0.60388,0.57956,0.5817,0.66709,0.55625,0.62145,0.63236,0.53991,0.66118,0.58655,0.6124,0.57336,0.58575,0.57253,0.59762,0.55847,0.6254,0.59176,0.58405,0.60775,0.5972,0.639,0.51228,0.59062
2015-05-04,0.57703,0.58678,0.65945,0.61203,0.58765,0.58758,0.65281,0.56791,0.62471,0.5975,0.54622,0.66848,0.60127,0.61653,0.58149,0.59224,0.5764,0.59762,0.5643,0.6254,0.59011,0.576,0.60937,0.60793,0.6448,0.55162,0.60978
2015-05-11,0.58036,0.60414,0.67138,0.62879,0.58987,0.59094,0.65833,0.56041,0.62783,0.59024,0.5518,0.67162,0.60651,0.61834,0.58962,0.59722,0.59853,0.59762,0.58228,0.6254,0.59506,0.57513,0.61425,0.60976,0.6476,0.55162,0.61145
2015-05-18,0.57119,0.56504,0.66822,0.62806,0.59136,0.59347,0.66894,0.56541,0.62621,0.59911,0.54772,0.67248,0.61186,0.61173,0.58962,0.59813,0.61714,0.59762,0.58264,0.6254,0.59424,0.57497,0.61344,0.61569,0.6431,0.55982,0.60562
2015-05-25,0.58453,0.57447,0.67163,0.62797,0.59325,0.59683,0.66973,0.56291,0.62708,0.60314,0.54572,0.67255,0.61054,0.61354,0.58962,0.59749,0.63219,0.59762,0.58032,0.6254,0.59176,0.5665,0.61262,0.60486,0.64167,0.55982,0.60478
2015-06-01,0.58036,0.56513,0.67151,0.64148,0.59244,0.58422,0.65225,0.56291,0.62466,0.59992,0.54701,0.67255,0.601,0.61379,0.58962,0.59949,0.63629,0.59762,0.59106,0.6254,0.58763,0.57962,0.61019,0.60898,0.62741,0.55736,0.60395
2015-06-08,0.58036,0.59182,0.6709,0.63252,0.59315,0.57414,0.63175,0.56291,0.61957,0.60556,0.54335,0.67268,0.60267,0.60388,0.58962,0.59749,0.64466,0.59762,0.59116,0.6254,0.58763,0.58524,0.60449,0.59534,0.62608,0.55736,0.60312
2015-06-15,0.58119,0.56785,0.67211,0.62925,0.59591,0.57246,0.64895,0.56041,0.6125,0.60718,0.53154,0.67034,0.59803,0.59999,0.58962,0.59092,0.64957,0.5934,0.5909,0.6254,0.58763,0.57861,0.61913,0.58869,0.63467,0.54916,0.59062
2015-06-22,0.57203,0.5662,0.67236,0.61841,0.59854,0.5691,0.63808,0.56041,0.60955,0.60879,0.52818,0.66882,0.58979,0.6051,0.59775,0.59017,0.64499,0.5934,0.5909,0.6254,0.58515,0.57479,0.6175,0.58221,0.62925,0.54916,0.59395
2015-06-29,0.56869,0.5586,0.67236,0.61725,0.59575,0.57246,0.63817,0.54791,0.60529,0.60959,0.52305,0.66561,0.58645,0.59368,0.58962,0.58226,0.64221,0.58248,0.59054,0.6254,0.58019,0.56485,0.61832,0.57202,0.62014,0.53769,0.59478
2015-07-06,0.56786,0.5381,0.67418,0.61716,0.59819,0.5691,0.65313,0.51958,0.60574,0.59992,0.51287,0.66718,0.58234,0.58996,0.58962,0.57958,0.64243,0.58248,0.58941,0.6254,0.58019,0.56115,0.61669,0.57567,0.62466,0.53769,0.59478
2015-07-13,0.55036,0.58571,0.67492,0.60759,0.59263,0.55061,0.62728,0.50041,0.58904,0.59588,0.50734,0.66522,0.60589,0.59554,0.5571,0.5739,0.62525,0.56209,0.58956,0.6254,0.56862,0.56514,0.60043,0.56629,0.63365,0.53277,0.58145
2015-07-20,0.53953,0.58571,0.66895,0.58767,0.58908,0.53968,0.6102,0.49125,0.57891,0.59427,0.4989,0.65795,0.55643,0.57644,0.5571,0.56949,0.62963,0.56209,0.57014,0.6254,0.54713,0.56336,0.59474,0.55269,0.62971,0.53277,0.56895
2015-07-27,0.53286,0.54174,0.66213,0.57669,0.58072,0.5296,0.6102,0.48791,0.57276,0.59105,0.49248,0.64993,0.55152,0.564,0.5571,0.55712,0.63072,0.55053,0.56717,0.6254,0.53391,0.55479,0.58986,0.54671,0.61485,0.50408,0.56228
2015-08-03,0.51703,0.51496,0.66213,0.57543,0.57242,0.51952,0.59948,0.48291,0.55783,0.57653,0.47088,0.6372,0.51612,0.55817,0.5571,0.54426,0.60494,0.55053,0.5463,0.6254,0.5182,0.54345,0.57685,0.5428,0.61268,0.50408,0.54978
2015-08-10,0.50453,0.52116,0.66055,0.57306,0.56166,0.50691,0.57157,0.48291,0.54623,0.56766,0.46722,0.62604,0.53751,0.53693,0.5571,0.53192,0.5799,0.52236,0.54243,0.6254,0.50498,0.52886,0.56222,0.52302,0.5932,0.48928,0.52645
2015-08-17,0.49619,0.4881,0.64947,0.56147,0.55037,0.50187,0.57789,0.46625,0.53839,0.55959,0.45888,0.61466,0.52203,0.53391,0.52458,0.52658,0.56566,0.52236,0.52641,0.6254,0.49672,0.52255,0.55571,0.5194,0.56879,0.48928,0.53062
2015-08-24,0.48786,0.48232,0.63681,0.56111,0.53897,0.48674,0.56503,0.46125,0.5307,0.54508,0.45127,0.6059,0.52135,0.52014,0.52458,0.51499,0.55106,0.52236,0.50937,0.6254,0.48597,0.50315,0.55002,0.50159,0.53919,0.46797,0.51978
2015-08-31,0.47786,0.51992,0.61405,0.55143,0.53284,0.46742,0.55863,0.42375,0.50342,0.53056,0.42498,0.58701,0.50724,0.49466,0.50832,0.49004,0.51745,0.49803,0.50074,0.6254,0.46606,0.48836,0.52888,0.48183,0.51564,0.46797,0.48562
2015-09-07,0.49369,0.49414,0.59031,0.53354,0.52372,0.49767,0.58447,0.42375,0.52572,0.52088,0.43211,0.57976,0.48276,0.51073,0.4758,0.49506,0.52345,0.51688,0.48664,0.6254,0.49341,0.48075,0.55815,0.50188,0.55843,0.44256,0.47978
2015-09-14,0.49203,0.51124,0.58544,0.5335,0.51881,0.49178,0.5749,0.46125,0.52939,0.51282,0.44835,0.58472,0.51941,0.53151,0.50019,0.50525,0.51918,0.51688,0.48664,0.6254,0.5025,0.48944,0.54514,0.51029,0.56349,0.44256,0.48895
2015-09-21,0.48453,0.48775,0.574,0.53343,0.51737,0.48842,0.56415,0.45375,0.51862,0.50314,0.44054,0.58414,0.5082,0.52158,0.4758,0.49653,0.51899,0.4963,0.48659,0.6254,0.49837,0.48438,0.53783,0.50271,0.54665,0.46305,0.49895
2015-09-28,0.48703,0.4996,0.57266,0.53333,0.51419,0.47078,0.56959,0.45875,0.51749,0.50234,0.43963,0.57919,0.49534,0.50532,0.45954,0.491,0.52415,0.4963,0.48659,0.6254,0.49011,0.47561,0.53864,0.5001,0.54437,0.46305,0.50395
2015-10-05,0.48286,0.5129,0.57266,0.53333,0.5109,0.46742,0.56739,0.44958,0.51692,0.49508,0.44057,0.57848,0.501,0.51719,0.46767,0.48847,0.526,0.4963,0.48654,0.6254,0.48928,0.47191,0.53864,0.50007,0.54848,0.4483,0.49812
2015-10-12,0.49203,0.48898,0.5701,0.52943,0.50839,0.48338,0.57812,0.46625,0.5228,0.49347,0.44715,0.57748,0.49816,0.52361,0.46767,0.49212,0.53314,0.51185,0.48602,0.6254,0.50168,0.4853,0.54433,0.50041,0.55975,0.4483,0.49812
2015-10-19,0.47536,0.46777,0.5701,0.52875,0.50715,0.45397,0.56212,0.46041,0.51083,0.50153,0.44033,0.57631,0.51179,0.52011,0.4758,0.4892,0.52943,0.48488,0.48698,0.6254,0.49341,0.47969,0.53376,0.48843,0.55425,0.4524,0.49312
2015-10-26,0.46369,0.46777,0.57047,0.52796,0.50016,0.46069,0.54059,0.46041,0.50089,0.49427,0.42794,0.56825,0.48452,0.4938,0.4758,0.48013,0.51474,0.48488,0.48426,0.6254,0.47854,0.47029,0.52279,0.48149,0.51073,0.4524,0.48312
2015-11-02,0.47869,0.46777,0.56145,0.51696,0.49652,0.46742,0.56754,0.46875,0.50258,0.50476,0.42821,0.56403,0.48239,0.49202,0.4758,0.47957,0.4922,0.48488,0.47858,0.6254,0.48101,0.47401,0.52807,0.48735,0.53027,0.43027,0.48145
2015-11-09,0.48953,0.45996,0.55585,0.51596,0.49389,0.48422,0.56743,0.49791,0.51455,0.50959,0.43974,0.56566,0.49296,0.51082,0.4758,0.48559,0.5102,0.50743,0.47863,0.6254,0.50333,0.49017,0.53986,0.49342,0.53145,0.43027,0.49812
2015-11-16,0.49036,0.49267,0.55367,0.51596,0.49605,0.47666,0.55877,0.49875,0.51307,0.51927,0.44303,0.56792,0.50035,0.52239,0.4758,0.48455,0.48447,0.50743,0.47827,0.6254,0.50663,0.49045,0.53905,0.49359,0.52977,0.44256,0.50978
2015-11-23,0.48203,0.47079,0.55281,0.525,0.49567,0.47498,0.5588,0.49208,0.50121,0.51685,0.43179,0.56573,0.49135,0.50628,0.4758,0.47632,0.48023,0.49328,0.47822,0.6254,0.49176,0.48142,0.52848,0.48987,0.52095,0.44256,0.50395
2015-11-30,0.48203,0.46417,0.5522,0.52455,0.49197,0.4733,0.55453,0.49208,0.50304,0.51443,0.42987,0.56401,0.4818,0.50607,0.4758,0.47974,0.47712,0.49328,0.47723,0.6254,0.4868,0.47087,0.52807,0.491,0.52814,0.43601,0.50312
2015-12-07,0.45786,0.45254,0.55184,0.52455,0.49043,0.45313,0.53199,0.48958,0.49118,0.50314,0.4211,0.56356,0.48568,0.49743,0.4758,0.4753,0.48152,0.47358,0.47801,0.6254,0.46779,0.46915,0.51913,0.47987,0.51228,0.43601,0.49312
2015-12-14,0.44036,0.39558,0.54904,0.52455,0.483,0.41699,0.50409,0.45125,0.46374,0.49427,0.39238,0.55196,0.46849,0.46494,0.4758,0.45785,0.46204,0.45218,0.47585,0.6254,0.44465,0.45024,0.48661,0.44732,0.49508,0.42453,0.47312
2016-01-04,0.41286,0.36467,0.54904,0.47791,0.44827,0.38842,0.49759,0.41041,0.42766,0.45823,0.34057,0.50448,0.40694,0.42697,0.43515,0.41217,0.4282,0.42383,0.42157,0.5615,0.39183,0.41675,0.45709,0.44405,0.44318,0.36387,0.42645
2016-01-11,0.40786,0.41467,0.54904,0.46804,0.4365,0.36826,0.47947,0.39375,0.42365,0.46146,0.36053,0.49804,0.40463,0.42528,0.43515,0.40499,0.42714,0.42383,0.42105,0.5615,0.39183,0.39871,0.45262,0.44159,0.43751,0.35368,0.40978
2016-01-18,0.38536,0.34294,0.54904,0.44585,0.42349,0.35145,0.4364,0.39375,0.40366,0.45823,0.34304,0.48394,0.39658,0.41052,0.3945,0.38417,0.41087,0.40312,0.41278,0.5615,0.37365,0.3749,0.43636,0.41604,0.40319,0.35368,0.39562
2016-01-25,0.37036,0.33715,0.54904,0.44312,0.4083,0.34809,0.43645,0.35541,0.3837,0.4421,0.32247,0.46476,0.36821,0.38965,0.3945,0.36294,0.39604,0.38899,0.40431,0.5615,0.35546,0.35947,0.41644,0.40086,0.38584,0.33155,0.37645
2016-02-01,0.37619,0.35352,0.54904,0.43512,0.39077,0.36321,0.4536,0.35625,0.39084,0.4292,0.32446,0.4546,0.35507,0.39093,0.35385,0.35485,0.39195,0.41191,0.37931,0.5615,0.36208,0.35691,0.41359,0.40518,0.41129,0.33155,0.37145
2016-02-08,0.38036,0.36558,0.54904,0.42865,0.38111,0.36573,0.45249,0.39375,0.40066,0.43001,0.33706,0.45528,0.37878,0.40173,0.35385,0.36417,0.39043,0.41191,0.37901,0.5615,0.37199,0.35034,0.42091,0.41778,0.40953,0.31476,0.38978
2016-02-15,0.37203,0.33327,0.45761,0.42817,0.3726,0.3254,0.42351,0.40875,0.39222,0.42194,0.33147,0.4554,0.38625,0.40442,0.34572,0.36045,0.38814,0.38785,0.37642,0.5615,0.36373,0.34637,0.38489,0.41449,0.39103,0.31476,0.37895
2016-02-22,0.38453,0.37071,0.42633,0.42654,0.36333,0.3691,0.45578,0.41458,0.39948,0.41227,0.33615,0.45349,0.37316,0.39816,0.34572,0.35967,0.38685,0.40133,0.37115,0.5615,0.37117,0.35219,0.39424,0.39782,0.41104,0.32623,0.37395
2016-02-29,0.38203,0.37839,0.39191,0.42603,0.35708,0.3775,0.44516,0.38958,0.40035,0.40823,0.34012,0.45436,0.38467,0.40419,0.34572,0.36573,0.39304,0.40133,0.37131,0.5615,0.37778,0.35167,0.41701,0.39384,0.41543,0.32623,0.38645
2016-03-07,0.38786,0.38377,0.38411,0.42603,0.36116,0.38674,0.4623,0.43291,0.41418,0.41468,0.35213,0.45971,0.38816,0.41676,0.37824,0.37217,0.39931,0.4223,0.37125,0.5615,0.3877,0.36764,0.42514,0.40992,0.44075,0.33279,0.38728
2016-03-14,0.40953,0.40385,0.3865,0.43478,0.37535,0.40607,0.48817,0.45875,0.43468,0.43404,0.37665,0.45971,0.40788,0.43947,0.37011,0.39056,0.3974,0.4223,0.38643,0.5615,0.41662,0.3971,0.43977,0.43173,0.45519,0.33279,0.39812
2016-03-21,0.41369,0.41005,0.3934,0.43509,0.3892,0.40859,0.48844,0.45875,0.44004,0.43646,0.37892,0.49027,0.43449,0.44214,0.3945,0.40165,0.39923,0.4223,0.3946,0.5615,0.42075,0.40989,0.45115,0.44184,0.45635,0.36394,0.41812
2016-04-04,0.40869,0.39008,0.39881,0.46005,0.38739,0.39767,0.46751,0.46208,0.43879,0.45097,0.37672,0.49779,0.42761,0.43727,0.3945,0.40178,0.41645,0.40603,0.40499,0.51065,0.41001,0.40471,0.45278,0.43944,0.43461,0.372,0.43562
2016-04-11,0.40203,0.39327,0.39958,0.46008,0.38352,0.39263,0.45268,0.42208,0.42025,0.43646,0.35914,0.49248,0.41295,0.41863,0.41889,0.38721,0.41888,0.38551,0.4038,0.51065,0.39431,0.39163,0.44343,0.42324,0.41698,0.372,0.42478
2016-04-18,0.41369,0.41815,0.40077,0.44181,0.38941,0.41279,0.48927,0.42208,0.43447,0.43323,0.37257,0.49185,0.39803,0.43102,0.3945,0.39363,0.40874,0.41286,0.39698,0.51065,0.41249,0.39414,0.45278,0.43833,0.4585,0.34741,0.42062
2016-04-25,0.43953,0.40343,0.4012,0.4502,0.39507,0.42624,0.48926,0.45125,0.4471,0.4421,0.38231,0.49658,0.43027,0.44552,0.3945,0.40485,0.4306,0.43081,0.39744,0.51065,0.42323,0.3838,0.45684,0.44812,0.47481,0.34741,0.41978
2016-05-02,0.45036,0.43484,0.4012,0.45194,0.40254,0.44052,0.50649,0.45125,0.46195,0.43888,0.39677,0.50606,0.44084,0.46306,0.3945,0.41959,0.43289,0.44876,0.39935,0.51065,0.43728,0.40449,0.44709,0.46257,0.48554,0.37937,0.43728
2016-05-09,0.44369,0.42724,0.41641,0.45296,0.40951,0.43548,0.48943,0.45125,0.46316,0.4542,0.40147,0.51104,0.45726,0.46536,0.41076,0.42669,0.43742,0.44876,0.41211,0.51065,0.43067,0.41391,0.45115,0.4592,0.46852,0.37937,0.45645
2016-05-16,0.44953,0.44244,0.42114,0.47491,0.41252,0.45061,0.50024,0.44708,0.46507,0.45823,0.40107,0.51263,0.44789,0.46191,0.43515,0.42234,0.44324,0.43338,0.41258,0.51065,0.43811,0.42674,0.45058,0.46248,0.48476,0.39577,0.45728
2016-05-23,0.45953,0.43096,0.43644,0.48495,0.42258,0.45733,0.53583,0.44708,0.48501,0.48404,0.42879,0.52673,0.45347,0.47994,0.41889,0.43953,0.45896,0.46244,0.4212,0.51065,0.45464,0.43378,0.4701,0.47219,0.50905,0.39577,0.45728
2016-05-30,0.48036,0.46773,0.44675,0.51117,0.44072,0.4691,0.54767,0.49291,0.4983,0.48081,0.46777,0.54119,0.48397,0.49736,0.43515,0.45625,0.47092,0.47782,0.44197,0.51065,0.47943,0.44339,0.48473,0.49179,0.52024,0.41216,0.47312
2016-06-06,0.48203,0.49253,0.42084,0.51358,0.45182,0.47162,0.54654,0.49791,0.50427,0.49694,0.46825,0.55096,0.49199,0.50874,0.4758,0.4653,0.47028,0.47782,0.43391,0.51065,0.47695,0.45422,0.48961,0.49759,0.51765,0.41216,0.49062
2016-06-13,0.48036,0.46757,0.46179,0.51503,0.4574,0.47414,0.551,0.49625,0.50536,0.49936,0.45687,0.55096,0.49314,0.49879,0.4758,0.46399,0.48261,0.47782,0.43734,0.51065,0.47943,0.45533,0.48961,0.49878,0.5125,0.43757,0.49895
2016-06-20,0.47369,0.48567,0.44032,0.51554,0.45882,0.45145,0.52946,0.49625,0.50174,0.49614,0.44841,0.55865,0.49492,0.50179,0.46767,0.46273,0.48234,0.47782,0.46213,0.51065,0.47199,0.45234,0.48798,0.49202,0.50627,0.43757,0.49728
2016-06-27,0.47536,0.45996,0.47896,0.51554,0.45879,0.47498,0.54014,0.49625,0.49801,0.49291,0.44211,0.55861,0.48354,0.48863,0.45141,0.46057,0.47676,0.47782,0.46213,0.51065,0.47365,0.44146,0.48554,0.49754,0.50371,0.43183,0.49062
2016-07-04,0.47869,0.48629,0.44206,0.51545,0.45974,0.47162,0.53985,0.49625,0.50017,0.49291,0.43997,0.55856,0.48513,0.49039,0.45141,0.45799,0.48604,0.47782,0.46268,0.51065,0.46951,0.44646,0.48392,0.49816,0.50915,0.43183,0.49145
2016-07-11,0.46369,0.45511,0.47317,0.5155,0.4606,0.46153,0.52937,0.49625,0.49285,0.47678,0.42899,0.5588,0.48878,0.50145,0.44328,0.45517,0.47552,0.46158,0.46213,0.51065,0.45464,0.44228,0.47985,0.49072,0.492,0.42937,0.48145
2016-07-18,0.46119,0.47562,0.4756,0.51565,0.45474,0.45649,0.50641,0.49625,0.48365,0.47356,0.42501,0.5558,0.47825,0.48659,0.45141,0.45128,0.46986,0.46158,0.45519,0.51065,0.44389,0.44028,0.4701,0.48318,0.48228,0.42937,0.46895
2016-07-25,0.46369,0.46024,0.47628,0.50341,0.45301,0.45397,0.51927,0.48291,0.48048,0.47517,0.41769,0.55342,0.46929,0.47943,0.45141,0.44774,0.46472,0.46158,0.44738,0.51065,0.43976,0.43635,0.46441,0.47901,0.48089,0.41462,0.46978
2016-08-01,0.44786,0.41663,0.47581,0.50211,0.44964,0.4338,0.55586,0.47041,0.47068,0.45581,0.40194,0.54981,0.46458,0.47568,0.44328,0.43949,0.46532,0.44449,0.44658,0.51065,0.41827,0.43108,0.45871,0.46222,0.45652,0.41462,0.45812
2016-08-08,0.43453,0.41291,0.47414,0.48911,0.43677,0.43128,0.49147,0.47041,0.45541,0.45662,0.38948,0.53973,0.44706,0.44967,0.43515,0.43353,0.44928,0.4291,0.43853,0.51065,0.41001,0.43286,0.44408,0.45032,0.4652,0.39659,0.44562
2016-08-15,0.43786,0.43392,0.47257,0.47452,0.4324,0.43968,0.50198,0.47041,0.46139,0.44533,0.39665,0.53588,0.43222,0.4593,0.43515,0.43383,0.43919,0.4291,0.43026,0.51065,0.42736,0.43227,0.44815,0.46171,0.48099,0.39659,0.44395
2016-08-22,0.46119,0.42829,0.47065,0.4723,0.43981,0.46237,0.5223,0.49291,0.47803,0.45823,0.41446,0.54173,0.45293,0.48057,0.43515,0.44056,0.45595,0.45474,0.42365,0.51065,0.45464,0.43872,0.46847,0.48073,0.50887,0.38511,0.45728
2016-08-29,0.46036,0.44911,0.47044,0.47769,0.44212,0.46405,0.52424,0.49291,0.48944,0.46227,0.42552,0.5506,0.47892,0.49863,0.44328,0.45377,0.4668,0.45474,0.44117,0.51065,0.45712,0.45818,0.4766,0.49356,0.49823,0.38511,0.47812
2016-09-05,0.46119,0.46217,0.47372,0.49055,0.4439,0.43464,0.51165,0.49125,0.48718,0.47517,0.4173,0.55405,0.47983,0.49895,0.46767,0.45213,0.46633,0.46927,0.44767,0.51065,0.46042,0.46184,0.4766,0.48237,0.48202,0.42282,0.47812
2016-09-12,0.46786,0.45126,0.46963,0.49951,0.44351,0.46657,0.52221,0.49125,0.48132,0.4671,0.41462,0.55253,0.46797,0.4834,0.45954,0.44744,0.47684,0.45132,0.44696,0.51065,0.46455,0.46208,0.46766,0.49139,0.49511,0.42282,0.47728
2016-09-19,0.45703,0.43688,0.47027,0.50136,0.44405,0.45397,0.50025,0.48208,0.48215,0.47194,0.41552,0.55256,0.46944,0.48843,0.44328,0.44612,0.48889,0.46415,0.44673,0.51065,0.45712,0.46367,0.46766,0.47975,0.48464,0.41167,0.47812
2016-09-26,0.46453,0.45052,0.47074,0.50096,0.44246,0.46237,0.52147,0.48125,0.48179,0.4671,0.41196,0.55409,0.46637,0.48971,0.46767,0.44556,0.48804,0.46415,0.44632,0.51065,0.45712,0.45754,0.46684,0.48369,0.49209,0.40503,0.47728
2016-10-03,0.46869,0.43928,0.46762,0.50096,0.44329,0.4733,0.53275,0.48125,0.48573,0.47356,0.41809,0.55077,0.47156,0.49059,0.45954,0.45016,0.47343,0.46415,0.44823,0.4937,0.4629,0.46315,0.47172,0.48209,0.51227,0.40527,0.47978
2016-10-10,0.48953,0.43928,0.46899,0.50103,0.4517,0.48926,0.55464,0.48125,0.50233,0.48646,0.43966,0.55732,0.47691,0.51156,0.45141,0.46324,0.48369,0.48551,0.4517,0.4937,0.48852,0.48683,0.49205,0.48547,0.50862,0.41216,0.47895
2016-10-17,0.49953,0.51424,0.47576,0.51867,0.46232,0.48002,0.56546,0.48125,0.51416,0.51872,0.45661,0.56844,0.50239,0.52433,0.48393,0.47293,0.49048,0.5009,0.48853,0.4937,0.49596,0.48768,0.50506,0.50527,0.53492,0.43265,0.49812
2016-10-24,0.49619,0.49126,0.48335,0.53533,0.46626,0.48254,0.5655,0.48125,0.51923,0.5292,0.4605,0.5741,0.50909,0.52559,0.46767,0.47726,0.51078,0.5009,0.49019,0.4937,0.50422,0.49558,0.50912,0.52083,0.54263,0.43265,0.51562
2016-10-31,0.49869,0.49053,0.4963,0.53664,0.46798,0.48086,0.56551,0.53458,0.52059,0.53888,0.46293,0.57644,0.50998,0.53431,0.49206,0.48139,0.4844,0.5009,0.49442,0.4937,0.51084,0.49109,0.51075,0.52095,0.53439,0.45314,0.51895
2016-11-07,0.48619,0.45391,0.49247,0.53844,0.468,0.47666,0.52884,0.53458,0.50933,0.54614,0.45372,0.57697,0.50753,0.52965,0.49206,0.48034,0.50853,0.48295,0.49463,0.4937,0.48935,0.48304,0.50018,0.49719,0.49881,0.45314,0.50395
2016-11-14,0.47619,0.45829,0.48915,0.52626,0.46614,0.47078,0.53409,0.53458,0.49294,0.52356,0.43557,0.56742,0.48114,0.48959,0.4758,0.46742,0.48771,0.48295,0.48073,0.4937,0.47943,0.46591,0.48636,0.48569,0.49517,0.43839,0.49062
2016-11-21,0.47619,0.45655,0.49063,0.51892,0.46521,0.47582,0.54496,0.50708,0.4926,0.52839,0.43555,0.5625,0.47352,0.49052,0.4758,0.45729,0.48083,0.48295,0.47934,0.4937,0.48026,0.46596,0.48254,0.48557,0.50813,0.43183,0.48728
2016-11-28,0.49203,0.47523,0.49217,0.51473,0.4706,0.49094,0.56016,0.50125,0.50764,0.53888,0.4509,0.56767,0.4784,0.51415,0.4758,0.46528,0.47942,0.50774,0.47291,0.4937,0.5034,0.47966,0.50205,0.49994,0.53291,0.42413,0.48728
2016-12-05,0.51536,0.47539,0.49204,0.5144,0.47825,0.51027,0.59775,0.51291,0.51633,0.54452,0.45475,0.5725,0.50395,0.51834,0.4758,0.47495,0.49907,0.50774,0.48672,0.4937,0.51497,0.49175,0.51018,0.5074,0.55443,0.41634,0.50895
2016-12-12,0.51619,0.50391,0.50073,0.5144,0.49013,0.51784,0.57643,0.51291,0.53272,0.57114,0.47478,0.58514,0.51153,0.54338,0.50832,0.4892,0.49644,0.52654,0.51157,0.4937,0.52323,0.50858,0.52075,0.51802,0.55381,0.42736,0.52312
2016-12-19,0.52869,0.52035,0.50073,0.54688,0.49871,0.53296,0.60355,0.54125,0.54586,0.58001,0.48862,0.59615,0.52523,0.55372,0.50019,0.50478,0.50288,0.52654,0.51613,0.4937,0.53811,0.52555,0.53132,0.53327,0.5738,0.4441,0.53728
2017-01-02,0.54619,0.52851,0.52975,0.55796,0.51079,0.55145,0.62462,0.54125,0.56411,0.61847,0.50793,0.61609,0.54493,0.56925,0.51645,0.5235,0.52147,0.54363,0.54533,0.5276,0.54575,0.53292,0.55397,0.51088,0.60552,0.47166,0.56478
2017-01-09,0.54203,0.55235,0.53921,0.56509,0.52247,0.54641,0.61179,0.58708,0.57222,0.62572,0.51442,0.61144,0.5526,0.57785,0.52458,0.53416,0.53922,0.54363,0.55453,0.5276,0.5474,0.5299,0.57266,0.54661,0.60266,0.4627,0.56645
2017-01-16,0.53453,0.50753,0.54487,0.56998,0.52789,0.538,0.60085,0.58625,0.56575,0.60879,0.50962,0.6205,0.55625,0.56696,0.54084,0.53024,0.54543,0.54363,0.5626,0.5276,0.53583,0.53161,0.58161,0.54214,0.58975,0.47608,0.56645
2017-01-23,0.52786,0.52728,0.54726,0.57139,0.52853,0.52876,0.59009,0.58625,0.56137,0.59992,0.50596,0.62218,0.54859,0.55749,0.52458,0.52795,0.54532,0.53338,0.56255,0.5276,0.53087,0.52774,0.57998,0.5528,0.58253,0.47337,0.55312
2017-01-30,0.52453,0.54959,0.5439,0.57163,0.52888,0.53128,0.60719,0.56208,0.56058,0.59266,0.50483,0.62055,0.54212,0.55493,0.53271,0.52642,0.54373,0.53338,0.55434,0.5276,0.52591,0.53324,0.56047,0.552,0.58648,0.47179,0.55395
2017-02-06,0.52869,0.53546,0.54023,0.57148,0.52948,0.5338,0.60722,0.462,0.56203,0.5854,0.50534,0.62047,0.54719,0.55863,0.52458,0.52817,0.54896,0.53338,0.55516,0.5276,0.53501,0.53717,0.56291,0.55499,0.58735,0.46838,0.55395
2017-02-13,0.52869,0.51075,0.53861,0.57148,0.52758,0.53632,0.59657,0.5445,0.56446,0.60556,0.50721,0.62127,0.55152,0.56567,0.52458,0.53012,0.54052,0.53338,0.55461,0.5276,0.53831,0.53499,0.56941,0.55781,0.59791,0.46561,0.55395
2017-02-20,0.53286,0.52125,0.53631,0.57148,0.52887,0.53464,0.59677,0.54367,0.56743,0.59347,0.50926,0.62286,0.55045,0.56504,0.53271,0.53235,0.55531,0.54363,0.55361,0.5276,0.54162,0.53047,0.56941,0.55667,0.59535,0.46704,0.56145
2017-02-27,0.54286,0.50571,0.53158,0.57617,0.52777,0.538,0.6054,0.54367,0.56964,0.58379,0.51013,0.62276,0.5525,0.56225,0.54897,0.5326,0.55597,0.54363,0.5536,0.5276,0.53996,0.53621,0.56941,0.56114,0.59813,0.47197,0.56145
2017-03-06,0.53369,0.52505,0.53158,0.57631,0.5277,0.53464,0.61611,0.54533,0.56822,0.58701,0.50911,0.62276,0.55813,0.56295,0.53271,0.53308,0.55518,0.54363,0.55405,0.5276,0.53501,0.52664,0.57185,0.55619,0.59242,0.47191,0.56062
2017-03-13,0.52286,0.53034,0.53162,0.57627,0.52413,0.52372,0.60533,0.53783,0.56249,0.59185,0.50312,0.62302,0.55093,0.55708,0.53271,0.53178,0.53657,0.52654,0.55405,0.5276,0.52839,0.51954,0.56535,0.54141,0.57795,0.47427,0.55812
2017-03-20,0.50536,0.50339,0.52945,0.56692,0.51972,0.50859,0.57838,0.53783,0.54658,0.58218,0.48564,0.61699,0.53895,0.53705,0.53271,0.52487,0.53346,0.50774,0.54616,0.5276,0.516,0.51438,0.54665,0.52519,0.56011,0.47354,0.54478
2017-03-27,0.50286,0.47367,0.5182,0.56321,0.51587,0.50355,0.5618,0.46533,0.53879,0.57734,0.47447,0.6098,0.51713,0.5309,0.50832,0.51974,0.51466,0.50774,0.53523,0.5276,0.5036,0.50489,0.53608,0.52104,0.54907,0.46503,0.53145
2017-04-03,0.51036,0.51424,0.51739,0.55708,0.51225,0.51111,0.57816,0.4695,0.53704,0.55395,0.47062,0.60567,0.51216,0.52913,0.50832,0.51621,0.53262,0.50774,0.51861,0.5276,0.50525,0.50306,0.53689,0.52246,0.56829,0.45096,0.52728
2017-04-10,0.52119,0.51375,0.51637,0.5505,0.52312,0.52456,0.60514,0.4745,0.54881,0.55556,0.48424,0.60695,0.52046,0.5414,0.54084,0.52408,0.54026,0.5197,0.51682,0.5276,0.52426,0.51774,0.54421,0.53997,0.58763,0.43518,0.53228
2017-04-24,0.52453,0.54491,0.5292,0.57417,0.52084,0.52288,0.60492,0.4745,0.56283,0.55476,0.49892,0.60695,0.555,0.56396,0.53271,0.53874,0.54786,0.5197,0.52789,0.5276,0.53831,0.52595,0.55559,0.55329,0.57177,0.45248,0.55812
2017-05-01,0.51286,0.51143,0.52775,0.57154,0.51835,0.51279,0.59422,0.4745,0.54956,0.55153,0.48482,0.61777,0.5388,0.53556,0.51645,0.53467,0.54167,0.50432,0.52711,0.5276,0.50939,0.52839,0.5434,0.54141,0.55173,0.45789,0.53645
2017-05-08,0.49869,0.53755,0.5251,0.56275,0.51166,0.49178,0.56193,0.4745,0.53617,0.52895,0.4664,0.60756,0.52478,0.52727,0.54084,0.52334,0.53803,0.48209,0.53008,0.5276,0.48294,0.51249,0.52226,0.52323,0.53163,0.46741,0.53228
2017-05-15,0.49619,0.48276,0.52174,0.54086,0.50951,0.49851,0.55111,0.4745,0.52497,0.52976,0.45676,0.5955,0.50659,0.51667,0.50019,0.51276,0.52937,0.48209,0.50608,0.5276,0.48707,0.49722,0.51494,0.5123,0.55061,0.44877,0.51228
2017-05-22,0.49953,0.51515,0.5159,0.53496,0.50678,0.49851,0.55729,0.4745,0.52719,0.53782,0.45932,0.59208,0.50538,0.5247,0.53271,0.51047,0.52523,0.49577,0.49928,0.5276,0.49286,0.49043,0.52144,0.51043,0.55282,0.43079,0.51062
2017-05-29,0.50036,0.51515,0.51254,0.53492,0.5087,0.50355,0.56824,0.457,0.53151,0.52895,0.46371,0.59357,0.52035,0.52903,0.50019,0.51036,0.524,0.49577,0.49602,0.5276,0.49699,0.48473,0.52957,0.52472,0.54613,0.42902,0.50978
2017-06-05,0.48619,0.51515,0.50964,0.53492,0.50825,0.49515,0.56829,0.457,0.52463,0.52411,0.46127,0.59388,0.52405,0.52132,0.52458,0.50612,0.51395,0.49577,0.49786,0.5276,0.48211,0.47762,0.52307,0.51343,0.53508,0.42952,0.50312
2017-06-12,0.48119,0.464,0.50312,0.52759,0.49851,0.47498,0.54702,0.54458,0.50918,0.51927,0.44632,0.58861,0.50192,0.50683,0.4758,0.49838,0.5079,0.47526,0.48729,0.5276,0.46806,0.46782,0.50112,0.49762,0.51244,0.42951,0.48812
2017-06-19,0.47953,0.44507,0.48352,0.51548,0.49345,0.47162,0.53623,0.4445,0.50044,0.51605,0.43283,0.57574,0.48336,0.49645,0.50832,0.49154,0.49513,0.47526,0.4838,0.5276,0.46641,0.45852,0.49787,0.4839,0.50571,0.43026,0.47895
2017-06-26,0.48453,0.45086,0.47363,0.51272,0.48298,0.46573,0.52552,0.4445,0.4933,0.50314,0.42344,0.56856,0.4821,0.48811,0.49206,0.4823,0.4829,0.465,0.47601,0.5276,0.45319,0.4527,0.49462,0.47876,0.5021,0.41587,0.46978
2017-07-03,0.46953,0.45884,0.46826,0.51113,0.48102,0.46994,0.52551,0.4445,0.49135,0.50153,0.42027,0.56528,0.47753,0.4894,0.45954,0.47877,0.4709,0.465,0.46493,0.5276,0.46063,0.44691,0.49299,0.48434,0.50867,0.40072,0.46812
2017-07-10,0.47536,0.48444,0.47035,0.50381,0.47974,0.47162,0.54702,0.4445,0.49935,0.5104,0.42857,0.56528,0.4862,0.50339,0.4758,0.47967,0.47921,0.48124,0.46444,0.5276,0.46972,0.45849,0.506,0.49022,0.50963,0.41108,0.46895
2017-07-17,0.47036,0.46032,0.47056,0.50219,0.47795,0.47834,0.53627,0.4445,0.49891,0.51363,0.43126,0.56528,0.49537,0.50645,0.48393,0.47663,0.48714,0.48124,0.46201,0.5276,0.47302,0.45858,0.50681,0.48828,0.51377,0.42875,0.47728
2017-07-24,0.47203,0.47505,0.47044,0.50219,0.47806,0.4775,0.54706,0.4445,0.50403,0.51201,0.4373,0.56421,0.49081,0.50836,0.4758,0.47839,0.48556,0.47697,0.44724,0.5276,0.48459,0.45496,0.50762,0.50073,0.51119,0.43362,0.47645
2017-07-31,0.47203,0.45887,0.47529,0.50893,0.47461,0.48254,0.5578,0.44283,0.50951,0.51443,0.43153,0.56495,0.49839,0.50822,0.45954,0.48215,0.48881,0.47697,0.44469,0.5276,0.48707,0.47048,0.51006,0.50191,0.51365,0.44041,0.48728
2017-08-07,0.48119,0.49193,0.48305,0.51059,0.48181,0.48926,0.5684,0.44283,0.5188,0.51927,0.45259,0.56495,0.50517,0.52367,0.4758,0.49068,0.49562,0.49235,0.44579,0.5276,0.49368,0.47775,0.51901,0.50862,0.50963,0.43901,0.48812
2017-08-14,0.48119,0.50276,0.49349,0.52693,0.48159,0.4901,0.53627,0.44283,0.51949,0.50637,0.4528,0.56495,0.51541,0.52203,0.4758,0.49223,0.50214,0.49235,0.45952,0.5276,0.49782,0.47231,0.52226,0.50802,0.54329,0.44838,0.49645
2017-08-21,0.47953,0.46854,0.49532,0.52693,0.48192,0.48002,0.52654,0.44283,0.51734,0.51685,0.45125,0.56495,0.50926,0.52433,0.4758,0.49324,0.49934,0.49235,0.45516,0.5276,0.48542,0.47787,0.51901,0.49493,0.65152,0.45396,0.49062
2017-08-28,0.47953,0.46978,0.49178,0.52693,0.48055,0.4859,0.53715,0.4645,0.51456,0.49427,0.44813,0.57703,0.50042,0.51547,0.4758,0.49235,0.50492,0.49235,0.46444,0.5276,0.49368,0.47512,0.51657,0.49901,0.65728,0.45943,0.48895
2017-09-04,0.49703,0.4821,0.49268,0.52693,0.48313,0.49851,0.56958,0.4895,0.51886,0.51201,0.44436,0.57613,0.5033,0.51183,0.4758,0.49614,0.49763,0.48808,0.46605,0.5276,0.49947,0.47429,0.52226,0.5136,0.66569,0.45567,0.48978
2017-09-11,0.50953,0.48507,0.49937,0.52685,0.48935,0.50859,0.56938,0.4895,0.5288,0.50718,0.46612,0.58307,0.51167,0.534,0.49206,0.50462,0.50415,0.50688,0.48064,0.5276,0.516,0.4928,0.53445,0.52112,0.67298,0.45152,0.49062
2017-09-18,0.50536,0.46995,0.50772,0.5259,0.49133,0.50943,0.56923,0.4895,0.533,0.53298,0.47029,0.58307,0.52193,0.53241,0.48393,0.51004,0.49759,0.50688,0.49487,0.5276,0.51765,0.48483,0.53689,0.51001,0.68257,0.45943,0.51645
2017-09-25,0.51036,0.49193,0.50972,0.53687,0.49694,0.51615,0.58009,0.47617,0.53748,0.53137,0.47913,0.58941,0.52591,0.53666,0.50019,0.50821,0.50131,0.52226,0.50341,0.5276,0.52591,0.49392,0.54014,0.52734,0.68934,0.47068,0.51728
2017-10-02,0.51953,0.52119,0.51232,0.55122,0.5039,0.52876,0.59072,0.497,0.54749,0.52169,0.49507,0.59635,0.53216,0.54872,0.50832,0.51608,0.50166,0.53594,0.508,0.5276,0.53996,0.50056,0.55397,0.47179,0.6841,0.47438,0.52812
2017-10-09,0.52119,0.52449,0.51701,0.55145,0.50936,0.52372,0.60137,0.497,0.54905,0.54347,0.49188,0.60376,0.54744,0.55761,0.50019,0.51766,0.50881,0.52226,0.52155,0.5276,0.52757,0.49821,0.5499,0.51995,0.6932,0.47833,0.53312
2017-10-16,0.51619,0.49912,0.51313,0.55256,0.51118,0.51952,0.5798,0.497,0.54517,0.54266,0.48606,0.60468,0.53669,0.55305,0.51645,0.51603,0.5129,0.52226,0.5256,0.5276,0.52013,0.50371,0.54827,0.52546,0.68823,0.48397,0.53062
2017-10-23,0.52119,0.52234,0.50636,0.55312,0.51533,0.52036,0.59057,0.497,0.54969,0.52895,0.48233,0.60368,0.53571,0.55661,0.49206,0.52068,0.51211,0.53509,0.52748,0.5276,0.5317,0.51154,0.55071,0.53002,0.68253,0.49159,0.52895
2017-10-30,0.52369,0.52466,0.51211,0.55371,0.51454,0.52708,0.59078,0.497,0.54992,0.5604,0.48776,0.60536,0.54315,0.54759,0.50019,0.52224,0.50585,0.53509,0.52716,0.5276,0.53501,0.50945,0.55397,0.51757,0.6848,0.48991,0.54312
2017-11-06,0.53453,0.5273,0.51637,0.55462,0.52363,0.53464,0.57996,0.497,0.55894,0.57814,0.50086,0.61151,0.54108,0.5675,0.50832,0.53158,0.51958,0.53509,0.53411,0.5276,0.55071,0.52853,0.56291,0.55004,0.69727,0.48832,0.55228
2017-11-13,0.55036,0.53722,0.52817,0.56993,0.53421,0.49767,0.57138,0.527,0.5703,0.58218,0.51472,0.62336,0.55608,0.57259,0.52458,0.5413,0.53586,0.55645,0.54486,0.5276,0.5598,0.54142,0.57673,0.55133,0.71717,0.49288,0.56062
2017-11-20,0.54369,0.55829,0.52259,0.58552,0.53681,0.51615,0.58215,0.55033,0.57216,0.58137,0.5184,0.62336,0.57011,0.58346,0.5571,0.54433,0.54357,0.54363,0.54834,0.5276,0.55071,0.53644,0.57348,0.55609,0.6964,0.50096,0.56562
2017-11-27,0.54286,0.5521,0.52455,0.58434,0.54013,0.51784,0.60357,0.5495,0.5709,0.58056,0.51732,0.63076,0.56316,0.57577,0.5571,0.54234,0.53432,0.54363,0.55212,0.5276,0.54823,0.5331,0.57429,0.55876,0.704,0.50717,0.56228
2017-12-04,0.54453,0.53986,0.52779,0.58434,0.53307,0.52036,0.59287,0.5495,0.57071,0.57008,0.51749,0.63003,0.56514,0.57228,0.5571,0.54303,0.53425,0.54363,0.55439,0.5276,0.54658,0.53016,0.5751,0.55706,0.6926,0.5162,0.56228
2017-12-11,0.53869,0.50234,0.52621,0.58434,0.53118,0.51615,0.59275,0.53783,0.56942,0.58701,0.51304,0.63011,0.56441,0.56566,0.5571,0.54105,0.538,0.54363,0.55833,0.5276,0.53996,0.52556,0.57266,0.55352,0.69264,0.51529,0.55145
2017-12-18,0.54536,0.52705,0.53162,0.57951,0.52832,0.5212,0.61419,0.53783,0.5728,0.5725,0.51873,0.6299,0.55957,0.57041,0.5571,0.54682,0.53124,0.55645,0.55458,0.5276,0.55713,0.53244,0.5751,0.56091,0.702,0.51105,0.55062
2018-01-01,0.55453,0.53734,0.54057,0.57961,0.53158,0.54389,0.63345,0.53783,0.57985,0.62314,0.52548,0.6299,0.57774,0.5831,0.54084,0.55193,0.52896,0.56927,0.52358,0.5276,0.56252,0.54331,0.60288,0.56183,0.72978,0.51105,0.56478
2018-01-08,0.55369,0.55246,0.53725,0.5825,0.53677,0.54977,0.62256,0.56117,0.58773,0.63202,0.55175,0.63693,0.5864,0.5889,0.52458,0.55939,0.54952,0.56927,0.55138,0.5276,0.57161,0.54696,0.61427,0.57821,0.73401,0.51209,0.57562
2018-01-15,0.55619,0.53651,0.54223,0.58619,0.54005,0.5296,0.62232,0.59283,0.59428,0.64008,0.55548,0.64244,0.58897,0.5877,0.5571,0.56394,0.55902,0.56927,0.55676,0.5276,0.5774,0.55276,0.61996,0.58793,0.73323,0.51611,0.58562
2018-01-22,0.55286,0.53386,0.54223,0.59165,0.54507,0.5296,0.61202,0.582,0.59605,0.61992,0.55562,0.64657,0.59531,0.59143,0.5571,0.56827,0.55967,0.56927,0.55893,0.5276,0.56831,0.54985,0.6037,0.58759,0.72514,0.51974,0.57978
2018-01-29,0.55369,0.53899,0.55506,0.59245,0.54831,0.53548,0.61214,0.5945,0.59422,0.6304,0.5529,0.64916,0.59069,0.58144,0.5571,0.5693,0.55683,0.56927,0.55867,0.5276,0.57244,0.54779,0.60207,0.59312,0.7302,0.52647,0.57895
2018-02-05,0.55203,0.54411,0.55774,0.59277,0.55143,0.5338,0.61209,0.59117,0.59361,0.62718,0.55257,0.64665,0.59239,0.58098,0.54897,0.56915,0.55942,0.56927,0.56249,0.5276,0.56285,0.54168,0.59475,0.58854,0.72637,0.52398,0.60402
2018-02-12,0.53953,0.53767,0.55412,0.59163,0.54393,0.52036,0.5904,0.57117,0.58605,0.61427,0.54757,0.64773,0.58182,0.5711,0.54897,0.56562,0.5566,0.53423,0.55988,0.5276,0.53884,0.53282,0.58337,0.57145,0.69026,0.52109,0.59402
2018-02-19,0.53369,0.50441,0.54223,0.58193,0.53634,0.50775,0.58593,0.547,0.56857,0.6175,0.52939,0.64773,0.56259,0.54626,0.54897,0.55019,0.54325,0.51457,0.55819,0.5276,0.52037,0.52907,0.56711,0.55274,0.67279,0.5155,0.56902
2018-02-26,0.52953,0.54755,0.53444,0.57844,0.53248,0.51447,0.59684,0.55033,0.56641,0.61347,0.52602,0.64773,0.54576,0.54364,0.54084,0.54545,0.54703,0.53252,0.55829,0.5276,0.53525,0.52861,0.55573,0.55931,0.69177,0.50862,0.56902
2018-03-05,0.53536,0.50821,0.53985,0.57623,0.53091,0.51447,0.59677,0.56117,0.57218,0.62073,0.53487,0.63482,0.56375,0.5617,0.54897,0.55035,0.54614,0.54791,0.55975,0.5276,0.54021,0.52382,0.55573,0.56555,0.68241,0.49944,0.58152
2018-03-12,0.52369,0.47762,0.53299,0.57615,0.52931,0.51111,0.59654,0.5545,0.5674,0.61669,0.52887,0.63341,0.56478,0.55319,0.54084,0.54855,0.54179,0.52825,0.56076,0.5276,0.53029,0.5176,0.55492,0.56209,0.68409,0.49045,0.57318
2018-03-19,0.52536,0.50151,0.52762,0.57609,0.52834,0.51111,0.59664,0.56283,0.56636,0.61024,0.52579,0.63258,0.55778,0.55455,0.52458,0.54603,0.55163,0.52825,0.56099,0.5276,0.5369,0.52053,0.54923,0.55941,0.69305,0.49356,0.57235
2018-03-26,0.55286,0.52407,0.52958,0.57596,0.52993,0.51615,0.61814,0.56283,0.57514,0.61105,0.53717,0.63467,0.55802,0.55083,0.54084,0.54885,0.54507,0.54363,0.55357,0.5276,0.56004,0.54031,0.56549,0.57562,0.68604,0.49767,0.58818
2018-04-09,0.55203,0.55423,0.5338,0.58193,0.53854,0.53044,0.62899,0.56867,0.58736,0.61508,0.54747,0.63467,0.58601,0.57211,0.54084,0.55679,0.55309,0.54363,0.56007,0.5276,0.56252,0.54253,0.57687,0.58929,0.71187,0.50306,0.59735
2018-04-16,0.56369,0.56268,0.53563,0.58784,0.54868,0.54305,0.63969,0.56867,0.59475,0.61831,0.55427,0.64962,0.58407,0.57516,0.54084,0.56235,0.54925,0.57526,0.56004,0.5276,0.58401,0.56671,0.58744,0.60104,0.7209,0.51047,0.59652
2018-04-23,0.56786,0.55572,0.54194,0.59171,0.55021,0.55061,0.6504,0.5195,0.60231,0.61911,0.56209,0.65794,0.60006,0.58823,0.5571,0.5713,0.55575,0.57526,0.55999,0.5276,0.58649,0.57047,0.59231,0.60655,0.73219,0.51945,0.61318
2018-04-30,0.58203,0.56919,0.55063,0.60374,0.55117,0.56573,0.67167,0.56867,0.61068,0.62879,0.5722,0.6654,0.60275,0.60188,0.5571,0.5817,0.56146,0.58808,0.56728,0.5276,0.59971,0.57688,0.60614,0.61431,0.73801,0.52587,0.62152
2018-05-07,0.58619,0.60903,0.56495,0.624,0.56491,0.56405,0.6718,0.56783,0.61679,0.64331,0.57712,0.67582,0.61775,0.60757,0.5571,0.58773,0.57669,0.58808,0.56764,0.5276,0.60136,0.58249,0.6102,0.61687,0.74841,0.53865,0.63318
2018-05-14,0.60119,0.59374,0.57538,0.62617,0.57604,0.58842,0.69096,0.57367,0.63027,0.63202,0.58944,0.6868,0.62334,0.6112,0.57336,0.59854,0.60607,0.61286,0.57471,0.5276,0.62285,0.60869,0.62483,0.63361,0.77132,0.54425,0.63485
2018-05-21,0.61786,0.6177,0.58633,0.63976,0.58487,0.61615,0.7235,0.58367,0.64732,0.66831,0.60806,0.70421,0.65418,0.63713,0.58149,0.61335,0.61907,0.63167,0.58896,0.5276,0.64351,0.60755,0.6354,0.66289,0.79269,0.55632,0.65485
2018-05-28,0.63953,0.62093,0.59877,0.65696,0.60825,0.61868,0.72347,0.61117,0.6581,0.66911,0.62523,0.72253,0.66824,0.65041,0.61399,0.6295,0.63135,0.63167,0.61258,0.5276,0.64847,0.62023,0.65329,0.66903,0.78698,0.58989,0.67485
2018-06-04,0.63869,0.65679,0.60593,0.67095,0.61712,0.61699,0.71311,0.61617,0.65953,0.68282,0.62309,0.72836,0.68183,0.6567,0.59773,0.63564,0.63114,0.63167,0.61257,0.5276,0.64186,0.6223,0.65248,0.67521,0.79395,0.58966,0.69235
2018-06-11,0.62703,0.59253,0.60921,0.67075,0.618,0.60439,0.69108,0.61117,0.65576,0.6925,0.61308,0.72836,0.67426,0.64009,0.63025,0.63518,0.62471,0.6197,0.62479,0.5276,0.63277,0.61647,0.63784,0.66378,0.77205,0.59431,0.67318
2018-06-18,0.62619,0.61255,0.61126,0.66841,0.61339,0.60187,0.70174,0.59033,0.65116,0.6804,0.6112,0.72221,0.65706,0.63103,0.5896,0.6324,0.61858,0.6197,0.62441,0.5276,0.62781,0.60336,0.6354,0.64539,0.75754,0.60121,0.66485
2018-06-25,0.61703,0.60118,0.61036,0.66169,0.60334,0.59263,0.68011,0.56533,0.64346,0.67637,0.60507,0.71751,0.65257,0.62548,0.63838,0.62545,0.62161,0.6197,0.62192,0.5276,0.62037,0.59325,0.63378,0.64274,0.75703,0.59127,0.66485
2018-07-02,0.62369,0.64614,0.609,0.65381,0.60305,0.60355,0.70171,0.60367,0.64234,0.65621,0.59963,0.71502,0.65087,0.61773,0.58147,0.62158,0.62035,0.60688,0.62051,0.5276,0.62616,0.58582,0.63297,0.64886,0.77579,0.5809,0.66485
2018-07-09,0.62619,0.61603,0.60909,0.65034,0.61363,0.60187,0.70142,0.60033,0.64844,0.66992,0.5979,0.71891,0.65252,0.6517,0.60586,0.62185,0.63099,0.62654,0.62246,0.5276,0.63112,0.60613,0.6354,0.64937,0.78681,0.57785,0.66402
2018-07-16,0.61786,0.60485,0.61092,0.65661,0.61215,0.59851,0.67982,0.58783,0.64857,0.64734,0.60298,0.72057,0.66049,0.65004,0.61399,0.62108,0.62629,0.60944,0.62246,0.5276,0.62533,0.61367,0.63622,0.64787,0.77743,0.57902,0.64985
2018-07-23,0.61119,0.59028,0.61011,0.65652,0.60706,0.59263,0.69092,0.60617,0.64215,0.66185,0.59254,0.71735,0.65782,0.62087,0.5896,0.61794,0.59663,0.60944,0.62162,0.5276,0.61045,0.60287,0.62565,0.64109,0.7751,0.58208,0.63318
2018-07-30,0.61369,0.58926,0.61122,0.65396,0.61124,0.60103,0.70181,0.59033,0.64244,0.66185,0.58568,0.71498,0.64201,0.63601,0.63838,0.61649,0.60622,0.60944,0.62069,0.5276,0.62864,0.6081,0.63297,0.64197,0.79161,0.58671,0.63152
2018-08-06,0.61036,0.60629,0.61445,0.65303,0.61207,0.60019,0.6876,0.61533,0.64605,0.68605,0.59497,0.7174,0.65559,0.64566,0.63025,0.61719,0.61741,0.60944,0.61506,0.56997,0.61707,0.60712,0.63459,0.64744,0.78748,0.58388,0.65235
2018-08-13,0.61203,0.58695,0.61352,0.65281,0.61112,0.61195,0.68745,0.60783,0.64637,0.66024,0.59694,0.7182,0.65038,0.63004,0.59773,0.61692,0.60784,0.62141,0.61589,0.56997,0.62202,0.60235,0.63378,0.64304,0.77137,0.58212,0.65318
2018-08-20,0.61703,0.60794,0.61704,0.65281,0.60765,0.61615,0.6977,0.622,0.64798,0.68282,0.60026,0.71901,0.65665,0.64024,0.5896,0.6163,0.61769,0.62141,0.61871,0.56997,0.62864,0.6012,0.63459,0.64301,0.77407,0.5849,0.65152
2018-08-27,0.61953,0.62232,0.61494,0.65432,0.60948,0.62288,0.69776,0.5995,0.64951,0.6796,0.6007,0.71982,0.65818,0.6359,0.5896,0.61773,0.6266,0.62141,0.6173,0.56997,0.63194,0.61057,0.63784,0.64788,0.78449,0.58705,0.65235
2018-09-03,0.63203,0.62025,0.61598,0.65452,0.6109,0.6338,0.70892,0.57867,0.65645,0.65379,0.60584,0.72143,0.66419,0.64265,0.60586,0.62291,0.63725,0.63338,0.61837,0.56997,0.64186,0.60867,0.65004,0.6636,0.79411,0.5892,0.66735
2018-09-10,0.64536,0.69182,0.61763,0.67455,0.61927,0.64809,0.70851,0.57367,0.66274,0.68605,0.62119,0.72707,0.67739,0.66186,0.60586,0.63217,0.64298,0.63338,0.62085,0.56997,0.6493,0.60638,0.65329,0.67318,0.80301,0.59142,0.67902
2018-09-17,0.65203,0.64025,0.61819,0.67648,0.62551,0.64893,0.71909,0.61533,0.6637,0.68927,0.62261,0.72869,0.67975,0.66264,0.63838,0.63294,0.63101,0.64363,0.62819,0.56997,0.64682,0.61285,0.65492,0.67265,0.79579,0.59752,0.67985
2018-09-24,0.65286,0.6324,0.62091,0.67516,0.62191,0.64557,0.70834,0.61533,0.66141,0.66992,0.62082,0.72869,0.67768,0.65828,0.60586,0.63253,0.63079,0.63252,0.62838,0.56997,0.64186,0.61205,0.6541,0.66998,0.79401,0.6068,0.67485
2018-10-01,0.65703,0.61372,0.62345,0.67448,0.62194,0.65229,0.73018,0.65533,0.66594,0.68282,0.62673,0.7281,0.67278,0.66039,0.63838,0.63539,0.64773,0.65047,0.62864,0.56997,0.65756,0.61942,0.66549,0.67112,0.80455,0.6054,0.67402
2018-10-08,0.68036,0.66819,0.63275,0.6868,0.6363,0.68086,0.76516,0.657,0.68348,0.73847,0.6586,0.74849,0.68947,0.68458,0.63838,0.65177,0.68476,0.67697,0.64315,0.56997,0.68897,0.62348,0.6915,0.67724,0.84545,0.60181,0.68652
2018-10-15,0.68953,0.66744,0.65183,0.70174,0.64399,0.67918,0.76506,0.67117,0.69457,0.72234,0.66807,0.76565,0.72042,0.70727,0.65464,0.66581,0.68709,0.67697,0.66018,0.56997,0.67905,0.63118,0.69557,0.69421,0.83609,0.61851,0.70985
2018-10-22,0.69369,0.65306,0.66179,0.70571,0.64716,0.6901,0.74367,0.65367,0.68694,0.74008,0.65929,0.76495,0.7175,0.69959,0.65464,0.66714,0.68137,0.66415,0.66776,0.56997,0.66913,0.63089,0.68825,0.68126,0.83398,0.63835,0.71068
2018-10-29,0.69119,0.66959,0.66952,0.70671,0.6487,0.72288,0.75428,0.6695,0.68768,0.76589,0.64955,0.76013,0.69864,0.68803,0.64651,0.66564,0.67835,0.66415,0.66844,0.56997,0.66913,0.64052,0.68175,0.67675,0.83555,0.64262,0.70985
2018-11-05,0.69286,0.70017,0.6661,0.70348,0.65347,0.738,0.75125,0.65783,0.68624,0.74169,0.65297,0.75785,0.69865,0.6979,0.66277,0.66312,0.67169,0.66415,0.67034,0.56997,0.66417,0.65778,0.68256,0.68244,0.82409,0.64789,0.71068
2018-11-12,0.68953,0.6863,0.65555,0.70082,0.65077,0.74389,0.74051,0.632,0.67655,0.76992,0.62713,0.75003,0.6967,0.68497,0.63838,0.65668,0.67742,0.65816,0.67012,0.56997,0.64682,0.65953,0.67036,0.67416,0.8198,0.64421,0.69485
2018-11-19,0.68619,0.64133,0.64709,0.68917,0.64315,0.72876,0.72951,0.6445,0.66355,0.76669,0.61175,0.74303,0.67919,0.67964,0.63838,0.64801,0.65417,0.65816,0.65152,0.56997,0.63938,0.65081,0.65979,0.66129,0.81566,0.64126,0.68068
2018-11-26,0.68369,0.62083,0.63469,0.68329,0.64145,0.69515,0.68675,0.63367,0.64562,0.7554,0.60328,0.72759,0.66795,0.66386,0.63025,0.63387,0.64131,0.62141,0.65132,0.56997,0.62698,0.65653,0.63784,0.63728,0.79143,0.63431,0.65985
2018-12-03,0.66036,0.62075,0.61682,0.65586,0.62984,0.67498,0.67058,0.607,0.6208,0.73443,0.58106,0.70629,0.63308,0.62449,0.63838,0.61332,0.60026,0.60432,0.63887,0.56997,0.60715,0.64483,0.61101,0.61177,0.74812,0.62696,0.62485
2018-12-10,0.62786,0.58686,0.58659,0.62933,0.623,0.65061,0.67043,0.59867,0.60506,0.72234,0.58312,0.69085,0.60539,0.60921,0.60586,0.59135,0.59031,0.5915,0.62343,0.56997,0.58649,0.63138,0.59719,0.59919,0.74687,0.59684,0.62068
2018-12-17,0.60619,0.60174,0.5786,0.62855,0.61454,0.6212,0.64882,0.59867,0.59433,0.72476,0.57775,0.68208,0.60788,0.60387,0.57252,0.58011,0.57443,0.5915,0.61278,0.56997,0.57574,0.62649,0.59394,0.59243,0.74815,0.56906,0.61902
2019-01-07,0.56953,0.53538,0.56438,0.58326,0.58928,0.55985,0.62029,0.582,0.55475,0.66347,0.53759,0.65213,0.55943,0.57066,0.55708,0.55381,0.54908,0.54534,0.59505,0.56997,0.55168,0.61202,0.57286,0.55104,0.71213,0.53992,0.58235
2019-01-14,0.57119,0.53215,0.56169,0.57338,0.57986,0.56826,0.64202,0.532,0.57002,0.66024,0.55066,0.65239,0.5765,0.5605,0.55708,0.55146,0.56152,0.56244,0.58042,0.56997,0.58143,0.60602,0.59399,0.56812,0.71549,0.5104,0.57985
2019-01-21,0.60036,0.5681,0.55686,0.57316,0.57333,0.56826,0.674,0.56117,0.58488,0.66992,0.56422,0.65707,0.60387,0.59462,0.52456,0.55988,0.56016,0.57611,0.57927,0.56997,0.58557,0.60486,0.60131,0.56766,0.74983,0.51256,0.59818
2019-01-28,0.57369,0.56257,0.55883,0.5771,0.56667,0.56657,0.66334,0.57533,0.59429,0.67798,0.57269,0.66023,0.61567,0.60014,0.55708,0.56349,0.55479,0.57611,0.58033,0.56997,0.593,0.61195,0.60782,0.56387,0.73912,0.51926,0.59735
2019-02-04,0.57203,0.58645,0.56298,0.58922,0.56592,0.56489,0.66011,0.60033,0.6003,0.65863,0.57534,0.66099,0.62151,0.59228,0.55708,0.56753,0.56178,0.57611,0.57935,0.56997,0.5897,0.61169,0.61025,0.58106,0.73794,0.5282,0.60568
2019-02-11,0.58203,0.55339,0.5707,0.59527,0.56601,0.57162,0.66026,0.58117,0.60518,0.67153,0.57517,0.6633,0.62207,0.59311,0.55708,0.5725,0.55417,0.57611,0.58059,0.56997,0.59631,0.60814,0.61351,0.59076,0.73781,0.54049,0.61402
2019-02-18,0.58953,0.57397,0.5785,0.60206,0.56524,0.5859,0.68185,0.59283,0.61303,0.68363,0.58376,0.6727,0.62813,0.60434,0.55708,0.5809,0.56355,0.58808,0.58741,0.56997,0.6178,0.59621,0.62082,0.60201,0.76463,0.54246,0.61318
2019-02-25,0.60036,0.59323,0.58635,0.61166,0.5717,0.5901,0.71299,0.6095,0.62917,0.66508,0.59952,0.68781,0.63944,0.61567,0.55708,0.59559,0.58113,0.60603,0.59681,0.56997,0.62854,0.59152,0.64115,0.61299,0.77023,0.54371,0.62985
2019-03-04,0.60286,0.58711,0.60155,0.62539,0.5766,0.58926,0.71298,0.6095,0.63378,0.69814,0.60728,0.69185,0.6513,0.6284,0.58147,0.60135,0.60092,0.60603,0.60507,0.56997,0.6211,0.6077,0.64603,0.62192,0.76607,0.55299,0.64485
2019-03-11,0.59869,0.6143,0.60212,0.63154,0.57975,0.5901,0.71306,0.6145,0.6366,0.70298,0.60923,0.6959,0.65496,0.62846,0.58147,0.60651,0.59141,0.60603,0.6098,0.56997,0.62854,0.62293,0.64765,0.61977,0.76971,0.56658,0.64568
2019-03-18,0.59703,0.58265,0.60379,0.63531,0.58727,0.58842,0.71294,0.592,0.63761,0.69734,0.60988,0.69761,0.65383,0.62423,0.58147,0.60914,0.59426,0.60603,0.609,0.56997,0.62606,0.61967,0.64765,0.62013,0.77227,0.56681,0.63902
2019-03-25,0.59453,0.60389,0.60918,0.63284,0.58442,0.58674,0.7127,0.61867,0.63627,0.69008,0.60702,0.69846,0.64975,0.61364,0.58147,0.6098,0.59588,0.59321,0.60874,0.56997,0.6211,0.6225,0.6444,0.63312,0.77324,0.56866,0.63568
2019-04-01,0.60203,0.57174,0.61163,0.63569,0.58517,0.57666,0.70203,0.592,0.63621,0.67879,0.60515,0.69923,0.63737,0.60346,0.58147,0.61023,0.59953,0.59321,0.61039,0.56997,0.61945,0.62037,0.62733,0.62736,0.76957,0.56428,0.63652
2019-04-08,0.60869,0.58315,0.60863,0.63513,0.59175,0.58254,0.70193,0.62783,0.63959,0.68363,0.60857,0.70231,0.6449,0.62085,0.5896,0.61142,0.60641,0.59321,0.61049,0.56997,0.62524,0.63128,0.63139,0.63348,0.77869,0.55808,0.63652
2019-04-15,0.61703,0.59711,0.61001,0.638,0.59435,0.59851,0.71276,0.65283,0.64763,0.69169,0.61547,0.70702,0.65325,0.62868,0.59773,0.61662,0.61638,0.60688,0.61835,0.56997,0.63598,0.63521,0.63871,0.64104,0.78347,0.56071,0.64402
2019-04-29,0.62869,0.62802,0.61136,0.64228,0.60613,0.61784,0.73407,0.66117,0.66015,0.69814,0.62577,0.71486,0.66795,0.64177,0.59618,0.62826,0.62627,0.62056,0.63609,0.56997,0.6492,0.63485,0.64603,0.65017,0.79603,0.57022,0.65152
2019-05-06,0.62203,0.68728,0.61567,0.65034,0.60969,0.62036,0.72326,0.66117,0.66074,0.69492,0.62241,0.71728,0.67692,0.66182,0.59797,0.62774,0.63058,0.62192,0.64092,0.56997,0.65003,0.63784,0.64928,0.65235,0.7879,0.58271,0.66235
2019-05-13,0.62703,0.62282,0.61948,0.65312,0.61116,0.61447,0.71249,0.627,0.66062,0.68685,0.62499,0.71818,0.67634,0.65208,0.59854,0.62713,0.63025,0.62192,0.64892,0.56997,0.64176,0.63436,0.64603,0.65025,0.7837,0.58296,0.66235
2019-05-20,0.63119,0.60538,0.62321,0.65292,0.6147,0.62876,0.71986,0.652,0.66159,0.69814,0.62553,0.71794,0.67022,0.64541,0.59773,0.62666,0.64119,0.62192,0.64738,0.56997,0.65581,0.63774,0.65009,0.6525,0.8034,0.58759,0.66402
2019-05-27,0.63119,0.61075,0.62415,0.66227,0.61606,0.61784,0.69837,0.66367,0.6631,0.69573,0.6324,0.72154,0.68026,0.65903,0.60025,0.6323,0.62846,0.61081,0.64758,0.56997,0.6459,0.63989,0.64928,0.64594,0.78043,0.58726,0.66652
2019-06-03,0.62119,0.65207,0.62095,0.65597,0.61816,0.60943,0.68773,0.61533,0.65167,0.68766,0.61812,0.71617,0.66854,0.64799,0.60025,0.62388,0.62757,0.61081,0.64738,0.56997,0.63433,0.64062,0.63139,0.6375,0.77413,0.58947,0.65152
2019-06-10,0.58786,0.55926,0.6154,0.63785,0.61203,0.58254,0.65558,0.62867,0.62854,0.67556,0.58726,0.69914,0.64938,0.62625,0.59683,0.60999,0.61323,0.55355,0.61957,0.56997,0.60044,0.64181,0.60294,0.61605,0.7453,0.57947,0.61652
2019-06-17,0.58786,0.55034,0.60331,0.60279,0.60653,0.57834,0.65565,0.6045,0.61207,0.66669,0.56796,0.68939,0.61749,0.59767,0.59383,0.60126,0.60089,0.55355,0.6131,0.56997,0.58061,0.63403,0.58993,0.60974,0.74457,0.57226,0.60235
2019-06-24,0.57953,0.57736,0.59328,0.60723,0.60139,0.58506,0.67718,0.5795,0.60797,0.65298,0.56475,0.68436,0.61889,0.58927,0.58708,0.59628,0.58345,0.56637,0.59799,0.56997,0.5897,0.62697,0.59318,0.59779,0.76507,0.5499,0.59735
2019-07-01,0.58619,0.58166,0.59096,0.6077,0.60193,0.58338,0.67732,0.60367,0.61395,0.64411,0.57256,0.68655,0.62804,0.60911,0.58301,0.59477,0.59382,0.57748,0.59691,0.56997,0.60788,0.62575,0.60212,0.59947,0.75519,0.52676,0.61402
2019-07-08,0.59619,0.57868,0.58933,0.61284,0.59961,0.57246,0.66675,0.61033,0.61704,0.65056,0.56038,0.68915,0.63898,0.60684,0.56553,0.59645,0.58762,0.57748,0.59638,0.56997,0.60292,0.62351,0.60456,0.59753,0.74392,0.53793,0.62402
2019-07-15,0.59703,0.57282,0.59206,0.61391,0.59714,0.5859,0.69855,0.61617,0.62145,0.64492,0.57647,0.69289,0.63256,0.60459,0.56342,0.59938,0.59283,0.57748,0.59531,0.56997,0.61862,0.62088,0.60863,0.60353,0.75438,0.54269,0.62235
2019-07-22,0.58369,0.59976,0.59651,0.62528,0.602,0.5733,0.66649,0.61783,0.62393,0.63443,0.58302,0.69548,0.64704,0.62234,0.55537,0.60146,0.59331,0.59628,0.59716,0.56997,0.60705,0.62488,0.61188,0.60421,0.74388,0.54649,0.62402
2019-07-29,0.58536,0.59579,0.59635,0.62685,0.59924,0.5775,0.68784,0.61867,0.6227,0.66508,0.57827,0.69456,0.64277,0.60873,0.55862,0.59431,0.59586,0.59372,0.59706,0.56997,0.60623,0.62308,0.61188,0.60907,0.74684,0.55173,0.62235
2019-08-05,0.58869,0.5986,0.59885,0.62633,0.5951,0.57834,0.68794,0.61033,0.62655,0.66105,0.58195,0.69533,0.64819,0.62104,0.56171,0.59472,0.6041,0.59372,0.59738,0.61235,0.61036,0.61896,0.61513,0.61232,0.76239,0.55509,0.62402
2019-08-12,0.57369,0.52414,0.59898,0.63275,0.58756,0.55985,0.65601,0.61033,0.61948,0.64169,0.57049,0.68866,0.65108,0.61493,0.57878,0.585,0.59928,0.57235,0.59851,0.61235,0.58805,0.60697,0.60456,0.59147,0.75101,0.55992,0.60735
2019-08-19,0.57036,0.61447,0.59532,0.62653,0.58661,0.5691,0.66182,0.607,0.61297,0.65298,0.56281,0.68441,0.62596,0.60063,0.57602,0.57834,0.60081,0.57235,0.5982,0.61235,0.58805,0.59075,0.59481,0.58068,0.74985,0.55719,0.60568
2019-08-26,0.57369,0.57067,0.59168,0.60903,0.58925,0.56237,0.68344,0.59283,0.61129,0.64653,0.56612,0.68353,0.6303,0.59723,0.57163,0.57673,0.60042,0.58774,0.5973,0.61235,0.59879,0.59364,0.59887,0.58104,0.75319,0.54982,0.60485
2019-09-02,0.57453,0.57108,0.58876,0.61067,0.58544,0.56237,0.67272,0.59533,0.61076,0.62314,0.56755,0.68351,0.63887,0.60319,0.5674,0.57522,0.59738,0.58774,0.59725,0.61235,0.59548,0.58568,0.59969,0.59417,0.7535,0.54936,0.60485
2019-09-09,0.58786,0.62488,0.58647,0.6105,0.58663,0.56657,0.68313,0.58783,0.61288,0.64976,0.56611,0.68257,0.63632,0.61277,0.57277,0.57521,0.59361,0.58774,0.59424,0.61235,0.60871,0.59259,0.60538,0.59572,0.77025,0.54618,0.61568
2019-09-16,0.59036,0.57901,0.58614,0.61543,0.58698,0.5775,0.68247,0.56533,0.62031,0.66185,0.58236,0.68642,0.64621,0.62634,0.56448,0.5819,0.59749,0.60739,0.59629,0.61235,0.62606,0.59612,0.62001,0.5993,0.78756,0.54924,0.61402
2019-09-23,0.61619,0.59777,0.59136,0.63301,0.59385,0.59515,0.78324,0.60783,0.63439,0.7175,0.60387,0.70219,0.65594,0.63367,0.5683,0.59825,0.6144,0.60739,0.59887,0.61235,0.65003,0.58914,0.63871,0.61183,0.78791,0.55435,0.61652
2019-09-30,0.60369,0.59182,0.5978,0.64212,0.59632,0.59347,0.77255,0.62283,0.63726,0.69895,0.6032,0.704,0.67586,0.64296,0.56813,0.60036,0.60255,0.6185,0.60156,0.61235,0.64011,0.58705,0.6379,0.62218,0.78045,0.56262,0.63652
2019-10-07,0.59869,0.5748,0.59832,0.64356,0.60357,0.58926,0.67167,0.64033,0.63009,0.68605,0.59588,0.70105,0.66125,0.63131,0.57098,0.595,0.59499,0.60226,0.60265,0.61235,0.62771,0.59093,0.62977,0.61965,0.76778,0.57678,0.62985
2019-10-14,0.59536,0.58976,0.59604,0.63851,0.59542,0.58926,0.6823,0.617,0.62364,0.68363,0.59123,0.69611,0.64515,0.62071,0.56518,0.58994,0.59515,0.60226,0.61643,0.61235,0.62771,0.59049,0.62326,0.61264,0.76757,0.57029,0.63735
2019-10-21,0.59203,0.57695,0.5955,0.63559,0.59865,0.58338,0.70354,0.62033,0.62244,0.68766,0.5911,0.6937,0.64998,0.63036,0.56152,0.58747,0.59445,0.59457,0.6123,0.61235,0.62854,0.59193,0.62408,0.59101,0.77415,0.56376,0.63735
2019-10-28,0.59453,0.57786,0.59639,0.6336,0.6026,0.58086,0.69284,0.61533,0.62256,0.68121,0.58993,0.69361,0.64768,0.62982,0.55941,0.58582,0.59668,0.59457,0.60858,0.61235,0.62937,0.59228,0.62245,0.60766,0.7721,0.5606,0.63735
2019-11-04,0.59203,0.59761,0.59752,0.63691,0.59976,0.57918,0.67137,0.6245,0.62468,0.67556,0.59348,0.69379,0.65031,0.63091,0.55746,0.58689,0.5986,0.59457,0.60707,0.61235,0.62606,0.59486,0.62408,0.6137,0.76576,0.55814,0.63735
2019-11-11,0.59453,0.59761,0.59716,0.63819,0.59907,0.57918,0.68199,0.60867,0.6258,0.68524,0.592,0.69373,0.64771,0.60924,0.55331,0.58776,0.59724,0.59457,0.60404,0.61235,0.63102,0.59391,0.62408,0.61317,0.77369,0.55776,0.63818
2019-11-18,0.59619,0.58124,0.59809,0.64605,0.59625,0.58254,0.69266,0.632,0.62476,0.68685,0.59199,0.69372,0.65108,0.61402,0.55429,0.58751,0.59676,0.59457,0.60128,0.61235,0.62606,0.60072,0.6257,0.60548,0.77494,0.55572,0.63735
2019-11-25,0.59369,0.58637,0.59629,0.64486,0.59826,0.58254,0.68205,0.63617,0.62474,0.70137,0.58932,0.69382,0.65224,0.62069,0.55551,0.58771,0.59792,0.59457,0.605,0.61235,0.62937,0.60183,0.62326,0.60061,0.77118,0.55747,0.63152
2019-12-02,0.59453,0.57918,0.59489,0.6447,0.59627,0.58338,0.7035,0.59783,0.62858,0.6804,0.594,0.69601,0.64759,0.62878,0.55786,0.5927,0.6007,0.59457,0.60486,0.61235,0.64094,0.61208,0.62489,0.60549,0.77623,0.56001,0.62985
2019-12-09,0.59869,0.57761,0.59671,0.64371,0.59599,0.57666,0.6852,0.65867,0.62801,0.69653,0.60078,0.69538,0.65903,0.63119,0.56429,0.5925,0.59773,0.59457,0.60252,0.61235,0.63102,0.61689,0.62652,0.60109,0.77313,0.55747,0.62902
2019-12-16,0.58953,0.6048,0.59577,0.64371,0.59532,0.58338,0.68512,0.66783,0.6301,0.69492,0.60456,0.69369,0.65332,0.62825,0.56803,0.5911,0.59836,0.59457,0.61203,0.61235,0.64011,0.62261,0.62733,0.59454,0.78358,0.55243,0.62902
2020-01-06,0.60786,0.65645,0.60568,0.65739,0.60764,0.64557,0.7559,0.657,0.65164,0.72807,0.62767,0.70545,0.68395,0.66145,0.58575,0.60326,0.60407,0.61423,0.61933,0.61235,0.67929,0.64798,0.6696,0.59719,0.82185,0.57425,0.64568
2020-01-13,0.60786,0.63166,0.60355,0.66269,0.61587,0.62876,0.73449,0.67867,0.65732,0.73372,0.63327,0.70803,0.68034,0.65274,0.59477,0.60667,0.60221,0.67235,0.62319,0.61235,0.67598,0.64991,0.67123,0.61675,0.82436,0.58945,0.64568
2020-01-20,0.59786,0.63083,0.60214,0.66889,0.61466,0.60859,0.70243,0.682,0.65123,0.72243,0.62349,0.70358,0.67673,0.64167,0.59486,0.60274,0.60328,0.63731,0.60377,0.61235,0.65202,0.64203,0.65741,0.61392,0.81065,0.58469,0.63318
2020-01-27,0.59203,0.60794,0.59886,0.67389,0.60867,0.59431,0.69171,0.67033,0.64246,0.70388,0.61047,0.69579,0.65041,0.61843,0.5964,0.59762,0.60026,0.61765,0.62443,0.61235,0.63631,0.63609,0.64196,0.60431,0.79379,0.58304,0.61902
2020-02-03,0.57869,0.5548,0.59605,0.67423,0.60338,0.5775,0.65958,0.612,0.63042,0.69581,0.58617,0.68249,0.63439,0.5984,0.59583,0.58667,0.59407,0.60312,0.61879,0.61235,0.62061,0.62826,0.64196,0.59422,0.75615,0.5657,0.62652
2020-02-10,0.57036,0.56207,0.59477,0.66063,0.59827,0.57162,0.64892,0.59783,0.61789,0.67888,0.55989,0.66891,0.60641,0.57859,0.58811,0.57167,0.57802,0.57491,0.58545,0.61235,0.60821,0.62942,0.63058,0.5816,0.75464,0.54659,0.59152
2020-02-17,0.55703,0.5548,0.59017,0.64368,0.60096,0.57162,0.65983,0.65283,0.61302,0.66839,0.55748,0.6631,0.59701,0.57838,0.5825,0.56404,0.56391,0.59799,0.536,0.61235,0.61069,0.62587,0.60122,0.57352,0.76529,0.52593,0.58902
2020-02-24,0.56619,0.56926,0.58182,0.63177,0.58942,0.57078,0.65985,0.65283,0.61402,0.66114,0.55755,0.66218,0.60453,0.5845,0.57534,0.56245,0.56912,0.59799,0.54867,0.61235,0.62474,0.61037,0.59797,0.57759,0.77589,0.50813,0.58818
2020-03-02,0.53869,0.57108,0.57743,0.62969,0.57728,0.538,0.62746,0.6345,0.60452,0.65791,0.55052,0.65896,0.61052,0.58292,0.57315,0.5565,0.56745,0.5715,0.54625,0.61235,0.59747,0.59594,0.5874,0.56412,0.75535,0.51139,0.59152
2020-03-09,0.52119,0.51744,0.57027,0.62421,0.56343,0.52876,0.62775,0.57283,0.58883,0.63533,0.52533,0.6375,0.56699,0.54457,0.56591,0.54178,0.54544,0.55013,0.53435,0.61235,0.5735,0.58057,0.56707,0.55986,0.73038,0.51478,0.57152
2020-03-16,0.46786,0.43496,0.55156,0.60409,0.50894,0.48674,0.56536,0.57283,0.55307,0.58372,0.47525,0.59764,0.54892,0.49549,0.56591,0.52115,0.50033,0.4903,0.49617,0.61235,0.51648,0.53544,0.52399,0.51745,0.68797,0.4921,0.54568
2020-03-23,0.47369,0.3991,0.51062,0.55414,0.46032,0.46994,0.54413,0.5395,0.5176,0.55549,0.43832,0.56126,0.5138,0.43098,0.47388,0.5043,0.45831,0.4185,0.47452,0.61235,0.51483,0.46797,0.48984,0.48769,0.60685,0.46727,0.51485
2020-03-30,0.47619,0.40761,0.45783,0.54659,0.44384,0.46321,0.54442,0.5395,0.49489,0.54581,0.4234,0.54256,0.48987,0.42097,0.45551,0.48736,0.43772,0.43389,0.41975,0.61235,0.51152,0.44629,0.48415,0.47908,0.60937,0.4057,0.50235
2020-04-06,0.47369,0.3991,0.42774,0.52686,0.42083,0.46153,0.50161,0.53867,0.47871,0.53614,0.41677,0.52597,0.47546,0.4127,0.43803,0.47114,0.42796,0.41594,0.35239,0.61235,0.51235,0.43691,0.48659,0.47777,0.60439,0.36025,0.49402
2020-04-20,0.44536,0.41058,0.40073,0.49428,0.40764,0.43716,0.48067,0.53867,0.4658,0.5071,0.40194,0.51025,0.45826,0.41568,0.4264,0.45344,0.41483,0.39543,0.33338,0.61235,0.50243,0.4182,0.47195,0.47201,0.58443,0.33504,0.48485
2020-04-27,0.43369,0.36196,0.39085,0.48217,0.39202,0.40775,0.427,0.53867,0.44728,0.50549,0.38597,0.48759,0.43281,0.40497,0.42412,0.43757,0.39503,0.35868,0.3349,0.61235,0.48177,0.4079,0.42561,0.45797,0.57192,0.32066,0.46818
2020-05-04,0.42203,0.37587,0.36809,0.43448,0.3808,0.40607,0.44826,0.3395,0.43209,0.49501,0.36282,0.46726,0.39873,0.3948,0.41551,0.42125,0.37433,0.35868,0.32995,0.61235,0.48177,0.39423,0.40285,0.43267,0.55056,0.32191,0.44818
2020-05-11,0.42036,0.36058,0.35041,0.40966,0.36976,0.40775,0.4377,0.45967,0.4315,0.46759,0.35822,0.46361,0.39963,0.40907,0.41144,0.40948,0.35806,0.38175,0.32237,0.61235,0.48259,0.38777,0.40529,0.43146,0.56336,0.27414,0.44568
2020-05-18,0.40536,0.36802,0.34398,0.41451,0.37433,0.40943,0.4487,0.45883,0.43505,0.47888,0.35574,0.4634,0.42657,0.42165,0.40998,0.40505,0.35509,0.38175,0.31685,0.61235,0.47268,0.39716,0.41342,0.43069,0.56348,0.27304,0.44402
2020-05-25,0.40953,0.39025,0.35586,0.42231,0.38462,0.41531,0.47004,0.45883,0.44576,0.4571,0.37161,0.47421,0.43773,0.44725,0.40689,0.41241,0.37425,0.41252,0.34895,0.61235,0.47929,0.41295,0.43293,0.43053,0.59193,0.30908,0.44485
2020-06-01,0.41036,0.41844,0.36758,0.42233,0.39196,0.42036,0.45943,0.45967,0.449,0.46194,0.37872,0.47748,0.46907,0.47098,0.40681,0.41608,0.37123,0.41252,0.37953,0.61235,0.47433,0.43072,0.43781,0.43046,0.60281,0.31088,0.44485
2020-06-08,0.41619,0.42703,0.36673,0.4228,0.40066,0.43296,0.49158,0.45717,0.45402,0.46597,0.38342,0.48039,0.4672,0.46945,0.4103,0.41571,0.38172,0.42791,0.39881,0.61235,0.47268,0.43169,0.44025,0.43115,0.62101,0.34157,0.44485
2020-06-15,0.42286,0.42323,0.37312,0.44238,0.40319,0.44473,0.49156,0.45633,0.46329,0.47646,0.39852,0.48833,0.48432,0.47576,0.41404,0.42071,0.38637,0.445,0.40983,0.55302,0.47846,0.43599,0.45,0.44373,0.61836,0.34442,0.44485
2020-06-22,0.43203,0.41242,0.38045,0.44903,0.40793,0.45565,0.51313,0.45633,0.47059,0.47081,0.40435,0.49608,0.49469,0.48036,0.41892,0.42608,0.39783,0.46124,0.40983,0.55302,0.49086,0.43316,0.45894,0.4438,0.65216,0.36307,0.45818
2020-06-29,0.43953,0.43984,0.38492,0.49101,0.41786,0.45397,0.51321,0.45633,0.48079,0.48775,0.41617,0.50659,0.50458,0.49025,0.4216,0.43631,0.4131,0.46124,0.44909,0.55302,0.49334,0.43338,0.46626,0.44951,0.63939,0.3648,0.46485
2020-07-06,0.44237,0.44794,0.38906,0.49109,0.43318,0.47184,0.52405,0.45633,0.48527,0.49339,0.4141,0.50885,0.5157,0.49689,0.42055,0.43817,0.42264,0.46124,0.42912,0.55302,0.49747,0.4336,0.47033,0.45483,0.65736,0.38768,0.46652
2020-07-13,0.4507,0.48315,0.39813,0.49109,0.4383,0.47012,0.53527,0.4605,0.49414,0.49985,0.42592,0.5128,0.52179,0.50463,0.4251,0.44024,0.43321,0.47406,0.43532,0.55302,0.49995,0.43737,0.49147,0.45607,0.66132,0.38656,0.46652
2020-07-20,0.45404,0.44753,0.40371,0.51399,0.44655,0.46494,0.5243,0.45967,0.49745,0.5071,0.42809,0.51449,0.53029,0.50679,0.4312,0.44066,0.44585,0.47406,0.44771,0.55302,0.49499,0.44918,0.4939,0.46151,0.6607,0.39875,0.47402
2020-07-27,0.45154,0.47777,0.40917,0.51448,0.45494,0.47529,0.53536,0.45883,0.49955,0.51597,0.43042,0.51604,0.52643,0.51679,0.4299,0.43976,0.44421,0.47406,0.4484,0.55302,0.49747,0.4563,0.4939,0.45991,0.65715,0.39899,0.47402
2020-08-03,0.4532,0.47554,0.40917,0.51451,0.45235,0.46667,0.5244,0.45883,0.49783,0.496,0.42035,0.51465,0.53358,0.50554,0.43356,0.43862,0.4375,0.47406,0.42333,0.55302,0.48755,0.46246,0.49228,0.4493,0.64332,0.4008,0.46818
2020-08-10,0.44987,0.48531,0.39873,0.51458,0.45322,0.46494,0.53505,0.45883,0.4969,0.51052,0.42119,0.51461,0.52547,0.49547,0.43339,0.43532,0.43108,0.47406,0.43642,0.55302,0.49003,0.46598,0.49228,0.45403,0.65268,0.40114,0.46568
2020-08-17,0.45154,0.47505,0.39873,0.51267,0.45206,0.46322,0.5233,0.45883,0.49804,0.4952,0.42149,0.51543,0.52112,0.49551,0.43234,0.43551,0.43521,0.47406,0.42953,0.55302,0.48921,0.47597,0.49228,0.45453,0.63913,0.40061,0.46652
2020-08-24,0.4482,0.4705,0.39873,0.51068,0.45016,0.46236,0.52354,0.45883,0.49807,0.50246,0.42106,0.51469,0.51772,0.49111,0.43778,0.43634,0.43359,0.47406,0.4309,0.55302,0.4859,0.47682,0.49634,0.44075,0.62767,0.39928,0.46652
2020-08-31,0.45404,0.46662,0.41049,0.51,0.44745,0.45805,0.52352,0.45883,0.49656,0.49923,0.41413,0.51473,0.5169,0.4876,0.43038,0.43603,0.43761,0.46209,0.43366,0.55302,0.48342,0.47856,0.49553,0.4383,0.63132,0.39461,0.46652
2020-09-07,0.44987,0.47844,0.40802,0.51,0.44128,0.44943,0.50221,0.45883,0.49273,0.49197,0.40673,0.51258,0.51401,0.47035,0.43882,0.43312,0.43279,0.46209,0.43228,0.55302,0.46607,0.47466,0.48171,0.432,0.61764,0.38986,0.45818
2020-09-14,0.44404,0.45001,0.40222,0.51754,0.43199,0.43391,0.48079,0.45883,0.4806,0.47826,0.39877,0.50487,0.49878,0.45756,0.43948,0.42709,0.42714,0.43047,0.42471,0.55302,0.44623,0.47209,0.47927,0.41267,0.60008,0.37971,0.44152
2020-09-21,0.4407,0.41769,0.39251,0.51612,0.4235,0.43477,0.50223,0.45883,0.47542,0.47988,0.38683,0.49824,0.48108,0.43783,0.43378,0.42146,0.42074,0.43047,0.41396,0.55302,0.44871,0.46741,0.47195,0.40761,0.61393,0.378,0.43818
2020-09-28,0.4357,0.42769,0.38689,0.51123,0.41919,0.42615,0.4804,0.45883,0.47262,0.47504,0.38645,0.49666,0.48678,0.44397,0.43072,0.41944,0.41709,0.43047,0.41024,0.55302,0.44623,0.46056,0.46138,0.40768,0.59899,0.35743,0.43735
2020-10-05,0.43487,0.41587,0.38727,0.50772,0.42211,0.4296,0.49153,0.418,0.47136,0.46702,0.38778,0.49667,0.48235,0.45542,0.42237,0.41759,0.4105,0.43047,0.40226,0.55302,0.45119,0.46331,0.46138,0.41772,0.60183,0.35518,0.43735
2020-10-12,0.4332,0.43364,0.38856,0.50691,0.4221,0.43563,0.50208,0.418,0.47213,0.47589,0.3907,0.49482,0.48636,0.46132,0.42039,0.41621,0.41038,0.44415,0.39785,0.55302,0.46276,0.45561,0.46545,0.42623,0.61658,0.35516,0.43818
2020-10-19,0.4282,0.44885,0.39217,0.50617,0.42085,0.43305,0.50222,0.418,0.47217,0.47992,0.39739,0.49483,0.4962,0.45088,0.41065,0.41578,0.40564,0.44415,0.39716,0.55302,0.46111,0.43822,0.4687,0.42815,0.61923,0.36093,0.43818
2020-10-26,0.41654,0.46372,0.39289,0.50489,0.42443,0.4296,0.5022,0.43467,0.46859,0.47428,0.39012,0.49493,0.49755,0.45378,0.40793,0.41417,0.40289,0.44415,0.39371,0.55302,0.46276,0.4375,0.4687,0.43106,0.60957,0.36764,0.43818
2020-11-02,0.41987,0.43686,0.39277,0.50489,0.42666,0.41667,0.48042,0.43467,0.46194,0.4767,0.39647,0.49033,0.49377,0.44948,0.41406,0.4111,0.40036,0.4262,0.3889,0.55302,0.44623,0.44869,0.46382,0.41872,0.5988,0.35735,0.42735
2020-11-09,0.4232,0.42364,0.39114,0.49929,0.43286,0.42529,0.50177,0.43467,0.45924,0.46299,0.38822,0.48699,0.48144,0.45716,0.41776,0.40614,0.41274,0.43816,0.38476,0.55302,0.45202,0.45925,0.46057,0.42193,0.61213,0.35743,0.42735
2020-11-16,0.42904,0.45306,0.39144,0.49637,0.43345,0.44598,0.52323,0.43467,0.46798,0.48395,0.40102,0.49151,0.4877,0.46512,0.41693,0.41153,0.40774,0.45953,0.38338,0.55302,0.47268,0.46075,0.47195,0.43378,0.62263,0.35555,0.42568
2020-11-23,0.4457,0.4662,0.39277,0.49564,0.43826,0.45288,0.52328,0.43467,0.47378,0.48395,0.40592,0.4939,0.50836,0.47086,0.41602,0.41876,0.42221,0.45953,0.37881,0.55302,0.47846,0.46643,0.47683,0.44759,0.63599,0.36622,0.44152
2020-11-30,0.4507,0.47257,0.39634,0.49559,0.44019,0.46236,0.54521,0.43467,0.48316,0.4896,0.42283,0.50155,0.51407,0.48685,0.41817,0.42789,0.42696,0.47833,0.37953,0.55302,0.49912,0.47612,0.48821,0.45305,0.6507,0.38122,0.45735
2020-12-07,0.4632,0.46637,0.40133,0.49671,0.44017,0.46581,0.54505,0.47883,0.48755,0.49928,0.42967,0.50562,0.53326,0.49898,0.43239,0.43489,0.43928,0.47833,0.39647,0.55302,0.4983,0.48421,0.49472,0.46353,0.64823,0.38663,0.47318
2020-12-14,0.46237,0.4781,0.40521,0.50047,0.44893,0.47529,0.55589,0.503,0.49526,0.48073,0.43484,0.51109,0.53394,0.50827,0.43834,0.43859,0.45285,0.47833,0.41396,0.55302,0.50656,0.49991,0.50691,0.48084,0.6615,0.40436,0.47402
2020-12-21,0.46404,0.49323,0.41181,0.50358,0.45172,0.48822,0.55604,0.503,0.50448,0.53234,0.44211,0.5166,0.54289,0.50056,0.44041,0.45171,0.46415,0.47833,0.42842,0.55302,0.51565,0.48957,0.51342,0.48687,0.66024,0.41086,0.48735
2021-01-11,0.4857,0.48166,0.4234,0.52478,0.48321,0.55985,0.56325,0.53383,0.51797,0.57738,0.46241,0.54709,0.54828,0.5219,0.46305,0.46865,0.4743,0.49045,0.44427,0.55302,0.53313,0.50112,0.52567,0.50252,0.7165,0.43095,0.49068
2021-01-18,0.49737,0.49414,0.4346,0.53022,0.48724,0.56826,0.5846,0.55633,0.52942,0.61851,0.48125,0.56295,0.55868,0.53572,0.47123,0.48051,0.4892,0.50926,0.4608,0.55302,0.55049,0.5095,0.54193,0.50781,0.72597,0.43358,0.49902
2021-01-25,0.50154,0.51604,0.4346,0.53182,0.49005,0.56405,0.5845,0.5755,0.53555,0.629,0.48637,0.57026,0.57358,0.54477,0.47503,0.48625,0.49208,0.50926,0.47457,0.55302,0.54635,0.51266,0.546,0.51714,0.72756,0.44772,0.51485
2021-02-01,0.49904,0.50886,0.44756,0.53655,0.49235,0.56742,0.58476,0.5755,0.53684,0.629,0.48546,0.57268,0.57192,0.54718,0.48041,0.48962,0.4928,0.51353,0.48732,0.55302,0.55296,0.51792,0.53624,0.51589,0.72905,0.45599,0.51568
2021-02-08,0.51237,0.53239,0.45041,0.53914,0.50326,0.58338,0.60633,0.5755,0.54604,0.62738,0.49359,0.58198,0.5742,0.54594,0.48842,0.49789,0.51149,0.53746,0.50426,0.55302,0.57776,0.52381,0.54681,0.52665,0.75813,0.45413,0.51568
2021-02-15,0.5307,0.55891,0.46264,0.54596,0.50823,0.59851,0.61708,0.60883,0.55792,0.63746,0.50889,0.5979,0.59218,0.57218,0.4995,0.50796,0.52607,0.55114,0.52699,0.55302,0.5852,0.53395,0.56226,0.5433,0.77745,0.46633,0.53235
2021-02-22,0.5407,0.56435,0.46264,0.56009,0.50549,0.61447,0.63861,0.6255,0.57193,0.64754,0.52566,0.61219,0.61019,0.58314,0.51445,0.52269,0.54455,0.56652,0.53387,0.55302,0.61082,0.55088,0.57933,0.55757,0.77878,0.48326,0.54818
2021-03-01,0.5507,0.5535,0.46264,0.5813,0.51406,0.6254,0.64941,0.64217,0.58393,0.65883,0.53503,0.62655,0.62342,0.58974,0.51226,0.53707,0.55906,0.5819,0.53663,0.55302,0.62073,0.56479,0.58828,0.56884,0.77495,0.49904,0.56318
2021-03-08,0.5582,0.57585,0.46264,0.58479,0.52103,0.63632,0.63863,0.64217,0.59066,0.66448,0.5374,0.633,0.62338,0.58672,0.52893,0.54751,0.55819,0.56908,0.54077,0.55302,0.62569,0.55728,0.59234,0.57416,0.79906,0.51076,0.58068
2021-03-15,0.5682,0.58942,0.46264,0.60147,0.547,0.64305,0.66015,0.64217,0.60228,0.68142,0.54947,0.64408,0.63168,0.60646,0.55503,0.55971,0.56539,0.59302,0.54627,0.55302,0.63148,0.59009,0.59885,0.58372,0.80404,0.51741,0.58068
2021-03-22,0.56404,0.57495,0.50303,0.61567,0.55766,0.63128,0.63865,0.65883,0.60673,0.69593,0.55172,0.64753,0.64822,0.62159,0.56543,0.56701,0.55902,0.57507,0.5449,0.55302,0.61991,0.60103,0.59966,0.58496,0.78711,0.52476,0.58068
2021-03-29,0.56737,0.57426,0.50222,0.61679,0.56036,0.62876,0.62789,0.6555,0.59972,0.68948,0.53918,0.64613,0.63463,0.6069,0.56812,0.56317,0.55724,0.5631,0.54558,0.55302,0.6133,0.59511,0.59072,0.56562,0.78175,0.5247,0.58152
2021-04-12,0.56404,0.57426,0.50308,0.61634,0.55981,0.62876,0.62782,0.62633,0.5954,0.69754,0.5321,0.64367,0.62448,0.61073,0.57405,0.55898,0.5335,0.5631,0.5522,0.55302,0.61247,0.61164,0.5899,0.56658,0.77473,0.50944,0.58068
2021-04-19,0.5682,0.57496,0.50303,0.61792,0.56229,0.63044,0.63862,0.62633,0.59606,0.68303,0.53408,0.64367,0.62193,0.59659,0.57023,0.55937,0.5316,0.5631,0.55495,0.55302,0.61991,0.60848,0.59315,0.5769,0.78684,0.50725,0.58152
2021-04-26,0.56987,0.57331,0.5064,0.62211,0.56438,0.63044,0.62787,0.62633,0.59908,0.679,0.53977,0.64195,0.63131,0.59877,0.57023,0.56096,0.5308,0.57934,0.55454,0.55302,0.62321,0.60742,0.59803,0.57511,0.77564,0.51172,0.58068
2021-05-03,0.57237,0.56546,0.5064,0.62223,0.56547,0.63464,0.63861,0.62633,0.60306,0.67254,0.53878,0.64195,0.63314,0.6086,0.56738,0.56197,0.53164,0.57934,0.55454,0.55302,0.63396,0.60812,0.60291,0.56643,0.79168,0.51823,0.58152
2021-05-10,0.58654,0.58715,0.51168,0.62225,0.5695,0.65313,0.66016,0.62633,0.61257,0.66609,0.55034,0.64801,0.64093,0.62678,0.57088,0.56883,0.5414,0.60156,0.55908,0.55302,0.64139,0.6094,0.61673,0.58365,0.80979,0.51939,0.58152
2021-05-17,0.58404,0.63064,0.51168,0.63063,0.58444,0.64641,0.66014,0.6255,0.61935,0.66609,0.54827,0.65124,0.66095,0.6392,0.57682,0.5733,0.54356,0.60156,0.56597,0.55302,0.63892,0.60824,0.62161,0.58441,0.80994,0.53562,0.59402
2021-05-24,0.5832,0.62904,0.51863,0.63108,0.58689,0.65313,0.65475,0.62633,0.62155,0.67577,0.55028,0.65286,0.66394,0.65094,0.58275,0.57221,0.55979,0.60156,0.57162,0.55302,0.63065,0.61722,0.61998,0.5835,0.79672,0.54242,0.59402
2021-05-31,0.58487,0.59665,0.51773,0.63129,0.58591,0.65817,0.66012,0.6255,0.62299,0.67658,0.5505,0.65204,0.65961,0.63663,0.5821,0.56948,0.5443,0.60156,0.57011,0.55302,0.63065,0.61645,0.61998,0.58295,0.81244,0.54767,0.59485
2021-06-07,0.58987,0.60048,0.51773,0.63664,0.59252,0.66489,0.6816,0.6255,0.63033,0.67254,0.5594,0.65509,0.66193,0.64504,0.58291,0.57732,0.5564,0.61951,0.57106,0.55302,0.65214,0.62016,0.63299,0.596,0.82293,0.54644,0.59402
2021-06-14,0.59737,0.6046,0.52485,0.64631,0.59698,0.6733,0.68167,0.63467,0.63892,0.67496,0.56484,0.66141,0.67779,0.64498,0.58934,0.58326,0.56042,0.61951,0.57244,0.55302,0.65792,0.61868,0.64112,0.60023,0.83313,0.55789,0.60652
2021-06-21,0.6057,0.64178,0.52485,0.65278,0.6003,0.67918,0.67196,0.63467,0.64428,0.6798,0.57372,0.67028,0.68346,0.64917,0.59251,0.59092,0.56598,0.63319,0.58209,0.55302,0.67197,0.62566,0.64925,0.61025,0.83986,0.56891,0.61402
2021-06-28,0.61487,0.65167,0.54112,0.66124,0.61048,0.68926,0.69343,0.6355,0.65121,0.68867,0.58226,0.68361,0.68716,0.66786,0.59852,0.60044,0.5712,0.63319,0.58346,0.55302,0.67776,0.65488,0.66389,0.61815,0.86617,0.57756,0.63068
2021-07-05,0.61737,0.65167,0.54884,0.67066,0.6084,0.69347,0.70428,0.6355,0.65721,0.69835,0.58943,0.69161,0.7007,0.66933,0.61096,0.60763,0.57424,0.63319,0.59655,0.55302,0.6852,0.65247,0.66795,0.63105,0.85189,0.58838,0.64818
2021-07-12,0.63237,0.63482,0.54884,0.68059,0.62624,0.69935,0.69338,0.65133,0.66445,0.71448,0.58895,0.69812,0.70545,0.66664,0.61885,0.61859,0.59311,0.63746,0.5949,0.55302,0.68272,0.64526,0.66958,0.63736,0.85549,0.59707,0.64902
2021-07-19,0.62737,0.63002,0.56694,0.68354,0.63229,0.70523,0.69336,0.65133,0.66854,0.71367,0.59637,0.70284,0.70435,0.66466,0.62112,0.62263,0.6014,0.65199,0.58897,0.55302,0.68024,0.64092,0.67283,0.64301,0.84214,0.60148,0.64818
2021-07-26,0.6307,0.64191,0.56694,0.68961,0.63269,0.70187,0.69341,0.64883,0.6654,0.70964,0.59178,0.70226,0.70468,0.65162,0.62486,0.62077,0.60263,0.6272,0.59862,0.55302,0.67776,0.64047,0.66551,0.64646,0.85193,0.603,0.64902
2021-08-02,0.6357,0.65263,0.56694,0.69043,0.63695,0.70607,0.70408,0.648,0.67038,0.7169,0.58568,0.70446,0.69272,0.67576,0.62096,0.62044,0.6055,0.64772,0.58801,0.55302,0.68354,0.6457,0.66714,0.64814,0.89792,0.60535,0.64902
2021-08-09,0.63487,0.65301,0.59435,0.69101,0.63781,0.69851,0.69342,0.64633,0.67095,0.71287,0.59251,0.70634,0.71301,0.67613,0.62251,0.62029,0.60416,0.64772,0.59218,0.55302,0.67776,0.64451,0.6647,0.64324,0.88941,0.60425,0.65735
2021-08-16,0.63487,0.63767,0.59435,0.69108,0.63681,0.69935,0.69238,0.6455,0.6674,0.71206,0.58545,0.7039,0.69618,0.66963,0.62608,0.61846,0.60562,0.63917,0.59515,0.55302,0.67528,0.64418,0.65901,0.63691,0.91102,0.61317,0.65152
2021-08-23,0.6282,0.64896,0.59435,0.69084,0.63493,0.68422,0.68268,0.638,0.66266,0.70964,0.58069,0.7017,0.69586,0.6681,0.62755,0.61492,0.59838,0.63917,0.59045,0.55302,0.66867,0.64076,0.65169,0.62593,0.89251,0.59647,0.64902
2021-08-30,0.6382,0.63811,0.59183,0.68791,0.63299,0.69767,0.70319,0.64633,0.66147,0.70077,0.57853,0.69977,0.69052,0.66383,0.6282,0.61208,0.59779,0.65199,0.58498,0.55302,0.68106,0.64768,0.69315,0.62594,0.95903,0.59381,0.64902
2021-09-06,0.63654,0.64012,0.59256,0.68657,0.63688,0.70187,0.71396,0.64633,0.66698,0.70077,0.58209,0.70125,0.70843,0.68808,0.62844,0.61547,0.62446,0.65199,0.58498,0.55302,0.69015,0.66013,0.66876,0.64137,0.95987,0.59913,0.65902
2021-09-13,0.6382,0.64397,0.59256,0.69176,0.64241,0.70691,0.71394,0.66383,0.67121,0.72335,0.59233,0.70529,0.71896,0.68969,0.63153,0.62035,0.61579,0.65199,0.59092,0.55302,0.69346,0.66713,0.67202,0.64501,0.96541,0.60978,0.66068
2021-09-20,0.64404,0.66228,0.59375,0.69407,0.64266,0.72288,0.73549,0.668,0.67874,0.71851,0.60235,0.70984,0.71542,0.68535,0.63007,0.62575,0.61983,0.68618,0.59746,0.55302,0.70916,0.67,0.67933,0.65087,0.9746,0.61304,0.66068
2021-09-27,0.65904,0.66363,0.59813,0.71542,0.65051,0.73716,0.75699,0.68133,0.68792,0.729,0.61248,0.71771,0.73509,0.70226,0.62096,0.63135,0.63525,0.68618,0.61606,0.55302,0.71743,0.68183,0.6899,0.65597,1.00063,0.62074,0.67235
2021-10-04,0.68404,0.69818,0.61151,0.71615,0.67505,0.76826,0.78912,0.70633,0.70321,0.74835,0.63842,0.73743,0.75516,0.74347,0.66039,0.64221,0.6624,0.73062,0.63757,0.55302,0.72321,0.70393,0.70779,0.67671,1.04707,0.63921,0.68818
2021-10-11,0.72237,0.71666,0.62877,0.73967,0.71346,0.80859,0.83172,0.73133,0.72455,0.77174,0.6704,0.76589,0.78249,0.764,0.68551,0.66713,0.69707,0.77165,0.65421,0.55302,0.7885,0.71237,0.71673,0.69799,1.08279,0.66235,0.70735
2021-10-18,0.74487,0.75872,0.65399,0.76357,0.73802,0.84052,0.84261,0.74883,0.7432,0.78061,0.68946,0.7834,0.76447,0.7888,0.71275,0.68849,0.715,0.78789,0.69899,0.55302,0.81577,0.72123,0.74543,0.71624,1.09567,0.6929,0.72735
2021-10-25,0.75987,0.75719,0.66673,0.78466,0.75321,0.84809,0.83187,0.7705,0.75617,0.80803,0.68517,0.79469,0.76256,0.79488,0.71275,0.70055,0.73858,0.78789,0.72323,0.55302,0.82321,0.7236,0.74706,0.73032,1.10066,0.70885,0.74652
2021-11-01,0.7632,0.77005,0.66673,0.77385,0.76953,0.84977,0.84265,0.7705,0.76311,0.81529,0.68811,0.79881,0.76276,0.812,0.74088,0.7048,0.70982,0.80755,0.73415,0.55302,0.82569,0.73194,0.75031,0.73769,1.11034,0.7263,0.76402
2021-11-08,0.7707,0.78566,0.67952,0.80302,0.78729,0.85313,0.85356,0.7705,0.76509,0.82174,0.682,0.79895,0.76342,0.80922,0.75714,0.70542,0.73844,0.78703,0.73387,0.55302,0.82487,0.73681,0.74868,0.72767,1.08441,0.74143,0.76402
2021-11-15,0.77654,0.7921,0.6868,0.80363,0.78946,0.85145,0.85365,0.76967,0.76616,0.84109,0.68896,0.79805,0.76914,0.72014,0.76194,0.70467,0.75803,0.78703,0.7285,0.55302,0.82734,0.73148,0.7495,0.72641,1.08318,0.74393,0.76485
2021-11-22,0.76654,0.79041,0.69954,0.80361,0.78148,0.84136,0.83221,0.78217,0.76197,0.84513,0.68759,0.79666,0.7793,0.71407,0.76259,0.70335,0.74947,0.78703,0.72782,0.55302,0.83065,0.72595,0.74218,0.71734,1.05681,0.74413,0.76402
2021-11-29,0.76737,0.77897,0.70039,0.80323,0.767,0.83212,0.84298,0.74967,0.75864,0.84029,0.68561,0.79436,0.77864,0.71481,0.7795,0.70021,0.75479,0.78703,0.70782,0.55302,0.82073,0.73047,0.73811,0.71699,1.03828,0.72495,0.76485
2021-12-06,0.75487,0.72576,0.69188,0.7935,0.76902,0.80943,0.77096,0.7505,0.74065,0.81448,0.68561,0.77583,0.77848,0.7224,0.76104,0.69223,0.74483,0.71695,0.6843,0.55302,0.79842,0.74154,0.71454,0.68734,1.03453,0.71867,0.75235
2021-12-13,0.75154,0.72807,0.68335,0.79004,0.7598,0.81531,0.79247,0.7455,0.73393,0.80883,0.66214,0.77583,0.77277,0.70119,0.74844,0.68618,0.74098,0.73917,0.66716,0.55302,0.79759,0.734,0.71535,0.67866,1.03835,0.69599,0.74818
2021-12-20,0.75237,0.74445,0.68335,0.7852,0.76155,0.80523,0.79246,0.73883,0.73204,0.82093,0.66726,0.76938,0.7752,0.70272,0.74348,0.68353,0.7518,0.73917,0.65192,0.55302,0.79015,0.71376,0.7186,0.68253,1.0358,0.68157,0.74318
2022-01-03,0.74487,0.76678,0.68335,0.77907,0.76482,0.85145,0.8014,0.76967,0.73435,0.90803,0.67148,0.77341,0.76382,0.70234,0.72527,0.68417,0.74193,0.76466,0.64338,0.55302,0.80238,0.71271,0.72673,0.70346,1.05119,0.65678,0.73818
2022-01-10,0.75737,0.77859,0.68335,0.7758,0.77713,0.8691,0.83368,0.77133,0.74483,0.89835,0.71452,0.78309,0.76591,0.72972,0.72852,0.69244,0.74888,0.78773,0.65724,0.55302,0.82304,0.71443,0.7495,0.7046,1.07638,0.68311,0.74068
2022-01-17,0.7682,0.79215,0.69188,0.77489,0.77705,0.8775,0.83328,0.803,0.76204,0.90964,0.74207,0.8009,0.78751,0.73467,0.72828,0.71067,0.76005,0.78773,0.67389,0.55302,0.8404,0.71649,0.75763,0.72149,1.08402,0.71372,0.75568
2022-01-24,0.77654,0.79716,0.71207,0.78254,0.78145,0.88758,0.85462,0.85467,0.78118,0.94432,0.76925,0.8009,0.80956,0.72397,0.76893,0.73271,0.77542,0.81423,0.68848,0.55302,0.86685,0.72829,0.79015,0.73693,1.0635,0.72717,0.77235
2022-01-31,0.78654,0.81174,0.72583,0.79103,0.7936,0.91111,0.8655,0.86717,0.79635,0.94996,0.78292,0.83961,0.80974,0.73784,0.78519,0.74923,0.79115,0.81423,0.71313,0.55302,0.88172,0.73673,0.81454,0.75004,1.11458,0.73711,0.78818
2022-02-07,0.7957,0.82998,0.73708,0.81315,0.81319,0.92708,0.87597,0.87133,0.81469,0.96448,0.79538,0.86044,0.81532,0.74569,0.78665,0.76833,0.81733,0.84414,0.7331,0.55302,0.89247,0.75798,0.81911,0.7805,1.19047,0.75755,0.78818
2022-02-14,0.80904,0.84472,0.74109,0.82295,0.81336,0.9296,0.8871,0.87467,0.82984,0.98303,0.80718,0.87164,0.82324,0.7382,0.81771,0.78276,0.82499,0.86551,0.74357,0.55302,0.90817,0.77329,0.83649,0.78719,1.18721,0.75962,0.80485
2022-02-21,0.81487,0.83813,0.75267,0.83275,0.82921,0.92708,0.88727,0.888,0.84372,0.99109,0.81183,0.88293,0.82887,0.73731,0.80186,0.79437,0.83633,0.86551,0.76134,0.55302,0.90652,0.79318,0.84299,0.80095,1.18061,0.77416,0.82152
2022-02-28,0.86154,0.87339,0.79115,0.83484,0.86438,0.9901,0.94094,0.908,0.85802,1.00561,0.84218,0.90228,0.83273,0.71964,0.8421,0.80921,0.88971,0.86551,0.78944,0.55302,0.94123,0.85146,0.85844,0.82426,1.24894,0.77881,0.82818
2022-03-07,1.02737,0.99015,0.82434,0.84396,1.09778,1.23716,1.10327,1.06633,0.92762,1.12738,0.96017,0.93454,0.8491,0.69298,0.95592,0.88205,1.00915,1.06038,0.89495,0.55302,1.09329,1.0138,0.96982,0.91001,1.47838,0.7988,0.83235
2022-03-14,1.2807,1.17082,0.89465,0.96378,1.23411,1.47246,1.09253,1.258,1.12295,1.37093,1.17479,1.18615,0.97601,0.81679,1.14291,1.14869,1.16982,1.03218,1.07123,0.55302,1.29825,1.22078,1.12991,1.02164,1.42943,0.8593,0.89235
2022-03-21,1.1182,1.0967,0.90598,1.07312,1.13323,1.35565,1.13545,1.1655,1.10664,1.27577,1.03718,1.11357,1.12648,0.85534,1.10226,1.12404,1.12978,1.08859,1.00238,0.55302,1.24205,1.12392,1.0226,1.02205,1.52433,0.93549,0.94235
2022-03-28,1.17654,1.16574,0.91655,1.08224,1.18064,1.36069,1.27552,1.19633,1.13934,1.27738,1.15464,1.17002,0.93589,0.86293,1.11852,1.15545,1.1308,1.24585,1.08342,0.55302,1.27098,1.2004,1.15577,1.07596,1.55702,0.85684,0.99068
2022-04-04,1.1307,1.21288,0.91655,1.105,1.1827,1.25901,1.10358,1.1405,1.14747,1.30642,0.96677,1.10309,1.12395,0.88868,1.14291,1.09831,1.09612,1.08517,1.09003,0.55302,1.25718,1.17624,1.10049,1.07214,1.49409,0.85684,1.03985
2022-04-11,1.09237,1.11036,0.96013,1.11124,1.12881,1.20943,1.06071,1.0905,1.12007,1.27738,0.90796,1.04099,1.03688,0.86977,1.12421,1.07568,1.0742,1.02192,1.06552,0.55302,1.22991,1.10175,1.04927,1.08089,1.40532,0.85684,1.02985
2022-04-25,1.12154,1.15002,0.96013,1.1182,1.10539,1.24305,1.16802,1.12383,1.14779,1.26206,0.95415,1.04744,1.03528,0.89284,1.11852,1.0813,1.05491,1.14841,1.07552,0.55302,1.22495,1.13094,1.09967,1.07717,1.46809,0.85684,1.02818
2022-05-02,1.14404,1.18895,0.98719,1.12509,1.10896,1.2733,1.23254,1.17383,1.16876,1.2548,0.95878,1.07406,1.07203,0.88363,1.11852,1.10073,1.08561,1.22106,1.11533,0.55302,1.24561,1.16187,1.14515,1.08832,1.62638,0.85684,1.05402
2022-05-09,1.15737,1.23114,1.01949,1.14983,1.1329,1.2733,1.22189,1.20633,1.20074,1.29754,1.01076,1.1168,1.10164,0.88482,1.14291,1.13309,1.09334,1.20141,1.14086,0.55302,1.26545,1.1593,1.15736,1.11872,1.52783,0.96103,1.09985
2022-05-16,1.1432,1.19649,1.03206,1.17564,1.14373,1.24305,1.16759,1.1655,1.18056,1.29754,0.95623,1.09986,1.12388,0.87907,1.15917,1.13093,1.10749,1.13901,1.13627,0.55302,1.21752,1.13405,1.12241,1.12603,1.52344,1.06492,1.09985
2022-05-23,1.12737,1.15116,1.04041,1.18401,1.146,1.21868,1.12467,1.12383,1.164,1.29593,0.93425,1.08293,1.07712,0.89105,1.14755,1.12436,1.09232,1.10397,1.1225,0.55302,1.18942,1.12757,1.09639,1.12352,1.47147,0.96094,1.08735
2022-05-30,1.11654,1.12246,1.04002,1.18238,1.13682,1.24136,1.20028,1.1755,1.15175,1.27174,0.91427,1.07728,1.06447,0.88859,1.14291,1.11849,1.09599,1.17747,1.09895,0.55302,1.19603,1.11843,1.1159,1.13006,1.53717,0.96094,1.07152
2022-06-06,1.19737,1.1843,1.04902,1.20592,1.17359,1.33387,1.30784,1.24883,1.20521,1.32335,1.02545,1.13454,1.08883,0.89358,1.17543,1.15024,1.16781,1.26807,1.17546,0.55302,1.28115,1.19513,1.20298,1.14863,1.69644,0.96094,1.08402
2022-06-13,1.2807,1.28997,1.07803,1.22341,1.21669,1.38513,1.38299,1.25217,1.27698,1.42416,1.11536,1.2168,1.11499,0.93969,1.2486,1.21889,1.22494,1.33901,1.22333,0.55302,1.36628,1.2278,1.30949,1.18358,1.71281,0.96094,1.13402
2022-06-20,1.31904,1.3407,1.12051,1.23886,1.25696,1.40193,1.41113,1.25217,1.33714,1.46609,1.16968,1.2797,1.11548,0.943,1.28925,1.2769,1.28825,1.35354,1.28228,0.55302,1.38198,1.25601,1.35806,1.19316,1.7462,0.96094,1.15568
2022-06-27,1.32737,1.34448,1.1592,1.31986,1.2692,1.39101,1.37848,1.3505,1.35693,1.49674,1.16606,1.29019,1.19119,0.94059,1.32177,1.29967,1.28688,1.32619,1.31172,0.55302,1.38033,1.24866,1.34667,1.19426,1.72185,1.05847,1.19902
2022-07-04,1.32149,1.28924,1.16355,1.33112,1.26241,1.35067,1.29276,1.25217,1.33711,1.39432,1.11117,1.24986,1.20455,0.93378,1.31364,1.29041,1.25975,1.22705,1.27387,0.55302,1.36049,1.21458,1.28733,1.18923,1.65167,1.18691,1.22402
2022-07-11,1.33815,1.23349,1.15519,1.33038,1.25948,1.32126,1.26011,1.24967,1.29249,1.34513,1.05304,1.19825,1.18681,0.90211,1.29738,1.25689,1.2254,1.22534,1.21981,0.55302,1.31999,1.1566,1.23041,1.18783,1.63571,1.17284,1.18818
2022-07-18,1.29149,1.21937,1.15519,1.3097,1.2463,1.33134,1.25976,1.248,1.25043,1.29916,1.0322,1.17244,1.16353,0.91473,1.25055,1.22349,1.19367,1.20995,1.17217,0.55302,1.26958,1.17072,1.25643,1.18864,1.67562,1.16545,1.18402
2022-07-25,1.26982,1.19756,1.14224,1.29608,1.22131,1.29941,1.21654,1.03133,1.21857,1.27577,1.00281,1.13454,1.18178,0.93844,1.20795,1.18544,1.16602,1.14243,1.13733,0.55302,1.22413,1.18093,1.17676,1.16692,1.61073,1.12665,1.15568
2022-08-01,1.24149,1.17739,1.10837,1.25352,1.18009,1.30277,1.22715,1.21717,1.18573,1.22577,0.95609,1.10793,1.13113,1.01425,1.18909,1.15035,1.13319,1.1997,1.10721,0.55302,1.22495,1.16786,1.1548,1.16205,1.61246,1.08646,1.15318
2022-08-08,1.14982,1.12693,1.08302,1.24281,1.13911,1.27168,1.14199,1.14467,1.15345,1.19996,0.92366,1.06196,1.12072,1.02683,1.15917,1.11726,1.09693,1.11166,1.07652,0.55302,1.19933,1.10302,1.08651,1.13984,1.50314,1.03939,1.11902
2022-08-15,1.06982,1.09905,1.06597,1.23388,1.09109,1.28681,1.14033,1.1255,1.11363,1.17013,0.88249,1.03212,1.05251,0.97228,1.11039,1.07238,1.08151,1.11508,1.03974,0.55302,1.1795,1.10105,1.07269,1.12604,1.52715,1.02396,1.07985
2022-08-22,1.09399,1.10813,1.04893,1.19556,1.0774,1.32966,1.21568,1.12467,1.12195,1.17496,0.92423,1.05873,1.04983,1.00233,1.09413,1.06244,1.10551,1.18944,1.02689,0.55302,1.17785,1.09264,1.10684,1.12856,1.60015,1.00904,1.07652
2022-08-29,1.14899,1.20178,1.05745,1.18543,1.1673,1.41538,1.28007,1.208,1.17683,1.20883,1.01491,1.14099,1.07776,1.03448,1.11852,1.11513,1.14979,1.27149,1.07196,0.55302,1.27785,1.18168,1.18326,1.1531,1.66669,0.97806,1.09568
2022-09-05,1.17815,1.21477,1.05745,1.18483,1.1834,1.34389,1.21578,1.208,1.20878,1.22013,0.87429,1.14099,1.07751,1.05813,1.1673,1.13949,1.15032,1.14414,1.09209,0.55302,1.26628,1.18918,1.15399,1.17975,1.56622,1.01764,1.11985
2022-09-12,1.22649,1.1896,1.04041,1.20241,1.16235,1.32372,1.17273,1.208,1.19598,1.23625,0.85318,1.11761,1.13486,1.03095,1.15917,1.13079,1.14174,1.18773,1.08771,0.55302,1.25801,1.16018,1.14911,1.1761,1.55588,1.08055,1.14152
2022-09-19,1.20565,1.14311,1.01484,1.20056,1.14592,1.23884,1.10806,1.16633,1.16479,1.18464,0.80463,1.0789,1.13403,1.00398,1.13478,1.11054,1.10787,1.10654,1.0597,0.55302,1.21008,1.11111,1.09789,1.12231,1.43891,1.09334,1.14152
2022-09-26,1.19232,1.10265,1.00394,1.19283,1.10264,1.2212,1.15068,1.16633,1.12679,1.14351,0.77365,1.04583,1.07059,0.97963,1.10226,1.07664,1.09426,1.13047,1.02671,0.55302,1.18033,1.09179,1.0792,1.09848,1.49319,1.05364,1.11318
2022-10-03,1.14899,1.12019,1.00551,1.1724,1.1028,1.22372,1.18347,1.12467,1.1155,1.16045,0.80391,1.1039,1.06096,0.94936,1.07787,1.05746,1.08577,1.15611,1.02414,0.55302,1.18528,1.10145,1.09071,1.07918,1.45475,1.02149,1.06818
2022-10-10,1.19232,1.1768,1.01105,1.1559,1.14934,1.32876,1.30149,1.19133,1.15538,1.18787,0.89379,1.23132,1.07311,0.96688,1.09413,1.09898,1.17425,1.26722,1.07634,0.55302,1.26214,1.21395,1.17526,1.09356,1.64448,0.98617,1.08402
2022-10-17,1.22649,1.31696,1.03721,1.17469,1.21997,1.34136,1.33384,1.24967,1.23191,1.24351,0.9918,1.30228,1.07333,1.04421,1.18249,1.17577,1.20777,1.32534,1.16606,0.55302,1.32495,1.24092,1.25494,1.13264,1.64707,1.00988,1.12485
2022-10-24,1.22399,1.32064,1.05818,1.23759,1.25332,1.32624,1.32298,1.2705,1.2515,1.27496,0.97862,1.30067,1.14387,1.08466,1.21444,1.17365,1.20478,1.31081,1.19219,0.55302,1.34396,1.25292,1.25412,1.16194,1.60384,1.05096,1.16985
2022-10-31,1.22149,1.29871,1.05818,1.24665,1.24718,1.32036,1.2682,1.2705,1.25028,1.28545,0.94737,1.27648,1.1992,0.93892,1.21924,1.16173,1.2025,1.27748,1.20252,0.55302,1.3357,1.27482,1.24437,1.1637,1.62798,1.07363,1.19402
2022-11-07,1.20482,1.22587,1.05468,1.23345,1.22681,1.28338,1.26907,1.25467,1.24412,1.27254,0.91751,1.26196,1.18978,1.05265,1.22144,1.15601,1.19182,1.14756,1.18916,0.55302,1.28694,1.25932,1.22485,1.18248,1.60098,1.13164,1.19902
2022-11-14,1.13399,1.19992,1.06048,1.22015,1.18479,1.19851,1.17246,1.25467,1.22422,1.28625,0.89259,1.24583,1.15953,1.01079,1.22005,1.15101,1.17389,1.14329,1.1685,0.55302,1.17537,1.23709,1.15819,1.18668,1.48463,1.10108,1.15985
2022-11-21,1.06315,1.09843,1.04833,1.1975,1.12177,1.13548,1.08649,1.018,1.17206,1.25077,0.97913,1.18373,1.15686,0.97213,1.20509,1.11614,1.14094,1.06808,1.11891,0.55302,1.09853,1.22434,1.08014,1.15846,1.38795,1.07638,1.10568
2022-11-28,1.00899,1.04249,1.02912,1.17583,1.0603,1.10439,1.04361,1.17467,1.12643,1.19754,0.94185,1.13454,1.08266,0.94976,1.15965,1.06533,1.10168,1.00226,1.06891,0.55302,1.05636,1.21649,1.0338,1.12872,1.37687,1.03765,1.05652
2022-12-05,0.96565,1.02355,1.00402,1.12701,1.01255,1.08758,1.05434,1.17467,1.07882,1.16448,0.90775,1.09986,1.08012,0.90287,1.10818,1.07906,1.07402,1.01167,1.01809,0.55302,1.04892,1.21024,0.99361,1.08996,1.38467,0.9991,1.03402
2022-12-12,0.92815,0.98505,0.9701,1.09067,0.95583,1.0212,0.94664,1.09217,1.03502,1.11932,0.83427,1.03293,0.99402,1.09629,1.05144,0.98349,1.04316,0.90739,0.9747,0.55302,0.99024,1.20567,0.92857,0.97934,1.26645,0.97121,0.98318
2022-12-19,0.90815,0.96806,0.935,1.06712,0.94399,1.05985,0.9993,1.04217,0.99435,1.03948,0.84317,1.02083,0.98426,1.11547,1.00176,0.94009,1.00356,0.98261,0.93773,0.55302,1.02165,1.20575,0.96516,0.96325,1.31018,0.94669,0.94985
2022-12-26,0.89815,0.97967,0.94028,1.05733,0.94037,1.05733,1.01084,1.05467,0.97914,1.09029,0.84872,1.02002,0.92313,1.12024,0.95014,0.91766,0.9954,0.94842,0.92795,0.55302,1.02413,1.21935,0.96434,0.93448,1.29744,0.91645,0.94902
2023-01-02,0.91774,0.99654,0.88544,1.01418,0.94269,1.00952,1.02092,1.0855,0.99357,1.16771,0.86301,1.02406,0.9366,1.11802,0.93696,0.93247,0.99274,0.97297,0.91838,0.55302,1.04644,1.00576,0.97328,0.93045,1.35728,0.88824,0.94568
2023-01-09,0.96607,0.97156,0.90892,0.98927,0.9377,0.98683,1.01447,1.073,1.01103,1.17013,0.97382,1.02002,0.9486,1.13736,0.93144,0.91385,0.98714,0.92728,0.95236,0.55302,1.04066,1.0029,0.94482,0.90713,1.33067,0.88526,0.95152
2023-01-16,0.96357,0.96208,0.89064,0.98189,0.93326,1.0733,1.06799,1.073,1.00867,1.15158,0.96147,1.01357,0.9454,1.0748,0.94322,0.91021,0.99394,0.96263,0.95063,0.55302,1.0357,0.99409,0.95458,0.91891,1.36692,0.90043,0.94985
2023-01-23,0.9819,0.97703,0.88881,0.97866,0.93579,1.01204,1.06798,1.098,1.0163,1.18706,0.98782,1.03051,0.9382,1.08235,0.9494,0.91957,1.00471,0.99194,0.9744,0.55302,1.04892,0.99039,0.97328,0.93987,1.39847,0.88759,0.94152
2023-01-30,0.99607,0.98947,0.90215,0.97855,0.94831,1.01036,1.06812,1.12883,1.0293,1.17738,1.01032,1.04502,0.9478,1.10467,0.9577,0.95008,1.02643,0.99625,0.9985,0.55302,1.07785,0.99471,0.98628,0.95937,1.34887,0.88702,0.94068
2023-02-06,0.94857,0.96775,0.90577,0.97867,0.95135,0.94902,0.99218,1.14383,1.0073,1.1919,0.96372,1.01035,0.9814,1.04995,0.97631,0.93755,1.00913,0.92125,0.96545,0.55302,1.01917,0.99214,0.92937,0.94682,1.26131,0.90314,0.93652
2023-02-13,0.91524,0.90554,0.8854,0.98653,0.92509,0.9507,0.95925,1.04217,0.96707,1.1169,0.91421,0.96599,0.9678,1.00845,0.97932,0.90159,0.9844,0.93418,0.93652,0.55302,0.96545,0.94625,0.89116,0.91524,1.27998,0.92707,0.89652
2023-02-20,0.9044,0.89993,0.87245,0.9781,0.91855,0.92801,0.95956,1.04217,0.95274,1.09674,0.92282,0.96115,0.8822,1.00245,0.96014,0.88799,0.96756,0.90832,0.93294,0.55302,0.94644,0.94307,0.89604,0.9095,1.2723,0.85261,0.89568
2023-02-27,0.8844,0.87948,0.86103,0.97048,0.91422,0.9154,0.92777,1.04217,0.93431,1.09513,0.89945,0.94986,0.891,0.98364,0.93599,0.8758,0.9416,0.89539,0.88447,0.55302,0.92991,0.9178,0.88141,0.89912,1.26543,0.83693,0.89068
2023-03-06,0.90024,0.89778,0.85455,0.96576,0.91243,0.93725,0.98155,1.04133,0.93406,1.07658,0.90103,0.9547,0.887,0.984,0.8991,0.86544,0.94394,0.92556,0.88126,0.55302,0.95884,0.90346,0.9025,0.91242,1.29573,0.81671,0.88985
2023-03-13,0.88524,0.9121,0.85472,0.96119,0.89885,0.91036,0.93829,1.04133,0.93725,1.10803,0.92293,0.95712,0.899,0.95673,0.89292,0.86832,0.91977,0.91263,0.87693,0.55302,0.93983,0.90486,0.89112,0.93178,1.23513,0.81534,0.90068
2023-03-20,0.85857,0.85735,0.84301,0.95327,0.87277,0.88683,0.90598,0.94883,0.91938,1.08142,0.90623,0.93615,0.9086,0.92118,0.89504,0.85949,0.876,0.85573,0.88038,0.55302,0.8919,0.8708,0.86104,0.90464,1.22769,0.82031,0.87485
2023-03-27,0.8469,0.8476,0.82192,0.93157,0.87086,0.87759,0.91592,0.948,0.8986,1.05964,0.90452,0.91841,0.899,0.94273,0.89276,0.85856,0.84763,0.85573,0.83617,0.55302,0.9076,0.84709,0.85453,0.88756,1.21311,0.82722,0.87235
2023-04-03,0.8344,0.79678,0.80423,0.90797,0.8741,0.86666,0.88385,0.943,0.88543,1.05158,0.89872,0.90873,0.8518,0.94761,0.87024,0.83069,0.83271,0.83591,0.85893,0.55302,0.90594,0.84558,0.84396,0.87566,1.22684,0.78893,0.85318
2023-04-10,0.85107,0.84909,0.79328,0.89878,0.8617,0.89019,0.89451,0.93633,0.88027,1.06448,0.89219,0.90954,0.8502,0.92209,0.84691,0.83114,0.82374,0.84797,0.834,0.55302,0.91338,0.84305,0.84722,0.92226,1.21402,0.76966,0.84902
2023-04-17,0.83024,0.85207,0.79171,0.89536,0.85369,0.87255,0.88366,0.93467,0.87699,1.03787,0.89087,0.91035,0.8422,0.93459,0.83829,0.83054,0.81864,0.84797,0.81485,0.55302,0.89768,0.84864,0.83071,0.91363,1.20914,0.77079,0.84652
2023-04-24,0.82024,0.81824,0.78105,0.89151,0.82519,0.83137,0.85134,0.93467,0.85774,1.02254,0.85945,0.89099,0.8422,0.90717,0.83097,0.81343,0.8034,0.82556,0.80421,0.55302,0.86049,0.82602,0.81689,0.81496,1.16932,0.76299,0.82902
2023-05-01,0.7919,0.79809,0.75536,0.8793,0.7977,0.81708,0.84051,0.893,0.83149,0.99916,0.82432,0.86277,0.8278,0.88962,0.81918,0.78492,0.77226,0.77384,0.79268,0.55302,0.8357,0.80734,0.77937,0.80469,1.12554,0.73723,0.81235
2023-05-08,0.76024,0.77976,0.73201,0.86757,0.76945,0.79187,0.78753,0.87633,0.80589,0.9669,0.77892,0.82567,0.8278,0.86573,0.79764,0.75953,0.73505,0.75746,0.7705,0.55302,0.80677,0.78152,0.73954,0.82415,1.12572,0.74719,0.78652
2023-05-15,0.7569,0.77405,0.70879,0.85238,0.74387,0.78263,0.7983,0.87633,0.78793,0.94351,0.77061,0.81599,0.7454,0.85294,0.76796,0.73845,0.71165,0.76953,0.71041,0.55302,0.81504,0.76583,0.7558,0.82448,1.11391,0.68603,0.77985
2023-05-22,0.75357,0.77535,0.7044,0.82709,0.73023,0.79103,0.81971,0.8755,0.78555,0.92013,0.77442,0.82325,0.7502,0.8451,0.74333,0.73533,0.70449,0.77987,0.71874,0.55302,0.81917,0.75524,0.76718,0.78503,1.13741,0.67815,0.78818
2023-05-29,0.76274,0.76484,0.70206,0.82138,0.72747,0.79103,0.80881,0.8755,0.79112,0.93142,0.78453,0.83051,0.7582,0.87567,0.73666,0.74514,0.69941,0.79022,0.71954,0.55302,0.82165,0.75908,0.77124,0.78993,1.12607,0.6787,0.79318
2023-06-05,0.75274,0.79532,0.69784,0.81926,0.73924,0.77843,0.8089,0.8755,0.79223,0.91287,0.7792,0.83212,0.7582,0.87649,0.69317,0.74444,0.69877,0.7747,0.69722,0.55302,0.81586,0.77809,0.74718,0.78995,1.13896,0.68382,0.78985
2023-06-12,0.76857,0.81612,0.69818,0.81904,0.73662,0.78935,0.82998,0.8755,0.79799,0.94513,0.79072,0.8418,0.791,0.8771,0.7078,0.75017,0.70832,0.80746,0.70245,0.55302,0.82991,0.77857,0.78051,0.80468,1.15938,0.68456,0.78818
2023-06-19,0.77024,0.78199,0.69844,0.81932,0.74941,0.80448,0.84955,0.8755,0.80046,0.93706,0.78766,0.84341,0.7966,0.87274,0.72406,0.75748,0.72798,0.80746,0.71403,0.55302,0.8357,0.76836,0.78214,0.8087,1.16151,0.68766,0.79652
2023-06-26,0.78857,0.78753,0.70035,0.84217,0.77597,0.80784,0.8586,0.87633,0.81223,0.95964,0.81056,0.8539,0.8134,0.90514,0.74179,0.76811,0.75005,0.83591,0.72193,0.55302,0.84479,0.79383,0.79596,0.80465,1.16994,0.69839,0.81568
2023-07-03,0.78045,0.80318,0.69788,0.84354,0.77864,0.80532,0.84775,0.87633,0.80907,1.04271,0.78698,0.84825,0.8166,0.87921,0.75284,0.76376,0.74037,0.80056,0.71497,0.55302,0.8336,0.78499,0.76376,0.803,1.15195,0.71242,0.80485
2023-07-10,0.78878,0.82298,0.70636,0.84175,0.77222,0.82465,0.86872,0.87633,0.81079,0.93383,0.77917,0.85228,0.8154,0.86544,0.75374,0.76274,0.73925,0.81263,0.71085,0.55302,0.83856,0.78551,0.79222,0.80344,1.1709,0.70965,0.79235
2023-07-17,0.81212,0.81684,0.71062,0.84106,0.78336,0.82969,0.89029,0.87633,0.82222,0.92335,0.80338,0.86761,0.821,0.92207,0.75431,0.77872,0.75012,0.83159,0.75161,0.55302,0.8493,0.79828,0.80523,0.80457,1.19838,0.72099,0.83068
2023-07-24,0.81128,0.82107,0.71386,0.84945,0.7735,0.85154,0.9009,0.8755,0.832,0.92335,0.80786,0.87648,0.8386,0.90545,0.75553,0.7839,0.76279,0.83159,0.7522,0.55302,0.86087,0.79958,0.80848,0.80757,1.19761,0.73207,0.83152
2023-07-31,0.85378,0.8674,0.73512,0.86762,0.79908,0.89776,0.95439,0.89217,0.86215,0.96529,0.84089,0.91277,0.8386,0.91987,0.76455,0.81383,0.80024,0.89625,0.80468,0.55302,0.91625,0.82289,0.85921,0.82879,1.2603,0.74778,0.85735
2023-08-07,0.89712,0.91349,0.76865,0.89147,0.8325,0.93053,0.99752,0.96717,0.90419,0.98625,0.89633,0.95632,0.8834,0.97495,0.78317,0.85507,0.84646,0.92728,0.78027,0.55302,0.96335,0.82798,0.90962,0.8553,1.30118,0.76767,0.90485
2023-08-14,0.92212,0.95964,0.79831,0.9216,0.8726,0.9465,1.02543,0.9855,0.9319,1.02416,0.91986,0.98051,0.8938,1.02189,0.82618,0.88072,0.86445,0.96263,0.85501,0.55302,0.98071,0.82382,0.92425,0.89336,1.29919,0.79352,0.94735
2023-08-21,0.92295,0.9338,0.81804,0.93646,0.8853,0.93557,1.01457,0.9855,0.94489,1.02416,0.91903,0.98696,0.9538,1.03754,0.86756,0.89517,0.87504,0.93935,0.87369,0.55302,0.98071,0.81898,0.92181,0.91289,1.31248,0.79356,0.94902
2023-08-28,0.93545,0.93851,0.82652,0.95396,0.88707,0.95406,1.02522,0.99383,0.95345,1.02658,0.91099,0.99583,0.953,1.03564,0.89179,0.89682,0.89079,0.96953,0.88071,0.55302,0.98319,0.83058,0.93889,0.91688,1.33827,0.86247,0.96318
2023-09-04,0.94128,0.96341,0.83755,0.97122,0.89499,0.95238,1.02527,1.0205,0.96217,1.10803,0.93991,1.00228,0.9642,1.05394,0.87301,0.90359,0.88973,0.95401,0.90947,0.55302,1.01129,0.83106,0.93563,0.92167,1.31369,0.8649,0.96652
2023-09-11,0.96712,0.9869,0.84697,0.98803,0.8905,0.99103,1.03524,1.03217,0.97154,1.07416,0.95906,1.01841,0.9602,1.044,0.90528,0.92088,0.91855,0.98332,0.92352,0.55302,1.0336,0.77397,0.96165,0.93015,1.38031,0.86771,0.97402
2023-09-18,1.00962,1.00755,0.86452,0.99813,0.94461,1.01204,1.12151,1.02717,0.99973,1.11529,0.99882,1.06277,0.9882,1.09361,0.92845,0.95967,0.94996,1.07039,0.94955,0.55302,1.09311,0.73971,1.00474,0.93991,1.41282,0.87201,1.01068
2023-09-25,1.00795,1.01627,0.87871,1.03143,0.95994,1.01456,1.09976,1.05883,1.01431,1.13383,1.00847,1.07002,1.001,1.08493,0.9574,0.97132,0.95939,1.03246,0.96705,0.55302,1.08815,0.73353,1.02474,0.96024,1.43293,0.88437,1.02485
2023-10-02,1.00628,1.00698,0.87739,1.03303,0.95668,1.01624,1.09955,1.0605,1.01579,1.12013,0.98442,1.07083,1.0362,1.08132,0.97723,0.9663,0.96082,1.03246,0.96953,0.55302,1.07575,0.73117,1.00604,0.97134,1.42051,0.90212,1.02318
2023-10-09,0.99045,0.99886,0.88229,1.03621,0.95693,0.97843,1.04612,1.03383,1.01172,1.1669,0.96776,1.05551,1.0402,1.09017,0.98439,0.95771,0.94274,0.95142,0.97355,0.55302,1.04848,0.7477,0.97515,0.96814,1.35981,0.93328,1.00568
2023-10-16,0.97128,0.94141,0.87432,1.03169,0.93335,0.99187,1.02437,1.0255,0.99032,1.10803,0.931,1.0297,1.009,1.04007,0.96106,0.93776,0.92955,0.97125,0.96138,0.55302,1.03608,0.76625,0.94832,0.95795,1.37345,0.91514,0.98652
2023-10-23,0.96712,0.94614,0.87326,1.02833,0.92542,0.99019,1.05595,1.0105,0.988,1.12335,0.95914,1.03696,1.0074,1.04527,0.95691,0.92662,0.92962,0.98332,0.9602,0.55302,1.03856,0.77588,0.96051,0.96022,1.35909,0.91057,0.99985
2023-10-30,0.95712,0.95012,0.87428,1.02665,0.92426,0.95826,1.02373,0.97717,0.98115,1.11448,0.93618,1.03051,0.9978,1.03757,0.95,0.91157,0.91355,0.95228,0.95867,0.55302,1.02038,0.82469,0.94425,0.95734,1.31606,0.88159,0.99318
2023-11-06,0.95878,0.9491,0.86457,1.02258,0.92499,0.97423,1.01372,0.99383,0.97704,1.10964,0.92986,1.01115,0.9882,1.02697,0.94423,0.89712,0.90475,0.96263,0.95619,0.55302,1.01294,0.86859,0.93287,0.94495,1.34408,0.88574,0.97485
2023-11-13,0.92878,0.92767,0.85417,1.00958,0.91079,0.93137,0.94922,0.9505,0.94917,1.09351,0.89742,0.98293,0.9882,1.00855,0.93683,0.87791,0.88267,0.88591,0.92691,0.55302,0.98897,0.88889,0.89791,0.9206,1.29149,0.86431,0.95818
2023-11-20,0.89878,0.88544,0.84569,0.99634,0.88974,0.91793,0.94964,0.92383,0.92437,1.07254,0.89192,0.96277,0.9498,0.96578,0.92902,0.85517,0.87516,0.90056,0.853,0.55302,0.96005,0.89479,0.88328,0.90475,1.26387,0.84497,0.93318
2023-11-27,,0.88267,,0.98182,0.8746,0.92045,0.94978,0.92383,0.90909,1.05561,0.87532,0.95067,0.9138,0.95057,0.90724,0.84605,0.8839,0.90056,0.86776,0.55302,0.94765,0.89067,0.88002,0.8975,1.26733,0.81843,0.92985
2023-12-04,0.89045,0.87336,0.82481,0.96188,0.86244,0.90784,0.9282,0.913,0.89627,1.03383,0.87701,0.94422,0.9114,0.96112,0.88471,0.83621,0.88669,0.8678,0.86634,0.55302,0.93277,0.88727,0.86376,0.89628,1.26256,0.78788,0.93068
2023-12-11,0.86045,0.86097,0.81075,0.94258,0.84413,0.88851,0.88744,0.90467,0.88264,0.98867,0.84687,0.92325,0.897,0.92966,0.86309,0.82006,0.86896,0.8678,0.85642,0.55302,0.91211,0.87874,0.83856,0.86934,1.22948,0.78525,0.88485
2023-12-18,0.83712,0.83355,0.79294,0.90705,0.82448,0.8633,0.8876,0.898,0.86204,1.06851,0.83602,0.9039,0.8906,0.89971,0.84959,0.80234,0.85699,0.83159,0.83895,0.55302,0.89228,0.86764,0.82067,0.85766,1.24811,0.75728,0.85985
2023-12-25,0.84128,0.83608,0.7877,0.89399,0.81756,0.88095,0.91966,0.898,0.85485,1.01287,0.84286,0.90873,0.8602,0.89974,0.83317,0.80234,0.86247,0.86349,0.83895,0.55302,0.8898,0.86824,0.83693,0.85562,1.26971,0.74214,0.86985
2024-01-01,0.84128,0.81878,0.78859,0.88813,0.81533,0.84618,0.90985,0.898,0.85542,0.98545,0.84862,0.90954,0.8602,0.85493,0.82114,0.80117,0.86025,0.83008,0.83895,0.55302,0.89311,0.84511,0.83124,0.8553,0.91204,0.74214,0.85485
2024-01-08,0.84503,0.83688,0.77462,0.88275,0.81563,0.85711,0.90665,0.92717,0.85077,0.92658,0.83093,0.90148,0.885,0.84085,0.8191,0.80108,0.87621,0.83008,0.83754,0.55302,0.90302,0.83988,0.81905,0.84424,0.9133,0.73042,0.85485
2024-01-15,0.84337,0.82129,0.77134,0.87636,0.8075,0.85795,0.91768,0.92717,0.84735,0.92658,0.8267,0.89825,0.8642,0.87311,0.82057,0.79614,0.87636,0.83008,0.83093,0.55302,0.91294,0.83051,0.82637,0.83632,0.92612,0.74214,0.83985
2024-01-22,0.85253,0.82913,0.77134,0.87648,0.81745,0.85206,0.92847,0.9355,0.84978,0.92254,0.83787,0.90632,0.853,0.87968,0.81951,0.80403,0.84809,0.84888,0.84652,0.55302,0.91625,0.834,0.841,0.84474,0.93454,0.72595,0.86152
2024-01-29,0.87087,0.84767,0.77798,0.8766,0.82493,0.86719,0.96125,0.9355,0.85721,1.06045,0.85406,0.92083,0.861,0.88733,0.82146,0.83087,0.86178,0.86427,0.85313,0.55302,0.93277,0.84936,0.86133,0.85558,0.96194,0.71952,0.89735
2024-02-05,0.8867,0.87058,0.78868,0.88164,0.83476,0.86215,0.96097,0.95467,0.87137,0.97658,0.88558,0.94261,0.861,0.9286,0.8252,0.84621,0.89102,0.89846,0.87261,0.55302,0.94848,0.87119,0.87921,0.85982,0.96867,0.73206,0.91818
2024-02-12,0.9017,0.86461,0.79652,0.90122,0.83983,0.90416,0.99332,0.98383,0.88372,1.04674,0.88856,0.95632,0.9026,0.92375,0.83829,0.85923,0.9249,0.91213,0.89303,0.55302,0.97988,0.88718,0.89628,0.87329,1.01446,0.75447,0.91818
2024-02-19,0.9192,0.90486,0.81463,0.91448,0.86091,0.9008,0.99333,0.9705,0.90884,1.07496,0.91622,0.98051,0.9306,0.95837,0.83821,0.8847,0.94331,0.9335,0.91192,0.55302,0.99145,0.90545,0.91011,0.89446,1.00077,0.76784,0.95985
2024-02-26,0.9067,0.92107,0.823,0.92579,0.86091,0.88904,0.91827,0.97467,0.91135,0.99593,0.90351,0.97567,0.9394,0.94854,0.85366,0.87962,0.93021,0.90786,0.91192,0.55302,0.9774,0.90475,0.89059,0.9057,0.97311,0.78625,0.93568
2024-03-04,0.89003,0.8884,0.81973,0.93084,0.8691,0.88148,0.89685,0.97133,0.90385,0.97577,0.88928,0.96277,0.9346,0.91878,0.85992,0.86844,0.91812,0.88564,0.916,0.55302,0.96914,0.87881,0.88246,0.90197,0.95211,0.79711,0.91735
2024-03-11,0.88087,0.88295,0.8178,0.93107,0.86468,0.86887,0.91815,0.95633,0.89579,0.97577,0.87866,0.95309,0.929,0.90975,0.86236,0.85859,0.90981,0.88564,0.91573,0.55302,0.96087,0.88326,0.87108,0.8956,0.94385,0.8088,0.91652
2024-03-18,0.87503,0.86233,0.81559,0.92706,0.86624,0.87139,0.91789,0.9555,0.88742,1.04351,0.87337,0.94664,0.9042,0.91022,0.86374,0.84979,0.88417,0.88564,0.88997,0.55302,0.95509,0.87471,0.86864,0.88109,0.94457,0.77621,0.89985
2024-03-25,0.88253,0.88434,0.81463,0.92658,0.8666,0.87139,0.91774,0.94717,0.89381,1.08303,0.88037,0.9547,0.9042,0.923854785479,0.86146,0.8586,0.88417,0.90444,0.89478,0.55302,0.96501,0.8927,0.88246,0.88314,0.93833,0.77524,0.92235
2024-04-01,0.88087,0.91048,0.818038654259,0.92698,0.869786604607,0.87559,0.917695638767,0.958,0.89526,1.03545,0.86183,0.95228,0.9074,0.922356027467,0.86293,0.85231,0.85554,0.88991,0.88749,0.55302,0.9617,0.895019549432,0.87433,0.881643085717,0.942583153348,0.77928,0.90068
2024-04-08,0.89503,0.89253,0.818038654259,0.92702,0.882725480921,0.89912,0.939083572405,0.96717,0.9033,1.00722,0.88265,0.95712,0.901,0.94589963513,0.84764,0.857,0.85765,0.92581,0.91077,0.55302,0.98236,0.900018795668,0.89385,0.895041255786,0.964589619135,0.78268,0.89735
2024-04-15,0.89003,0.9141,0.824726454648,0.938,0.888893144843,0.89156,0.928209527384,0.96133,0.91069,1.08545,0.88338,0.95873,0.9154,0.935790183893,0.86268,0.86364,0.86057,0.89675,0.90815,0.55302,0.98154,0.890027481485,0.88409,0.89875758916,0.941522542242,0.78665,0.90235
2024-04-22,0.88587,0.88277,0.82400040904,0.93841,0.892153115727,0.86131,0.906654158011,0.9755,0.90922,1.00158,0.86502,0.95632,0.9122,0.926545899975,0.87406,0.86006,0.85264,0.85316,0.90773,0.55302,0.96335,0.883977030657,0.86458,0.897473671517,0.913468086023,0.79338,0.90068
2024-04-29,0.8492,0.85404,0.816330913181,0.93713,0.886964846077,0.8403,0.899558868881,0.93967,0.89515,0.96206,0.85117,0.94422,0.901,0.888848738638,0.88073,0.84971,0.83499,0.85316,0.893,0.55302,0.9493,0.874719685585,0.85076,0.880463835688,0.903585793753,0.78913,0.87652
2024-05-06,0.83337,0.847,0.812030882503,0.93438,0.875695939188,0.81845,0.888736945126,0.94467,0.88642,0.87093,0.84102,0.93132,0.8954,0.866360830037,0.87886,0.83769,0.83499,0.82666,0.88997,0.55302,0.93195,0.880886882019,0.83368,0.872260908066,0.885058064516,0.78627,0.87652
2024-05-13,0.82337,0.84536,0.799887514061,0.92227,0.866686306953,0.81509,0.899233326185,0.92717,0.87086,0.88545,0.82328,0.91196,0.8674,0.856408630491,0.87203,0.81973,0.78661,0.83948,0.85649,0.55302,0.91294,0.880865608959,0.82962,0.860771271251,0.880957264957,0.76585,0.85568
2024-05-20,0.81253,0.84627,0.799887514061,0.90752,0.850673993858,0.81089,0.888474889762,0.908,0.85685,0.87013,0.81174,0.89986,0.8658,0.846524050305,0.85163,0.8033,0.77572,0.81982,0.83473,0.55302,0.88815,0.876961418193,0.81986,0.845533668342,0.880139846892,0.74744,0.84818
2024-05-27,0.8142,0.80931,0.7755547602,0.89365,0.843237375167,0.79576,0.888379635214,0.91883,0.84783,0.85561,0.80655,0.89422,0.845,0.850493345464,0.83772,0.79441,0.76977,0.82239,0.83087,0.55302,0.8774,0.867941155735,0.81905,0.838062415851,0.882634315425,0.73538,0.84652
2024-06-03,0.80587,0.80591,0.766862664894,0.88274,0.82746562045,0.79156,0.888725030165,0.91967,0.83986,0.86367,0.80396,0.88938,0.845,0.835596755238,0.82667,0.78502,0.76265,0.82239,0.82716,0.55302,0.87575,0.856512904356,0.81824,0.827611430409,0.890112684702,0.72132,0.83985
2024-06-10,0.78503,0.78503,0.758344411494,0.88011,0.805999756454,0.78316,0.867251179751,0.9255,0.82532,0.86367,0.78596,0.87325,0.845,0.816952048712,0.81561,0.77194,0.75482,0.79162,0.79988,0.55302,0.86583,0.836630434783,0.79547,0.814356326227,0.869602047119,0.72149,0.81902
2024-06-17,0.8067,0.84148,0.764699867062,0.87124,0.796917284101,0.805,0.910017023444,0.9405,0.82225,0.87496,0.79319,0.88212,0.8378,0.837281968454,0.80756,0.77139,0.77302,0.83179,0.81889,0.55302,0.88897,0.824206422018,0.81824,0.81696839398,0.894406417965,0.72139,0.82318
2024-06-24,0.82087,0.83164,0.758344411494,0.87614,0.817167075081,0.81677,0.931588754977,0.913,0.83628,0.88625,0.81881,0.90309,0.8426,0.874833299523,0.80333,0.789,0.78946,0.8523,0.80401,0.55302,0.90633,0.850187196242,0.84588,0.827731345682,0.923281951046,0.71641,0.86152
2024-07-01,0.83087,0.84765,0.758344411494,0.8959,0.823625439157,0.82265,0.953127932856,0.90717,0.85092,0.88303,0.82855,0.91277,0.8498,0.878493772987,0.80057,0.8068,0.79047,0.86256,0.83308,0.55302,0.9212,0.84802827381,0.85319,0.864272796689,0.925304596437,0.71534,0.87402
2024-07-08,0.83837,0.85024,0.758344411494,0.90708,0.830699864876,0.82013,0.953127932856,0.948,0.8605,0.86851,0.8272,0.92244,0.87787,0.879303648341,0.80577,0.81844,0.79679,0.86256,0.86159,0.55302,0.92616,0.852819206134,0.86133,0.871976762885,0.937392908923,0.73254,0.87652
2024-07-15,0.83587,0.84996,0.758344411494,0.91045,0.822041145465,0.80248,0.920604712252,0.95467,0.86069,0.84674,0.82889,0.92083,0.88107,0.879928604271,0.81496,0.81785,0.79747,0.84803,0.85162,0.55302,0.91211,0.854611130721,0.84425,0.850364243741,0.90383531961,0.75919,0.86402
2024-07-22,0.8142,0.82479,0.758344411494,0.90884,0.814466603729,0.78736,0.898088830514,0.94967,0.85454,0.88383,0.80527,0.90793,0.87467,0.869189051803,0.81976,0.81082,0.78961,0.83093,0.8463,0.55302,0.90302,0.851154253442,0.82962,0.845792079208,0.89641603467,0.76894,0.84985
2024-07-29,0.81337,0.8536,0.758344411494,0.9006,0.807797485318,0.78232,0.897956448911,0.93883,0.84683,0.90158,0.79311,0.89664,0.86827,0.862595796178,0.8152,0.80116,0.78126,0.81555,0.83032,0.55302,0.89228,0.839123852997,0.81986,0.826751131222,0.882377520999,0.77872,0.84652
2024-08-05,0.80587,0.78413,0.768059106248,0.88445,0.803152010745,0.77475,0.887450239254,0.9355,0.87303624068,0.88464,0.77849,0.88615,0.84427,0.854522223617,0.80845,0.79018,0.76678,0.81555,0.82784,0.55302,0.88484,0.831575774439,0.81254,0.817836762578,0.87303624068,0.75681,0.82902
2024-08-12,0.78254,0.76348,0.758681869312,0.87231,0.792095877353,0.76467,0.887200514552,0.898,0.82708,0.84271,0.77485,0.86761,0.84107,0.85651654164,0.79228,0.7803,0.75277,0.7976,0.81509,0.55302,0.87079,0.825927818292,0.7971,0.809554524082,0.861217209727,0.75879,0.82318
2024-08-19,0.7792,0.78635,0.751866243992,0.86185,0.785666971129,0.75543,0.855178513992,0.878,0.82205,0.84432,0.76175,0.86357,0.83387,0.861740281876,0.78187,0.77474,0.74492,0.7976,0.80451,0.55302,0.8617,0.829792916042,0.80116,0.82319128845,0.854941630176,0.73656,0.82068
2024-08-26,0.75837,0.76063,0.742023724307,0.85384,0.775854038508,0.73694,0.833802439351,0.878,0.80921,0.83545,0.7532,0.84583,0.83627,0.832359992916,0.77496,0.76312,0.738,0.76512,0.78528,0.55302,0.83856,0.814800887539,0.77198,0.781342953614,0.827361220731,0.73284,0.80818
2024-09-02,0.7592,0.80233,0.733883832703,0.83922,0.765712517469,0.72937,0.812608095244,0.8605,0.79806,0.84674,0.73219,0.83696,0.81867,0.833911756464,0.76772,0.74987,0.72331,0.76512,0.76834,0.55302,0.83112,0.806769590643,0.77116,0.774821618797,0.840102193639,0.71954,0.79485
2024-09-09,0.7417,0.7471,0.72825953574,0.82221,0.744646121911,0.72013,0.801570708695,0.82467,0.783,0.84674,0.73422,0.82648,0.81867,0.820119762596,0.75984,0.73953,0.7084,0.75059,0.75195,0.55302,0.8179,0.787353903693,0.75291,0.760553243672,0.815923177652,0.71529,0.78235
2024-09-16,0.7392,0.72729,0.708748338276,0.81865,0.717335641515,0.70837,0.790796156578,0.81217,0.76181,0.93706,0.71502,0.80954,0.80267,0.810305766447,0.75,0.72332,0.69253,0.72837,0.72963,0.55302,0.80302,0.77332349911,0.74397,0.742869491798,0.810848535713,0.6913,0.76152
2024-09-23,0.72087,0.74774,0.69749974435,0.81865,0.714307514543,0.70248,0.791220283987,0.81217,0.7511,0.91609,0.70937,0.80551,0.79547,0.805247770346,0.73707,0.71225,0.6877,0.74803,0.73914,0.55302,0.79806,0.760114619883,0.74478,0.735513248362,0.804435838761,0.68845,0.76068
2024-09-30,0.71337,0.77748,0.690852847939,0.79811,0.708980304956,0.70332,0.791443133047,0.8255,0.74695,0.80158,0.71236,0.8047,0.77547,0.79946301149,0.72691,0.70679,0.68737,0.74803,0.6985,0.55302,0.78897,0.745868000374,0.74966,0.734799911563,0.80807079646,0.67616,0.75985
2024-10-07,0.7417,0.73885,0.690852847939,0.79444,0.707839895842,0.73778,0.834227323929,0.82883,0.74697,0.89916,0.71654,0.80954,0.77627,0.80541939415,0.71699,0.70421,0.69293,0.77794,0.70594,0.55302,0.81955,0.735705194955,0.76185,0.748722327132,0.829421080415,0.65038,0.76068
2024-10-14,0.75337,0.7812,0.69383372533,0.80126,0.724428611012,0.74702,0.84449090641,0.8255,0.76463,0.88545,0.74372,0.82728,0.79147,0.834076675483,0.69863,0.72684,0.72068,0.77794,0.75145,0.55302,0.84435,0.761639428345,0.78299,0.760583398669,0.859682595507,0.66603,0.77568
2024-10-21,0.7392,0.76753,0.696732794764,0.80895,0.733999129334,0.72769,0.834059554614,0.84967,0.77185,0.82093,0.73997,0.82567,0.80027,0.816590961155,0.73528,0.73121,0.7155,0.76085,1.02253,0.55302,0.84021,0.767596988998,0.76673,0.763380791506,0.835598337344,0.67242,0.77902
2024-10-28,0.73754,0.7397,0.696901523673,0.80597,0.732660959445,0.73526,0.791177850774,0.85383,0.77212,0.82658,0.72252,0.82083,0.80667,0.811188004842,0.73253,0.72313,0.71183,0.77709,0.77344,0.55302,0.84765,0.773259770115,0.76836,0.7645060115,0.84184465173,0.68164,0.77402
2024-11-04,0.73004,0.76155,0.697116269557,0.80213,0.731196614995,0.73442,0.834160208104,0.8205,0.77097,0.78142,0.72511,0.8168,0.80747,0.81295294608,0.73717,0.72025,0.70369,0.7523,0.75319,0.55302,0.84352,0.770743615135,0.76267,0.760024120603,0.838782257718,0.6964,0.77735
2024-11-11,0.7492,0.7596,0.70401881583,0.80517,0.729300682742,0.74114,0.844932550219,0.84883,0.77097,0.81771,0.74051,0.82567,0.80027,0.840585430755,0.73749,0.72303,0.71618,0.80102,0.6985,0.55302,0.86831,0.772124769797,0.78055,0.771963255543,0.858592132505,0.69252,0.77652
2024-11-18,0.76587,0.7671,0.710875345127,0.8069,0.706232101891,0.74786,0.866190291054,0.85967,0.78313,0.97093,0.74533,0.82648,0.80827,0.839238561292,0.74172,0.72229,0.72888,0.78307,0.6985,0.55302,0.91542,0.769691298119,0.78137,0.774934190696,0.87075862069,0.68672,0.79318
2024-11-25,0.77504,0.81918,0.710875345127,0.81634,0.753211306582,0.76299,0.866248357601,0.89633,0.79474,0.83706,0.75921,0.84019,0.81707,0.855847967202,0.74822,0.73414,0.74886,0.80017,0.76297,0.55302,0.94104,0.784744703022,0.79763,0.790740852372,0.89131530905,0.69436,0.79318
2024-12-02,0.76837,0.84825,0.723402188363,0.82236,0.759374653685,0.7529,0.844830591422,0.89633,0.80371,0.84513,0.76964,0.84583,0.82507,0.849517652729,0.76009,0.74452,0.766,0.7976,0.77784,0.55302,0.92038,0.79666006293,0.79763,0.788221820374,0.867111997918,0.70698,0.82485
2024-12-09,0.76837,0.80936,0.726260353819,0.82301,0.763161040928,0.74282,0.86634128027,0.9005,0.80409,0.84593,0.76242,0.8418,0.83307,0.856046857143,0.77448,0.7395,0.76366,0.7976,0.77468,0.55302,0.9055,0.79561430282,0.7895,0.784330249397,0.85173370319,0.71298,0.80818
2024-12-16,0.76504,0.79367,0.726725636568,0.82311,0.75512741652,0.76803,0.866225130048,0.88717,0.80478,0.83706,0.75907,0.83857,0.82827,0.854748527003,0.77822,0.73326,0.77192,0.80188,0.7755,0.55302,0.90385,0.787138836773,0.79356,0.778092156823,0.880732663413,0.72306,0.80818
2024-12-23,0.78337,0.79844,0.726725636568,0.82301,0.75501372588,0.76803,0.866225130048,0.9155,0.80991,0.98383,0.75747,0.84422,0.82187,0.854748527003,0.77839,0.73775,0.78003,0.81384,0.7755,0.55302,0.90137,0.78932927543,0.80413,0.789098401849,0.878900593922,0.71838,0.82318
2024-12-30,0.77504,0.80072,0.748118417016,0.82422,0.755631887735,0.77643,0.866085790885,0.91133,0.81331,0.87013,0.77058,0.84502,0.82427,0.849556022647,0.77782,0.74,0.77832,0.81384,0.7755,0.55302,0.89641,0.787478607432,0.80576,0.738593388928,0.878248378531,0.71838,0.82068
2025-01-06,0.7842,0.80317,0.747433275386,0.82424,0.762098672179,0.78598,0.913380970895,0.91717,0.82313,0.82738,0.78225,0.85148,0.83387,0.864156168612,0.77765,0.75298,0.79137,0.8107,0.80423,0.55302,0.90963,0.798170186744,0.82364,0.798464228999,0.910637184352,0.71421,0.81918
2025-01-13,0.7842,0.84281,0.748670620718,0.83997,0.768221561633,0.79354,0.902486428524,0.91717,0.83717,0.87335,0.79152,0.86357,0.83947,0.879531425256,0.79212,0.76984,0.8013,0.82779,0.81154,0.55302,0.9179,0.811981739436,0.82933,0.811330960568,0.901273304072,0.72777,0.82324
2025-01-20,0.8142,0.84655,0.761366192862,0.85282,0.788039985719,0.81959,0.956025250968,0.91717,0.85984,0.90319,0.82687,0.89261,0.85147,0.895069732543,0.80782,0.79809,0.83557,0.87651,0.83247,0.55302,0.9493,0.841033170457,0.86754,0.800331531676,0.923850537213,0.72729,0.84926
2025-01-27,0.8092,0.83724,0.771336537478,0.86988,0.801012668313,0.79942,0.912964824121,0.93883,0.86783,0.87254,0.82912,0.89583,0.86187,0.88609579725,0.82229,0.8084,0.8183,0.85258,0.83509,0.55302,0.93608,0.842803308606,0.85291,0.829937688442,0.891162143354,0.73817,0.86715
2025-02-03,0.78587,0.81094,0.765584415584,0.8722,0.784541458779,0.80362,0.891607923021,0.913,0.86186,0.86125,0.80817,0.88535,0.88187,0.861042112479,0.83944,0.80093,0.80372,0.83292,0.7957,0.55302,0.92203,0.834119039167,0.8334,0.826399967851,0.864802717533,0.74936,0.8517
2025-02-10,0.78837,0.81553,0.747433275386,0.87257,0.788557013521,0.80446,0.902740534163,0.913,0.85993,0.95077,0.80309,0.88293,0.87467,0.877781865901,0.84326,0.80093,0.80547,0.82095,0.80355,0.55302,0.91707,0.837580822836,0.83421,0.833285780305,0.875307054494,0.76788,0.8517
2025-02-17,0.7892,0.84025,0.751523673177,0.87256,0.792060584291,0.80446,0.913307505664,0.92717,0.86121,0.95964,0.80917,0.88535,0.85947,0.877098772808,0.84091,0.79845,0.81535,0.85258,0.81537,0.55302,0.91707,0.835776949886,0.84478,0.846309021499,0.892011412268,0.75476,0.84926
2025-02-24,0.79504,0.84431,0.751523673177,0.8733,0.791277232463,0.80615,0.934680910955,0.9205,0.85952,0.99513,0.79552,0.88535,0.85707,0.880871766785,0.83586,0.79813,0.81581,0.85172,0.81485,0.55302,0.91707,0.833832790445,0.84885,0.859013099735,0.898771630951,0.74181,0.85007
2025-03-03,0.77754,0.84302,0.768780038859,0.87413,0.777792166394,0.79522,0.892026333079,0.93467,0.85265,0.88948,0.7968,0.8789,0.86107,0.865615813001,0.83269,0.79168,0.79951,0.81754,0.57123,0.55302,0.90633,0.821875899108,0.83015,0.848150603741,0.876843049327,0.7462,0.85333
2025-03-10,0.75337,0.79263,0.759494835873,0.86985,0.766922306367,0.76077,0.859835889735,0.8755,0.83833,0.88222,0.77452,0.85148,0.85387,0.849332106647,0.82619,0.77912,0.78067,0.7748,0.79018,0.55302,0.88071,0.806458531935,0.80169,0.822859439365,0.872528374128,0.7515,0.82975
2025-03-17,0.72336,0.77486,0.745899376214,0.85464,0.745155182744,0.7448,0.848847963328,0.85383,0.82,0.87093,0.75057,0.83293,0.81787,0.827901748147,0.81887,0.7624,0.77018,0.7748,0.75713,0.55302,0.87906,0.798647970762,0.7838,0.800494224008,0.825003402132,0.73137,0.79804
2025-03-24,0.73169,0.77811,0.733715103794,0.84811,0.738290748899,0.74144,0.849030043839,0.83717,0.81118,0.86771,0.74045,0.82486,0.81067,0.82382985832,0.80586,0.7489,0.75091,0.7748,0.73923,0.55302,0.83939,0.791704980843,0.78137,0.790180078784,0.837163457151,0.7116,0.7956
2025-03-31,0.74169,0.77279,0.728218631762,0.84812,0.738428010576,0.74144,0.859501695415,0.84883,0.81077,0.88545,0.74713,0.82809,0.78907,0.830819013297,0.79399,0.74285,0.75247,0.78591,0.72352,0.55302,0.85674,0.790107552581,0.79519,0.794394326013,0.84512858328,0.69673,0.79479
2025-04-07,0.73169,0.76559,0.723831680131,0.82904,0.732321095455,0.73136,0.848495404486,0.86383,0.81166,0.87013,0.74887,0.82648,0.79307,0.817612011276,0.79115,0.74094,0.73489,0.7466,0.78702,0.55302,0.85178,0.766823474616,0.78624,0.781958452204,0.774291388337,0.68206,0.80617
2025-04-14,0.71503,0.73751,0.704913590347,0.81359,0.707077823801,0.71203,0.805222631403,0.84883,0.78972,0.81287,0.70323,0.78857,0.79547,0.770843099038,0.78391,0.72065,0.69635,0.72352,0.72586,0.55302,0.81955,0.75674055063,0.73909,0.745229532898,0.754972061963,0.68591,0.77446
2025-04-21,0.71586,0.7157,0.678663462522,0.79543,0.700359470591,0.72379,0.793470109278,0.79633,0.77265,0.78867,0.66421,0.77486,0.77867,0.772065677134,0.77326,0.70202,0.67048,0.71583,0.68413,0.55302,0.79806,0.747305991624,0.73096,0.736668273867,0.766716842888,0.69411,0.7452
2025-04-28,0.70169,0.70506,0.665880969424,0.79006,0.697906604189,0.71539,0.804485290177,0.93467,0.76456,0.79432,0.68507,0.77083,0.73387,0.784033969541,0.76115,0.69309,0.66514,0.71583,0.70989,0.55302,0.79972,0.735979417612,0.74153,0.735944876353,0.755551514049,0.67026,0.73869
2025-05-05,0.69753,0.73314,0.655061867267,0.77669,0.692366593054,0.70194,0.783281069926,0.7345,0.75968,0.78464,0.68208,0.76357,0.73307,0.778985782459,0.74814,0.68546,0.65445,0.69702,0.66347,0.55302,0.78815,0.725242786605,0.72608,0.723754142814,0.73909743496,0.62947,0.72894
2025-05-12,0.67919,0.72865,0.649350649351,0.76762,0.681752201761,0.69942,0.762135857252,0.718666666667,0.7503,0.87013,0.66793,0.7547,0.72907,0.754099771009,0.73481,0.67654,0.64042,0.69702,0.68578,0.55302,0.7898,0.721927693795,0.71795,0.701560141902,0.740943543571,0.62693,0.72243
2025-05-19,0.68753,0.7129,0.647985479088,0.76322,0.68112899988,0.70278,0.794150761312,0.727833333333,0.74902,0.73222,0.68288,0.76438,0.72667,0.763903989064,0.72798,0.67182,0.65009,0.72352,0.69349,0.55302,0.80385,0.709932533733,0.74072,0.721472636026,0.769141861212,0.62242,0.72081
2025-05-26,0.68836,0.72856,0.696901523673,0.7628,0.682040701416,0.68178,0.772881446823,0.737,0.74947,0.73625,0.68305,0.7668,0.73547,0.757295468622,0.72814,0.67793,0.64945,0.72352,0.69074,0.55302,0.80302,0.706723995759,0.7334,0.725952117573,0.758979092629,0.62372,0.733
2025-06-02,0.68086,0.70077,0.651482769199,0.76116,0.679986746456,0.68766,0.772726054205,0.737833333333,0.74661,0.75722,0.67942,0.76438,0.73067,0.759681155823,0.72399,0.67217,0.65233,0.72352,0.69239,0.55302,0.80302,0.688743012824,0.72689,0.722003284072,0.75861242917,0.62756,0.72487
2025-06-09,0.68503,0.69712,0.651395848246,0.75849,0.682360746985,0.69102,0.794203986435,0.742,0.74369,0.76045,0.67878,0.76438,0.72827,0.761023400548,0.72375,0.66726,0.649,0.71326,0.68826,0.55302,0.80715,0.691765807963,0.73015,0.726888205535,0.753108477666,0.62565,0.72487
2025-06-16,0.71336,0.76824,0.652801922487,0.75795,0.686665321604,0.71959,0.826618039447,0.741166666667,0.74864,0.86851,0.68845,0.77486,0.72987,0.771168306229,0.72066,0.6739,0.65668,0.73719,0.70658,0.55302,0.83773,0.688448279905,0.74397,0.74088358209,0.786461706883,0.62461,0.72487
2025-06-23,0.77669,0.7777,0.672655690766,0.77272,0.720290000804,0.76497,0.912259534821,0.827833333333,0.77877,0.92577,0.75763,0.83051,0.74827,0.790425450857,0.72456,0.71439,0.72746,0.80813,0.70479,0.55302,0.89558,0.742034849725,0.79844,0.779667400052,0.832355444081,0.62366,0.75333
2025-06-30,0.74003,0.79292,0.704274465692,0.7978,0.72717328053,0.7406,0.826307818092,0.787833333333,0.79904,0.74754,0.75991,0.82809,0.77067,0.797912706353,0.74985,0.7413,0.73169,0.75514,0.75671,0.55302,0.87658,0.765094406336,0.77811,0.770739391553,0.826232449648,0.62239,0.77365
2025-07-07,0.74254,0.76114,0.695838020247,0.79657,0.72839715736,0.74564,0.847809768913,0.782,0.79293,0.7669,0.71507,0.82083,0.80267,0.795255291469,0.76652,0.73126,0.71031,0.79189,0.75421,0.55302,0.86749,0.754303061681,0.77486,0.769323857467,0.811859017421,0.66228,0.76389
2025-07-14,0.75754,0.78416,0.697709377237,0.80668,0.73576436222,0.75068,0.85824545418,0.8195,0.79821,0.82093,0.75754,0.83132,0.80267,0.8168027993,0.76668,0.73058,0.71363,0.81155,0.76892,0.55302,0.86749,0.759852060585,0.80007,0.778063906444,0.824560464079,0.68173,0.78097
2025-07-21,0.75504,0.75193,0.70274056652,0.81117,0.737466894142,0.7532,0.847321392688,0.837,0.80475,0.78061,0.75862,0.83615,0.81067,0.816525028199,0.76725,0.7313,0.71755,0.77993,0.77404,0.55302,0.89228,0.768763700648,0.796,0.787813874588,0.844166963967,0.67844,0.78259
2025-07-28,0.74504,0.75865,0.702397995705,0.81269,0.740190243902,0.74396,0.822848414198,0.835333333333,0.80746,0.78222,0.7583,0.83615,0.80427,0.813729004656,0.77107,0.72855,0.7181,0.77736,0.77669,0.55302,0.88401,0.757138161756,0.79112,0.782373128735,0.82872383343,0.67425,0.79804
2025-08-04,0.75337,0.78495,0.695198895593,0.81348,0.740463347165,0.74228,0.844321166318,0.8045,0.80453,0.75319,0.73762,0.83373,0.78827,0.819427118644,0.77204,0.71912,0.71379,0.77736,0.76774,0.55302,0.88567,0.752586650451,0.78706,0.782986774937,0.825933378046,0.67654,0.79885
2025-08-11,0.72754,0.75679,0.691021576848,0.8096,0.737280153576,0.72043,0.801409601908,0.800333333333,0.79785,0.75964,0.737,0.82648,0.75787,0.800801076492,0.77115,0.71304,0.71241,0.76369,0.74198,0.55302,0.86749,0.746025625955,0.76348,0.759988151659,0.787122160615,0.67959,0.78341
2025-08-18,0.71421,0.75037,0.68177727784,0.80843,0.719404601365,0.7011,0.801323704766,0.767833333333,0.78987,0.72577,0.72134,0.81922,0.72987,0.7861205663,0.76782,0.70483,0.70511,0.75172,0.73661,0.55302,0.84352,0.738564705882,0.74803,0.753613707781,0.77504705566,0.66944,0.74845
2025-08-25,0.72087,0.77516,0.677385213212,0.80583,0.708678292047,0.70783,0.817390139335,0.791166666667,0.78447,0.79109,0.71345,0.81196,0.71547,0.783564217413,0.76115,0.69714,0.69806,0.75856,0.7282,0.55302,0.84848,0.729266003379,0.7521,0.746696610538,0.798958193004,0.6571,0.74601
2025-09-01,0.71421,0.74179,0.669587892423,0.80307,0.709631645725,0.70531,0.785246318949,0.731166666667,0.78366,0.71206,0.70713,0.81357,0.72347,0.797184335063,0.73221,0.69749,0.69441,0.75856,0.67613,0.55302,0.86253,0.724221558997,0.75454,0.748942586278,0.802833272793,0.63859,0.7582
2025-09-08,0.72171,0.75379,0.673979957051,0.80018,0.716670770746,0.71707,0.877712295741,0.661166666667,0.7855,0.81206,0.70596,0.81761,0.72987,0.791177905381,0.7279,0.70379,0.69729,0.77907,0.74018,0.55302,0.88319,0.725275914814,0.76836,0.755470120857,0.817562838053,0.63759,0.76959
2025-09-15,0.72004,0.74964,0.67414868596,0.79939,0.719789945328,0.72295,0.828041690111,0.655333333333,0.78639,0.87335,0.73308,0.81841,0.74107,0.797061626446,0.73164,0.70763,0.69647,0.76454,0.73881,0.55302,0.88649,0.73266203976,0.76511,0.763312919795,0.803409247125,0.64458,0.77853
2025-09-22,0.71921,0.74524,0.678239083751,0.79971,0.722676149248,0.72379,0.828163730153,0.640333333333,0.78788,0.83142,0.73841,0.82083,0.73707,0.802478643022,0.73229,0.71051,0.69838,0.76454,0.74225,0.55302,0.88732,0.728053533693,0.7708,0.765120494985,0.806697135617,0.65448,0.77772
2025-09-29,0.72254,0.75351,0.672742611719,0.8018,0.722673031026,0.73052,0.849476194304,0.6445,0.78738,0.82577,0.74155,0.82244,0.74507,0.798770993147,0.73505,0.70999,0.70526,0.79019,0.73751,0.55302,0.89724,0.748560721396,0.77405,0.765228521356,0.832710788758,0.65564,0.77853
2025-10-06,0.719205666667,0.778947438017,0.67419129427,0.802644537815,0.722290522319,0.728834453782,0.817094566542,0.656166666667,0.788520661157,0.724966310968,0.74255,0.820831290323,0.74747,0.795023037318,0.737328130081,0.7086,0.69719338843,0.769672222222,0.736605785124,0.55302,0.884130165289,0.750267285533,0.758601626016,0.751423197828,0.791190389516,0.657264262295,0.78747195122
2025-10-13,0.715039,0.752955702479,0.673381736374,0.801980672269,0.720773937526,0.723792436975,0.827653620064,0.653666666667,0.781944900826,0.759130533842,0.728779875,0.814379677419,0.72907,0.783440308394,0.738791544715,0.699919672131,0.690887603306,0.754287606838,0.740324793388,0.55302,0.882394628099,0.739699053785,0.750471544715,0.740337794242,0.801816035594,0.656460983607,0.773650813008
2025-10-20,0.704205666667,0.765129256198,0.66243140062,0.795342016807,0.712958772954,0.693540336134,0.806196775748,0.677833333333,0.775421995041,0.744761032375,0.686167691667,0.807121612903,0.72347,0.783187389456,0.742450081301,0.692026229508,0.687788429752,0.738048290598,0.73288677686,0.55302,0.868907024793,0.741400004561,0.737463414634,0.734624664106,0.789808917197,0.655756065574,0.754138617886
2025-10-27,0.734205666667,0.729220165289,0.653952346866,0.789442857143,0.711923516938,0.732195798319,0.8489303023,0.637,0.773617698347,0.750736105689,0.71616945,0.807928064516,0.70747,0.77623544847,0.742368780488,0.686313114754,0.689557024793,0.788475641026,0.73509338843,0.55302,0.897212809917,0.756999483377,0.749658536585,0.742276287299,0.833870967742,0.644633114754,0.753325609756
2025-11-03,0.733372333333,0.774403383471,0.67282782834,0.790342016807,0.724222831839,0.742279831933,0.859847876158,0.703666666667,0.785122430579,0.79321227871,0.749735175,0.82567,0.73227,0.792249741594,0.748628943089,0.70553442623,0.709143801653,0.788475641026,0.742944628099,0.55302,0.910097107438,0.761686196322,0.783804878049,0.759141757573,0.848577960677,0.631952786885,0.785032926829
2025-11-10,0.770039,0.809618259504,0.691745918124,0.79861092437,0.73916263518,0.767489915966,0.892034497536,0.767,0.798917355372,0.76939446346,0.77249,0.842605483871,0.76427,0.80689251342,0.752937886179,0.723608196721,0.724242975207,0.83634,0.741291735537,0.55302,0.93975,0.765284147179,0.80006504065,0.781936382554,0.865604805679,0.647010163934,0.781780894309
2025-11-17,0.770039,0.808155449587,0.709939666633,0.810199159664,0.759749956317,0.769170588235,0.870479225527,0.783666666667,0.813973493388,0.786183319765,0.789062108333,0.85631516129,0.78827,0.823122055435,0.762287479675,0.746936065574,0.740887603306,0.80556965812,0.741291735537,0.55302,0.946212809917,0.790027738883,0.804130081301,0.796177360834,0.861257810006,0.663165901639,0.823244308943
2025-11-24,0.78671,0.824882722314,0.71752394587,0.82398907563,0.776607832792,0.78513697479,0.891807580565,0.800333333333,0.824503938017,0.808760473794,0.804903916667,0.867605483871,0.79227,0.835061455587,0.769523252033,0.763198360656,0.784408264463,0.856851709402,0.773109917355,0.55302,0.96780785124,0.814030302659,0.822829268293,0.796203216965,0.896965291659,0.700976065574,0.825683333333
2025-12-01,0.76421,0.814238094215,0.719696969697,0.828711764706,0.771232519487,0.764968907563,0.816875761511,0.800333333333,0.820510479339,0.824159859355,0.775183333333,0.860347419355,0.80107,0.805418513337,0.807897235772,0.76216557377,0.77934214876,0.792749145299,0.762225619835,0.55302,0.935402892562,0.8070439761,0.77567504065,0.785090924029,0.825978290614,0.700648196721,0.804545121951
2025-12-08,0.72921,0.781461234711,0.714200497665,0.827358823529,0.748341181871,0.747321848739,0.8275760497,0.7445,0.80884932314,0.831417923871,0.751066666667,0.847444193548,0.75387,0.789536128239,0.811393170732,0.748132786885,0.765044628099,0.754287606838,0.742944628099,0.55302,0.917799586777,0.795947751386,0.755349837398,0.762633335569,0.807927302617,0.695361311475,0.774463821138
2025-12-15,0.72004,0.76531247438,0.714200497665,0.812745378151,0.729020239924,0.728834453782,0.795272006854,0.732833333333,0.79594293719,0.822546956129,0.724808333333,0.83131516129,0.74027,0.778270625498,0.809523252033,0.732468852459,0.732375206612,0.754287606838,0.723655371901,0.55302,0.893411157025,0.784573240936,0.733398617886,0.743030282476,0.81044386423,0.689369508197,0.756577642276
2025-12-22,0.70587,0.725395119008,0.699031939189,0.796577310924,0.702870133754,0.720431092437,0.784542071587,0.732833333333,0.778039580165,0.948353407742,0.665691666667,0.809540967742,0.71387,0.755971265471,0.801393170732,0.713952459016,0.717474380165,0.720954273504,0.70588677686,0.55302,0.851419421488,0.769844233678,0.711447398374,0.722737099771,0.774134119381,0.649531967213,0.737065447154
2025-12-29,0.70087,0.707147185124,0.702483212326,0.779602521008,0.701820727767,0.731355462185,0.7954,0.707833333333,0.767910267769,0.935046956129,0.690858333333,0.803895806452,0.68987,0.75128,0.793425691057,0.702518032787,0.735689256198,0.720954273504,0.703630578512,0.55302,0.861287190083,0.762642650165,0.712260406504,0.719382579887,0.776405325444,0.638245081967,0.730561382114
2026-01-05,0.70337,0.707147185124,0.702955444747,0.766602521008,0.698986710935,0.77536302521,0.800165948449,0.681836065574,0.765929959504,0.97051329554,0.71705,0.799863548387,0.73227,0.762530786201,0.781230569106,0.674780327869,0.711325619835,0.722579487179,0.68847768595,0.55302,0.891404958678,0.751220392284,0.71221,0.715480252715,0.80964123482,0.623597540984,0.731374390244
2026-01-12,0.68837,0.717452970248,0.700538778081,0.75386302521,0.691410375766,0.781245378151,0.789512426891,0.669540983607,0.764487708496,0.826151762709,0.744625,0.797444193548,0.73627,0.756177179618,0.777328130081,0.688059016393,0.71692892562,0.710613675214,0.681866115702,0.55302,0.937958677686,0.749519656935,0.714652924024,0.723778550981,0.822144138756,0.603458196721,0.720805284553
2026-01-19,0.69671,0.70810586281,0.684955444747,0.750123529412,0.690638939264,0.791329411765,0.811350062937,0.70806557377,0.767579684496,1.00020621158,0.758841666667,0.801476451613,0.73547,0.774747160014,0.778628943089,0.688337704918,0.72993,0.742237606838,0.680494214876,0.55302,0.95379338843,0.740237591305,0.730100078496,0.736233323379,0.833998136067,0.598917213115,0.732187398374
2026-01-26,0.71504,0.740295945455,0.688038778081,0.748266386555,0.69832683052,0.90299,0.827686868957,0.711344262295,0.774302924496,0.962125202284,0.774583333333,0.808734516129,0.75947,0.787041669871,0.782206178862,0.698796721311,0.75581322314,0.742237606838,0.691097520661,0.55302,0.942983471074,0.735536308052,0.743921216707,0.748320894342,0.856801392745,0.596917213115,0.752512601626
2026-02-02,0.72421,0.751998424793,0.689788778081,0.751526890756,0.706534213108,0.90714,0.843341232545,0.716262295082,0.780851039496,1.01821966501,0.777216666667,0.814379677419,0.77227,0.788206366299,0.788303739837,0.705673770492,0.766639669421,0.742237606838,0.711158264463,0.55302,0.944256198347,0.735844798715,0.753677314268,0.762320325778,0.850181715203,0.609753278689,0.769585772358
2026-02-09,0.73171,0.74804801157,0.689788778081,0.759375630252,0.715039670582,0.80814,0.821908638141,0.731016393443,0.787991471496,0.951054334241,0.784641666667,0.820831290323,0.78907,0.795298660851,0.793669593496,0.713190163934,0.779019834711,0.755058119658,0.72162107438,0.55302,0.943429752066,0.739138615422,0.754490322398,0.764305645065,0.826026947092,0.627023770492,0.784219918699
2026-02-16,0.72254,0.792486028099,0.689788778081,0.769896638655,0.711451045348,0.80562,0.811035110498,0.751508196721,0.792048388496,1.01880514916,0.783008333333,0.822444193548,0.78987,0.798102725286,0.794889105691,0.716845901639,0.766499173554,0.755058119658,0.72341446281,0.55302,0.951842975207,0.744831273761,0.751238289878,0.768575107608,0.850807400782,0.635294262295,0.785032926829
2026-02-23,0.74587,0.744609995041,0.692705444747,0.771182352941,0.715271975307,0.824102521008,0.853869115344,0.712163934426,0.797175504496,0.874270560246,0.767266666667,0.824057096774,0.78907,0.79767766249,0.796515121951,0.722042622951,0.780796694215,0.787536752137,0.727959917355,0.55302,0.989966942149,0.755949426504,0.765872436219,0.778316085503,0.797175504496,0.644925409836,0.785032926829
2026-03-02,0.76087,0.789436441322,0.707372111414,0.780644537815,0.730179622859,0.89048907563,0.864519755863,0.742491803279,0.812007159496,1.04398443203,0.80995,0.84502483871,0.80507,0.80678821655,0.797653333333,0.737501639344,0.802209917355,0.787536752137,0.744761570248,0.55302,1.00316528926,0.760677923354,0.790262680122,0.799556151526,0.893089279044,0.645679508197,0.784219918699
2026-03-09,1.03921,0.926097598347,0.758288778081,0.817829411765,0.915461021111,1.18544705882,1.11728328961,0.955606557377,0.980889474496,1.11657407347,1.01955833333,1.03857322581,0.82907,0.870706893293,0.804889105691,0.859263934426,1.01755702479,1.04992991453,0.946695454545,0.55302,1.30594214876,1.01141414862,0.977825200447,0.858541671429,1.05594464444,0.646966393443,0.798041056911
2026-03-16,1.08587,1.03028768099,0.867038778081,0.924501680672,1.03158664428,1.17116134454,1.1920503212,1.02691803279,1.1390057965,1.16936291809,1.07364166667,1.10954096774,0.95147,0.92709,0.951637073171,0.993862295082,1.05939173554,1.05676752137,1.05110041322,0.55302,1.31319834711,1.05212998962,1.07193999719,0.906355786689,1.22299192126,0.740533934426,0.834626422764
2026-03-23,1.21504,1.18831247438,0.957872111414,1.02031680672,1.18760497758,1.29805210084,1.33146826937,1.19003278689,1.23371096671,1.33776929259,1.149825,1.23292806452,0.96827,0.965047781615,1.07521430894,1.18541967213,1.18235041322,1.24992991453,1.13705082645,0.55302,1.48751239669,1.21808203293,1.20470406224,1.04033728815,1.42542190641,0.773845409836,0.871211788618
2026-03-30,1.29421,1.23907280496,1.01962211141,1.13776218487,1.22008107958,1.28880840336,1.30970064368,1.22118032787,1.28551142855,1.2985262647,1.2165,1.28373451613,1.1748,0.933938131752,1.29758170732,1.19327213115,1.20236694215,1.24907521368,1.15771198347,0.55302,1.47774380165,1.31053663441,1.22584227362,1.12924459995,1.35602420686,0.968218688525,0.963894715447
2026-04-06,1.36421,1.30865958182,1.08253877808,1.20860252101,1.22814748483,1.41317815126,1.32044161927,1.23921311475,1.31825236755,1.28864578661,1.25391666667,1.24663774194,1.1644,0.963135665204,1.2331101626,1.24191967213,1.24644958678,1.40377606838,1.16432355372,0.55302,1.57814876033,1.33855590677,1.28100975329,1.12100157899,1.39923566879,1.09050557377,1.01592723577
2026-04-13,1.23671,1.32216371405,1.13278877808,1.20910672269,1.2161653001,1.27956470588,1.2989950085,1.2588852459,1.38340544355,1.3254386153,1.32075,1.23534741935,1.262,0.982351295022,1.28392317073,1.2922147541,1.22363140496,1.25078461538,1.29152190083,0.55302,1.48231404959,1.30606021272,1.24198536305,1.09117474031,1.33991920676,1.1585957377,1.01511422764
2026-04-20,1.13087,1.21232073884,1.14796,1.22940084034,1.12150519451,1.16023697479,1.20253164557,1.1113442623,1.31334365055,1.27899107214,1.26260833333,1.14502483871,1.2412,0.985129870463,1.35864,1.26046885246,1.18291239669,1.1354,1.19414173554,0.55302,1.33980165289,1.18048550957,1.14320552565,0.949365341307,1.24593025955,1.17667770492,1.0330004065
2026-04-27,1.09921,1.13007280496,1.14253877808,1.24715714286,1.08223814017,1.20057310924,1.21336616439,1.05970491803,1.24025208355,1.35177241055,1.19575833333,1.09099258065,1.1788,0.978030332414,1.27661,1.21526393443,1.14095371901,1.13454529915,1.12391859504,0.55302,1.35178512397,1.16710128811,1.11693934679,0.971765994089,1.23865226862,1.10880065574,1.04519552846
2026-05-04,1.14337,1.14446949917,1.13420544475,1.24745966387,1.12936105162,1.26282184874,1.29902977584,1.07683870968,1.24717490755,1.36956212127,1.19290833333,1.09260548387,1.1732,0.992468105731,1.21246,1.20381311475,1.14995371901,1.16958803419,1.12391859504,0.55302,1.39692561983,1.22683199882,1.18931991589,1.05984403146,1.30610059991,1.06850557377,1.09560203252
2026-05-11,1.07171,1.19356040826,1.12920544475,1.22898907563,1.11743939886,1.16366218487,1.18124882906,1.06151612903,1.23168983855,1.37606942539,1.18963333333,1.06437967742,1.1484,1.00618405192,1.19864,1.18277213115,1.11820991736,1.10548547009,1.15612520661,0.55302,1.33283,1.16967523356,1.12583942809,1.04302407488,1.17387027077,1.06100557377,1.03137439024
2026-05-18,1.07254,1.14518024298,1.10937211141,1.18680420168,1.05325737952,1.16534285714,1.1704334096,1.03812903226,1.20203789155,1.1947376098,1.15786666667,1.03937967742,1.1228,0.990740896954,1.19311,1.15228852459,1.0929785124,1.08668205128,1.10832355372,0.55302,1.33019008264,1.12661351361,1.11418731427,1.03326236861,1.18434202713,1.00019852459,0.982593902439
2026-05-25,1.06587,1.15899016033,1.09120544475,1.17417394958,1.05611958278,1.1350907563,1.20277305638,1.02522580645,1.20271766655,1.33689279857,1.16314166667,1.03937967742,1.098,1.00684468144,1.17945,1.05769016393,1.08814380165,1.10804957265,1.10005909091,0.55302,1.3119338843,1.13452387364,1.12048934679,1.02651007922,1.21620895661,1.00582147541,0.98909796748
2026-06-01,0.99954,1.11793230909,1.09120544475,1.17327478992,0.978895247041,1.07122521008,1.11684975313,1.02281,1.16900640455,1.31907834211,1.09628333333,0.9789,1.098,1.00331413071,1.17091,1.0823704918,1.04720165289,1.01403247863,1.04344752066,0.55302,1.2277768595,1.02431646127,1.0314306476,1.01436508722,1.11821299472,1.01544442623,0.932187398374
2026-06-08,1.00037,1.05743644132,0.99321,1.14326638655,0.972481804778,1.07962857143,1.15962001606,0.95264516129,1.13845635455,1.28107968737,1.07116666667,0.982928064516,1.0356,1.00064766644,1.15018,1.00228852459,1.02487107438,1.05847692308,1.01466239669,0.55302,1.21934710744,1.04864683216,1.04740373703,1.01406977397,1.14280985656,0.962303934426,0.915114227642
2026-06-15,0.99121,1.07046123471,0.99321,1.11160252101,0.962761999489,1.01660336134,1.10610115066,0.947,1.11771372055,1.27312880691,1.05523333333,0.978089354839,1.0484,1.01477404622,1.10766,1.0202557377,0.984548760331,1.03369059829,1.01245578512,0.55302,1.17914049587,1.03104286353,1.01822552565,0.957767547109,1.12293645331,0.930599016393,0.915927235772
2026-06-22,0.91121,0.93657693719,0.952372111414,1.07743445378,0.886219131248,0.961141176471,1.009672629,0.859096774194,1.06861576955,1.22059133774,0.96735,0.899057096774,1.0224,0.949976871071,1.0775,0.974362295082,0.904714049587,0.922579487179,1.01245578512,0.55302,1.12109090909,0.903039871453,0.936260891504,0.950626050253,1.03033278778,0.959156393443,0.833000406504
2026-06-29,0.90037,0.943072804959,0.901705444747,1.01842605042,0.864177971742,0.989712605042,1.03110575958,0.850225806452,1.03682098455,1.19809148209,0.950058333333,0.989379677419,0.9912,0.922657451261,1.03839,0.93203442623,0.883416528926,0.922579487179,0.919761570248,0.55302,1.11215702479,0.908265217763,0.926504793943,0.968598115782,1.01864429712,0.932992459016,0.799667073171
2026-07-06,0.90681,0.952502557025,0.901622111414,0.982661344538,0.882987221677,0.98797,1.0310643763,0.861516129032,1.04290401593,1.19530676176,0.944991666667,0.98938,0.9384,0.946102931351,1.00059,0.873968852459,0.88019338843,0.9542,0.890422727273,0.55302,1.15438,0.907231907698,0.954749021585,0.96284,1.06847026782,0.884303934426,0.829748373984
2026-07-13,0.99847,1.02171743306,0.917788778081,0.977510084034,0.922869214927,1.06108,1.06956521739,0.931677419355,1.0512008805,1.20253024876,1.01575833333,1.07083129032,0.9496,0.958602488879,0.98156,0.931157377049,0.936300826446,1.02942,0.945381404959,0.55302,1.21799173554,0.919120097079,1.00984845248,0.951966,1.143774372,0.896320327869,0.89560203252
2026-07-20,1.07431,1.10227115207,0.984705444747,0.99998907563,0.999576,1.18124537815,1.17649419445,0.988935483871,1.11185,1.23920355554,1.11450833333,1.14825064516,1.0068,0.964941912273,0.9862,0.997731147541,1.03878016529,1.12002,1.02193512397,0.55302,1.3509338843,1.01134764261,1.11868536305,0.9695678,1.25301946582,0.94207442623,0.948447560976
2026-07-27,1.17431,1.16914718512,1.06887211141,1.03653529412,1.08764449809,1.20477478992,1.26217358733,1.08570967742,1.1943617455,1.29832326717,1.19954166667,1.22163774194,1.0468,0.989948273945,1.0323,1.0817147541,1.09530909091,1.19266,1.13615,0.55302,1.41946280992,1.0860004927,1.18746389963,1.11299648381,1.34724070804,1.0228695082,1.00454512195
2026-08-03,1.18447,1.20095710248,1.12187211141,1.0861907563,1.11274576415,1.22326218487,1.24081927517,1.11716,1.2321456585,1.35195980327,1.23901666667,1.24018612903,1.1812,1.0758590721,1.10864,1.18041967213,1.1281768595,1.25848,1.13945578512,0.55302,1.43699173554,1.13396190317,1.20967308663,1.14110545757,1.34680686422,1.17515540984,1.06308170732
2026-08-10,1.11364,1.18231247438,1.12187211141,1.15785462185,1.08821220163,1.17368235294,1.14435913213,1.04377419355,1.2264304915,1.34940939883,1.20003333333,1.17728290323,1.1924,1.06581789505,1.15335,1.17267377049,1.09595371901,1.11489,1.10474504132,0.55302,1.36154545455,1.12137069948,1.129910485,1.12864841443,1.2308786649,1.18568,1.08259390244
2026-08-17,1.17864,1.19613892066,1.14262211141,1.17565294118,1.11280491449,1.27200168067,1.229968699,1.08812903226,1.2324169545,1.33621723993,1.22528333333,1.18534741935,1.138,1.10171118442,1.15352,1.17113278689,1.12493719008,1.22087,1.11755495868,0.55302,1.41152066116,1.16742021944,1.19273389963,1.14219136423,1.31097172984,1.15858983607,1.08178089431
2026-08-24,1.18447,1.26514718512,1.16837211141,1.19926638655,1.15635609204,1.28880840336,1.2513878299,1.08812903226,1.2590175845,1.35887155023,1.25180833333,1.22083129032,1.2156,1.11737875577,1.15742,1.20078032787,1.14218512397,1.25591,1.16590206612,0.55302,1.43824793388,1.20703668459,1.22634422484,1.1758285083,1.34185280448,1.1325242623,1.10617113821
2026-08-31,1.13697,1.22443644132,1.18045544475,1.21968655462,1.16061193067,1.2434302521,1.24934783481,1.122,1.2626611165,1.34890789607,1.23295833333,1.2071216129,1.2612,1.1030944533,1.17774,1.20764098361,1.13506942149,1.17215,1.14910041322,0.55302,1.36421487603,1.15441176969,1.18628292402,1.17499964845,1.27247524752,1.20418,1.12324430894
2026-09-07,1.24781,1.26284966446,1.18262,1.25134201681,1.20735887961,1.32410252101,1.37786637412,1.122,1.3048433035,1.46386491012,1.27344166667,1.2321216129,1.1764,1.14876056067,1.21561,1.22269016393,1.20527603306,1.30805,1.2284392562,0.55302,1.46038016529,1.21851440867,1.27211853378,1.20408423618,1.41196918115,1.18759803279,1.1435695122
2026-09-14,1.30697,1.2927752843,1.21662211141,1.26862773109,1.23577429927,1.40645546218,1.43124690648,1.23732258065,1.3367232005,1.48585694199,1.30145,1.28696032258,1.276,1.15164448673,1.24446707317,1.26273934426,1.25160661157,1.39266491453,1.26852190083,0.55302,1.50332231405,1.2401503263,1.31223292402,1.25254337239,1.47465650208,1.16631076094,1.15657764228
2026-09-21,1.34114,1.37224635868,1.26603877808,1.29632521008,1.30301378677,1.43250588235,1.47401511605,1.27603225806,1.4061776375,1.52564256142,1.37870833333,1.3692183871,1.32,1.1785292233,1.29357276423,1.29712459016,1.31221818182,1.38497260684,1.32829876033,0.55302,1.5734214876,1.26877637593,1.37062739557,1.30332782495,1.56200443459,1.26575097537,1.17771585366
