week,aidi_return_1w,aidi_return_2w,aidi_return_4w,aidi_return_8w,aidi_return_13w,aidi_volatility_4w,aidi_volatility_13w,aidi_volatility_26w,aidi_distance_MA4,aidi_distance_MA13,aidi_distance_MA26,aidi_momentum_4v13,aidi_drawdown,us_return_1w,us_return_2w,us_return_4w,us_return_8w,us_return_13w,us_volatility_4w,us_volatility_13w,us_volatility_26w,us_distance_MA4,us_distance_MA13,us_distance_MA26,us_momentum_4v13,us_drawdown,eu_return_1w,eu_return_2w,eu_return_4w,eu_return_8w,eu_return_13w,eu_volatility_4w,eu_volatility_13w,eu_volatility_26w,eu_distance_MA4,eu_distance_MA13,eu_distance_MA26,eu_momentum_4v13,eu_drawdown,brent_return_1w,brent_return_2w,brent_return_4w,brent_return_8w,brent_volatility_4w,brent_volatility_13w,wti_return_1w,wti_return_2w,wti_return_4w,wti_return_8w,wti_volatility_4w,wti_volatility_13w,us_eu_divergence,nyh_usgc_divergence,regional_volatility_ratio,cross_region_dispersion,regional_direction_agreement,us_crude_return_spread,eu_crude_return_spread,eia_stock_change,eia_production_change,eia_inputs_change,eia_utilization_change,season_sin,season_cos,decisionAt,featureAvailableAt,target,targetWeek,labelKnownAt,past_direction_return
2011-04-04,,,,,,,,,,,,,,,,,,,,,,,,,,,,,,,,,,,,,,,,,,,,,,,,,,,,,,,,,,,,,,,0.99338608057,-0.114822014132,2011-04-10 23:59:59+00:00,,0.00109506066281,2011-04-11,2011-04-21 22:00:00+00:00,
2011-04-11,,,,,,,,,,,,,0,,,,,,,,,,,,,0,,,,,,,,,,,,,0,,,,,,,,,,,,,,,,,,,,,,,,0.97239890274,-0.233324610683,2011-04-17 23:59:59+00:00,2011-04-14 22:00:00+00:00,-0.0011796478191,2011-04-18,2011-04-28 22:00:00+00:00,
2011-04-18,0.00109506066281,,,,,,,,,,,,0,-0.0115934594925,,,,,,,,,,,,-0.0115265142996,0.0137835808181,,,,,,,,,,,,0,-0.00402194031145,,,,,,-0.0220898659615,,,,,,-0.0253770403107,-1.39739353611e-05,,0.0253770403107,0,0.010496406469,0.0178055211296,,,,,0.937328153605,-0.348447890595,2011-04-24 23:59:59+00:00,2011-04-21 22:00:00+00:00,,2011-04-25,2011-05-05 22:00:00+00:00,0.00109506066281
2011-04-25,-0.0011796478191,-8.45871562863e-05,,,,,,,,,,,-0.00117895230812,-0.00510948687179,-0.0167029463643,,,,,,,,,,,-0.0165642255781,0.00275019123359,0.0165337720517,,,,,,,,,,,0,-0.00679642252835,-0.0108183628398,,,,,0.0125428186832,-0.00954704727839,,,,,-0.00785967810538,-2.69188733803e-05,,0.00785967810538,0,-0.0176523055549,0.00954661376194,,,,,0.888681774293,-0.458524485758,2011-05-01 23:59:59+00:00,2011-04-28 22:00:00+00:00,,2011-05-02,2011-05-12 22:00:00+00:00,-0.0011796478191
2011-05-02,,,,,,,,,,,,,,0.0145550598638,0.009445572992,,,,,,,0.00545473164188,,,,-0.00214558144294,,,,,,,,,,,,,,0.0211620384328,0.0143656159044,,,,,0.028781694565,0.0413245132482,,,,,,-0.00180239674582,,,,-0.0142266347012,,,,,,0.827164326226,-0.561960120845,2011-05-08 23:59:59+00:00,2011-05-05 22:00:00+00:00,-0.0275564623055,2011-05-09,2011-05-19 22:00:00+00:00,
2011-05-09,,-0.0202596015969,-0.0203441887532,,,,,,,,,,-0.0212110623374,-0.0510990444839,-0.0365439846202,-0.0532469309845,,,0.0275358454812,,,-0.0319880044672,,,,-0.0518541430165,,-0.00397521857357,0.0125585534782,,,,,,,,,,-0.00396732785146,-0.0473378051863,-0.0261757667535,-0.0369941295933,,0.0283368172022,,-0.0592475160344,-0.0304658214694,-0.0400128687478,,0.039088281111,,,1.06558910955e-06,,,,0.00814847155049,,,,,,0.75366678672,-0.657256703728,2011-05-15 23:59:59+00:00,2011-05-12 22:00:00+00:00,-0.0206387167367,2011-05-16,2011-05-26 22:00:00+00:00,
2011-05-16,-0.0275564623055,,-0.0489957117215,,,,,,,,,,-0.0478147870749,-0.0330636042086,-0.0841626486925,-0.0747170757005,,,0.0291353768001,,,-0.0461449984213,,,,-0.0826906698434,-0.0220493204025,,-0.0232743477425,,,,,,,,,,-0.0256888192834,-0.0430324582778,-0.0903702634642,-0.0760046475597,,0.032365140107,,-0.0580614388123,-0.117308954847,-0.0759844415986,,0.0462734561583,,-0.0110142838061,0.000304891599898,,0.0110142838061,1,0.0249978346038,0.0209831378753,,,,,0.669253644676,-0.743034022834,2011-05-22 23:59:59+00:00,2011-05-19 22:00:00+00:00,0.00410293233578,2011-05-23,2011-06-03 05:00:00+00:00,-0.0275564623055
2011-05-23,-0.0206387167367,-0.0481951790423,-0.0684547806391,,,,,,,,,,-0.0672652611364,-0.0253753694639,-0.0584389736725,-0.0949829582927,,,0.0277166184926,,,-0.0479914277958,,,,-0.105674883256,-0.0159020640095,-0.0379513844121,-0.0419266029856,,,,,,,,,,-0.0410598386656,-0.0221419078019,-0.0651743660798,-0.0913501328333,,0.0313291372626,,-0.0189230350788,-0.0769844738911,-0.107450295361,,0.0415590926215,,-0.00947330545438,0.000768183084675,,0.00947330545438,1,-0.00645233438516,0.00623984379238,,,,,0.575147483235,-0.818049737197,2011-05-29 23:59:59+00:00,2011-05-26 22:00:00+00:00,0.0166184935233,2011-05-30,2011-06-09 22:00:00+00:00,-0.0206387167367
2011-05-30,0.00410293233578,-0.016535784401,,,,,,,-0.0142095497429,,,,-0.0634304520141,0.0172810991503,-0.00809427031362,-0.0922569190061,,,0.0289771476488,,,-0.00818521940003,,,,-0.0900856506612,-0.00907523447876,-0.0249772984883,,,,,,,-0.0202221957969,,,,-0.0497230755692,0.0122968731652,-0.00984503463674,-0.100215298101,,0.0272235250147,,0.0157135965828,-0.00320943849598,-0.120518393343,,0.0358479493783,,0.0263563336291,-0.00154574592295,,0.0263563336291,0,0.00156750256752,-0.0213721076439,,,,,0.472711272708,-0.881217369697,2011-06-05 23:59:59+00:00,2011-06-03 05:00:00+00:00,0.00771917853865,2011-06-06,2011-06-16 22:00:00+00:00,0.00410293233578
2011-06-06,0.0166184935233,0.0207214258591,-0.0274737531832,-0.0478179419363,,0.0207334017596,,,0.00935472130301,,,,-0.0477360294147,0.033284355717,0.0505654548673,-0.00787351880516,-0.0611204497896,,0.0322908549873,,,0.027464192277,,,,-0.0592900753608,-4.73686703968e-05,-0.00912260314916,-0.0470739875612,-0.034515434083,,0.0094414020566,,,-0.00856405422474,,,,-0.0497680878575,0.0198534584636,0.0321503316288,-0.033024034451,-0.0700181640443,0.0295227750293,,0.0137330466735,0.0294466432563,-0.0475378306349,-0.0875506993827,0.0346398820566,,0.0333317243874,0.00083501760239,,0.0333317243874,0,0.0195513090436,-0.019900827134,,,,,0.363428630231,-0.931622042852,2011-06-12 23:59:59+00:00,2011-06-09 22:00:00+00:00,-0.00557398389205,2011-06-13,2011-06-23 22:00:00+00:00,0.0166184935233
2011-06-13,0.00771917853865,0.024337672062,0.00780188766101,-0.0411938240605,,0.0159513151372,,,0.0151700254181,,,,-0.0403568900034,0.0143874881157,0.0476718438327,0.0395775735191,-0.0351395021814,,0.0249385767546,,,0.0319188781464,,,,-0.0456577904873,0.00105086896163,0.00100350029124,-0.0239737981971,-0.0472481459396,,0.0080136620837,,,-0.00151048610901,,,,-0.0487689937681,0.0175321320556,0.0373855905191,0.0275405558824,-0.0484640916773,0.0196077542786,,-0.00864285532219,0.00509019135128,0.00188075285531,-0.0741036887433,0.0170040150689,,0.013336619154,0.00390382073845,,0.013336619154,1,0.0230303434379,-0.0164812630939,,,,,0.248882332053,-0.9685337293,2011-06-19 23:59:59+00:00,2011-06-16 22:00:00+00:00,-0.0241633949251,2011-06-20,2011-06-30 22:00:00+00:00,0.00771917853865
2011-06-20,-0.00557398389205,0.0021451946466,0.0228666205057,-0.0455881601335,,0.00918228023857,,,0.00379990813787,,,,-0.0456910451824,-0.0123456606488,0.00204182746689,0.0526072823342,-0.0423756759584,,0.0189210494408,,,0.00611897870898,,,,-0.0573673457252,0.00119769286467,0.00224856182631,-0.00687404132285,-0.0488006443085,,0.0049358487072,,,0.00141243814985,,,,-0.0476290286515,-0.00799956507601,0.00953256697956,0.0416828986083,-0.049667234225,0.0126803731455,,-0.0426752108553,-0.0513180661774,-0.0218714229212,-0.129321718282,0.0271526332241,,-0.0135433535135,-0.00297445849066,,0.0135433535135,0,0.0303295502065,0.00919725794068,,,,,0.13073138967,-0.991417825014,2011-06-26 23:59:59+00:00,2011-06-23 22:00:00+00:00,-0.00187315105616,2011-06-27,2011-07-08 05:00:00+00:00,-0.00557398389205
2011-06-27,-0.0241633949251,-0.0297373788171,-0.00539970675514,,,0.0177333000009,,,-0.0188633420835,,,,-0.0684740237702,-0.0568681226754,-0.0692137833242,-0.0215419394915,-0.113798858498,,0.0390948976807,,,-0.0445567610848,,,,-0.10947735318,0.00854133282528,0.00973902568996,0.0107425259812,,,0.00394313487307,,,0.00728483673783,,,,-0.0394596722821,-0.0582812382339,-0.0662808033099,-0.0288952127908,-0.129110510892,0.0363019646314,,-0.0337095076905,-0.0763847185458,-0.0712945271945,-0.191812920537,0.0254955724742,,-0.0654094555007,-0.00119235903539,,0.0654094555007,0,-0.0231586149848,0.0668225710592,,,,,0.0106870218179,-0.999942892152,2011-07-03 23:59:59+00:00,2011-06-30 22:00:00+00:00,0.0223706639356,2011-07-04,2011-07-14 22:00:00+00:00,-0.0241633949251
2011-07-04,-0.00187315105616,-0.0260365459812,-0.0238913513346,-0.0513651045178,,0.0133583207,,,-0.0148678152045,,,,-0.0702172794361,0.00442406869864,-0.0524440539768,-0.0504022265099,-0.058275745315,,0.0315059507729,,,-0.0282686241401,-0.0517048927987,,,-0.105528892121,-0.00817037081096,0.000370962014325,0.00261952384063,-0.0444544637206,,0.00684428333491,,,-0.00156393053491,,,,-0.0472756696603,-0.0104376700309,-0.0687189082648,-0.0591863412852,-0.0922103757362,0.0316294200225,,0.010794212039,-0.0229152956515,-0.074233361829,-0.121771192464,0.0242972597209,,0.0125944395096,0.00308167496911,,0.0125944395096,0,-0.00637014334036,0.00226729921995,,,,,-0.109512129666,-0.993985459379,2011-07-10 23:59:59+00:00,2011-07-08 05:00:00+00:00,0.0119918840406,2011-07-11,2011-07-21 22:00:00+00:00,-0.00187315105616
2011-07-11,0.0223706639356,0.0204975128795,-0.00923986593765,-0.00143797827664,-0.0493386293353,0.0191272098496,,,0.00977934779438,,,0.00148531269523,-0.0491830247426,0.0529626269675,0.0573866956661,-0.0118270876581,0.027750485861,-0.058560049332,0.045372682501,0.0319912661798,,0.0277159873882,0.00453266791404,,0.00154784726487,-0.0568783951232,-0.00822129909624,-0.0163916699072,-0.00665264421724,-0.0306264424143,-0.0401172093387,0.00811724776589,,,-0.00809965215648,,,0.00142277812559,-0.0550761921857,0.0566762780814,0.0462386080505,-0.0200421952594,0.00749836062296,0.0471925800192,0.032045633523,0.035853534597,0.046647746636,-0.0297369719098,-0.0278562190545,0.0371412780804,0.0320974742107,0.0611839260637,0.0039299919429,,0.0611839260637,0,0.0171090923704,-0.0648975771776,,,,,-0.228125181163,-0.973631810142,2011-07-17 23:59:59+00:00,2011-07-14 22:00:00+00:00,0.00871763606146,2011-07-18,2011-07-28 22:00:00+00:00,0.0223706639356
2011-07-18,0.0119918840406,0.0343625479762,0.00832600199497,0.0311926225007,-0.0384418059576,0.0201188109294,,,0.0198010731993,,,0.00503856249548,-0.0377122974782,0.0225903486549,0.0755529756223,0.0231089216456,0.0757162039798,-0.0243762411846,0.046315634161,0.0327557779033,,0.0449236041013,0.0294914919893,,0.00765232588714,-0.0353304781264,0.00139341942626,-0.00682787966998,-0.00645691765565,-0.0133309589785,-0.0525073707305,0.0081407975806,,,-0.00511621037604,,,0.00242479910382,-0.0537585992289,0.0200082174809,0.0766844955623,0.00796558729747,0.0496484859058,0.0486563264281,0.0328264860303,-0.00415286202425,0.0317006725728,0.00878537692123,-0.0130860459999,0.0290761782018,0.0319048318828,0.0211969292286,0.00229233633449,,0.0211969292286,1,0.0267432106791,-0.0186147980546,,,,,-0.343434221059,-0.939176732999,2011-07-24 23:59:59+00:00,2011-07-21 22:00:00+00:00,0.00307042130065,2011-07-25,2011-08-04 22:00:00+00:00,0.0119918840406
2011-07-25,0.00871763606146,0.020709520102,0.0412070329815,0.0358073262263,-0.028544522077,0.00998754006012,,,0.0181593076339,,,0.0124974907128,-0.0292867514389,0.00131283938382,0.0239031880387,0.0812898837048,0.0597479442133,-0.017953914929,0.0236970345582,0.0327513621641,,0.0253564616311,0.0323269000075,,0.0217035413054,-0.034063190295,0.0161224327391,0.0175158521654,0.00112418225817,0.0118667082394,-0.039135129225,0.0114877213683,,,0.0107666856168,,,0.00329144012031,-0.0383792427013,0.00403527166759,0.0240434891485,0.070282097199,0.0413868844082,0.0288840460021,0.0328796075593,0.0132084949797,0.00905563295543,0.0557033795915,-0.015591147603,0.0165124693771,0.0319415968691,-0.0148095933553,-0.00437556951111,,0.0148095933553,1,-0.0118956555959,0.0120871610715,,,,,-0.45376919082,-0.891119252099,2011-07-31 23:59:59+00:00,2011-07-28 22:00:00+00:00,-0.0150317388004,2011-08-01,2011-08-11 22:00:00+00:00,0.00871763606146
2011-08-01,0.00307042130065,0.0117880573621,0.0461506053383,0.0222592540037,,0.00810775266753,,,0.00966348653763,0.0220227533596,,,-0.0263016724238,-0.00507937834878,-0.00376653896496,0.0717864366574,0.0213842101475,-0.0375883531416,0.0261697294427,0.0324061249522,,0.00245144656499,0.0302143320302,,0.0208380209445,-0.0389571092576,0.0112202209501,0.0273426536892,0.0205147740192,0.0231342978598,,0.0108034498172,,,0.0168949093791,0.0136472928698,,,-0.0275288874748,-0.00423916258665,-0.000203890919065,0.0764806046432,0.017294263358,0.0269843316213,0.032075605733,-0.00181786665256,0.0113906283271,0.0430913008999,-0.0311420609291,0.0184053989505,0.03005664259,-0.0162995992989,-0.00188191681999,,0.0162995992989,0,-0.00326151169622,0.0154593835367,,,,,-0.557532072999,-0.830155399656,2011-08-07 23:59:59+00:00,2011-08-04 22:00:00+00:00,-0.0313975918427,2011-08-08,2011-08-18 22:00:00+00:00,0.00307042130065
2011-08-08,-0.0150317388004,-0.0119613174997,0.00874820260233,-0.000491663335322,-0.0202462379799,0.0120561237203,0.0160220035197,,-0.00754941568095,0.00837205769967,,0.00374445357211,-0.040828595366,-0.0320498109926,-0.0371291893413,-0.0132260013027,-0.0250530889607,-0.0185391196502,0.0225189260479,0.0304140952469,,-0.0260202365147,-0.000845446170593,,-0.00188041419872,-0.0692699963955,0.00198633339186,0.013206554342,0.0307224065073,0.0240697622901,-0.0219533563095,0.0072052473526,0.0107466601046,,0.011124175543,0.0174270913555,,0.00936932134294,-0.0255953159082,-0.0438008473093,-0.0480400098959,-0.0239965207475,-0.0440387160069,0.027136314271,0.0316979704466,-0.0739570121421,-0.0757748787947,-0.0667192458392,-0.096456217749,0.038952066464,0.0322379424784,-0.0340361443844,-0.00163099174375,2.82983411747,0.0340361443844,0,0.0419072011495,0.0457871807012,,,,,-0.653220035838,-0.75716813508,2011-08-14 23:59:59+00:00,2011-08-11 22:00:00+00:00,,2011-08-15,2011-08-25 22:00:00+00:00,-0.0150317388004
2011-08-15,-0.0313975918427,-0.046429330643,-0.0346412732809,-0.026315271286,-0.024087367517,0.0182316771647,0.0165675536393,,-0.0300049503327,-0.0210023980518,,-0.00680744389585,-0.0704763972952,-0.054982319616,-0.0870321306085,-0.0907986695735,-0.0676897479279,-0.0404578350576,0.0259272693484,0.0328260411247,,-0.0574797727014,-0.0514493574167,,-0.0195875262351,-0.119062299654,-0.0078128640694,-0.00582653067754,0.0215161230116,0.015059205356,-0.0077168999764,0.0105684542159,0.00909784319703,,-0.00207265308972,0.0101166997674,,0.0059726384434,-0.0331785453095,-0.067469769336,-0.111270616645,-0.111474507564,-0.103508920267,0.0336565816097,0.034746421501,-0.0920772490349,-0.166034261177,-0.15464363285,-0.145858255929,0.0521119471854,0.0372946855636,-0.0471694555466,-0.00302198944245,3.60771588364,0.0471694555466,1,0.0370949294189,0.0596569052666,,,,,-0.73944719928,-0.673214556792,2011-08-21 23:59:59+00:00,2011-08-18 22:00:00+00:00,,2011-08-22,2011-09-01 22:00:00+00:00,-0.0313975918427
2011-08-22,,,,,,,,,,,,,,0.0250713061777,-0.0299110134382,-0.0670402027796,0.0142496809252,0.00998884058408,0.0345495737345,0.0329563904701,,-0.0170840316142,-0.0280900667845,,-0.0175284230475,-0.0966968467969,,,,,,,,,,,,,,0.0394018572247,-0.0280679121114,-0.0761079220073,-0.00582582480834,0.0468794798869,0.0365760424488,0.029747892795,-0.0623293562398,-0.138104235035,-0.082400855443,0.0579307237601,0.039192881496,,0.00320112185061,,,,-0.0046765866173,,,,,,-0.81496470712,-0.579510591922,2011-08-28 23:59:59+00:00,2011-08-25 22:00:00+00:00,0.0137606025614,2011-08-29,2011-09-09 05:00:00+00:00,
2011-08-29,,9.83982787878e-05,-0.0463309323642,-0.00018032702595,-0.00745318483725,,,,,,,-0.0110094111805,-0.0703849292726,0.00846159206853,0.0335328982463,-0.0534992323623,0.0182872042951,0.0011693335023,0.0366736636792,0.0326777398687,,0.00495485009871,-0.0199176277878,,-0.0134647568215,-0.0890210350042,,-0.0333361016887,-0.0391626323662,-0.018647858347,-0.0160757031768,,,,,,,-0.0085540655395,-0.0648773114874,0.0137993250197,0.0532011822444,-0.0580694344009,0.0184111702423,0.0495667796012,0.0366263799269,-0.00361460316094,0.0261332896341,-0.139900971543,-0.096809670643,0.0575985863742,0.0384708726402,,-0.00184488607772,,,,0.0120761952295,,,,,,-0.878678814594,-0.477413385635,2011-09-04 23:59:59+00:00,2011-09-01 22:00:00+00:00,0.000983307981411,2011-09-05,2011-09-15 22:00:00+00:00,
2011-09-05,0.0137606025614,,-0.0175385910025,-0.0087903884002,-0.0103110757992,,,,,,,-0.00359148807377,-0.0575044474004,0.027379214124,0.0358408061925,0.00592979275431,-0.00729620854835,-0.00473580809074,0.0385748413679,0.0322156395564,,0.0312754919012,0.00765761270027,,0.00184674111863,-0.0637345646022,0.000141990998725,,-0.0410069747594,-0.0102845682521,-0.0158863435077,,,,,,,-0.00902971726618,-0.0647445230557,0.0444423667312,0.0582416917509,0.0301737796395,0.00617725889208,0.0517771095313,0.0384182039746,0.0404607554664,0.0368461523054,-0.0254832039344,-0.0922024497736,0.0601413517856,0.040620676904,0.0272372231253,0.00315207625605,,0.0272372231253,1,-0.0130815413424,-0.0443003757324,,,,,-0.929666729448,-0.36840164516,2011-09-11 23:59:59+00:00,2011-09-09 05:00:00+00:00,-0.00600887714425,2011-09-12,2011-09-22 22:00:00+00:00,0.0137606025614
2011-09-12,0.000983307981412,0.0147439105428,0.0148423088216,-0.0197989644594,-0.0170469463564,,,,,,,0.00502188077127,-0.0565772282048,-0.0089391289067,0.0184400852173,0.0519729834636,-0.0388256861099,-0.0280624251131,0.016876024146,0.0319742418686,,0.0090397232974,0.000878446624178,,0.0151518939515,-0.0720666656739,0.0109057448695,0.0110477358683,-0.0222883658204,-0.000772242808796,-0.00603146759977,,,,,,,-0.00510813240897,-0.0544890452689,-0.00116341713004,0.0432789496011,0.0964801318455,-0.0149943757189,0.0215429900711,0.038066980383,-0.00237953375092,0.0380812217155,0.0642145113496,-0.0904291215003,0.0224340628552,0.0406757972821,-0.0198448737762,0.00563708875179,,0.0198448737762,0,-0.00655959515579,0.0120691619996,,,,,-0.967189977038,-0.254054223182,2011-09-18 23:59:59+00:00,2011-09-15 22:00:00+00:00,-0.00942963550359,2011-09-19,2011-09-29 22:00:00+00:00,0.000983307981411
2011-09-19,-0.00600887714425,-0.00502556916284,,-0.0345254776651,-0.0174818396086,,,,-0.000591697522724,,,,-0.0622291419022,-0.0227324738433,-0.03167160275,0.0041692034425,-0.0628709993371,-0.0384492383077,0.0217067403871,0.0323772475201,,-0.0146504055787,-0.0187225200019,,0.0039999345766,-0.0929229305352,0.0107147195548,0.0216204644243,,-0.00617995599307,0.00348555909038,,,,0.0135751414367,,,,-0.0443036913919,-0.00857333677347,-0.00973675390351,0.0485049378474,-0.0276029841599,0.0234678412984,0.038075907838,0.00973656114117,0.00735702739025,0.0442031796957,-0.0939010553388,0.0205111402157,0.0397062052128,-0.0334471933981,-0.00672881017247,,0.0334471933981,0,-0.0324690349845,0.0192880563283,,,,,-0.990705095898,-0.136027250809,2011-09-25 23:59:59+00:00,2011-09-22 22:00:00+00:00,-0.00873011029593,2011-09-26,2011-10-06 22:00:00+00:00,-0.00600887714425
2011-09-26,-0.00942963550359,-0.0154385126478,-0.000694602105068,-0.0470255344693,-0.00274808018718,0.0102506111961,,,-0.00980116705408,,,3.7740257362e-05,-0.0710304176528,-0.021094560965,-0.0438270348084,-0.0253869495911,-0.0788861819533,-0.00267567659729,0.0233105910022,0.0287280337269,,-0.0291976945496,-0.0390150489014,,-0.00614091612105,-0.111856918892,0.00223528995784,0.0129500095127,0.0239977453809,-0.0151648869853,-0.00282048377706,0.00562091994532,,,0.00976257839055,,,0.00621639663577,-0.0421650436721,-0.026402196248,-0.0349755330214,0.00830341657968,-0.0497660178212,0.0301652056102,0.0349952563238,-0.0627662400681,-0.0530296789269,-0.0149484572114,-0.154849428754,0.0432869200247,0.0421662116202,-0.0233298509229,0.000139055451898,,0.0233298509229,0,0.041671679103,0.0286374862058,,,,,-0.99987150887,-0.0160301512775,2011-10-02 23:59:59+00:00,2011-09-29 22:00:00+00:00,-0.00418996490651,2011-10-03,2011-10-14 05:00:00+00:00,-0.00942963550359
2011-10-03,-0.00873011029593,-0.0181597457995,-0.0231853149624,-0.0407239059649,-0.00960503942695,0.00475452917945,,,-0.0127252354031,,,-0.0050574795539,-0.0791051267336,-0.0174602205919,-0.0385547815569,-0.0702263843069,-0.0642965915526,-0.0245599658878,0.0061529649998,0.0290732369965,,-0.0291557829784,-0.0539396646559,-0.0644407698733,-0.0156673679315,-0.127229498155,0,0.00223528995784,0.0238557543822,-0.0171512203772,0.00534988703389,0.00567047185595,,,0.00378913144168,,,0.00555240882371,-0.0421650436721,-0.0390807029523,-0.0654828992003,-0.0752196531038,-0.0450458734643,0.017172981682,0.03665490949,-0.024499896598,-0.087266136666,-0.0799091092758,-0.10539231321,0.03185353038,0.0420075007649,-0.0174602205919,0.000160850822441,,0.0174602205919,0,0.00703967600609,0.0390807029523,,,,,-0.994556455799,0.104199118177,2011-10-09 23:59:59+00:00,2011-10-06 22:00:00+00:00,0.0220616708957,2011-10-10,2011-10-20 22:00:00+00:00,-0.00873011029593
2011-10-10,-0.00418996490651,-0.0129200752024,-0.0283585878503,-0.0135162790287,-0.0361656682691,0.00243193241043,,,-0.00985295121721,,,-0.00430767248033,-0.0829555716874,-0.00775345701406,-0.0252136776059,-0.0690407124143,-0.0170677289507,-0.0852760498693,0.00670985035756,0.0239533017159,0.0277083907993,-0.0197796299127,-0.0551730738043,-0.0665105039384,-0.0107004819598,-0.133970320616,-0.000626472798961,-0.000626472798961,0.0123235367137,-0.00996482910674,0.0129447133312,0.00523535465906,,,8.85542307159e-05,,,0.00208513699911,-0.0427649132975,-0.0345767568734,-0.0736574598257,-0.108632992847,-0.0121528610016,0.0134554790023,0.0332818592495,-0.0289350210978,-0.0534349176958,-0.106464596623,-0.0422500852731,0.0296547034542,0.0398395575688,-0.0071269842151,0.00411007985277,,0.0071269842151,1,0.0211815640838,0.0339502840744,,,,,-0.974836916336,0.222919237727,2011-10-16 23:59:59+00:00,2011-10-14 05:00:00+00:00,0.0141016188395,2011-10-17,2011-10-27 22:00:00+00:00,-0.00418996490651
2011-10-17,0.0220616708957,0.0178717059892,-0.000288039810339,,-0.026095881414,0.0149374834829,,,0.0123078884783,,,0.0019353655408,-0.062499218344,0.0452127169708,0.0374592599568,-0.00109552160011,0.00307368184239,-0.0626536815534,0.0308428578177,0.0268893079167,0.0293993624401,0.0258442425987,-0.00659023353324,-0.0199888564184,0.00454563356561,-0.0939161089343,-0.00108937517945,-0.00171584797841,0.000519441979437,,0.0104619187255,0.00147289653999,,,-0.00112987457436,,,-0.000674902484023,-0.0438071336543,0.0700970499278,0.0355202930544,-0.0299626061459,0.0185423317015,0.0519906606762,0.0391694485372,0.0718105278591,0.0428755067612,-0.0443906299048,-0.000187450209087,0.0578538422149,0.0466292792432,0.0463020921503,0.000979351997764,,0.0463020921503,0,-0.0265978108882,-0.0711864251072,,,,,-0.94099849502,0.338410745058,2011-10-23 23:59:59+00:00,2011-10-20 22:00:00+00:00,0.0107695810083,2011-10-24,2011-11-03 23:00:00+00:00,0.0220616708957
2011-10-24,0.0141016188395,0.0361632897351,0.0232432145327,0.0225486124276,-0.020711898636,0.0146547131536,,,0.0206652690409,,,0.00740402660517,-0.0491852862904,0.017391384022,0.0626041009928,0.0373904233869,0.0120034737958,-0.0465751369152,0.0280601406067,0.0275563826118,0.0296752948162,0.0339388437633,0.0145989588241,-0.000240104140304,0.0129303086864,-0.078020231024,0.0108118536569,0.00972247847749,0.00909600567853,0.0330937510594,0.0051513396433,0.00570937988817,,,0.00742567059385,,,0.00187774452399,-0.0334128267071,-0.00102215576151,0.0690748941663,-0.00458256565942,0.00372085092026,0.0504388894046,0.039106789858,0.0170769573967,0.0888874852558,0.03545256756,0.0205041103485,0.0468032535476,0.0467991508041,0.00657953036504,-0.00163685077383,,0.00657953036504,1,0.00031442662528,0.0118340094184,,,,,-0.893531284773,0.4490009389,2011-10-30 23:59:59+00:00,2011-10-27 22:00:00+00:00,0.00146187802638,2011-10-31,2011-11-10 23:00:00+00:00,0.0141016188395
2011-10-31,0.0107695810083,0.0248711998478,0.042742905837,0.0195575908746,-0.0130127389283,0.010990505869,,,0.020701044471,,,0.0116867063768,-0.0388900721421,0.0125095266589,0.0299009106809,0.0673601706376,-0.00286621366929,-0.0289862319075,0.0218243458848,0.0279063505683,0.0296309986712,0.0294027890599,0.0297642722305,0.0150657583028,0.0190697528061,-0.0664142592679,0.00902963535781,0.0198414890147,0.0181256410363,0.0419813954185,0.00296075405102,0.00626830612151,,,0.011944056546,,,0.00430365994747,-0.0246453731068,-0.00123874597315,-0.00226090173466,0.0332593913197,-0.041960261784,0.0441028383089,0.0391173532479,0.0614035008255,0.0784804582222,0.121355964983,0.0414468557076,0.0460947653775,0.0507613148597,0.00347989130107,-0.00235961051877,,0.00347989130107,1,-0.0488939741666,0.010268381331,,,,,-0.833122768723,0.55308810531,2011-11-06 23:59:59+00:00,2011-11-03 23:00:00+00:00,0.0150227386552,2011-11-07,2011-11-17 23:00:00+00:00,0.0107695810083
2011-11-07,0.00146187802638,0.0122314590347,0.0483947487699,0.0200361609196,0.00348087789847,0.00852801289746,,,0.0100008146056,,,0.0118309273541,-0.0374840191691,-0.00332064332401,0.00918888333487,0.0717929843277,0.00275227191341,-0.000257064238989,0.0202122635524,0.0264474871587,0.0279332750224,0.00807741002582,0.0263712966521,0.0124481735893,0.0179680202542,-0.0695092230459,0.00624439937677,0.0152740347346,0.0249965132121,0.0373200499258,0.00721882003592,0.00524097121603,,,0.0119233698154,,,0.0056938344541,-0.0185358138709,-0.0135099308549,-0.014748676828,0.0543262173382,-0.0543067755089,0.0381263664747,0.0374326915165,0.0100022390255,0.0714057398509,0.160293225107,0.053828628484,0.0310662173467,0.0463301418369,-0.00956504270078,-0.00335451516056,,0.00956504270078,0,-0.0133228823495,0.0197543302317,,,,,-0.760647863164,0.649164715819,2011-11-13 23:59:59+00:00,2011-11-10 23:00:00+00:00,-0.00129537917684,2011-11-14,2011-11-24 23:00:00+00:00,0.00146187802638
2011-11-14,0.0150227386552,0.0164846166816,0.0413558165294,0.041067776719,0.0499012083963,0.00619363659606,,,0.0147509532062,,,0.00650039964032,-0.0229152356162,0.0295164586551,0.0261958153311,0.0560967260119,0.0550012044118,0.084241714032,0.0135951686484,0.0217866711057,0.0277305407267,0.0237789673862,0.0502180992081,0.0409888936745,0.00754404965436,-0.0416350812043,0.000529018655322,0.00677341803209,0.0266149070468,0.0271343490263,0.0155607027606,0.00449498087613,,,0.00577269504514,,,0.00545674962627,-0.018016463646,0.0431208795555,0.0296109487006,0.0273500469659,-0.00261255917998,0.0248830699611,0.0336790208569,0.0391406883043,0.0491429273298,0.127623385552,0.0832327556471,0.0232530895372,0.0375975422249,0.0289874399997,0.00298358241374,,0.0289874399997,1,-0.00962422964922,-0.0425918609001,,,,,-0.677156245853,0.735839261457,2011-11-20 23:59:59+00:00,2011-11-17 23:00:00+00:00,-0.0159801138908,2011-11-21,2011-12-01 23:00:00+00:00,0.0150227386552
2011-11-21,-0.00129537917684,0.0137273594784,0.0259588185131,0.0492020330458,,0.00768150553222,,,0.0069002403442,0.0326086631479,,,-0.0241801114502,-0.0107013835556,0.0188150750995,0.0280039584344,0.0653943818213,0.0484690242987,0.0178624414984,0.0215000849416,0.0273038303888,0.0058478330783,0.0351248518862,0.0275969536683,0.00327260312408,-0.0518362312245,0.00811062520188,0.00863964385721,0.0239136785918,0.0330096842703,,0.00381326344168,,,0.00792584392032,0.0299048226953,,,-0.0100195771915,-0.0354121396176,0.00770873993782,-0.00703993689023,-0.0116225025497,0.0330912497566,0.033990201214,0.0239664219115,0.0631071102158,0.134512850067,0.169965417627,0.0220105342283,0.0374049812973,-0.0188120087574,0.00111347314936,,0.0188120087574,0,-0.0346678054671,0.0435227648195,,,,,-0.583857153189,0.811856406435,2011-11-27 23:59:59+00:00,2011-11-24 23:00:00+00:00,0.00043889217208,2011-11-28,2011-12-08 23:00:00+00:00,-0.00129537917684
2011-11-28,-0.0159801138908,-0.0172754930676,-0.000790876386039,0.0419520294509,0.0325273170499,0.0127109590495,0.0115979465125,,-0.00886799256366,0.0137025013536,,-0.00269982040804,-0.0396498907875,-0.043454807319,-0.0541561908745,-0.0279603755435,0.0393997950941,-0.00344737508878,0.0299424016105,0.0250724992765,0.0285365720464,-0.0303049261045,-0.00863197410991,-0.0160158377238,-0.00672491118674,-0.0921561141927,0.0114945795374,0.0196052047393,0.0263786227714,0.0445042638078,0.0685020091887,0.00459064444979,0.00512334015432,,0.0128571902361,0.0363128739767,,0.00132527037065,0,-0.0370404193939,-0.0724525590116,-0.042841610311,-0.00958221899128,0.0374570415855,0.0352712421963,-0.0248193180268,-0.000852896115312,0.0482900312145,0.169645996198,0.0273218131069,0.0385701216915,-0.0549493868564,0.00452599314121,4.89282493383,0.0549493868564,0,-0.0186354892922,0.0485349989314,,,,,-0.48210186644,0.876115169584,2011-12-04 23:59:59+00:00,2011-12-01 23:00:00+00:00,-0.00803445830037,2011-12-05,2011-12-15 23:00:00+00:00,-0.0159801138908
2011-12-05,0.00043889217208,-0.0155412217187,-0.00181386224034,0.0465808865295,0.0192056066607,0.0126766823493,0.0110980477229,,-0.00798644173346,0.0126447812982,,-0.0019308199186,-0.0392283081343,0.00588283530575,-0.0375719720132,-0.0187568969137,0.053036087414,-0.024943753907,0.0306632987813,0.0237725373308,0.0277499389212,-0.0200590597855,-0.000846897509403,-0.00907376599218,-0.00277047392789,-0.0867996780612,-0.00500505096159,0.00648952857585,0.0151291724331,0.0401256856451,0.0633549672284,0.00743897464141,0.00571707523667,,0.00400220586643,0.0261424006834,,-0.0010911659093,-0.00499254656444,0.0312780724233,-0.00576234697065,0.00194639296716,0.0562726103054,0.0426723691161,0.0339568971421,0.029179600215,0.0043602821882,0.067467392404,0.227760617511,0.0284948429062,0.0379499718214,0.0108878862673,0.00018494054302,4.15743696032,0.0108878862673,0,-0.0232967649093,-0.0362831233849,,,,,-0.373364140702,0.927684870222,2011-12-11 23:59:59+00:00,2011-12-08 23:00:00+00:00,-0.0200085813261,2011-12-12,2011-12-22 23:00:00+00:00,0.00043889217208
2011-12-12,-0.00803445830037,-0.00759556612829,-0.0248710591959,0.0164847573335,0.0101878403789,0.00746424359444,0.0114089696598,,-0.00978998119043,0.00375514244424,,-0.00700144482812,-0.046916660995,-0.0180160122311,-0.0121331769254,-0.0662893677999,-0.010192641788,-0.0340206372314,0.0205219741274,0.024126577361,0.0277522553567,-0.0214183124837,-0.0161163169848,-0.024427466363,-0.0139553698553,-0.103104590466,0.00194709563038,-0.00305795533121,0.0165472494081,0.0431621564549,0.0543963179892,0.00726398537734,0.00546367455224,,0.00182424716452,0.0238552850216,,-4.75198009873e-05,-0.00305328454804,-0.00678327212113,0.0244948003022,-0.0479577587094,-0.0206077117435,0.0320174756514,0.0339519315271,0.00350256044727,0.0326821606623,0.031829264547,0.159452650099,0.0245005401611,0.0378359800355,-0.0199631078615,0.00409309300239,4.41500717569,0.0199631078615,0,-0.0215185726784,0.00873036775151,,,,,-0.259218860015,0.96581860751,2011-12-18 23:59:59+00:00,2011-12-15 23:00:00+00:00,0.00645588680913,2011-12-19,2011-12-30 06:00:00+00:00,-0.00803445830037
2011-12-19,-0.0200085813261,-0.0280430396265,-0.0435842613452,-0.0176254428321,-0.00381186380299,0.00904720129679,0.0126921172313,,-0.0187994863417,-0.0158445222394,,-0.0106028450438,-0.0657969922916,-0.035481296913,-0.0534973091441,-0.0910692811573,-0.063065322723,-0.0467694603011,0.0218557670885,0.025245509102,0.0284465289156,-0.0337787735145,-0.0470809632386,-0.0553921744371,-0.0191696694969,-0.134369660224,-0.00453586573928,-0.0025887701089,0.00390075846695,0.0278144370587,0.0391457326951,0.00769712444391,0.00558066581096,,-0.00367668695556,0.0161632870409,,-0.00203602059058,-0.00756506085728,-0.0282801397021,-0.0350634118233,-0.0408257587939,-0.0478656956841,0.0304379364191,0.0345806806418,-0.0412999546555,-0.0377973942082,-0.03343711202,0.101075738047,0.0311228302333,0.0403826991469,-0.0309454311737,0.000933259367003,4.52293454266,0.0309454311737,1,0.00581865774251,0.0237442739628,,,,,-0.141319227808,0.989964078061,2011-12-25 23:59:59+00:00,2011-12-22 23:00:00+00:00,,2011-12-26,2012-01-06 06:00:00+00:00,-0.0200085813261
2011-12-26,0.00645588680913,-0.013552694517,-0.0211482606453,-0.0219391370313,0.0120736585097,0.0114739518855,0.0125024761446,,-0.00720562644304,-0.010375301412,,-0.00621580812361,-0.0597463733767,0.013004024541,-0.022477272372,-0.0346104492973,-0.0625708248408,-0.012670874795,0.0222691171259,0.0250467280191,0.0264087141197,-0.0126226978011,-0.0336932269587,-0.0424832258825,-0.00767792964779,-0.123039472689,-9.22509227709e-05,-0.00462811666205,-0.00768607199326,0.0186925507782,0.0368181918145,0.00339879287827,0.00564460408132,,-0.00185049838115,0.0132068863053,,-0.00475368659943,-0.00765660967341,0.0136460918217,-0.0146340478804,0.00986075242174,-0.0329808578893,0.0257293872785,0.0344013888277,0.017482565826,-0.0238173888295,0.00886477183284,0.0571548030473,0.030851241552,0.0347960114588,0.0130962754638,-0.00830392241143,4.43650097639,0.0130962754638,0,-0.004478541285,-0.0137383427445,,,,,-0.0213728230102,0.999771575129,2012-01-01 23:59:59+00:00,2011-12-30 06:00:00+00:00,,2012-01-02,2012-01-12 23:00:00+00:00,0.00645588680913
2012-01-02,,,,,,,,,,,,,,0.0170402485082,0.0300442730492,-0.0234530360949,-0.0422099330086,0.021829594305,0.0252022659385,0.0249821062906,0.0266195971615,0.0103667374247,-0.0186881392591,-0.0259273266543,-0.00754245858564,-0.107967799539,,,,,,,,,,,,,,-0.00200097327662,0.0116451185451,-0.0234182932782,-0.021471900311,0.0173098688931,0.0326518975999,0.0207458045499,0.0382283703759,0.000430976167676,0.0678983685717,0.0286003278734,0.0330778964515,,-0.0011663737288,,,,-0.00370555604168,,,,,,0.120128619955,0.992758336489,2012-01-08 23:59:59+00:00,2012-01-06 06:00:00+00:00,,2012-01-09,2012-01-20 06:00:00+00:00,
2012-01-09,,,,,,,,,,,,,,0.0497114890584,0.0667517375666,0.0442744651946,-0.0220149026053,0.0792945403775,0.0351168156844,0.0280674433517,0.0263667796658,0.0497935058263,0.0251275206488,0.0239609311552,0.00496903626962,-0.0625028478266,,,,,,,,,,,,,,0.0454892454343,0.0434882721577,0.0288542242772,-0.0191035344322,0.0308281035375,0.033160685461,0.0256465529798,0.0463923575296,0.0225749687002,0.0544042332472,0.0314751391081,0.0303423815584,,0.00112227124397,,,,0.0240649360786,,0.0277549485297,-0.0155215231788,0.0122661968013,0.6,0.238517377822,0.971138229335,2012-01-15 23:59:59+00:00,2012-01-12 23:00:00+00:00,0.00296454621561,2012-01-16,2012-01-26 23:00:00+00:00,
2012-01-16,,,0.0446213635143,0.00103710216911,0.0410975395216,,,,,,,0.0079939916846,-0.023167561559,-0.0021271850271,0.0475843040313,0.0776285770805,-0.0134407040768,0.0319546383795,0.0218226395374,0.0255258512435,0.0259534248615,0.0274644110284,0.0204239494826,0.0230384820073,0.016949095164,-0.0644949581868,,,0.0116141499481,0.015514908415,0.0502404406638,,,,,,,-0.000961111794804,0,-0.00654523795856,0.0389440074757,0.0505891260208,0.00976336722689,0.0235408608472,0.027075089477,-0.0192837532665,0.00636279971322,0.0445911700891,0.0111540580691,0.0205632700188,0.0276618388679,,-0.00261677068326,,,,0.0171565682394,,0.00296822374172,-0.0592810594913,-0.0235656423646,-1.9,0.353451610506,0.935452809623,2012-01-22 23:59:59+00:00,2012-01-20 06:00:00+00:00,0.00246747975182,2012-01-23,2012-02-02 23:00:00+00:00,
2012-01-23,0.00296454621561,,0.0411300229208,0.0199817622755,0.0299604668978,,,,,,,0.00797785443037,-0.0202673999428,-0.0139025745584,-0.0160297595855,0.0507219779811,0.0161115286838,0.000660679799183,0.0277862612726,0.0254757446983,0.0260662461681,0.000741105078665,0.00628414070205,0.0107568540311,0.0126296729723,-0.0774108963499,0.0198316669896,,0.0315380678605,0.0238519958672,0.0592602539964,,,,,,,0.00332603588847,0,-0.0196594941105,-0.0262047320691,0.0172835400886,0.0271442925103,0.0284483801727,0.0276289934125,-0.00486084689257,-0.0241446001591,0.0222477573705,0.0311125292034,0.0212907208405,0.0280273392122,-0.033734241548,0.000573482431861,,0.033734241548,0,-0.00904172766581,0.0394911611001,-0.0165944824697,-0.0201117318436,-0.0191292423723,-1.5,0.463266687928,0.886218920954,2012-01-29 23:59:59+00:00,2012-01-26 23:00:00+00:00,0.000660313344464,2012-01-30,2012-02-09 23:00:00+00:00,0.00296454621561
2012-01-30,0.00246747975182,0.00543202596743,,0.0220103498552,0.0216583656413,,,,,,,,-0.0178469446058,0.00493495950363,-0.00896761505474,0.0386166889766,0.0151636528817,-0.00691388735607,0.0278123491655,0.0252526977033,0.0260893048855,-0.00379596514477,0.0118084494913,0.0172098126256,0.0101860097331,-0.0728467036949,0,0.0198316669896,,0.0288570468288,0.0502306186386,,,,,,,,0,-0.0038394781603,-0.0234989722708,0.0154450352049,-0.00797325807327,0.0285990187082,0.0276379054299,-0.00593080479421,-0.0107916516868,-0.00442885197356,-0.00399787580588,0.0190044504907,0.0238065654164,0.00493495950363,0.00257185152953,,0.00493495950363,0,0.0108657642978,0.0038394781603,-0.000927548180975,0.0310148232611,-0.00622116594436,-0.4,0.56637212241,0.824149633839,2012-02-05 23:59:59+00:00,2012-02-02 23:00:00+00:00,0.0193556342955,2012-02-06,2012-02-16 23:00:00+00:00,0.00246747975182
2012-02-06,0.000660313344464,0.00312779309628,,0.0307051215001,0.0208568009594,,,,0.00247029247654,,,,-0.0171982016737,0.00597378070884,0.0109087402125,-0.005121019373,0.0391534458216,0.00238053667678,0.00915223409694,0.0252986913764,0.0253568041543,0.00346373315721,0.0176814002821,0.0232191621118,-0.00146337304916,-0.067291517006,-0.00465315401991,-0.00465315401991,,0.0222567971785,0.0393330652419,,,,0.0014360358556,,,,-0.00464234487079,0.0182965135929,0.0144570354326,-0.0117476966365,0.0171065276407,0.0157515899382,0.0278930549,-0.0157646528476,-0.0216954576418,-0.0458400578009,-0.0232650891008,0.00716151689408,0.0244773544151,0.0106269347288,-0.00440921092826,,0.0106269347288,0,0.0217384335565,-0.0229496676128,0.00807372257754,-0.00707808007078,0.0126608989238,1,0.661274604227,0.750143918062,2012-02-12 23:59:59+00:00,2012-02-09 23:00:00+00:00,0.00301077727447,2012-02-13,2012-02-23 23:00:00+00:00,0.000660313344464
2012-02-13,0.0193556342955,0.02001594764,0.0254479736074,0.0700693371217,0.0251896965997,0.008718825286,,,0.0155426347604,,,0.00442432443264,0,0.038711268591,0.0446850492998,0.0357174342451,0.113346011326,0.0115753466127,0.0218552053241,0.0262960001855,0.0238300283742,0.0336136293999,0.0568598638783,0.0596452558605,0.00803894728337,-0.030477221627,0,-0.00465315401991,0.0151785129697,0.0267926629178,0.0388040465866,0.0109140588833,,,-0.00232657281208,,,0.000809701581912,-0.00464234487079,0.0526557242525,0.0709522378454,0.0474532655746,0.0980423915954,0.0313351341895,0.0291897435147,0.00774092274444,-0.00802373010319,-0.01881538179,0.0257757882991,0.00963922186324,0.0221213066163,0.038711268591,0.00492185459726,,0.038711268591,0,0.0309703458466,-0.0526557242525,-0.0195587512962,-0.0213856092671,0.0223657706467,1.2,0.746599629698,0.665273622605,2012-02-19 23:59:59+00:00,2012-02-16 23:00:00+00:00,0.0198888088288,2012-02-20,2012-03-01 23:00:00+00:00,0.0193556342955
2012-02-20,0.00301077727447,0.02236641157,0.0254942046662,0.066624227587,0.029495853051,0.00871284895857,,,0.0121170707308,,,0.00410463939341,0,0.0017444114828,0.0404556800738,0.0513644202863,0.102086398267,0.0240211416511,0.0173404080187,0.0260643433025,0.0234283863322,0.0221706951712,0.0566626001084,0.0584735807709,0.0109933249446,-0.0287844989864,0.00427714306614,0.00427714306614,-0.000376010953768,0.0311620569067,0.0349705644509,0.00364739400495,,,0.00204415418683,,,-0.00278404615774,-0.000375940270509,0.0218234667557,0.0744791910082,0.0889362264408,0.106219766529,0.0232449270925,0.0273903041998,0.0316174244794,0.0393583472238,0.017662889582,0.0399106469525,0.0205368589246,0.0228651907135,-0.00253273158334,-0.00510790329191,,0.00253273158334,1,-0.0298730129966,-0.0175463236895,-0.0014472887689,-0.0220805827453,0.0115496976697,1.5,0.821111408578,0.570767951713,2012-02-26 23:59:59+00:00,2012-02-24 05:00:00+00:00,-0.00237964675432,2012-02-27,2012-03-08 23:00:00+00:00,0.00301077727447
2012-02-27,0.0198888088288,0.0228995861033,0.0429155337432,,0.0653647757706,0.0103161738709,,,0.0213739408756,,,0.00570082376115,0,0.0306028977284,0.0323473092112,0.077032358511,0.115649047488,0.0980788466984,0.0181689536319,0.023282404453,0.0240373476637,0.0337417893205,0.0810354301493,0.0872459578496,0.0117135629586,0,0.00917471992927,0.0134518629954,0.0087987089755,,0.0326507048427,0.00590951100664,,,0.00904516731483,,,-0.000311915436332,0,0.0291306294377,0.0509540961934,0.121906334039,0.137351369244,0.0154591548841,0.0247283392217,0.0521800882194,0.0837975126988,0.0757737825956,0.0713449306221,0.0294134479982,0.0252334286536,0.0214281777991,-0.000100496619928,,0.0214281777991,1,-0.0215771904911,-0.0199559095084,-0.0144172142514,-0.00279329608939,-0.018940157163,-1.9,0.883730762406,0.467995661922,2012-03-04 23:59:59+00:00,2012-03-01 23:00:00+00:00,0.0029319038411,2012-03-05,2012-03-15 23:00:00+00:00,0.0198888088288
2012-03-05,-0.00237964675432,0.0175091620745,0.0398755736445,,0.0625462368442,0.0113639407882,,,0.00889978882818,,,0.0051576444231,-0.00237681763953,-0.00924098071822,0.0213619170101,0.0618175970839,0.0566965777109,0.0829550306745,0.0228632495069,0.023745599109,0.0236606162307,0.00874912793891,0.0641121164467,0.0747353355364,0.00907324306526,-0.00919841407599,0.00448168720957,0.0136564071388,0.017933550205,,0.0421374430139,0.00374841758144,,,0.00903310194479,,,0.00124204578095,0,0.0124490458148,0.0415796752525,0.116058866261,0.104311169624,0.0171760123574,0.0239929193117,0.0032138642908,0.0553939525102,0.0947522997341,0.0489122419331,0.0227169127134,0.0244114347043,-0.0137226679278,0.00100400095141,,0.0137226679278,0,-0.012454845009,-0.00796735860524,-0.0137443438914,-0.014939309057,-0.00123228589033,0.3,0.933550754601,0.358445237914,2012-03-11 23:59:59+00:00,2012-03-08 23:00:00+00:00,0.00805147395628,2012-03-12,2012-03-22 23:00:00+00:00,-0.00237964675432
2012-03-12,0.0029319038411,0.000552257086773,0.0234518431901,0.0488998167975,0.0735125989856,0.00968488578459,,,0.0059636741205,,,0.000208145490929,0,0.00487187837135,-0.00436910234687,0.0279782068643,0.0636956411094,0.105842921277,0.0168623469052,0.0226071545399,0.023554600025,0.00663727496205,0.0605476394683,0.0768840349834,-0.00114721145907,-0.00435957170438,0.000991929310845,0.00547361652042,0.0189254795158,0.0341039924855,0.0411822766943,0.00336627582871,,,0.00527560408905,,,0.00156350244093,0,0.0138687889958,0.0263178348106,0.077271931004,0.124725196579,0.00773394018402,0.0234874044601,-0.0111858408052,-0.00797197651437,0.0758255361845,0.0570101543945,0.0284047948481,0.0248608379917,0.0038799490605,-0.00183548230273,,0.0038799490605,1,0.0160577191765,-0.012876859685,-0.0335636864139,-0.0175355450237,-0.00863664404688,-1.2,0.969849825926,0.243703334306,2012-03-18 23:59:59+00:00,2012-03-15 23:00:00+00:00,-0.000134854242377,2012-03-19,2012-03-29 22:00:00+00:00,0.0029319038411
2012-03-19,0.00805147395628,0.0109833777974,0.0284925398719,0.0539867445381,0.101572654268,0.00951653860776,,,0.00692493828334,,,-0.000690146129573,0,0.0114506676785,0.0163225460499,0.03768446306,0.0890488833463,0.152774885868,0.0165504921792,0.0184199783514,0.0230226283924,0.00873360637671,0.0603644709563,0.0847150968227,-0.00233079853256,0,0.00465228023403,0.00564420954487,0.0193006166837,0.0189246057299,0.0503704226676,0.00335460827647,,,0.00511214826995,,,0.000950506273418,0,-0.00317980382307,0.0106889851728,0.0522686604253,0.141204886866,0.0132038322472,0.020844650623,-0.00163784782041,-0.0128236886256,0.0425702638847,0.0602331534667,0.0283304269203,0.0208661896439,0.00679838744451,-0.00248498217203,,0.00679838744451,1,0.0130885154989,0.0078320840571,0.0130772768407,0.0253256150507,-0.00691419484201,-0.5,0.992102245058,0.12543179561,2012-03-25 23:59:59+00:00,2012-03-22 23:00:00+00:00,-0.000289246560879,2012-03-26,2012-04-05 22:00:00+00:00,0.00805147395628
2012-03-26,-0.000134854242377,0.00791661971391,0.00846887680068,0.0513844105439,0.0949819132165,0.00451562947911,,,0.00465668243462,,,-0.00518908181649,-0.000134845149952,-0.00958414636657,0.00186652131196,-0.00250258103491,0.0745297774761,0.130186714961,0.0104966478363,0.0193346813212,0.0226264942953,-0.000262354490945,0.0399941859489,0.0694689128041,-0.010640007948,-0.00953836481157,0.00931443788182,0.0139667181158,0.0194403346363,0.0282390436118,0.0597771114722,0.00341517475101,,,0.00958809639588,,,0.000261844315049,0,-0.0149742589177,-0.0181540627408,0.00816377206987,0.130070106109,0.0137234572757,0.0222615650914,0.00244636930438,0.000808521483965,-0.0071634550304,0.0686103275652,0.00661539755573,0.0206941403678,-0.0188985842484,0.00020851544546,,0.0188985842484,0,-0.0120305156709,0.0242886967995,-0.00520585457288,0.00799811808986,0.00612685372137,2.3,0.999985722936,0.00534358719969,2012-04-01 23:59:59+00:00,2012-03-29 22:00:00+00:00,0.000806703732994,2012-04-02,2012-04-12 22:00:00+00:00,-0.000134854242377
2012-04-02,-0.000289246560879,-0.000424100803256,0.0105592769941,0.0504348506386,,0.00390083579002,,,0.00172418755942,,,,-0.000424010885222,-0.000578493121758,-0.0101626394883,0.00615990656155,0.0679775036455,0.112567973331,0.00889864021083,0.0194184746189,0.0222088854116,-0.00237084471966,0.0306199919755,0.0633530382336,-0.00711909823122,-0.0101111743557,0,0.00931443788182,0.0149586474267,0.0328921976317,,0.00422082555033,,,0.00581887059313,,,,0,0.000675306325307,-0.0142989525924,-0.00360996741964,0.112448898841,0.0118867007357,0.0221429798818,-0.0121779770231,-0.00973160771876,-0.0225552963443,0.0721970033897,0.00718582119769,0.0208240141039,-0.000578493121757,-0.000299589653846,,0.000578493121757,0,0.0115994839014,-0.000675306325307,0.000139843669498,0.0109684947491,0.0206906096464,1.2,0.99338608057,-0.114822014132,2012-04-08 23:59:59+00:00,2012-04-05 22:00:00+00:00,,2012-04-09,2012-04-19 22:00:00+00:00,-0.000289246560879
2012-04-09,0.000806703732994,0.000517457172115,0.00843407688602,0.0318859200761,,0.00399146755765,,,0.000426739903223,0.0235709139906,,,0,0.00209939013385,0.00152089701209,0.00338741832405,0.0313656251883,0.0649558744063,0.00865731086733,0.0150229734857,0.0220631465516,-0.00111847658667,0.0276513860676,0.0597534502013,-0.00414975114255,-0.00803082855692,-0.000485982667859,-0.000485982667859,0.013480735448,0.0324062149638,,0.00459006486988,,,0.00195817628084,0.0193740587784,,,-0.00048586459741,-0.00201118285079,-0.00133587652549,-0.0194899392663,0.0577819917377,0.00692522068071,0.0198185008744,-0.0153326000468,-0.0275105770699,-0.026702055586,0.0491234805985,0.00844213783545,0.0203709285435,0.00258537280171,0.000985436552083,,0.00258537280171,0,0.0174319901806,0.00152520018293,-0.0294366559959,-0.0182363804247,-0.0267796610169,-1.9,0.97239890274,-0.233324610683,2012-04-15 23:59:59+00:00,2012-04-12 22:00:00+00:00,,2012-04-16,2012-04-26 22:00:00+00:00,0.000806703732994
2012-04-16,,,,,,,,,,,,,,-0.020280257478,-0.0181808673441,-0.0283435068325,0.00934095622755,0.0468028019554,0.0101167880819,0.0165103488622,0.0210697963465,-0.0142370945142,0.0034660275099,0.0353459198271,-0.0106860922432,-0.0279455978837,,,,,,,,,,,,,,-0.0269958549004,-0.0290070377512,-0.0433059903436,0.00896267008163,0.0127626186853,0.021751520544,-0.00941899337387,-0.0247515934207,-0.0344832011394,0.00808706274523,0.00776361422096,0.0197322372501,,-0.00299565334983,,,,-0.0108612641041,,-0.0220495128332,0.0406771690571,0.00689655172414,0.8,0.937328153605,-0.348447890595,2012-04-22 23:59:59+00:00,2012-04-19 22:00:00+00:00,0.000709504905054,2012-04-23,2012-05-03 22:00:00+00:00,
2012-04-23,,-0.0172573917235,-0.0167399345514,-0.00827105775074,0.0371119557443,,,,,,,-0.00703974946434,-0.0171093358485,-0.00863971289711,-0.0289199703751,-0.027399073363,-0.0299016543979,0.0520656636167,0.0100498469351,0.0161049604891,0.0209783063147,-0.0160392600162,-0.00901370449745,0.0243623318625,-0.0108548193882,-0.0363076937691,,-0.00559481307196,-0.00608079573982,0.0133595388964,0.022158247872,,,,,,,-0.00322467954049,-0.0060623451185,-0.0310250569197,-0.0580209118201,-0.0593567883456,-0.0511930162757,0.016482557984,0.0230587491412,0.00583364155843,-0.00358535181544,-0.0310959288854,-0.0382593839158,0.00938795966951,0.0196629324762,,0.000748865292661,,,,-0.0144733544555,,-0.023663133737,-0.0517397198373,0.00159125501591,0.1,0.888681774293,-0.458524485758,2012-04-29 23:59:59+00:00,2012-04-26 22:00:00+00:00,-0.00798213878394,2012-04-30,2012-05-10 22:00:00+00:00,
2012-04-30,0.000709504905054,,-0.0157411830855,-0.00518190609136,0.0353539808976,,,,,,,-0.00665483276349,-0.0164117226504,0.0109342276091,0.00229451471197,-0.0158863526322,-0.00972644607062,0.0580649317222,0.0135006691769,0.0162193742973,0.0209490775351,-0.00124392815411,-0.00245540027776,0.033571519491,-0.00843812136744,-0.0257126439641,-0.00951521779898,,-0.0155960135388,-0.000637366112101,0.012643030073,,,,,,,-0.00487154415954,-0.0154750255132,0.00778663891105,-0.0232384180086,-0.0522454557598,-0.0558554231795,0.0189174525133,0.0229062416586,0.00610818770045,0.0119418292589,-0.0128097641618,-0.0353650605061,0.0108646962945,0.019519348968,0.0204494454081,-0.000392905178044,,0.0204494454081,0,0.00482603990864,-0.01730185671,-0.0151121699424,-0.0157255182273,0.0158872694619,1.3,0.827164326226,-0.561960120845,2012-05-06 23:59:59+00:00,2012-05-03 22:00:00+00:00,-0.0237790087104,2012-05-07,2012-05-17 22:00:00+00:00,0.000709504905054
2012-05-07,-0.00798213878394,-0.00727263387888,-0.0245300256024,-0.0160959487164,0.0267115287692,,,,,,,-0.00818723938285,-0.0242316095552,-0.0150247521199,-0.00409052451084,-0.0330104948859,-0.0296230765619,0.0370663988934,0.0136480865428,0.0170795621112,0.0211915984784,-0.00794849155237,-0.0200266975588,0.0166186020064,-0.0111038851748,-0.0402416493125,-0.000939525447949,-0.0104547432469,-0.0160495563189,-0.00256882087089,0.0163566586449,,,,,,,-0.00527059359087,-0.0163995773929,-0.0121141320449,-0.00432749313386,-0.062348404954,-0.0818383442202,0.0175772900768,0.0231020714541,-0.00301077156447,0.00309741613597,-0.000487935679469,-0.0271899912654,0.00750697435944,0.0187849550274,-0.014085226672,0.00470125240564,,0.014085226672,1,-0.0120139805554,0.011174606597,-0.0262130912258,0.0626966836117,0.00237981913375,0.4,0.75366678672,-0.657256703728,2012-05-13 23:59:59+00:00,2012-05-10 22:00:00+00:00,-0.027107196214,2012-05-14,2012-05-24 22:00:00+00:00,-0.00798213878394
2012-05-14,-0.0237790087104,-0.0317611474943,,-0.047926431383,-0.0164231142367,,,,-0.0214961811202,,,,-0.0471607184589,-0.045452313389,-0.060477065509,-0.058182550797,-0.0865260576295,-0.0470971830866,0.0233777361088,0.0182641435192,0.0223007670716,-0.0383771507945,-0.0603074279754,-0.0272404107137,-0.0109227774618,-0.0828883492822,-0.0021057040317,-0.00304522947964,,-0.00932680513662,0.0142509546132,,,,-0.00442965447823,,,,-0.0184685696612,-0.0428734327519,-0.0549875647968,-0.0782259828054,-0.121531973149,0.0221979221029,0.0213595157014,-0.06475502826,-0.0677657998244,-0.0558239705656,-0.090307171705,0.0341298541786,0.0267586182238,-0.0433466093573,-0.000694906802974,,0.0433466093573,1,0.0193027148709,0.0407677287202,-0.008023449338,0.0243735763098,0.0204856871524,1.9,0.669253644676,-0.743034022834,2012-05-20 23:59:59+00:00,2012-05-17 22:00:00+00:00,-0.0121329130694,2012-05-21,2012-06-01 05:00:00+00:00,-0.0237790087104
2012-05-21,-0.027107196214,-0.0508862049243,-0.0581588388032,-0.0748987733546,-0.0465410877251,0.013151003078,,,-0.0338903259154,,,-0.0109596260296,-0.0726425884778,-0.0367815519162,-0.0822338653053,-0.0863243898161,-0.113723463179,-0.0856231464857,0.0251735363307,0.0203295052903,0.0233015406684,-0.0533264577183,-0.0885659664483,-0.0602165901646,-0.0149947015705,-0.116008303551,-0.0174328405117,-0.0195385445434,-0.0299932877903,-0.0360740835301,-0.0074590289646,0.00763458506811,,,-0.0142940994676,,,-0.00692455048876,-0.035431167828,-0.0172488468433,-0.0601222795951,-0.064449772729,-0.123806561075,0.0208534137324,0.0201936557946,-0.0407859067445,-0.105540935004,-0.102443518868,-0.133539447754,0.0330626170409,0.0268844882934,-0.0193487114045,0.00322149916581,,0.0193487114045,1,0.00400435482823,-0.000183993668414,-0.00257925577202,0.00244607516122,-0.00378888593459,-0.2,0.575147483235,-0.818049737197,2012-05-27 23:59:59+00:00,2012-05-24 22:00:00+00:00,-0.0230878877158,2012-05-28,2012-06-07 22:00:00+00:00,-0.027107196214
2012-05-28,-0.0121329130694,-0.0392401092833,-0.0710012567776,-0.0867424398631,-0.0785628096233,0.00914455839911,,,-0.0284834535794,,,-0.0117070211465,-0.083826153533,-0.0169719159908,-0.0537534679071,-0.114230533416,-0.130116886048,-0.133197960205,0.0149491445833,0.0171030602872,0.0219747929102,-0.0422911536289,-0.0950164276064,-0.0748568012697,-0.0183116364152,-0.130884738468,-0.0072939101479,-0.0247267506596,-0.0277719801392,-0.043367993678,-0.0239276590418,0.00751888801341,,,-0.0146694179774,,,-0.00510240587775,-0.0424410504167,-0.0157977690296,-0.0330466158729,-0.0880341806697,-0.14027963643,0.0140768298197,0.0171783038417,-0.0241981479269,-0.0649840546713,-0.132749854496,-0.145559618658,0.026113138553,0.0205084718098,-0.00967800584294,-0.00121078510921,,0.00967800584294,1,0.00722623193602,0.00850385888173,-0.0143020930096,0.0232919254658,0.0121438580103,1,0.472711272708,-0.881217369697,2012-06-03 23:59:59+00:00,2012-06-01 05:00:00+00:00,-0.0149261613323,2012-06-04,2012-06-14 22:00:00+00:00,-0.0121329130694
2012-06-04,-0.0230878877158,-0.0352208007852,-0.0861070057095,-0.110637031312,-0.0992710505848,0.00650372643163,,,-0.0299541087164,,,-0.013890516767,-0.104736357368,-0.0388265782082,-0.0557984941991,-0.138032359504,-0.17104285439,-0.162783557695,0.0122625635433,0.0188385338029,0.0231062938371,-0.046251036038,-0.119051915539,-0.107550125583,-0.0219862777457,-0.163982809864,-0.00734919722338,-0.0146431073713,-0.0341816519147,-0.0502312082336,-0.0357585434747,0.00641491519677,,,-0.0134961221846,,,-0.00579475578831,-0.0494525440077,-0.0441577954403,-0.0599555644699,-0.120077844065,-0.182426249019,0.0156040827882,0.0181312163733,-0.0429931418893,-0.0671912898161,-0.172732224821,-0.1732201605,0.0166489150162,0.0215034283148,-0.0314773809848,0.00325097974151,,0.0314773809848,1,0.00416656368105,0.0368085982169,0.0191282347348,0.0125731628008,0.0197112532138,1.9,0.363428630231,-0.931622042852,2012-06-10 23:59:59+00:00,2012-06-07 22:00:00+00:00,-0.00876119713907,2012-06-11,2012-06-21 22:00:00+00:00,-0.0230878877158
2012-06-11,-0.0149261613323,-0.0380140490481,-0.0772541583315,,-0.117129115758,0.00697130481693,,,-0.0256283004773,,,-0.0103036076015,-0.117999973248,-0.0236929682866,-0.0625195464948,-0.116273014402,-0.174455565199,-0.191348404353,0.0104870546521,0.0182988458433,0.0232793476334,-0.0410496574761,-0.127502454119,-0.125830554983,-0.0143491455733,-0.183557728967,-0.00615935437806,-0.0135085516014,-0.038235302261,,-0.0429098271636,0.00527790409747,,,-0.0100967428967,,,-0.0062580696296,-0.055289308838,-0.0438830423845,-0.0880408378248,-0.121087453698,-0.199313436503,0.0158869093916,0.0176798587074,-0.0305986557996,-0.0735917976888,-0.13857585236,-0.194399822926,0.00881120165799,0.021795340217,-0.0175336139085,-0.00187754851186,,0.0175336139085,1,0.00690568751297,0.0377236880064,-0.000524838174896,0.0100620852066,0.00982673907422,1,0.248882332053,-0.9685337293,2012-06-17 23:59:59+00:00,2012-06-14 22:00:00+00:00,-0.00856922946896,2012-06-18,2012-06-28 22:00:00+00:00,-0.0149261613323
2012-06-18,-0.00876119713907,-0.0236873584714,-0.0589081592566,-0.11706699806,-0.133941786854,0.00611730331124,,,-0.0197655184526,,,-0.00442382544079,-0.125693597467,-0.00531318968263,-0.0290061579692,-0.0848046521683,-0.171129041984,-0.208112261714,0.0139902177878,0.0168329285303,0.0223436163978,-0.0255654009593,-0.118511389733,-0.12880511065,-0.00519252752561,-0.187884137924,-0.0122092045955,-0.0183685589736,-0.0330116663449,-0.0630049541352,-0.0597713119932,0.00269392028881,,,-0.0140190835881,,,-0.00365512335597,-0.0667533491366,-0.0185081005168,-0.0623911429012,-0.122346707371,-0.1867964801,0.0155517672841,0.0170432055569,-0.0138818238364,-0.044480479636,-0.111671769452,-0.214115288321,0.0121832858078,0.021300828012,0.00689601491288,0.00312554327613,,0.00689601491288,1,0.00856863415375,0.00629889592124,0.00963542100789,-0.00169563374311,-0.000768245838668,-0.1,0.13073138967,-0.991417825014,2012-06-24 23:59:59+00:00,2012-06-21 22:00:00+00:00,-0.00166073211893,2012-06-25,2012-07-06 05:00:00+00:00,-0.00876119713907
2012-06-25,-0.00856922946896,-0.017330426608,-0.0553444756562,-0.126345732434,-0.14237616208,0.00683808876523,,,-0.0145040346503,,,-0.00288410644633,-0.133153720254,-0.00790378366279,-0.0132169733454,-0.0757365198402,-0.189967053256,-0.20643189901,0.0155515764796,0.0168927182443,0.0221526371652,-0.0144966014372,-0.111750104271,-0.13338120246,-0.00305475311312,-0.194277626349,-0.00923467527513,-0.0214438798706,-0.0349524314721,-0.0627244116113,-0.0783204251501,0.00263781058343,,,-0.014521185978,,,-0.00271345977955,-0.0753319078427,-0.0501602466659,-0.0686683471826,-0.156709185007,-0.244743365677,0.0140806045202,0.0188606605732,-0.0262820821655,-0.0401639060019,-0.113755703691,-0.246505558186,0.0120145860199,0.0203981558806,0.00133089161233,-0.00150727684489,,0.00133089161233,1,0.0183782985027,0.0409255713908,-0.0188144968216,-0.0407643312102,0.00237057919016,0.7,0.0106870218179,-0.999942892152,2012-07-01 23:59:59+00:00,2012-06-28 22:00:00+00:00,0.0182117398435,2012-07-02,2012-07-12 22:00:00+00:00,-0.00856922946896
2012-07-02,-0.00166073211893,-0.0102299615879,-0.0339173200593,-0.120024325769,-0.143747647638,0.00542040718919,,,-0.00771925363529,,,0.00257818134196,-0.13459212498,0.00738713507417,-0.000516648588622,-0.0295228065579,-0.167555166062,-0.198466270814,0.0127635844608,0.0176226649194,0.0218837688131,0.000249129632486,-0.0914347804612,-0.124318244777,0.00788593457702,-0.18830360807,-0.010708599312,-0.0199432745872,-0.0383118335607,-0.0724934854754,-0.0890290244621,0.00258240857702,,,-0.0156474082413,,,-0.00272957189309,-0.0851809789409,-0.0134145431808,-0.0635747898467,-0.125965932748,-0.246043776813,0.0182338280377,0.0177731243837,-0.0109586062217,-0.0372406883871,-0.0817211680231,-0.254453392844,0.00949094897388,0.0204442771842,0.0180957343862,-0.00173718694786,,0.0180957343862,0,0.0183457412958,0.00270594386874,-0.00884300510724,0.0458167330677,-0.00089485458613,-0.6,-0.109512129666,-0.993985459379,2012-07-08 23:59:59+00:00,2012-07-06 05:00:00+00:00,0.0136860148754,2012-07-09,2012-07-19 22:00:00+00:00,-0.00166073211893
2012-07-09,0.0182117398435,0.0165510077246,-0.00077941888343,-0.0780335772149,-0.126342611528,0.0127077915056,,,0.0107165541006,,,0.00952380770435,-0.118687152889,0.0506949701769,0.0580821052511,0.0448651319057,-0.0714078824962,-0.149870690771,0.0271540637315,0.0251568385145,0.0219797111027,0.0402577499779,-0.0326885450963,-0.0758792591019,0.0227447976511,-0.146093810959,-0.0142714904899,-0.0249800898019,-0.0464239696725,-0.0846592719336,-0.102814532284,0.00215230142569,,,-0.0182785114266,,,-0.00369718224243,-0.0981440884315,0.0797829639076,0.0663684207268,-0.0022999264558,-0.123387380153,0.0559837744754,0.0335947344666,0.0664134917702,0.0554548855486,0.0152909795467,-0.123284872813,0.0422525829646,0.0317231569279,0.0649664606668,0.000236583413801,,0.0649664606668,0,-0.0157185215933,-0.0940544543975,0.0264176570458,-0.0042328042328,0.009148486981,0.7,-0.228125181163,-0.973631810142,2012-07-15 23:59:59+00:00,2012-07-12 22:00:00+00:00,0.0240428828226,2012-07-16,2012-07-26 22:00:00+00:00,0.0182117398435
2012-07-16,0.0136860148754,0.0318977547189,0.021667793131,-0.0372403661255,,0.0126199693788,,,0.0190489888721,-0.0237253780111,,,-0.106542576288,0.0134576116306,0.0641525818075,0.0636359332189,-0.0211687189494,-0.116132821663,0.0248712945225,0.0259077764675,0.0222231695367,0.0374913779393,-0.0103921765347,-0.0609301140494,0.0248422772788,-0.134524600734,0.0139144181202,-0.000357072369714,-0.0203003469569,-0.0533120133017,,0.0128350273009,,,0.000583790921406,-0.0373812693818,,,-0.0855075772236,0.0108665811625,0.0906495450701,0.0270747552235,-0.0952719521477,0.0547605199567,0.0343437923763,0.00052473545792,0.0669382272282,0.029697538841,-0.0819742306111,0.0408304632041,0.031974816754,-0.000456806489544,0.00372604459622,,0.000456806489544,1,0.0129328761727,0.00304783695765,0.0216603811036,0.0123273113709,-0.0149613287689,-0.7,-0.343434221059,-0.939176732999,2012-07-22 23:59:59+00:00,2012-07-19 22:00:00+00:00,0.00705778183008,2012-07-23,2012-08-02 22:00:00+00:00,0.0136860148754
2012-07-23,0.0240428828226,0.037728897698,0.0542799054226,-0.00106457023356,-0.0713563221062,0.0110032674498,0.0161395465762,,0.0296505689603,0.00575396967048,,0.01905892421,-0.0848009659685,0.0327797628596,0.0462373744902,0.104319479741,0.0285829599011,-0.0747133459059,0.0196598700098,0.0283761642151,0.0231457179627,0.0443361512268,0.0288626795256,-0.0288072808986,0.0318270503896,-0.105684417586,0.0153060027856,0.0292204209058,0.00424033110385,-0.0307121003682,-0.0679992983065,0.0157240706239,0.00987337622647,,0.0149257115534,-0.0173351145313,,0.0062907980303,-0.0714026842537,0.0537731468673,0.0646397280298,0.131008148757,-0.0257010362507,0.0418892247427,0.0387494900234,0.0517944511377,0.0523191865956,0.107774072144,-0.00598163154649,0.0379032575502,0.0365348668273,0.017473760074,-0.0044434702046,2.87371714064,0.017473760074,1,-0.0190146882781,-0.0384671440817,0.0138264888975,-0.0243543984883,0.0166044535976,1,-0.45376919082,-0.891119252099,2012-07-29 23:59:59+00:00,2012-07-26 22:00:00+00:00,0.00788705613617,2012-07-30,2012-08-09 22:00:00+00:00,0.0240428828226
2012-07-30,0.00705778183008,0.0311006646527,0.0629984193716,0.0290810993123,-0.0650080451811,0.00717975763867,0.0164360354245,,0.0207866643702,0.0182060210964,,0.020750223703,-0.0783188430579,-0.0151935410493,0.0175862218104,0.0817388036179,0.0522159970601,-0.100841114564,0.0282024576386,0.0280192379891,0.0232799888043,0.00823980413365,0.0217996150152,-0.041911100474,0.0281917097171,-0.119169535341,0.0293091047094,0.044615107495,0.0442580351253,0.00594620156457,-0.0291749757981,0.0182655449255,0.0136274740546,,0.033422927298,0.0142292921405,,0.0133087376889,-0.0437835594786,-0.0116424637902,0.0421306830771,0.132780228147,0.00681429539934,0.041242595119,0.0384571873691,-0.0163381904083,0.0354562607295,0.102394487958,0.0206733199345,0.0397469960285,0.0362289490072,-0.0445026457587,-0.0023207694448,2.05593361934,0.0445026457587,0,0.00114464935901,0.0409515684996,-0.0077771301272,-0.00408865935012,-0.0142441124335,-0.8,-0.557532072999,-0.830155399656,2012-08-05 23:59:59+00:00,2012-08-02 22:00:00+00:00,0.025504292957,2012-08-06,2012-08-16 22:00:00+00:00,0.00705778183008
2012-08-06,0.00788705613617,0.0149448379663,0.0526737356643,0.0518943167808,-0.049138850261,0.00782633480075,0.0167818110598,,0.0154674051237,0.0303652509342,,0.0169483454746,-0.0710207496291,0.0106684782727,-0.00452506277651,0.0417123117137,0.0865774436194,-0.0751478841715,0.0197087209553,0.0283678672251,0.023359518342,0.00855652411655,0.0392020866812,-0.0302330500906,0.0162086844032,-0.109722109444,0.0051056339996,0.034414738709,0.0636351596148,0.0172111899422,-0.0231298163505,0.0100102861348,0.0137780131297,,0.0223450922171,0.0212948006978,,0.017688006546,-0.0388889839858,0.0292661366807,0.0176236728905,0.0822634009203,0.0799634744645,0.0277480981135,0.0399204198364,0.00249474771753,-0.0138434426907,0.0384757439049,0.0537667234516,0.0293598650695,0.0363737689999,0.00556284427314,-5.65551748695e-05,2.05877350997,0.00556284427314,1,0.00817373055521,-0.0241605026811,-0.00582625839939,0.0153414001729,0.00231199023826,0.4,-0.653220035838,-0.75716813508,2012-08-12 23:59:59+00:00,2012-08-09 22:00:00+00:00,0.0212050106523,2012-08-13,2012-08-23 22:00:00+00:00,0.00788705613617
2012-08-13,0.025504292957,0.0333913490932,0.0644920137459,0.0861598068769,0.000144451406341,0.0100123615806,0.017441131453,,0.0250270086449,0.0569695526179,,0.0161118917898,-0.0470230695431,0.0503541416823,0.061022619955,0.0786088417654,0.142244774984,0.0206585708998,0.0283424008336,0.0296198537911,0.0242549351505,0.0397983370442,0.0909947830167,0.0209219426916,0.0180630896029,-0.0637450777266,0.000654444231708,0.00576007823131,0.0503751857263,0.0300748387694,-0.0203696680871,0.0127197785842,0.013793820563,,0.0103202025822,0.0236193420613,,0.0141606939767,-0.0382597845599,0.0475135778911,0.0767797145718,0.118910397649,0.145985152872,0.0294744208883,0.0409091301311,0.0443668500185,0.046861597736,0.0823178584655,0.112015397307,0.0328135405264,0.0356449257678,0.0496996974506,-0.00360311049688,2.14717209664,0.0496996974506,1,0.00598729166377,-0.0468591336594,0.00547996211784,-0.006384337093,0.00666367655539,0,-0.73944719928,-0.673214556792,2012-08-19 23:59:59+00:00,2012-08-16 22:00:00+00:00,0.0182955632962,2012-08-20,2012-08-30 22:00:00+00:00,0.025504292957
2012-08-20,0.0212050106523,0.0467093036093,0.0616541415756,0.115934046998,0.0484566582726,0.00934221746522,0.0162904668834,,0.0308613373032,0.0753974676125,,0.0116861001422,-0.0265994068793,0.0236280853879,0.0739822270702,0.0694571642937,0.173776644035,0.0810682082039,0.0272788789115,0.0277799673652,0.0247296397636,0.0459785379646,0.109654890055,0.0455235199113,0.0111282750577,-0.0413597466639,0.0187819359167,0.0194363801485,0.0538511188575,0.0580914499613,0.0158451083413,0.0130804533674,0.013978242971,,0.0157694843964,0.0417126871533,,0.0122439252266,-0.0200257421758,0.02239739219,0.0699109700812,0.0875346429717,0.218542791728,0.0247363332651,0.0409541625709,0.0137974402433,0.0581642902618,0.0443208475711,0.152094919715,0.025435294294,0.034014750915,0.00484614947114,0.00434569004231,1.98722973933,0.00484614947114,1,0.0098306451446,-0.0036154562733,0.0079859601668,0.0139216106233,-0.0173763605117,-1.4,-0.81496470712,-0.579510591922,2012-08-26 23:59:59+00:00,2012-08-23 22:00:00+00:00,0.0104952221058,2012-08-27,2012-09-07 05:00:00+00:00,0.0212050106523
2012-08-27,0.0182955632962,0.0395005739485,0.0728919230417,0.135890342413,0.0788851346382,0.00749992479168,0.016005230828,,0.030873876365,0.0882985502493,,0.0121548934806,-0.00862658459198,0.014658169272,0.0382862546599,0.0993088746149,0.181047678233,0.112698293467,0.0178600225308,0.0269507033941,0.0241261987816,0.035448380511,0.115739926852,0.0618592802924,0.0161581191563,-0.0272043428609,0.0219329573204,0.0407148932371,0.0464749714685,0.0907330065937,0.0450719758096,0.0103332922495,0.0148200139685,,0.0261979779171,0.0609829672348,,0.00815166780483,0,0.00917183600541,0.0315692281955,0.108348942767,0.241129170915,0.0159680852866,0.0405551769381,0.0187776290086,0.0325750692519,0.0794366669879,0.181831154946,0.017701825138,0.0334359111715,-0.00727478804837,0.000129759440849,1.81841157774,0.00727478804837,1,-0.00411945973658,0.012761121315,0.00697228655858,-0.0141529362062,-0.00375696333722,0,-0.878678814594,-0.477413385635,2012-09-02 23:59:59+00:00,2012-08-30 22:00:00+00:00,-0.00342092573333,2012-09-03,2012-09-13 22:00:00+00:00,0.0182955632962
2012-09-03,0.0104952221058,0.0287907854021,0.0755000890114,0.128173824676,0.11246824446,0.00632278681165,0.0134064096035,,0.022387002639,0.0899718618468,,0.0102236188329,0,0.0110479801532,0.0257061494252,0.0996883764954,0.141400688209,0.162572851828,0.0177604682132,0.0228665706994,0.024169948333,0.0215816280073,0.113634399973,0.0736650669232,0.0124164901371,-0.0163973278271,0.00994246405851,0.0318754213789,0.0513118015274,0.114946961142,0.0623636370915,0.00957203180122,0.0145417002834,,0.0231910403391,0.0662705066369,,0.00803074752865,0,-0.0269043208826,-0.0177324848772,0.052178485204,0.134441886124,0.0310188100957,0.0390504225116,-0.00562771145758,0.013149917551,0.0713142078128,0.109789951718,0.0205882504217,0.030500064045,0.00110551609468,-0.000505956732573,1.57237447337,0.00110551609468,1,0.0166756916108,0.0368467849411,0.00787576437743,-0.0698521534176,-0.0501950585176,-5.1,-0.929666729448,-0.36840164516,2012-09-09 23:59:59+00:00,2012-09-07 05:00:00+00:00,0.00722422304642,2012-09-10,2012-09-20 22:00:00+00:00,0.0104952221058
2012-09-10,-0.00342092573333,0.00707429637252,0.046574870321,0.111066884067,0.123973480059,0.0110140500674,0.0120292665716,,0.00722008031154,0.0757687889198,,0.00210729603727,-0.00341508103355,-0.0067220292822,0.00432595087099,0.0426122055309,0.121221047296,0.179543790833,0.0127337068914,0.0210391917712,0.0241832608833,0.00411107958849,0.0909177127423,0.0669917643206,-0.00315800945055,-0.0229869611245,-0.000119822184452,0.00982264187406,0.0505375351112,0.100912720838,0.0684031692851,0.00990239144064,0.0142561615691,,0.0103335432483,0.0603930379363,,0.0073726015251,-0.000119815006061,0.00959810124489,-0.0173062196377,0.0142630085577,0.133173406207,0.0212200646324,0.0359622805559,-9.40640367752e-05,-0.00572177549435,0.0268532937575,0.109171152223,0.0114655112742,0.0284484798947,-0.00660220709775,0.002954176497,1.47569287682,0.00660220709775,1,-0.00662796524542,-0.00971792342934,0.0116150964777,0.0248790601244,-0.0196467688938,-1.4,-0.967189977038,-0.254054223182,2012-09-16 23:59:59+00:00,2012-09-13 22:00:00+00:00,-0.0173750071756,2012-09-17,2012-09-27 22:00:00+00:00,-0.00342092573333
2012-09-17,0.00722422304642,0.00380329731309,0.0325940827151,0.0942482242907,0.139958900244,0.00900325677859,0.0107522324356,,0.00633767468376,0.0718996097501,,-0.00261754857078,0,0.00890177628821,0.00217974700601,0.0278858964312,0.0973430607249,0.193758756803,0.00943294379087,0.0203195138562,0.0241381955516,0.00608183287119,0.0844984516139,0.0771770786453,-0.0079330456463,-0.0142509844544,0.00554666980462,0.00542684762017,0.0373022689991,0.0911533878565,0.0861590436853,0.00935988414335,0.0132584937256,,0.00659198744577,0.0591196386997,,0.00269794850475,0,0.0113107803147,0.0209088815596,0.0031763966824,0.0907110396541,0.0184887351535,0.0348642351362,0.0195310420308,0.0194369779941,0.0325868955451,0.0769077431161,0.01291335869,0.0276468543024,0.00335510648359,-0.00414390453008,1.53245020335,0.00335510648359,1,-0.0106292657426,-0.00576411051011,-0.00250482295102,0.0258485052821,0.0415473779764,4.2,-0.990705095898,-0.136027250809,2012-09-23 23:59:59+00:00,2012-09-20 22:00:00+00:00,-0.00546974877923,2012-09-24,2012-10-04 22:00:00+00:00,0.00722422304642
2012-09-24,-0.0173750071756,-0.0101507841292,-0.00307648775668,0.069815435285,0.131153122538,0.0125640558562,0.0122455015082,,-0.0102423908947,0.0430470831128,,-0.0108578236728,-0.0172249321802,-0.0337650543073,-0.0248632780191,-0.0205373271481,0.0787715474668,0.167897486159,0.020664934914,0.0237199878649,0.0249522323912,-0.0223887464477,0.0355823320586,0.0430546623622,-0.01804952303,-0.0469792090203,-0.000984960043938,0.00456170976068,0.0143843516347,0.0608593231032,0.0944087589165,0.00512754808631,0.0126179621942,,0.00200348409103,0.0503751780563,,-0.00366612431566,-0.000984475130014,-0.0314759305925,-0.0201651502778,-0.0374713699155,0.0708775728518,0.0229754078442,0.0323275688725,-0.0403685396088,-0.020837497578,-0.0265592730724,0.0528773939156,0.0249426798261,0.0294944424435,-0.0327800942634,0.00328594909558,1.87970987629,0.0327800942634,1,0.00660348530154,0.0304909705486,-0.00375887077907,0.0102979842244,-0.0195762939126,-1.5,-0.99987150887,-0.0160301512775,2012-09-30 23:59:59+00:00,2012-09-27 22:00:00+00:00,0.00544486010355,2012-10-01,2012-10-12 05:00:00+00:00,-0.0173750071756
2012-10-01,-0.00546974877923,-0.0228447559548,-0.0190414586418,0.0564586303696,0.127344105877,0.0100839289756,0.0125907632347,,-0.0109623944516,0.02755331728,,-0.0145560651125,-0.0225857902686,0.00558920613668,-0.0281758481706,-0.0259961011646,0.0736922753308,0.166099557221,0.0193803689114,0.0237601134378,0.0249904551477,-0.0105044702385,0.0287744927628,0.05029468918,-0.0192759143082,-0.0416376657793,-0.0165287036951,-0.0175136637391,-0.0120868161189,0.0392249854085,0.0885886545333,0.0094591281211,0.0133884514587,,-0.0114603552419,0.0262421081449,,-0.00983621591691,-0.0173611909469,-0.0133043648222,-0.0447802954147,-0.023871413855,0.0283070713489,0.0203743018609,0.0323196160891,-0.0254431449644,-0.0658116845732,-0.0463747065792,0.0249395012336,0.0265881534654,0.0306482407524,0.0221179098318,0.000236213085218,1.77453971966,0.0221179098318,0,0.0310323511011,-0.00322433887296,-0.0288771644174,-0.00433745391455,0.0151805251641,0.8,-0.994556455799,0.104199118177,2012-10-07 23:59:59+00:00,2012-10-04 22:00:00+00:00,0.0129015556002,2012-10-08,2012-10-18 22:00:00+00:00,-0.00546974877923
2012-10-08,0.00544486010355,-2.48886756745e-05,-0.0101756728049,0.0363991975162,0.114577226137,0.0113689466967,0.0123756817281,,-0.00302755137903,0.0243503361541,,-0.011357550981,-0.0172493918457,0.0130665281374,0.0186557342741,-0.00620754374497,0.0364046617859,0.128471115182,0.0216922451307,0.0208724370507,0.0251412626974,0.00407662186458,0.0323264735292,0.0650512983444,-0.0114342794118,-0.0290330272779,-0.00217680793032,-0.0187055116255,-0.0141438018648,0.0363937332464,0.100683337093,0.00930341242088,0.0121654548966,,-0.010132859673,0.0163426576277,,-0.0112808225503,-0.0194978804741,0.00950575785354,-0.00379860696864,-0.0239637572464,-0.00970074868868,0.0203508238846,0.0257194688408,-0.00586293002536,-0.0313060749898,-0.0521435725678,-0.0252902788102,0.0259041188944,0.0257183220475,0.0152433360677,0.00304641521373,1.71557263213,0.0152433360677,0,0.0189294581628,-0.0116825657839,-0.0256087829178,-0.0551078196471,-0.00653374646369,-1.5,-0.974836916336,0.222919237727,2012-10-14 23:59:59+00:00,2012-10-12 05:00:00+00:00,-0.0059044720979,2012-10-15,2012-10-25 22:00:00+00:00,0.00544486010355
2012-10-15,0.0129015556002,0.0183464157037,-0.0044983402511,0.028095742464,0.113792766862,0.0132016021535,0.0123518340335,,0.0110691725013,0.0288191119386,0.0603783977491,-0.00987787482141,-0.00448823787225,0.0258031112004,0.0388696393378,0.0106937911672,0.0385796875984,0.140816614752,0.025685686873,0.0213246075745,0.0253383250317,0.027506872699,0.048092378347,0.0917716431827,-0.00815859949679,-0.00365302515297,0,-0.00217680793032,-0.0196904716694,0.0176117973297,0.0867689189727,0.00778841054076,0.0121894971975,,-0.00523760667807,0.00978146208668,0.0294379705854,-0.011597150146,-0.0194978804741,0.0355950878708,0.0451008457243,0.00032055030965,0.00349694699205,0.0290119765773,0.0267441051906,0.0121051747965,0.00624224477115,-0.0595694398021,-0.026982544257,0.0228819600092,0.0257723908047,0.0258031112004,0.00235867031531,1.74928120068,0.0258031112004,0,0.0136979364039,-0.0355950878708,-0.0183484720637,0.0336560627017,0.0047460844803,0.7,-0.94099849502,0.338410745058,2012-10-21 23:59:59+00:00,2012-10-18 22:00:00+00:00,-0.0235761783561,2012-10-22,2012-11-01 23:00:00+00:00,0.0129015556002
2012-10-22,-0.0059044720979,0.00699708350229,0.00697219482662,0.00389570706994,0.0838454119417,0.00910539594123,0.0120516387867,0.0152252012807,0.00336518289814,0.0163315544018,0.0536056910612,-0.00470659836579,-0.0103488902391,-0.0217293141872,0.0040737970132,0.0227295312873,0.00219220413921,0.0863075377049,0.020089625244,0.0219978215166,0.0256644114331,-0.000226783357001,0.0189170923897,0.0677983342943,-0.000956658540088,-0.0250694369749,0.00992036999139,0.00992036999139,-0.00878514163407,0.00559921000067,0.0813832861785,0.0109095615706,0.0119610761952,0.0122390948589,0.00691151839391,0.0136335040617,0.0391487464061,-0.00845653819148,-0.00972252928969,-0.0161811447989,0.0194139430719,0.0156153361032,-0.0218560338123,0.0240502640514,0.0243844732554,-0.0035965381256,0.00850863667091,-0.0227974383189,-0.0493567113912,0.015397695921,0.0217063334865,-0.0316496841786,0.00704362889653,1.83896350079,0.0316496841786,0,-0.0181327760616,0.0261015147903,-0.00544394256051,-0.0227475468332,-0.0011471759228,-0.2,-0.893531284773,0.4490009389,2012-10-28 23:59:59+00:00,2012-10-25 22:00:00+00:00,-0.00907531268674,2012-10-29,2012-11-08 23:00:00+00:00,-0.0059044720979
2012-10-29,-0.0235761783561,-0.029480650454,-0.0111342347503,-0.030175693392,0.0532114517555,0.0158724375278,0.0146398334433,0.0159388186213,-0.0173180716452,-0.011261744214,0.0295397606773,-0.00687674728415,-0.0334081881634,-0.042058552939,-0.0637878671262,-0.0249182277884,-0.050914328953,0.0594425258151,0.0312110565694,0.0252423688943,0.0268739041124,-0.0355722457694,-0.0272670776278,0.0255264855838,-0.0108020589329,-0.0652232804855,-0.00509380377323,0.00482656621815,0.00264975828783,-0.00943705783108,0.0469803776959,0.00651520697204,0.0100971533306,0.0121243385778,0.00113204880572,0.00490566909392,0.033143974828,-0.00295143563542,-0.0147539829086,-0.0479849739492,-0.0641661187482,-0.0190652730238,-0.0429366868789,0.0357346037987,0.0283124580255,-0.0588669687914,-0.062463506917,-0.0562212621459,-0.102595968725,0.0309244063656,0.0270849632581,-0.0369647491658,0.00205559199457,2.4997014868,0.0369647491658,1,0.0168084158524,0.042891170176,-0.000788015387483,0.0280693747147,0.00324280502635,0.5,-0.833122768723,0.55308810531,2012-11-04 23:59:59+00:00,2012-11-02 04:00:00+00:00,-0.00945206181913,2012-11-05,2012-11-15 23:00:00+00:00,-0.0235761783561
2012-11-05,-0.00907531268674,-0.0326514910429,-0.0256544075406,-0.0358300803455,0.0362490829326,0.0149997028564,0.0150243696927,0.0159608988408,-0.0199959795654,-0.0228161963507,0.0207582695666,-0.00920199287996,-0.0421406263582,-0.00455933130143,-0.0466178842405,-0.0425440872273,-0.0487516309722,0.0442147162409,0.0287238181097,0.025289191206,0.0267427201941,-0.0298393110557,-0.034801475478,0.0221222391401,-0.0140371538254,-0.0694755361553,-0.013591294072,-0.0186850978453,-0.0087647278539,-0.0229085297187,0.0282834496242,0.00982986501452,0.0111442517934,0.0124418683976,-0.0102312599459,-0.0107636074715,0.0189918741805,-0.00436683193457,-0.0280541631924,0.00534268035775,-0.0426422935915,-0.0232283505196,-0.047192107766,0.035237539731,0.0272165467248,-0.00562060193906,-0.0644875707305,-0.0559789340596,-0.108122506627,0.0309460350696,0.0270608929387,0.00903196277061,0.0169961900986,2.26905517029,0.00903196277061,1,0.00106127063763,-0.0189339744298,0.0011108755565,0.0122086570477,-0.0123232323232,-2.3,-0.760647863164,0.649164715819,2012-11-11 23:59:59+00:00,2012-11-08 23:00:00+00:00,-0.00157527045187,2012-11-12,2012-11-22 23:00:00+00:00,-0.00907531268674
2012-11-12,-0.00945206181913,-0.0185273745059,-0.0480080249599,-0.052506365211,0.00129272815647,0.0078784333149,0.0136888056336,0.0153609482851,-0.0174885620842,-0.0321021911086,0.0110989814676,-0.0121014468674,-0.0511517185829,-0.0111629821174,-0.0157223134188,-0.079510180545,-0.0688163893778,-0.0173024075587,0.016391231797,0.0211954048845,0.0252779711045,-0.0211804036447,-0.0442913824334,0.0106441130614,-0.0185465907087,-0.0798052019013,-0.0077411415209,-0.0213324355929,-0.0165058693748,-0.0361963410442,0.0198878638716,0.0100149587001,0.0114780183894,0.0125323678862,-0.0138337646311,-0.0198492143535,0.011153117727,-0.00565630302613,-0.0355490864072,-0.00986011902895,-0.0045174386712,-0.0686835574194,-0.0683630071097,0.0224410010742,0.0234593427456,0.00130344733674,-0.00431715460232,-0.0667806615194,-0.126350101321,0.0282644125716,0.0231546448253,-0.00342184059645,0.0154666370919,1.8464475067,0.00342184059645,1,-0.0124664294541,0.00211897750805,-0.0215067425629,0.00197368421053,-0.00374991477466,0.6,-0.677156245853,0.735839261457,2012-11-18 23:59:59+00:00,2012-11-16 05:00:00+00:00,0.0170943941989,2012-11-19,2012-11-29 23:00:00+00:00,-0.00945206181913
2012-11-19,-0.00157527045187,-0.011027332271,-0.0436788233139,-0.0367066284873,-0.0214875529477,0.00918441677245,0.0121313705354,0.0143370217343,-0.00817534609628,-0.0320628662815,0.00846559374307,-0.00926681714018,-0.0526452345893,0.00375686551961,-0.00740611659774,-0.0540240008382,-0.0312944695509,-0.037173627427,0.0199898926034,0.0199238137288,0.0241345852404,-0.00391489154396,-0.0380056091884,0.012751141094,-0.0106464904075,-0.0763416518208,-0.00690740642335,-0.0146485479442,-0.0333336457895,-0.0421187874236,-0.00580147846847,0.00367535311553,0.0104232359521,0.0121102330215,-0.0124261596484,-0.0261719263377,0.00380529864474,-0.00788714387289,-0.0421879856587,0.0123191968298,0.00245907780088,-0.0401832157906,-0.0245678796874,0.0269345738676,0.0226937053984,-0.00135003046434,-4.65831275997e-05,-0.0645341538581,-0.087331592177,0.0286313842052,0.022437141524,0.010664271943,0.0102213737732,1.91129727112,0.010664271943,0,0.00510689598395,-0.0192266032532,-0.0231567648052,0.0218866272707,0.0189570216261,1.5,-0.583857153189,0.811856406435,2012-11-25 23:59:59+00:00,2012-11-22 23:00:00+00:00,-0.0092573237452,2012-11-26,2012-12-06 23:00:00+00:00,-0.00157527045187
2012-11-26,0.0170943941989,0.015519123747,-0.00300825075885,-0.0141424855091,-0.022688722045,0.0124383837356,0.011970278146,0.0144087153039,0.00969232214128,-0.0136599792006,0.0236457798571,0.000993223621444,-0.0363115694758,0.0356054714019,0.0393623369215,0.0236400235027,-0.00127820428573,-0.0162263252971,0.0207167454502,0.0221781290633,0.024704500426,0.0260046582498,-0.00188420890038,0.0455790282601,0.00715818474468,-0.0428618660665,-0.00141668300408,-0.00832408942743,-0.0296565250204,-0.0270067667325,-0.0291511187929,0.00498298544248,0.00796816201894,0.0120156235991,-0.00645098671047,-0.0253940355231,0.00177421086066,-0.00517173750179,-0.0435439409544,0.0103659992911,0.0226851961209,0.0181677574497,-0.000897515574121,0.01004101389,0.0227540939779,0.0177073411047,0.0163573106404,0.012040156038,-0.0441811061079,0.0102049222276,0.0223351460401,0.0370221544059,-0.0113269736404,2.78299387195,0.0370221544059,0,0.0178981302972,-0.0117826822952,-0.0070895588522,-0.0231312914971,0.0191416481967,1.1,-0.48210186644,0.876115169584,2012-12-02 23:59:59+00:00,2012-11-29 23:00:00+00:00,-0.0179129974277,2012-12-03,2012-12-13 23:00:00+00:00,0.0170943941989
2012-12-03,-0.0092573237452,0.00783707045368,-0.00319026181731,-0.0288446693579,-0.0424412678961,0.0124792476131,0.0115327028602,0.0136759358436,0.00118850365881,-0.0195533248544,0.0115446530495,0.00246714746076,-0.0451915792873,-0.0208246138791,0.0147808575227,0.00737474092497,-0.0351693463023,-0.0480989193295,0.0246748430885,0.0224654010573,0.0236963410623,0.00300805978527,-0.018819153976,0.0196863753084,0.00554360210274,-0.0625877928657,0.00230996638873,0.000893283384649,-0.0137552645596,-0.0225199924135,-0.0367836164627,0.00474968929576,0.00724379814654,0.0119084636617,-0.000707513867396,-0.0203820133815,0.0031125705812,-0.000609307181228,-0.0413320058414,-0.00398962682317,0.00637637246792,0.0088354502688,-0.0143929002508,0.010844957752,0.021692615462,-0.00144268777098,0.0162646533337,0.0162180702061,-0.0397608638535,0.00919050930606,0.0223928851696,-0.0231345802679,-0.0150842413994,3.10090089508,0.0231345802679,0,-0.0193819261082,0.0062995932119,0.0270166544689,0.0627055470292,0.016805061289,2,-0.373364140702,0.927684870222,2012-12-09 23:59:59+00:00,2012-12-06 23:00:00+00:00,-0.00693342762402,2012-12-10,2012-12-20 23:00:00+00:00,-0.0092573237452
2012-12-10,-0.0179129974277,-0.0271703211729,-0.0116511974258,-0.0596592223857,-0.0569333395904,0.0149145980997,0.0122284888148,0.013841404197,-0.0137444712625,-0.0327618883844,-0.00886978009328,0.00146668830434,-0.0621427833675,-0.0332545602929,-0.054079174172,-0.0147168372506,-0.0942270177956,-0.0746314503402,0.0303713002197,0.0239209161992,0.0242182605533,-0.0262966229541,-0.0455117145182,-0.0173778583359,0.00206167148275,-0.0932483957038,-0.0025714345624,-0.000261468173669,-0.0085855576011,-0.0250914269759,-0.0392352288407,0.00379646874638,0.0071991504147,0.0118429848419,-0.001127678395,-0.0199502002564,-0.000569158503274,0.000871705125931,-0.0437939910818,-0.00674301530691,-0.0107326421301,0.0119525539908,-0.0567310034285,0.00974484552172,0.0214229997876,-0.00312148799441,-0.00456417576539,0.011793134875,-0.0549875266444,0.00987299412559,0.022329868817,-0.0306831257305,-0.0182433291325,3.32228006659,0.0306831257305,1,-0.0301330722985,0.00417158074451,0.0259496476027,-0.0175366205901,-0.0040184068961,-0.2,-0.259218860015,0.96581860751,2012-12-16 23:59:59+00:00,2012-12-13 23:00:00+00:00,-0.00253840242394,2012-12-17,2012-12-27 23:00:00+00:00,-0.0179129974277
2012-12-17,-0.00693342762402,-0.0248464250517,-0.017009354598,-0.0606881779119,-0.0710909902609,0.0149948292805,0.0117291992526,0.0137860384743,-0.0164274174573,-0.0341870344123,-0.0181914949004,0.00121619906288,-0.0686228579772,-0.00446357019036,-0.0377181304833,-0.0229372729605,-0.0769612737987,-0.0879967968187,0.029975955661,0.023523048869,0.0242057123292,-0.0251516576136,-0.0433303503531,-0.0254341214111,0.00103466613054,-0.0972867257452,-0.00940328505769,-0.0119747196201,-0.0110814362354,-0.044415082025,-0.054185183703,0.00488799290016,0.00690504811846,0.0117288804583,-0.00774109451653,-0.0250685903747,-0.0111080348701,0.00139773199522,-0.0527433262399,-0.00232213520409,-0.009065150511,-0.00268877804307,-0.0428719938337,0.00758121030323,0.0209680514525,-0.0149382677575,-0.0180597557519,-0.00179510241819,-0.0663292562763,0.0135119849236,0.0208763266453,0.00493971486733,0.0148301387958,3.40615189259,0.00493971486733,1,0.0104746975671,-0.0070811498536,-0.00919063148532,0.0247795044099,0.0147719138413,1.1,-0.141319227808,0.989964078061,2012-12-23 23:59:59+00:00,2012-12-20 23:00:00+00:00,,2012-12-24,2013-01-10 06:00:00+00:00,-0.00693342762402
2012-12-24,-0.00253840242394,-0.00947183004796,-0.0366421512208,-0.0396504019797,-0.0562543855092,0.00646600375625,0.0111832403585,0.0136397006378,-0.00985729022248,-0.0324866435993,-0.0233352170755,-0.00483327738142,-0.0709840698512,0.00721648822402,0.00275291803366,-0.0513262561384,-0.0276862326357,-0.0470152542874,0.0178226012161,0.0223189386962,0.0240879355326,-0.00523048296129,-0.0329510274246,-0.0225775066729,-0.00921500601248,-0.0907487437705,-0.0122932930719,-0.0216965781296,-0.0219580463033,-0.0516145713236,-0.0654935167309,0.00660696842961,0.00717754635036,0.0118527206821,-0.0145034793865,-0.0321273698394,-0.0242351837964,-0.000451548750357,-0.0643169454434,0.00846396451692,0.00614182931283,-0.00459081281725,0.0135769446325,0.00666201907048,0.0195682471591,0.0291128656949,0.0141745979374,0.00961042217203,0.0216505782101,0.0187922481739,0.0213320292624,0.0195097812959,0.00408084545569,3.10911674968,0.0195097812959,0,-0.0218963774709,-0.0207572575888,0.0207147131743,0.00532786885246,-0.01705784276,-1.2,-0.0213728230102,0.999771575129,2012-12-30 23:59:59+00:00,2012-12-29 05:00:00+00:00,,2012-12-31,2013-01-10 23:00:00+00:00,-0.00253840242394
2012-12-31,,,,,,,,,,,,,,0.0117756584367,0.0189921466607,-0.0187259838226,-0.0113512428976,-0.0408288019874,0.02023913252,0.0225958154557,0.0241232371935,0.011363445768,-0.0184170823812,-0.0154093905269,-0.00154081887969,-0.0799784221862,,,,,,,,,,,,,,-0.000121495611121,0.0083424689058,-0.000722681605198,0.0081127686636,0.00638705609513,0.0192413400098,0.0184439127043,0.0475567783992,0.0294970226473,0.0457150928534,0.0200259316008,0.0212338862561,,-0.013109907301,,,,-0.00666825426763,,0.0383104537117,-0.00856094578068,0.000848121085595,0.1,0.120128619955,0.992758336489,2013-01-06 23:59:59+00:00,2013-01-10 06:00:00+00:00,,2013-01-07,2013-01-17 23:00:00+00:00,
2013-01-07,,,,,,,,,,,,,,-0.00541283343917,0.0063628249975,0.00911574303117,-0.00560109421941,-0.059308163564,0.00854774562553,0.0220663233067,0.0222954430795,0.00361367313125,-0.0192153476357,-0.0231830090018,0.00684110218579,-0.0849448922837,,,,,,,,,,,,,,0.0235131901482,0.0233916945371,0.0295335238499,0.0414860778407,0.011716919698,0.0202119124116,0.031519795941,0.0499637086453,0.0641383065827,0.0759314414577,0.021416159411,0.023012513341,,-0.00771074801529,,,,-0.0369326293802,,0.0546677744884,0.0115131578947,-0.00547552310801,-1.3,0.238517377822,0.971138229335,2013-01-13 23:59:59+00:00,2013-01-10 23:00:00+00:00,0.00150782328992,2013-01-14,2013-01-25 06:00:00+00:00,
2013-01-14,,,0.00539126517346,-0.0116180894245,-0.0612013848363,,,,,,,0.00605561512693,-0.0635879968876,0.00859967178843,0.00318683834926,0.02217898501,-0.000758287950587,-0.076511602976,0.00755027837446,0.0205578236646,0.0222215699388,0.00669342429199,-0.00472232716169,-0.0170663028511,0.0114302541737,-0.0770417853317,,,-0.011396454663,-0.0224778908985,-0.0458911666966,,,,,,,0.000680976080135,-0.0634774125351,0.000218049613826,0.023731239762,0.0320737086678,0.0293849306247,0.0110663215234,0.0172837283694,0.00660777606395,0.038127572005,0.0856843504042,0.083889247986,0.0113936404695,0.02285404645,,-0.00340226739387,,,,0.00199189572448,,0.0128954292358,-0.0723577235772,-0.0102248148391,-1.2,0.353451610506,0.935452809623,2013-01-20 23:59:59+00:00,2013-01-17 23:00:00+00:00,0.00680423635587,2013-01-21,2013-01-31 23:00:00+00:00,
2013-01-21,0.00150782328992,,0.00943749088732,-0.0272046603335,-0.0537890894485,,,,,,,0.0064969949871,-0.0621749880442,-0.00112126828154,0.00747840350689,0.0138412285044,-0.037485027634,-0.0559035570703,0.00806807687241,0.0200218475817,0.021349649519,0.00210242364463,-0.00144711097152,-0.0192768783883,0.00776058074689,-0.0780760891286,0.00413691486139,,0.00503375327025,-0.016924293033,-0.0516746218266,,,,,,,0.0052334092273,-0.0595950734087,-0.00917232581409,-0.00895427620026,0.0144374183368,0.00984660551955,0.0139636935962,0.0169123770048,0.012789993569,0.019397769633,0.0693614782783,0.0789719004504,0.0106170998045,0.0230180281863,-0.00525818314293,-0.00501747011253,,0.00525818314293,0,-0.0139112618506,0.0133092406755,0.00383598882428,-0.0554338299737,-0.0592675981723,-4.3,0.463266687928,0.886218920954,2013-01-27 23:59:59+00:00,2013-01-25 06:00:00+00:00,0.00741437872582,2013-01-28,2013-02-07 23:00:00+00:00,0.00150782328992
2013-01-28,0.00680423635587,0.0083120596458,,-0.0111431002324,-0.0234086747365,,,,,,,,-0.0557720461408,0.0136084727117,0.0124872044302,0.0156740427795,-0.00305194104309,-0.000236531419555,0.00872318727208,0.0169979349466,0.0212134560918,0.0118364530712,0.0122531960939,-0.00802002423541,0.00393670541945,-0.0654443584029,0,0.00413691486139,,-0.0192342594217,-0.0465808180534,,,,,,,,-0.0595950734087,0.0210748324292,0.0119025066151,0.0356337463771,0.0349110647719,0.0159557388748,0.0108752254464,0.00874241401275,0.0215324075818,0.0596599795868,0.0891570022341,0.0113628882459,0.0137933931812,0.0136084727117,0.00176229492854,,0.0136084727117,0,0.004866058699,-0.0210748324292,-0.0174141329041,-0.0111343075852,0.019358017739,1.4,0.56637212241,0.824149633839,2013-02-03 23:59:59+00:00,2013-01-31 23:00:00+00:00,0.0147421064712,2013-02-04,2013-02-14 23:00:00+00:00,0.00680423635587
2013-02-04,0.00741437872582,0.0142186150817,,0.0141842759211,-0.00691898332391,,,,0.00936396836157,,,,-0.0487451646979,0.0148287574516,0.0284372301634,0.0359156336703,0.0450313767014,0.0191515573335,0.00725283827315,0.0174118071703,0.0212948169505,0.0177346122427,0.0258376396353,0.00441131319674,0.00750571169961,-0.0514827990151,0,0,,-0.0166628248593,-0.0329895239813,,,,0.00103315871947,,,,-0.0595950734087,0.0123619934803,0.0334368259094,0.0244825497091,0.0540160735591,0.0133078641053,0.0111307374333,0.0199182177516,0.0286606317644,0.0480584013974,0.11219670798,0.00585973136362,0.0135588984235,0.0148287574516,-0.00241766817143,,0.0148287574516,0,-0.00508946029998,-0.0123619934803,-0.00797715563109,0.0490265071546,-0.00345280022098,-0.8,0.661274604227,0.750143918062,2013-02-10 23:59:59+00:00,2013-02-07 23:00:00+00:00,0.0112532509727,2013-02-11,2013-02-22 06:00:00+00:00,0.00741437872582
2013-02-11,0.0147421064712,0.022156485197,0.0304685448428,0.0358598100163,0.0172751849664,0.00544030704858,,,0.0165422390702,,,0.00628827582867,-0.0346177868377,0.0274413496782,0.0422701071298,0.05475731156,0.07693629657,0.057755889129,0.0116872679942,0.0183441322737,0.0196425162713,0.0316732689778,0.0496004041524,0.030732804263,0.00924656718777,-0.0250937877345,0.00204286326421,0.00204286326421,0.00617977812559,-0.00521667653744,-0.0232055191962,0.00197820966754,,,0.00153292980654,,,0.00332998446957,-0.0576719911024,0.0174100124289,0.0297720059092,0.0416745125242,0.073748221192,0.0135402645199,0.0108012493347,-0.0119479685794,0.00797024917222,0.029502656754,0.115187007158,0.0136857760827,0.01468872824,0.025398486414,-0.00265976042861,,0.025398486414,1,0.0393893182576,-0.0153671491647,-0.0283760736528,-0.0257155635063,-0.00838472732312,-0.4,0.746599629698,0.665273622605,2013-02-17 23:59:59+00:00,2013-02-14 23:00:00+00:00,-0.00427523413632,2013-02-18,2013-02-28 23:00:00+00:00,0.0147421064712
2013-02-18,0.0112532509727,0.0259953574439,0.0402139725256,0.0496514634129,0.030103706391,0.00369436996735,,,0.017736177859,,,0.00773782340902,-0.0236927426678,0.0180216200806,0.0454629697588,0.0739001999222,0.0877414284266,0.0720206436901,0.00626043535391,0.0187224212304,0.0194200317213,0.0311445295828,0.0626172746219,0.0480279211018,0.0129350004659,-0.00736512860494,0.00448488186485,0.00652774512905,0.00652774512905,0.0115614983993,-0.011813230908,0.00213186862794,,,0.00439115069598,,,0.00254064635211,-0.0534362700501,0.00802547962851,0.0254354920574,0.0588723179668,0.0733097363036,0.00571538406608,0.0106704771423,0.00805679292136,-0.00389117565804,0.0247694561063,0.0941309343846,0.0132595824164,0.0143852933574,0.0135367382158,-0.00406794351942,,0.0135367382158,1,0.00996482715926,-0.00354059776366,-0.0180852077774,-0.0195088363553,-0.00936408106219,-0.9,0.821111408578,0.570767951713,2013-02-24 23:59:59+00:00,2013-02-22 06:00:00+00:00,-0.0173708596908,2013-02-25,2013-03-07 23:00:00+00:00,0.0112532509727
2013-02-25,-0.00427523413632,0.00697801683642,0.0291345020334,,0.00873407805581,0.00826662360116,,,0.00607550916062,,,0.00661177335022,-0.0278577751934,-0.0204171080738,-0.00239548799322,0.0398746191366,0.0555486619161,0.0159980642144,0.0209528080801,0.0176417303059,0.0196744906705,0.000427556184435,0.0398200143831,0.0268564404025,0.00873803445997,-0.02742636891,0.0118666398012,0.0163515216661,0.0183943849303,,0.00147009189726,0.00518061278836,,,0.0116955319105,,,0.00448551224047,-0.0421368286131,-0.0239773609839,-0.0159518813554,0.0138201245538,0.0494538709309,0.0186860074024,0.0134191819119,-0.0269074529199,-0.0188506599986,-0.0108804108263,0.0487795687604,0.0208071818647,0.0172583037185,-0.0322837478751,0.00183423347836,,0.0322837478751,0,0.00649034484608,0.0358440007851,0.0045054882833,0.0496254681648,0.023631489842,2.2,0.883730762406,0.467995661922,2013-03-03 23:59:59+00:00,2013-02-28 23:00:00+00:00,-0.00551781407702,2013-03-04,2013-03-14 23:00:00+00:00,-0.00427523413632
2013-03-04,-0.0173708596908,-0.0216460938271,0.00434926361682,,0.000620542110226,0.0148240877232,,,-0.0123095165177,,,0.00103958189573,-0.0445988965818,-0.0388116230473,-0.0592287311212,-0.0137657613624,0.0221498723079,-0.00198894495383,0.0313774483862,0.0200558149535,0.0209427158869,-0.0344369139346,0.000389283686479,-0.0103027902743,-0.00328844457491,-0.064450401218,0.00406990366575,0.015936543467,0.022464288596,,0.00323002917428,0.00430145890549,,,0.0101229934646,,,0.00536760836637,-0.038230473929,-0.0253133602881,-0.049290721272,-0.0238552292146,0.000627320494578,0.0219159676541,0.0155390459324,-0.0234775214877,-0.0503849744077,-0.0542761500657,-0.00621774866834,0.0157733508035,0.0190315909314,-0.0428815267131,0.00162970385867,,0.0428815267131,0,-0.0153341015596,0.0293832639538,-0.0308413322167,-0.0508474576271,-0.0330783543519,-2.9,0.933550754601,0.358445237914,2013-03-10 23:59:59+00:00,2013-03-07 23:00:00+00:00,-0.0116289847245,2013-03-11,2013-03-21 23:00:00+00:00,-0.0173708596908
2013-03-11,-0.00551781407702,-0.0228886737678,-0.0159106569314,0.0145578879114,0.0130157254609,0.0117447729078,,,-0.013860658099,,,-0.00497887388368,-0.0498561047523,-0.0101125359479,-0.0489241589952,-0.0513196469885,0.00343766457156,0.0211530793912,0.0237473929625,0.0177696159706,0.0209842855124,-0.0319707304465,-0.0112527584263,-0.0182283927655,-0.0144570717003,-0.0738635047748,-0.00092309220612,0.00314681145963,0.0194983331257,0.0256781112513,0.00487837153056,0.00526944879827,,,0.00429831099305,,,0.00449932393292,-0.0391178662472,-0.0218891663195,-0.0472025266076,-0.063154407963,-0.0214798954388,0.0159384667076,0.016753436986,-0.0129482032157,-0.0364257247035,-0.055276384702,-0.025773727948,0.0157469916715,0.019535751535,-0.0091894437418,-0.0014357896529,,0.0091894437418,1,0.00283566726782,0.0209660741134,0.000689632251525,-0.0216165413534,-0.0026370180315,-1.2,0.969849825926,0.243703334306,2013-03-17 23:59:59+00:00,2013-03-14 23:00:00+00:00,-0.0134817019158,2013-03-18,2013-03-28 23:00:00+00:00,-0.00551781407702
2013-03-18,-0.0116289847245,-0.0171467988015,-0.0387928926286,0.00142107989703,0.00832016836042,0.00604102148107,,,-0.0157751122389,,,-0.0103382361079,-0.0608413163702,-0.0120272340029,-0.0221397699508,-0.081368501072,-0.00746830114978,0.0135894155786,0.0131010163098,0.0181062968063,0.0209484849437,-0.0237553935954,-0.0240633302034,-0.0271619885199,-0.0213874649279,-0.0849356480235,-0.0112307354461,-0.0121538276522,0.00378271581479,0.0103104609438,0.0030509211422,0.0096744601773,,,-0.00784760536767,,,0.00071099271199,-0.0498489077507,-0.0144145649942,-0.0363037313137,-0.0855944525857,-0.0267221346189,0.00486459167866,0.0172594403528,0.018465010977,0.00551680776131,-0.0448681666464,-0.02009871054,0.020660183447,0.0191063063044,-0.000796498556819,-0.00217327696903,,0.000796498556819,1,-0.0304922449799,0.00318382954817,-0.00557968066292,0.0249759846302,0.0371587823353,2.5,0.992102245058,0.12543179561,2013-03-24 23:59:59+00:00,2013-03-21 23:00:00+00:00,0.00260432662205,2013-03-25,2013-04-04 22:00:00+00:00,-0.0116289847245
2013-03-25,-0.0134817019158,-0.0251106866403,-0.0479993604081,-0.0188648583747,-0.00262313113145,0.00493956681495,,,-0.0172241260986,,,-0.0117980607842,-0.0734178070578,-0.0193179017066,-0.0313451357095,-0.0802692947048,-0.0403946755682,-0.012944974352,0.0131104440921,0.0188336463232,0.020276824838,-0.0228831742713,-0.0418161548836,-0.0436058011827,-0.0190715564183,-0.102443122939,-0.00764550212498,-0.018876237571,-0.0157294261114,0.00266495881887,0.00769871208912,0.00683485247398,,,-0.0115468527098,,,-0.00452456515009,-0.0570855906573,-0.00905759229837,-0.0234721572926,-0.0706746839002,-0.0568545593464,0.00732561117714,0.0172025811584,0.0037255219514,0.0221905329284,-0.014235191775,-0.0251156026014,0.0184664195654,0.0178032507742,-0.0116723995817,0.000579827105436,,0.0116723995817,1,-0.023043423658,0.0014120901734,-0.0376821274997,-0.0149953139644,0.0250792338432,2.2,0.999985722936,0.00534358719969,2013-03-31 23:59:59+00:00,2013-03-28 23:00:00+00:00,,2013-04-01,2013-04-11 22:00:00+00:00,-0.0134817019158
2013-04-01,0.00260432662205,-0.0108773752938,-0.0280241740952,-0.0236749104784,,0.00725441884144,,,-0.00771436334697,,,,-0.0710015393758,0.0125081195011,-0.00680978220558,-0.0289495521564,-0.0427153135188,-0.0122125132876,0.0137481268827,0.0188760853553,0.0204294155949,-0.00334337321878,-0.028865219892,-0.0295990513183,-0.00629796394004,-0.0911458678434,-0.00729946625696,-0.0149449683819,-0.0270987960341,-0.00463450743809,,0.00428684972271,,,-0.012078494175,,,,-0.063943303301,0.00230112252159,-0.00675646977678,-0.0430602010905,-0.0669154303051,0.010176856092,0.0172335163281,0.0320611629266,0.035786684878,0.0413034926394,-0.0129726574264,0.0193555819069,0.0190742777741,0.019807585758,-0.000567886664356,,0.019807585758,0,-0.0195530434256,-0.00960058877855,-0.0196612640128,0.0285442435775,0.00873773356634,0.6,0.99338608057,-0.114822014132,2013-04-07 23:59:59+00:00,2013-04-04 22:00:00+00:00,,2013-04-08,2013-04-18 22:00:00+00:00,0.00260432662205
2013-04-08,,,,,,,,,,,,,,0.00595710197594,0.018465221477,-0.0128799142325,-0.064199561221,-0.00084257787253,0.0149254006518,0.0189149094564,0.0202660576032,0.00587990456326,-0.0230009167724,-0.0215233897674,-0.00315516487563,-0.0857155727448,,,,,,,,,,,,,,-0.00575575999228,-0.00345463747069,-0.0269267947633,-0.0900812027263,0.00699953643961,0.0155271163712,-0.0104996217029,0.0215615412237,0.0437520741521,-0.0115243105499,0.018388722723,0.0177422208705,,-0.00277732477572,,,,0.0164567236789,,-0.0014957605367,0.0497224791859,0.00706289978678,0.5,0.97239890274,-0.233324610683,2013-04-14 23:59:59+00:00,2013-04-11 22:00:00+00:00,-0.0366319425629,2013-04-15,2013-04-25 22:00:00+00:00,
2013-04-15,,-0.0127734414522,-0.023650816746,-0.0624437093746,-0.020721913559,,,,,,,-0.0043187108358,-0.0827925804164,-0.0320685762239,-0.026111474248,-0.0329212564535,-0.114289757526,-0.0415108258849,0.0209965294208,0.0206462860589,0.0202324851454,-0.0178602073853,-0.0509070610552,-0.0480577914628,-0.0050371736607,-0.114570235823,,0.000564591343517,-0.0143803770384,-0.0105976612236,6.69987668089e-05,,,,,,,-0.0036002480109,-0.0634146645747,-0.0362742447107,-0.0420300047029,-0.0487864744797,-0.134380927065,0.0167456932023,0.0178789710506,-0.0181925477686,-0.0286921694716,0.00709451540649,-0.0377736512399,0.0221391470404,0.0185095417726,,-0.00047736924877,,,,-0.0138760284553,,0.020954288804,-0.0136593963428,-0.00264655286489,-0.5,0.937328153605,-0.348447890595,2013-04-21 23:59:59+00:00,2013-04-18 22:00:00+00:00,-0.00319554815664,2013-04-22,2013-05-02 22:00:00+00:00,
2013-04-22,-0.0366319425629,,-0.046801057393,-0.0948004178011,-0.0588616794118,,,,,,,-0.00717244285504,-0.115783716086,-0.0557956989445,-0.0878642751684,-0.0693990536914,-0.149668348396,-0.0961852565478,0.0322977633685,0.0252454953047,0.0223793844834,-0.0553955297338,-0.0961111018869,-0.0945675274059,-0.00995089753456,-0.162620445836,-0.0174681861812,,-0.0242030610947,-0.0399324872061,-0.0215381022758,,,,,,,-0.00439398817553,-0.0796330463315,-0.0512280473869,-0.0875022920975,-0.0909569295682,-0.161631613468,0.0252340170354,0.0217794339251,-0.0591261735001,-0.0773187212687,-0.055757180045,-0.06999237182,0.0373622698701,0.0242269598533,-0.0383275127633,-0.00168599106438,,0.0383275127633,1,0.00333047455558,0.0337598612056,0.000842152785616,-0.0440026803663,-0.0388748839061,-2.8,0.888681774293,-0.458524485758,2013-04-28 23:59:59+00:00,2013-04-25 22:00:00+00:00,-0.00160243076486,2013-04-29,2013-05-09 22:00:00+00:00,-0.0366319425629
2013-04-29,-0.00319554815664,-0.0398274907195,-0.0526009321717,-0.080625106267,-0.0688614639243,,,,,,,-0.00785319735645,-0.118604762008,0.0230433659279,-0.0327523330166,-0.0588638072646,-0.087813359421,-0.0867503633317,0.0357854739038,0.0260233775085,0.0218005711133,-0.0190025635275,-0.0690377888257,-0.0704505405668,-0.00804284694448,-0.143100361881,-0.0294344622412,-0.0469026484224,-0.0463380570789,-0.073436853113,-0.050972564517,,,,,,,-0.00766354776841,-0.10632873863,0.0253259635601,-0.0259020838268,-0.0679320885297,-0.11099228962,0.0339655448395,0.0223063498823,0.0335007137751,-0.0256254597249,-0.0543176291965,-0.0130141365572,0.0379552888543,0.0263261681871,0.052477828169,0.00575355720191,,0.052477828169,0,-0.0104573478473,-0.0547604258012,0.00411179930256,0.00467289719626,0.0153230259525,0.9,0.827164326226,-0.561960120845,2013-05-05 23:59:59+00:00,2013-05-02 22:00:00+00:00,0.00980691810034,2013-05-06,2013-05-16 22:00:00+00:00,-0.00319554815664
2013-05-06,-0.00160243076486,-0.0047979789215,,-0.0767097229548,-0.077878273415,,,,-0.0120318074804,,,,-0.120016005841,-0.00182384851708,0.0212195174108,-0.0666447577576,-0.0795246719901,-0.1034029693,0.0344746080678,0.0252758907586,0.0218010803177,-0.00398665108057,-0.0634410805896,-0.0692245564351,-0.00870711487783,-0.144661792675,-0.00138101301263,-0.0308154752538,,-0.0738947739195,-0.0523535775296,,,,-0.0201231096439,,,,-0.10756205846,0.00916194039289,0.0344879039529,-0.0530143881446,-0.0799411829078,0.0363448662712,0.0220622451348,0.0260538169814,0.0595545307566,-0.0177641905121,0.02598788364,0.0430080642581,0.026833890351,-0.000442835504447,0.00756954155719,,0.000442835504447,1,-0.0278776654985,-0.0105429534055,0.0156541571636,0.0539534883721,0.031951053705,2.6,0.75366678672,-0.657256703728,2013-05-12 23:59:59+00:00,2013-05-09 22:00:00+00:00,-0.00483094079981,2013-05-13,2013-05-23 22:00:00+00:00,-0.00160243076486
2013-05-13,0.00980691810034,0.00820448733548,-0.031623003384,-0.05527382013,-0.0828134617859,0.0200070869542,,,0.00576462160703,,,-0.00153548455479,-0.111343619696,0.02424142308,0.022417574563,-0.0103347584537,-0.0432560149072,-0.106602895899,0.0374540960923,0.0249154807948,0.0223843277012,0.0231647576197,-0.0324262306846,-0.0446314112287,0.00561653314801,-0.123673815885,-0.00462758687937,-0.006008599892,-0.0529112483144,-0.0672916253528,-0.0590240276732,0.0128445423379,,,-0.0115509300276,,,-0.00868750225758,-0.111682351708,0.0218217399009,0.0309836802938,0.00508159646696,-0.0437048780128,0.0356809524243,0.0225421841185,0.0258305244885,0.0518843414699,0.026258881745,0.0333533971514,0.043938735277,0.0278313939262,0.0288690099594,-0.00324175137077,,0.0288690099594,0,-0.00158910140842,-0.0264493267802,0.0195638120513,0.0238305383936,0.00480895915679,1,0.669253644676,-0.743034022834,2013-05-19 23:59:59+00:00,2013-05-16 22:00:00+00:00,0.000538117089416,2013-05-20,2013-05-31 05:00:00+00:00,0.00980691810034
2013-05-20,-0.00483094079981,0.00497597730052,0.00017799837902,-0.046623059014,-0.0988976535584,0.00664040719534,,,0.000872974306384,,,0.00765201140694,-0.115626313013,-0.00966188159963,0.0145795414804,0.0357990588912,-0.0335999948002,-0.134286397579,0.0172716389042,0.0236378467415,0.0224038792703,0.00437902985996,-0.0314691124153,-0.0516002754411,0.0192794876135,-0.132100003754,0,-0.00462758687937,-0.0354430621332,-0.0596461232278,-0.063508909538,0.0138522761228,,,-0.00265915962486,,,-0.00397546479959,-0.111682351708,-0.00838007245858,0.0134416674423,0.0479295713952,-0.043027358173,0.0152473885763,0.0219408826637,-0.0125571227719,0.0132734017166,0.0728279324732,0.0170707524282,0.0208168168662,0.027904828662,-0.00966188159963,0.00159838868356,,0.00966188159963,0,0.00289524117226,0.00838007245858,-0.00877661349529,0.0318965517241,-0.000262243493083,-0.7,0.575147483235,-0.818049737197,2013-05-26 23:59:59+00:00,2013-05-23 22:00:00+00:00,-0.00576712123113,2013-05-27,2013-06-06 22:00:00+00:00,-0.00483094079981
2013-05-27,0.000538117089416,-0.0042928237104,0.00391166362508,-0.0486892685467,-0.0940843023327,0.00628611453701,,,0.00043389841845,,,0.00821516993186,-0.115150288351,-0.00265304943592,-0.0123149310355,0.0101026435274,-0.0487611637372,-0.116522338941,0.0148979617415,0.0235192750303,0.0210219806008,-0.000797361353452,-0.0250827942489,-0.0504599925647,0.0114889177235,-0.134399533618,0.00372928361475,0.00372928361475,-0.00227931627725,-0.0486173733561,-0.0716462657245,0.0034607558362,,,0.00163917501908,,,0.00494142214026,-0.108363378408,-0.00594526277752,-0.0143253352361,0.0166583450577,-0.0512737434721,0.0140987722037,0.0215912678658,0.00114041954452,-0.0114167032274,0.0404676382425,-0.013849990954,0.0191101354213,0.0268712991127,-0.00638233305067,0.00157617204391,,0.00638233305067,0,-0.00379346898044,0.00967454639227,0.0155792344208,-0.00522138680033,-0.0144271755525,-0.9,0.472711272708,-0.881217369697,2013-06-02 23:59:59+00:00,2013-05-31 05:00:00+00:00,0.00333166599833,2013-06-03,2013-06-13 22:00:00+00:00,0.000538117089416
2013-06-03,-0.00576712123113,-0.00522900414171,-0.000253026841188,,-0.082480563873,0.007142522507,,,-0.00525652261706,,,0.00628140204917,-0.120238637244,-0.013379599017,-0.0160326484529,-0.00145310697247,-0.0680978647301,-0.0910903149105,0.0169953229859,0.0218264017824,0.0208315900251,-0.0137237498243,-0.0312031866155,-0.0597747588378,0.00664367055769,-0.145903787994,0.0018453565547,0.00557464016946,0.000947053290089,,-0.0738708128355,0.00358251447709,,,0.00325101392352,,,0.00591913354064,-0.106716471826,-0.00259873244003,-0.00854399521755,0.00489767222473,-0.0481167159198,0.0139345698199,0.0210922715824,-0.0152707193427,-0.0141302997981,-0.000856898081568,-0.0186210885937,0.0187901497693,0.0263574792373,-0.0152249555717,-0.00305259583641,,0.0152249555717,0,0.0018911203257,0.00444408899474,0.0216387790789,0.00776821331094,0.0288109654668,2,0.363428630231,-0.931622042852,2013-06-09 23:59:59+00:00,2013-06-06 22:00:00+00:00,0.00459403743176,2013-06-10,2013-06-20 22:00:00+00:00,-0.00576712123113
2013-06-10,0.00333166599834,-0.00243545523279,-0.00672827894319,-0.0383512823272,-0.0736310837977,0.00434625548597,,,-0.000252796186343,,,0.0039818597871,-0.117302678123,0.00808601575068,-0.00529358326627,-0.0176085143018,-0.0279432727555,-0.0728917632119,0.00943880295994,0.0221911744565,0.0200386228905,-0.0013064155862,-0.0177578738745,-0.050302802163,0.00120493013315,-0.138969555195,-0.00142268375401,0.000422672800694,0.00415195641545,-0.0487592918989,-0.0743704043834,0.00223809745381,,,0.000786176638076,,,0.00675878944105,-0.107986428202,0.00869946181198,0.00610072937195,-0.00822460586416,-0.0031430093972,0.00755192634614,0.0210541712913,0.00991637917489,-0.00535434016776,-0.0167710433951,0.00948783834982,0.0118348969871,0.0261154649346,0.00950869950469,-0.00260412269817,,0.00950869950469,0,-0.00183036342421,-0.010122145566,-0.00943426837776,-0.0252083333333,-0.0145518044237,-0.9,0.248882332053,-0.9685337293,2013-06-16 23:59:59+00:00,2013-06-13 22:00:00+00:00,0.00254380015234,2013-06-17,2013-06-27 22:00:00+00:00,0.00333166599833
2013-06-17,0.00459403743176,0.0079257034301,0.00269669928839,0.00287469766741,-0.0574080616414,0.00461650621077,,,0.00367196725806,,,0.00509017956375,-0.113238204562,0.01392755547,0.0220135712207,0.00598092276782,0.041779981659,-0.046936973739,0.0120619226489,0.0227265297804,0.0202710624916,0.0111736874205,-0.000301149033233,-0.0357722432288,0.00510576713342,-0.126893606898,-0.0047394806065,-0.0061621643605,-0.00058752419105,-0.0360305863242,-0.0678791495439,0.00372886517177,,,-0.00380001924797,,,0.00507459199407,-0.112204106529,0.0045367378458,0.0132361996578,0.00469220444023,0.0526217758355,0.00665477247948,0.0210117913345,0.0221195957029,0.0320359748778,0.0179056750797,0.0907336075529,0.0157263390099,0.0263182405713,0.0186670360765,-0.00112988896179,,0.0186670360765,0,-0.00819204023293,-0.0092762184523,-0.00400455323435,-0.00042744176106,0.019295136838,1.8,0.13073138967,-0.991417825014,2013-06-23 23:59:59+00:00,2013-06-20 22:00:00+00:00,-0.0110125526412,2013-06-24,2013-07-04 22:00:00+00:00,0.00459403743176
2013-06-24,0.00254380015234,0.0071378375841,0.00470238235131,0.00861404597639,-0.0413825595733,0.00470487990686,,,0.0050422669649,,,0.00435886940116,-0.110979588256,0.00641386770087,0.0203414231709,0.0150478399046,0.025150483432,-0.0212052043315,0.0118729728007,0.0223621268612,0.0202582089076,0.0138277117062,0.00780303191624,-0.0283079977013,0.00539312954012,-0.121275620753,-0.0013262673962,-0.0060657480027,-0.005643075202,-0.00792239147925,-0.0615599148151,0.00268886327095,,,-0.00371809154465,,,0.0033246092622,-0.113380780812,0.00519000595824,0.00972674380405,0.015827473176,0.0324858182336,0.00473726262227,0.0210774518687,0.00304647663214,0.0251660723351,0.0198117321673,0.0602793704099,0.0156200810524,0.0263173051636,0.00774013509707,-0.00185377096922,,0.00774013509707,0,0.00336739106873,-0.00651627335444,0.0128841821381,0.0404105195638,0.011139012298,0.9,0.0106870218179,-0.999942892152,2013-06-30 23:59:59+00:00,2013-06-27 22:00:00+00:00,0.0120795456854,2013-07-01,2013-07-11 22:00:00+00:00,0.00254380015234
2013-07-01,-0.0110125526412,-0.00846875248889,-0.000543049058795,-0.000796075899983,-0.0549994388366,0.00730019834364,,,-0.00583089112348,,,0.00409496379965,-0.120716261126,-0.0220251052825,-0.0156112375816,0.00640233363912,0.00494922666665,-0.055738429115,0.0160764418189,0.0225924685233,0.0204681023822,-0.0098245893284,-0.00984716362384,-0.0470259933681,0.00588815488017,-0.140418037019,0,-0.0013262673962,-0.00748843175671,-0.00654137846662,-0.0542604485581,0.0020187899136,,,-0.00184940565717,,,0.00230177271914,-0.113380780812,-0.0243289723747,-0.0191389664164,-0.00590276675866,-0.00100509453393,0.0153447821849,0.0218467521137,-0.00854111030754,-0.00549463367539,0.0265413412024,0.0256844431209,0.0128287694519,0.0249448359622,-0.0220251052825,0.00286293509113,,0.0220251052825,0,-0.0134839949749,0.0243289723747,-0.0196283759102,-0.00472667488697,0.0245797249109,2,-0.109512129666,-0.993985459379,2013-07-07 23:59:59+00:00,2013-07-04 22:00:00+00:00,0.0125306625258,2013-07-08,2013-07-18 22:00:00+00:00,-0.0110125526412
2013-07-08,0.0120795456854,0.00106699304416,0.00820483062826,0.00147655168507,,0.00962527969067,,,0.0041868533992,0.00359350956257,,,-0.110030503417,0.0242311965133,0.00220609123085,0.0225475144017,0.00493900009992,-0.0374643345777,0.0198349274934,0.0238182607013,0.0211211580375,0.00875766871007,0.0174694466143,-0.0222184285835,0.00851875049103,-0.119334934727,-7.21051425326e-05,-7.21051425326e-05,-0.00613785314523,-0.00198589672978,,0.00222175234661,,,-0.000385742695616,-0.0102197777424,,,-0.113444708313,0.0363083134304,0.0119793410557,0.0217060848598,0.0134814789956,0.0247650435299,0.024602260077,0.0490733637301,0.0405322534226,0.0656983257577,0.0489272823625,0.0251703239627,0.0281595687499,0.0243033016558,-0.000106039295403,,0.0243033016558,0,-0.0248421672168,-0.0363804185729,0.0251550454993,0.0398513318191,0.00174021131137,0.2,-0.228125181163,-0.973631810142,2013-07-14 23:59:59+00:00,2013-07-11 22:00:00+00:00,0.0199225669943,2013-07-15,2013-07-25 22:00:00+00:00,0.0120795456854
2013-07-15,0.0125306625258,0.0246102082112,0.0161414557223,0.0188381550107,-0.0176157891732,0.0110384708178,0.0127369419864,,0.0127269270899,0.0176621386519,,0.0053904246362,-0.0988084328454,0.0210062145065,0.0452374110198,0.0296261734382,0.035607096206,0.0156104561527,0.0210968193163,0.0229307004734,0.0214946762767,0.022484837528,0.0377838855199,-0.000454444510476,0.00620573904011,-0.100639826175,0.00405511054515,0.00398300540262,0.00265673800642,0.00206921381537,-0.050842034499,0.00234119212386,0.00938089876957,,0.00300828946311,-0.0022196252008,,0.0045751102323,-0.109842329515,0.0288203304982,0.0651286439286,0.0459896775121,0.0506818819524,0.0273189648622,0.023504375447,0.0394881694544,0.0885615331846,0.0830668995092,0.100972574589,0.0278371136632,0.028841803456,0.0169511039613,0.00120443511187,2.4441428155,0.0169511039613,1,-0.0184819549479,-0.024765219953,0.0312578245523,0.0087370929309,0.0073830500062,0.4,-0.343434221059,-0.939176732999,2013-07-21 23:59:59+00:00,2013-07-18 22:00:00+00:00,9.3558109518e-06,2013-07-22,2013-08-01 22:00:00+00:00,0.0125306625258
2013-07-22,0.0199225669943,0.0324532295201,0.0335202225643,0.0382226049156,0.038938720384,0.0134190981867,0.00870346485712,,0.0243837774559,0.0349834331557,,0.00538476945768,-0.080674344473,0.024374660237,0.0453808747435,0.0475869659743,0.0626348058789,0.0957808153342,0.0226679761196,0.0160826610853,0.0220628097532,0.0351139020629,0.055504347048,0.024224814355,0.00452898646787,-0.0784488777634,0.0154704737516,0.0195255842967,0.0194534791542,0.0138104039522,-0.0179033745662,0.00732973887626,0.00985053456362,,0.0136726952366,0.0147654385547,,0.00624055244749,-0.095964093995,0.0106033060321,0.0394236365303,0.051402977586,0.067230450762,0.027034962201,0.0167649534544,0.0205881006479,0.0600762701023,0.100608523525,0.120420255692,0.0253890544445,0.0204430674665,0.00890418648541,-0.00246713521733,1.6325031376,0.00890418648541,1,0.0037865595891,0.00486716771944,-0.0096100376726,-0.0165354330709,-0.0126870727351,-0.5,-0.45376919082,-0.891119252099,2013-07-28 23:59:59+00:00,2013-07-25 22:00:00+00:00,0.000599122479802,2013-07-29,2013-08-08 22:00:00+00:00,0.0199225669943
2013-07-29,9.35581095166e-06,0.0199319228052,0.0445421310164,0.0439990819576,0.0421436243516,0.00824300373251,0.00855766151943,,0.0130904666825,0.0316037409598,,0.00789371549629,-0.0806657433957,-0.00935629470882,0.0150183655282,0.0602557765479,0.0666581101871,0.0633811546975,0.0163542715404,0.0159610041344,0.0219549910093,0.0103279174504,0.0405345979771,0.0156237292691,0.0101884706987,-0.0870309707502,0.00937500633072,0.0248454800823,0.0288284854849,0.0213400537282,0.0209060940057,0.00673065199035,0.00560457700511,,0.0158362606131,0.022656493131,,0.00559896029387,-0.0874488990167,-0.00931093453552,0.00129237149662,0.0664210154252,0.0605182486665,0.0203722920687,0.0166025746844,-0.00945682416014,0.0111312764877,0.0996928096723,0.126234150875,0.0257950117338,0.0206657875907,-0.0187313010395,0.00366656287458,2.8473436579,0.0187313010395,0,0.000100529451319,0.0186859408662,-0.00368519280043,-0.0342273819055,-0.00411702326742,-1,-0.557532072999,-0.830155399656,2013-08-04 23:59:59+00:00,2013-08-01 22:00:00+00:00,-0.00992529412538,2013-08-05,2013-08-15 22:00:00+00:00,9.3558109518e-06
2013-08-05,0.000599122479802,0.000608478290754,0.0330617078108,0.0412665384391,0.0443451775962,0.00967843106107,0.00847519474391,,0.0054113639111,0.028679056173,,0.00485425944531,-0.0801147845467,0.00231800473795,-0.00703828997087,0.0383425847726,0.0608900991743,0.0675230079525,0.0159244053206,0.015857132874,0.0217324753975,0.00311949180424,0.0375145304874,0.0194388024817,0.00439156865834,-0.0849122495606,-0.00111975977834,0.00825524655238,0.0277808308491,0.0216429777039,0.02116734724,0.00711759427117,0.00559342278245,,0.00769560933124,0.0198335578067,,0.00531695023228,-0.0884701651422,0.00191701594163,-0.00739391859388,0.0320297179364,0.0537358027962,0.0160927964538,0.0165996154244,-0.00314067044649,-0.0125974946066,0.0474787754957,0.113177101253,0.0225012756568,0.0205559061965,0.00343776451629,-0.00201116494925,2.83445379276,0.00343776451629,0,0.00545867518444,-0.00303677571998,0.00372263584843,0.019067357513,-0.00450986533041,-0.4,-0.653220035838,-0.75716813508,2013-08-11 23:59:59+00:00,2013-08-08 22:00:00+00:00,0.00933954388053,2013-08-12,2013-08-22 22:00:00+00:00,0.000599122479802
2013-08-12,-0.00992529412538,-0.00932617164558,0.0106057511596,0.026747206882,0.0246129653705,0.0124854406541,0.00898587739196,,-0.00712508425616,0.0165831965394,,0.00075813276141,-0.0891997557848,-0.0198505882508,-0.0175325835128,-0.00251421798465,0.0271119554535,0.0234309966217,0.0189692996637,0.0161561941004,0.021196211418,-0.0159876784355,0.0152826989895,0.00274474336031,-0.00243093885168,-0.10289817352,0,-0.00111975977834,0.023725720304,0.0263824583104,0.0257949341193,0.00791102000956,0.00530176779465,,0.00177837666736,0.0178002942212,,0.0039472043745,-0.0884701651422,-0.000460485728475,0.00145653021316,0.00274890170978,0.0487385792219,0.00818782597946,0.0158724552421,-0.00358787343263,-0.00672854387912,0.00440273260862,0.0874696321178,0.0133065403029,0.0202131540759,-0.0198505882508,-0.00124231835488,3.0467474206,0.0198505882508,0,-0.0162627148181,0.000460485728475,0.0160294175794,-0.0126093146227,-0.0177436607311,-1.5,-0.73944719928,-0.673214556792,2013-08-18 23:59:59+00:00,2013-08-15 22:00:00+00:00,0.00457308892499,2013-08-19,2013-08-29 22:00:00+00:00,-0.00992529412538
2013-08-19,0.00933954388053,-0.000585750244855,2.27280458985e-05,0.0335429506102,0.0387834500509,0.00787607028722,0.00896166160421,,0.00218564565791,0.0230502127243,,-0.00297766030013,-0.0806534497598,0.0219326408678,0.00208205261704,-0.00495623735383,0.0426307286205,0.0550255190892,0.0179058548507,0.0166565388719,0.0213660292756,0.00709096455498,0.0333798086297,0.0283244602408,-0.00547179157609,-0.0830050039111,-0.00325355310675,-0.00325355310675,0.00500169344563,0.0244551725998,0.0225413810126,0.0055819942419,0.00547713275557,,-0.00271774202119,0.0127326541408,,-0.000483529024175,-0.0914310565477,0.0197925122885,0.0193320265601,0.0119381079662,0.0633410855522,0.0122023827781,0.0160427080052,0.0170457601318,0.0134578866992,0.00086039209258,0.101468915617,0.0115836240681,0.0194627953356,0.0251861939746,-0.00108644327898,3.04055042387,0.0251861939746,0,0.00488688073596,-0.0230460653953,0.00677915972665,0.00741503604531,0.0149894305298,1.6,-0.81496470712,-0.579510591922,2013-08-25 23:59:59+00:00,2013-08-22 22:00:00+00:00,0.0140390941002,2013-08-26,2013-09-06 05:00:00+00:00,0.00933954388053
2013-08-26,0.00457308892499,0.0139126328055,0.00458646115994,0.0491285921764,0.0428184218864,0.00820064483116,0.00893976289753,,0.00562100596948,0.0243451131787,,-0.00214710947051,-0.0764395683493,0.00914617784998,0.0310788187178,0.013546235205,0.0738020117529,0.0668247463751,0.0174951153422,0.0165713156748,0.0211906645502,0.0128815091613,0.0374946429374,0.039887727951,-0.00175380630453,-0.0745795328954,0,-0.00325355310675,-0.00437331288509,0.0244551725998,0.0188120973978,0.00153384086331,0.0054615567897,,-0.00162677511834,0.0112644892113,,-0.00254041263649,-0.0914310565477,0.00355201729355,0.0233445295821,0.0248010597953,0.0912220752204,0.00921003483581,0.0156837657125,-0.0141023753956,0.00294338473626,-0.00378515914286,0.0959076505294,0.0130203650673,0.0204376933166,0.00914617784998,-0.00223954349245,3.03361892842,0.00914617784998,0,0.0232485532456,-0.00355201729355,-0.00244292749298,-0.000613371498671,-0.00448090880404,0.2,-0.878678814594,-0.477413385635,2013-09-01 23:59:59+00:00,2013-08-29 22:00:00+00:00,0.00352963587385,2013-09-02,2013-09-12 22:00:00+00:00,0.00457308892499
2013-09-02,0.0140390941002,0.0186121830252,0.0180264327804,0.0510881405912,0.0626246372178,0.0103683778729,0.0089546100847,,0.0152144461716,0.0338125466634,,-0.000310671590895,-0.063382174011,0.023018738511,0.032164916361,0.034246968978,0.0725895537506,0.103223083903,0.0199615276653,0.0162533035423,0.0203361347394,0.0275035137275,0.0532179109225,0.0635773195313,0.000621505021195,-0.0530304563668,0.00505944968945,0.00505944968945,0.0018058965827,0.0295867274318,0.0220261905326,0.00343357555917,0.00555307082642,,0.00298327631468,0.0146656447475,,-0.00124284820298,-0.0868225492642,0.0370828311283,0.0406348484218,0.0599668749819,0.0919965929183,0.0171338092414,0.0175452432384,0.0266986850724,0.0125963096768,0.026054196376,0.0735329718717,0.0186674606685,0.0197156661222,0.0179592888215,0.000981195578168,2.92637671544,0.0179592888215,1,-0.00367994656137,-0.0320233814388,0.00425459364368,0.032937806874,0.0102700646634,0.5,-0.929666729448,-0.36840164516,2013-09-08 23:59:59+00:00,2013-09-06 05:00:00+00:00,-0.00333281750976,2013-09-09,2013-09-19 22:00:00+00:00,0.0140390941002
2013-09-09,0.00352963587385,0.0175687299741,0.0314813627796,0.0420871139392,0.0628226070933,0.00482789340375,0.00895204103809,,0.0108252310955,0.0324509494398,,0.00303783245695,-0.0600704129152,-0.0040438697599,0.0189748687511,0.0500536874689,0.0475394694842,0.0910931983925,0.0127091253654,0.016588947304,0.0202444743957,0.0107322717042,0.0416493797639,0.0585071918793,0.00550625276011,-0.0568521454534,0.0111031415076,0.016162591197,0.0129090380903,0.0366347583943,0.0345520157942,0.00626638051329,0.00603310555824,,0.0108941750001,0.023251710061,,0.000569412153792,-0.076626913758,0.00611215555287,0.0431949866812,0.0665395162632,0.069288417973,0.0153837400459,0.0175687018518,0.00405343714828,0.0307521222207,0.0336955069569,0.0380982395655,0.0176525566638,0.0198210144754,-0.0151470112675,0.00163371088479,2.74919739867,0.0151470112675,0,-0.00809730690818,0.00499098595473,0.0199558594293,0,-0.00251004016064,0.8,-0.967189977038,-0.254054223182,2013-09-15 23:59:59+00:00,2013-09-12 22:00:00+00:00,-0.0136811095804,2013-09-16,2013-09-26 22:00:00+00:00,0.00352963587385
2013-09-16,-0.00333281750976,0.000196818364088,0.0188090013893,0.0188317294352,0.0548957521518,0.00714447745023,0.00923512622826,,0.0027559449772,0.0246831816217,,0.000479500181803,-0.0631978122804,-0.0139078952571,-0.017951765017,0.014213151344,0.00925691399013,0.0632577476653,0.0160498588492,0.0173979531706,0.0202950643073,-0.00672071843404,0.0223106184127,0.0432094480277,-0.00131269275365,-0.0698785521031,0.00724226023759,0.0183454017452,0.0234048514346,0.0284065448803,0.0465337566383,0.00463254243288,0.00571572022867,,0.0122808212985,0.0269871320257,,0.00227169311725,-0.0699153313934,-0.0244905213983,-0.0183783658454,0.0222564825764,0.0341945905426,0.0251731306558,0.0199026004171,-0.00381345856061,0.000239978587678,0.0128362882645,0.013696680357,0.0173347148924,0.0199157976839,-0.0211501554947,0.000982659780591,3.04334521801,0.0211501554947,0,-0.0100944366965,0.0317327816359,-0.00816360499955,0.00277282630224,0.0134625062909,0,-0.990705095898,-0.136027250809,2013-09-22 23:59:59+00:00,2013-09-19 22:00:00+00:00,-0.0125489610633,2013-09-23,2013-10-03 22:00:00+00:00,-0.00333281750976
2013-09-23,-0.0136811095804,-0.0170139270901,0.000554802883944,0.00514126404388,0.0386708424191,0.0116584443345,0.010491783195,,-0.0110050968597,0.00778757753513,,-0.0028359794651,-0.0759270321932,-0.0268047045464,-0.0407125998035,-0.0217377310524,-0.00819149584742,0.0300391754181,0.0211345270726,0.0194679631203,0.0206395689381,-0.027826770389,-0.00697788721869,0.0152691690141,-0.00774513856449,-0.0944790058406,-0.000557514614354,0.00668474562323,0.0228473368203,0.0184740239352,0.0473025094201,0.00486959062096,0.00566448246051,,0.00596927048155,0.0226841705038,,0.00207317963429,-0.0704337226699,-0.0290530035598,-0.0535435249581,-0.010348538277,0.0144525215183,0.0307114766989,0.0222833779394,-0.019928516574,-0.0237419751346,0.00701014708609,0.00322498794323,0.0193963298573,0.0214509552703,-0.026247189932,0.000496208650624,3.43624100083,0.026247189932,1,-0.00687618797242,0.0284954889455,-0.00178499233369,-0.0525380209362,-0.0322160148976,-2.2,-0.99987150887,-0.0160301512775,2013-09-29 23:59:59+00:00,2013-09-26 22:00:00+00:00,-0.00634307384991,2013-09-30,2013-10-10 22:00:00+00:00,-0.0136811095804
2013-09-30,-0.0125489610633,-0.0262300706437,-0.0260332522796,-0.00800681949926,0.037134433997,0.0081400783987,0.0106696194479,,-0.0170080570618,-0.00754972430926,,-0.00936480799275,-0.0874507314338,-0.0156913160878,-0.0424960206341,-0.0604477856511,-0.0262008166731,0.0363729646128,0.00932752775339,0.0188785023977,0.0207153441726,-0.0284782005379,-0.0250567913151,0.00021443814991,-0.0179098667676,-0.108576925268,-0.00940660603892,-0.00996412065328,0.00838128109191,0.0101871776746,0.0378959033812,0.00907310450761,0.00667812895486,,-0.00551701445659,0.0101817550865,,-0.000819749217883,-0.0791367890957,-0.0107324435633,-0.0397854471231,-0.0581638129685,0.00180306201336,0.0158182295658,0.021113531947,-0.0298329929851,-0.0497615095591,-0.0495215309714,-0.0234673345954,0.0153300419086,0.0234752588527,-0.00628471004883,0.000925190771852,2.82649167658,0.00628471004883,1,0.0141416768974,0.00132583752436,-0.0128382457454,0.0198040441943,-0.0093643768841,-1.3,-0.994556455799,0.104199118177,2013-10-06 23:59:59+00:00,2013-10-03 22:00:00+00:00,0.00457067014535,2013-10-07,2013-10-24 05:00:00+00:00,-0.0125489610633
2013-10-07,-0.00634307384991,-0.0188920349132,-0.0359059620034,-0.00442459922378,0.0187118144617,0.00495586906913,0.0105654689249,,-0.0144249525101,-0.0152098702793,0.0033146088375,-0.0104158608441,-0.093220779569,0.00221021753123,-0.0134810985565,-0.05419369836,-0.00414001089112,0.0143519856307,0.0119552633168,0.0177492546609,0.0206798583986,-0.0129483618102,-0.0239449401189,0.0033320501364,-0.0146524234847,-0.106604507427,-0.014896365231,-0.02430297127,-0.0176182256467,-0.00470918755644,0.0230716432927,0.00975613689646,0.0082995399281,,-0.0159370590116,-0.00648950737744,0.00310250899645,-0.00617929820343,-0.0927526386981,-0.00154528259746,-0.0122777261607,-0.0658212511189,0.000718265144375,0.0126270427079,0.0189993907018,0.000465477122446,-0.0293675158627,-0.0531094909972,-0.0194139840403,0.0141038749987,0.0195146631075,0.0171065827623,0.00578366870532,2.13832531554,0.0171065827623,0,0.00174474040879,-0.0133510826336,-0.0243150976552,-0.0547833197056,-0.0359339592101,-3,-0.974836916336,0.222919237727,2013-10-13 23:59:59+00:00,2013-10-10 22:00:00+00:00,-0.00310999065676,2013-10-14,2013-10-24 22:00:00+00:00,-0.00634307384991
2013-10-14,0.00457067014535,-0.00177240370455,-0.0280024743483,-0.00919347295895,0.0107518220812,0.00836142237015,0.0100890366219,0.0113122429877,-0.00290109457194,-0.0115028877281,0.00818011170621,-0.00782768182408,-0.0890667046365,0.0163459550383,0.0185561725696,-0.0239398480646,-0.0097266967206,0.00969172616255,0.0190919338351,0.0173565091446,0.0199259956507,0.00945325423353,-0.00858904157195,0.0188687081821,-0.00673047941326,-0.0918810986123,-0.00720461474762,-0.0221009799787,-0.0320651006319,-0.00866024919731,0.0118119179999,0.00593185077473,0.00862295725564,0.00916353926197,-0.0151632484871,-0.0144996860777,-0.00257785260903,-0.0089248842349,-0.0992655168564,0.0152557563261,0.0137104737286,-0.0260749733945,-0.00381849081808,0.0184789276447,0.0177648401731,-0.00433342756034,-0.00386795043789,-0.053629459997,-0.0407931717325,0.013989505135,0.0159337906293,0.0235505697859,0.00130173791169,2.0125922045,0.0235505697859,0,0.0206793825987,-0.0224603710737,-0.0142893413098,0.0365484429066,-0.00248488918737,0.2,-0.94099849502,0.338410745058,2013-10-20 23:59:59+00:00,2013-10-24 05:00:00+00:00,,2013-10-21,2013-10-31 23:00:00+00:00,0.00457067014535
2013-10-21,-0.00310999065676,0.0014606794886,-0.0174313554246,-0.0168765525407,-0.0122807355698,0.00712533131656,0.00832425400009,0.00858236172296,-0.00163471113129,-0.0136484673737,0.00402858458712,-0.00341316688925,-0.0918952979448,-0.00496992534467,0.0113760296937,-0.00210506886286,-0.0238427999153,-0.0196528594191,0.0134398045301,0.0158720718752,0.0162964944349,0.00498059391711,-0.0120160589943,0.0109280552418,0.000985491201139,-0.0963831849728,-0.00125005596884,-0.00845467071646,-0.0327576419864,-0.00991030516615,-0.00490861172052,0.00564474005092,0.00743511252456,0.00856565681592,-0.00827277920618,-0.0153640115604,-0.00294243400551,-0.00781182497965,-0.100390781905,-0.00177848802844,0.0134772682976,0.00119954213689,-0.00914899614008,0.0108491879659,0.0175634080456,-0.0116550294383,-0.0159884569987,-0.0453559728613,-0.0383458257752,0.0132985134067,0.0146704589212,-0.00371986937582,0.00109874501118,2.13445827006,0.00371986937582,1,0.00668510409365,0.000528432059599,0.012371515732,0.00542457750887,0.000134652932068,-0.3,-0.893531284773,0.4490009389,2013-10-27 23:59:59+00:00,2013-10-24 22:00:00+00:00,-0.00499027785577,2013-10-28,2013-11-07 23:00:00+00:00,-0.00310999065676
2013-10-28,-0.0128385952183,-0.015948585875,-0.0177209895796,-0.0437542418592,-0.025128686599,0.0072369149179,0.00894136462725,0.00897159743165,-0.0100089818479,-0.024371225723,-0.00941646952832,-0.00249727150266,-0.103479564656,-0.0246546039708,-0.0296245293155,-0.0110683567459,-0.0715161423971,-0.0349511686811,0.0170684683191,0.0170272418849,0.0166229497987,-0.0168115078461,-0.033527637744,-0.0147388708675,-7.85377494765e-05,-0.11838911131,-0.0010225864657,-0.00227264243455,-0.0243736224132,-0.0159923413213,-0.0153062045169,0.00652937277176,0.00683348135159,0.00628563059811,-0.00319492099363,-0.0152211013978,-0.00417452499968,-0.00491600525585,-0.101310239923,-0.0209799830203,-0.0227584710487,-0.0090479973201,-0.0672118102886,0.0148097056319,0.0183849016138,-0.0395470460962,-0.0512020755345,-0.0550700259724,-0.104591556944,0.0178943835636,0.0176747095035,-0.0236320175051,0.000717318749105,2.49137293804,0.0236320175051,1,0.0148924421253,0.0199573965546,-0.0243134511107,0.0244864079685,0.013261528105,1.4,-0.833122768723,0.55308810531,2013-11-03 23:59:59+00:00,2013-10-31 23:00:00+00:00,-0.0185212441352,2013-11-04,2013-11-15 06:00:00+00:00,-0.0128385952183
2013-11-04,-0.00499027785577,-0.017828873074,-0.0163681935854,-0.0522741555888,-0.0307180869346,0.00714880007196,0.00894384520953,0.00903009814435,-0.0109172789766,-0.0269610996818,-0.014852917097,-0.00172911863216,-0.10794230631,-0.000407370920964,-0.0250619748918,-0.0136859451981,-0.0678796435581,-0.03767654434,0.0168629730285,0.0169771670557,0.016615325615,-0.0138732080195,-0.0311568712239,-0.0162359272656,-0.000523290581071,-0.118748180807,-0.00957318479057,-0.0105957712563,-0.0190504419727,-0.0366686676195,-0.0237596295292,0.0042984814707,0.00721887877462,0.00656784627708,-0.00798264619886,-0.022840752125,-0.0135651270822,-0.00293494668325,-0.10987251356,-0.00196813907343,-0.0229481220937,-0.00947085379607,-0.0752921049149,0.0148043924989,0.0183755004831,-0.00651896812764,-0.0460660142238,-0.0620544712225,-0.11516396222,0.0163135399422,0.0176494766375,0.0091658138696,-0.000676328747994,2.35144766078,0.0091658138696,1,0.00611159720668,-0.00760504571714,-0.0399214446364,0.0010127607859,0.00106298166357,-0.5,-0.760647863164,0.649164715819,2013-11-10 23:59:59+00:00,2013-11-07 23:00:00+00:00,0.00559218625729,2013-11-11,2013-11-21 23:00:00+00:00,-0.00499027785577
2013-11-11,-0.0185212441352,-0.0235115219909,-0.039460107866,-0.0674625822142,-0.0393140369444,0.00714529911335,0.00982397704845,0.00955878131121,-0.0194883514693,-0.04199468942,-0.0323981359479,-0.00684087027846,-0.124312260722,-0.0310867316613,-0.0314941025823,-0.0611186318978,-0.0850584799623,-0.0489126877506,0.0148910342161,0.0181571582573,0.0170760097055,-0.0294384015208,-0.0573980261119,-0.0454438453313,-0.0115171435321,-0.145721983728,-0.00595575660905,-0.0155289413996,-0.0178015838342,-0.0498666844661,-0.0297153861382,0.00410289044758,0.00728193416967,0.00660950497844,-0.00948736100001,-0.026449141148,-0.0192773405877,-0.00216459702483,-0.115158140642,-0.0289629385435,-0.0309310776169,-0.0536895486656,-0.0797645220601,0.0137283912472,0.0199742692594,-0.0275267845475,-0.0340457526752,-0.0852478282097,-0.138877288207,0.0150911820335,0.0185417595479,-0.0251309750523,0.00439380703682,2.49311030888,0.0251309750523,1,-0.00355994711379,0.0230071819344,-0.00408260268043,0.00101173613921,0.0227634722591,1.9,-0.677156245853,0.735839261457,2013-11-17 23:59:59+00:00,2013-11-15 06:00:00+00:00,0.0104523041633,2013-11-18,2013-11-28 23:00:00+00:00,-0.0185212441352
2013-11-18,0.00559218625729,-0.0129290578779,-0.0307579309519,-0.0481892863766,-0.0430613945676,0.0104487455802,0.00947991898579,0.00959124715629,-0.00633887996126,-0.033470668944,-0.0268158291467,-0.00437706777124,-0.119401533728,0.0117663721153,-0.019320359546,-0.0443823344378,-0.0464874033007,-0.0590789565031,0.0201692831109,0.0171492075393,0.0171571443093,-0.0068858548764,-0.0419638979129,-0.0340000909305,-0.00655104849383,-0.135610861742,-0.000581999600714,-0.00653775620977,-0.017133527466,-0.0498911694525,-0.0270438326322,0.0042860964983,0.00729003973356,0.0066099593999,-0.00581171773624,-0.0250151940136,-0.0196811860141,-0.00220308704865,-0.115672968422,0.0241936614742,-0.00476927706928,-0.027717399163,-0.0265178570261,0.0236372218436,0.0204232181438,-0.00384595427576,-0.0313727388233,-0.0774387530471,-0.122794725908,0.0171249419836,0.0169948491657,0.012348371716,0.00501541232214,2.35209355127,0.012348371716,0,0.0156123263911,-0.0247756610749,-0.0408655485103,-0.00808570851021,0.00233599377068,-0.1,-0.583857153189,0.811856406435,2013-11-24 23:59:59+00:00,2013-11-21 23:00:00+00:00,0.014525887307,2013-11-25,2013-12-05 23:00:00+00:00,0.00559218625729
2013-11-25,0.0104523041633,0.0160444904206,-0.00746703157032,-0.0251880211499,-0.0371821793293,0.0128390475599,0.0100127162043,0.00981477193497,0.00599434518336,-0.0205275860818,-0.0167994771593,0.000993409748135,-0.110148979695,0.0209046083267,0.032670980442,0.0011768778597,-0.00989147888624,-0.0473205260264,0.022669029814,0.0182088157991,0.0176353674243,0.0137910212749,-0.0181453419906,-0.0143159950365,0.00393425992849,-0.1173509522,0,-0.000581999600714,-0.0161109410003,-0.0404845634135,-0.0270438326322,0.00456672831017,0.00729003973356,0.00656217954725,-0.00178215400239,-0.0230065632527,-0.0193755695009,-0.00194744043222,-0.115672968422,0.0205716470755,0.0447653085497,0.0138342309328,0.00478623361267,0.0245180533012,0.021371356006,-0.000255503982994,-0.00410145825876,-0.0381472109339,-0.0932172369063,0.0122647874563,0.0171489425458,0.0209046083267,-0.000141042847662,2.49742375087,0.0209046083267,0,0.0211601123097,-0.0205716470755,-0.0148034938378,0.0234359078867,0.00673269890594,0.8,-0.48210186644,0.876115169584,2013-12-01 23:59:59+00:00,2013-11-28 23:00:00+00:00,0.00759382124195,2013-12-02,2013-12-12 23:00:00+00:00,0.0104523041633
2013-12-02,0.014525887307,0.0249781914704,0.0120491335925,-0.00431905999294,-0.0366953861225,0.0148128963041,0.0100818544113,0.0101219534478,0.0176039226442,-0.00334827290189,-0.00339213806264,0.00583500540754,-0.0971287679292,0.0251295161705,0.0460341244972,0.0267137649512,0.0130278197531,-0.0452097483668,0.0257870854042,0.0184738234729,0.018014239623,0.0325162064104,0.0104601065636,0.00855772978948,0.0101561141891,-0.0948893663025,0.00392225844355,0.00392225844355,-0.00261549776622,-0.021665939739,-0.0281810238781,0.00406134889243,0.00720353714391,0.00660206934818,0.0027987710711,-0.0170473151673,-0.0152915601989,0.00151389662599,-0.11219759806,0.0180480698717,0.0386197169472,0.0338504398779,0.0243795860818,0.0250775296771,0.0190521780766,-0.0101933863683,-0.0104488903513,-0.0418216291746,-0.103876100397,0.0120999100968,0.0134065183145,0.021207257727,-0.00114006162604,2.56419296672,0.021207257727,1,0.0353229025389,-0.0141258114282,0.0238917700113,0.0177220230984,0.0356890232139,3,-0.373364140702,0.927684870222,2013-12-08 23:59:59+00:00,2013-12-05 23:00:00+00:00,-0.00695958925878,2013-12-09,2013-12-19 23:00:00+00:00,0.014525887307
2013-12-09,0.00759382124195,0.022119708549,0.0381641989696,-0.00129590889635,-0.0326312007544,0.00387574559806,0.0103545754711,0.0101955183424,0.0156122918234,0.00682876541677,0.00305256228089,0.0120511421081,-0.0902464266267,0.00363105902242,0.028760575193,0.0614315556349,0.000312923737166,-0.0375348195845,0.00960326902162,0.0185765717552,0.0179774735346,0.0205194405167,0.0171708047715,0.0101755907563,0.0182451827229,-0.0915968821851,0.0115565834615,0.015478841905,0.0148968423043,-0.00290474152987,-0.0277275819242,0.00559161510583,0.00727390506732,0.00698821670493,0.0106648853986,-0.00347875172464,-0.00410519363778,0.00585710149332,-0.101878121409,0.0086139186335,0.0266619885052,0.0714272970549,0.0177377483893,0.00665816912029,0.0191611225977,0.0342417560776,0.0240483697093,0.0199469114506,-0.0653009167591,0.0199314643416,0.0181499612695,-0.00792552443905,-0.000436172852361,2.55351397485,0.00792552443905,1,-0.0306106970552,0.00294266482797,0.0400003523484,0.0295441205244,0.00155221656526,0.2,-0.259218860015,0.96581860751,2013-12-15 23:59:59+00:00,2013-12-12 23:00:00+00:00,0.000822416970444,2013-12-16,2013-12-28 06:00:00+00:00,0.00759382124195
2013-12-16,-0.00695958925878,0.000634231983163,0.0256124234535,-0.00514550749838,-0.0362579725034,0.00935155975038,0.0104271925694,0.0102912463724,0.002178724173,0.00269344362408,-0.00460820219618,0.00919218067134,-0.0965559564887,-0.0179938554938,-0.0143627964714,0.0316713280258,-0.012711006412,-0.0416207798212,0.0196187869374,0.0188116509365,0.0182229105587,-0.0054486968778,0.00230518833688,-0.00864853777191,0.0111194304542,-0.107796373876,0.00407467697625,0.0156312604377,0.0195535188813,0.00241999141522,-0.0308951651856,0.00482896468893,0.00698083665584,0.00694954540151,0.00983062587955,0.00301237770875,-0.000635368435367,0.00726493088844,-0.0982110989766,-0.0308923207048,-0.0222784020713,0.0163413148758,-0.0113760842872,0.0238795653177,0.0198428176303,0.0109217831539,0.0451635392316,0.0347146488803,-0.0427241041668,0.0191004092693,0.018972236961,-0.0220685324701,0.00118928184566,2.6943699579,0.0220685324701,0,-0.0289156386478,0.0349669976811,-0.0178715114556,-0.0581527936146,-0.0123984873845,-1.1,-0.141319227808,0.989964078061,2013-12-22 23:59:59+00:00,2013-12-19 23:00:00+00:00,,2013-12-23,2014-01-09 06:00:00+00:00,-0.00695958925878
2013-12-23,0.000822416970444,-0.00613717228834,0.0159825362606,0.00851550469033,-0.0217544459526,0.00919998929537,0.00992866911661,0.0102845577151,-0.000968654768576,0.00522499149223,-0.00442910543595,0.00566905298459,-0.0958126431606,0.00436642810864,-0.0136274273852,0.0151331478078,0.0163100256675,-0.0104496471662,0.0176093598398,0.0174927733628,0.0182022374636,-0.00482913970305,0.00751080046338,-0.00504955292177,0.00458710596473,-0.10389211325,-0.00272159416775,0.00135308280849,0.0168319247135,0.000720983713172,-0.033059244739,0.00583439164165,0.00695961491043,0.00697038384558,0.00287161272211,0.00288000610864,-0.00389153786442,0.00675100000445,-0.100662065609,0.0134808898254,-0.0174114308794,0.00925055762578,0.0230847885586,0.0224693056208,0.0186637968161,0.00606306295979,0.0169848461137,0.041033215823,0.00288600488913,0.0183622607945,0.019015108891,0.0070880222764,0.000612722061827,2.51310747512,0.0070880222764,0,-0.00169663485115,-0.0162024839932,-0.0159544650942,0.023204196933,0.0189567509886,1.2,-0.0213728230102,0.999771575129,2013-12-29 23:59:59+00:00,2013-12-28 06:00:00+00:00,,2013-12-30,2014-01-09 23:00:00+00:00,0.000822416970444
2013-12-30,,,,,,,,,,,,,,0.028625560258,0.0329919883666,0.0186291918953,0.0453429568465,0.0338672291796,0.0190498479609,0.0186309340083,0.0183764590131,0.0192536090381,0.0340220301502,0.0211155672064,0.00205212649846,-0.0778698489043,,,,,,,,,,,,,,0.012124854655,0.0256057444804,0.00332734240909,0.037177782287,0.0212486373035,0.0186191339805,0.0125721396357,0.0186352025955,0.0637987418271,0.0219771126525,0.0125037696894,0.0182658355045,,0.00317781920577,,,,0.0160534206223,,0.0441873712808,0.0319463616644,0.000862440707201,-0.3,0.120128619955,0.992758336489,2014-01-05 23:59:59+00:00,2014-01-09 06:00:00+00:00,,2014-01-06,2014-01-16 23:00:00+00:00,
2014-01-06,,,,,,,,,,,,,,-0.0213769720381,0.00724858821995,-0.00637883916522,0.0550527164697,0.0102800396103,0.0231593736695,0.019785371417,0.018415864116,-0.000708720701338,0.0113470390922,-0.00141517210624,-0.00238548206902,-0.0973729975298,,,,,,,,,,,,,,-0.0268006250197,-0.0146757703647,-0.0320872012441,0.0393400958108,0.024110567185,0.0202660159202,-0.026842547484,-0.0142704078483,0.00271443826541,0.022661349716,0.0185542904867,0.0193653731636,,-3.45264934486e-05,,,,0.00546557544598,,0.0488975803,-0.0294286260271,-0.00695513017788,-0.1,0.238517377822,0.971138229335,2014-01-12 23:59:59+00:00,2014-01-09 23:00:00+00:00,0.00557794115436,2014-01-13,2014-01-24 06:00:00+00:00,
2014-01-13,,,-0.00671045549713,0.0189019679564,-0.0149659536523,,,,,,,-0.000526386670262,-0.102598181821,-0.0200649893362,-0.0414419613742,-0.00844997300757,0.0232213550183,-0.0261309047642,0.0236658446862,0.0199761291908,0.0183879155464,-0.0185203235481,-0.00673824425229,-0.020641012287,-0.000102423654645,-0.115303707381,,,-0.00497093798669,0.0145825808946,-0.00380100254031,,,,,,,-0.000950349685879,-0.102682712416,-0.0159310704552,-0.0427316954748,-0.0171259509944,-0.00078463611857,0.0202278228258,0.0201641789611,-0.0429060402242,-0.0697485877082,-0.0511133851127,-0.0163987362325,0.0264771948175,0.0220052887095,,-0.00261933445611,,,,0.022841050888,,-0.00818576812592,-0.0728489860209,-0.0249783066815,-2.3,0.353451610506,0.935452809623,2014-01-19 23:59:59+00:00,2014-01-16 23:00:00+00:00,0.0131048612613,2014-01-20,2014-01-30 23:00:00+00:00,
2014-01-20,0.00557794115436,,-0.00195493131321,0.0140276049474,-0.00627802184114,,,,,,,-5.80807129121e-06,-0.097578540671,0.0155076623079,-0.00455732702821,0.00269126119174,0.0178244089995,-0.00565331711159,0.0252829211077,0.0205231632508,0.0179833397497,-0.00384843455649,0.00922897035678,-0.00435886914701,0.00110768584498,-0.101477204754,-0.00435177999922,,-0.00660112381816,0.0102308008954,-0.00690272657069,,,,,,,-0.00111930198756,-0.106579155461,0.00757769798353,-0.00835337247165,-0.0230291428363,-0.0137785852105,0.0186540501365,0.020351577175,0.00604127150244,-0.0368647687218,-0.0511351765701,-0.010101960747,0.0264720275563,0.0223132342538,0.0198594423072,0.00732195570734,,0.0198594423072,0,0.00946639080551,-0.0119294779827,-0.0259136748689,-0.0511785941814,-0.0327379060454,-3.5,0.463266687928,0.886218920954,2014-01-26 23:59:59+00:00,2014-01-24 06:00:00+00:00,0.00683010804731,2014-01-27,2014-02-06 23:00:00+00:00,0.00557794115436
2014-01-27,0.0131048612613,0.0186828024157,,0.0126065789017,0.0196654346384,,,,,,,,-0.0856746032854,0.0307416681931,0.046249330501,0.0048073691268,0.023436561022,0.0497429550523,0.0260725832031,0.0208241173869,0.0189301222684,0.0259868572186,0.0367087251005,0.0261291538333,-0.00262453887617,-0.0734261562076,-0.00453194567042,-0.00888372566964,,0.00177659678138,-0.0104120857754,,,,,,,,-0.110618929257,0.0120940967501,0.0196717947336,-0.0230599007412,-0.0197325583321,0.0186442255106,0.019787773548,0.0339580162663,0.0399992877688,-0.0297492999394,0.0340494418876,0.0343017942268,0.0226218352198,0.0352736138635,0.0602854753877,,0.0352736138635,0,-0.00321634807329,-0.0166260424205,-0.0379665059882,0.0850492390331,0.0132097791798,1.7,0.56637212241,0.824149633839,2014-02-02 23:59:59+00:00,2014-01-30 23:00:00+00:00,0.00497949349706,2014-02-03,2014-02-13 23:00:00+00:00,0.0131048612613
2014-02-03,0.00683010804731,0.0199349693086,,0.0118428657071,0.0314858205415,,,,0.0131031273051,,,,-0.0794082865858,0.0136602160946,0.0444018842877,0.0398445572595,0.0334657180943,0.0638105420679,0.0214308645693,0.0209509013046,0.0191019508598,0.0296402978569,0.0457414292461,0.039169991144,0.00505263607888,-0.0606821122475,0,-0.00453194567042,,-0.00977998668009,-0.000838900984838,,,,-0.00335508886933,,,,-0.110618929257,-0.0028076761542,0.00928642059591,0.000933048124262,-0.0311541531198,0.0124519488363,0.0197994029707,0.0113967973882,0.0453548136546,0.00849004493283,0.0112044831982,0.0323647899875,0.0228090974867,0.0136602160946,0.0215465490035,,0.0136602160946,0,0.00226341870639,0.0028076761542,-0.0203178538836,-0.0540429042904,-0.0238697541675,-2.1,0.661274604227,0.750143918062,2014-02-09 23:59:59+00:00,2014-02-06 23:00:00+00:00,-0.0139956692784,2014-02-10,2014-02-21 06:00:00+00:00,0.00683010804731
2014-02-10,0.00497949349706,0.0118096015444,0.0304924039601,0.0237819484629,0.0549865581738,0.00373496420373,,,0.010436270151,,,0.00339336574588,-0.0748127739685,0.00995898699411,0.0236192030887,0.0698685335897,0.0614185605822,0.104856260723,0.00914544846276,0.0179525703923,0.0186902594776,0.022014641544,0.0477341269908,0.0472706263245,0.00940126718795,-0.0512807211577,0,0,-0.00888372566964,-0.0138546636563,0.00511685562422,0.00256556525792,,,-0.00113426958829,,,-0.0026145356962,-0.110618929257,-0.0101585595254,-0.0129662356796,0.00670555905405,-0.0104203919404,0.0100586103976,0.0180476689298,0.00502384816316,0.0164206455514,0.0564199333202,0.00530654820745,0.0135273507165,0.0212346408709,0.00995898699411,0.0310021253787,,0.00995898699411,0,0.00493513883095,0.0101585595254,-0.00642388878148,0.00261665939817,0.0110306332647,1,0.746599629698,0.665273622605,2014-02-16 23:59:59+00:00,2014-02-13 23:00:00+00:00,0.011355204525,2014-02-17,2014-02-27 23:00:00+00:00,0.00497949349706
2014-02-17,-0.0139956692784,-0.00901617578136,0.0109187935273,0.00896386221407,0.0353987026381,0.0116798525338,,,-0.00629498957969,,,6.72125581436e-06,-0.0876711973934,-0.0287439539307,-0.0187849669365,0.0256169173511,0.0283081785429,0.0643459346773,0.025119656068,0.0205802678448,0.0191808494167,-0.0131403976253,0.0131025548689,0.0173872737927,0.00145454205491,-0.0781624697146,0.000752615373826,0.000752615373826,-0.0037793302966,-0.0103804541148,0.00645147059876,0.00241758330349,,,0.000564567729309,,,-0.00144109954328,-0.109949315441,0.0128196242363,0.00266106471091,0.0119474853068,-0.0110816575295,0.0113431876397,0.0171521970838,0.0245279686326,0.0295518167957,0.0749066304503,0.0237714538802,0.0130018374818,0.0219429326314,-0.0294965693045,-0.0948721738856,,0.0294965693045,0,-0.0532719225632,-0.0120670088625,-0.0029983283656,-0.0121792083515,-0.00243181071311,-0.3,0.821111408578,0.570767951713,2014-02-23 23:59:59+00:00,2014-02-21 06:00:00+00:00,-0.00665523879061,2014-02-24,2014-03-06 23:00:00+00:00,-0.0139956692784
2014-02-24,0.011355204525,-0.00264046475341,0.00916913679095,,0.0363016029997,0.0111840197366,,,0.00275339009552,,,-0.000500146802239,-0.0772524758382,0.0215632633127,-0.00718069061793,0.0164385124708,0.0212458815976,0.0650045896634,0.0224307524387,0.0206235850554,0.0195632158918,0.00424301337945,0.0300234816278,0.0388356337054,-0.000890724933329,-0.0580687801393,0.00114714573728,0.0018997611111,0.0018997611111,,0.00759861633603,0.000571576817134,,,0.00123712945608,,,-0.00010956867115,-0.10892771174,0.00562908131603,0.0184487055523,0.00548246987274,-0.0175774308685,0.00999323654718,0.0162398036974,0.0268254078118,0.0513533764443,0.0677740219957,0.0380247220563,0.0104565812803,0.022679102716,0.0204161175754,0.00230028084735,,0.0204161175754,1,-0.00526214449904,-0.00448193557875,0.00299847414925,0.015631880229,0.00797206483068,1.2,0.883730762406,0.467995661922,2014-03-02 23:59:59+00:00,2014-02-27 23:00:00+00:00,-0.00264446895355,2014-03-03,2014-03-13 23:00:00+00:00,0.011355204525
2014-03-03,-0.00665523879061,0.00469996573439,-0.00431621004696,,0.0151204769021,0.0113907794569,,,-0.00282388775216,,,-0.00224216611959,-0.083373190953,-0.0150332341175,0.00653002919527,-0.0122549377413,0.0275896195182,0.0248418393754,0.0229406690362,0.020363505004,0.0192459796301,-0.00771514812859,0.01271532823,0.0241648278848,-0.0049746451565,-0.0721231467111,0.00172275653625,0.00286990227352,0.00362251764735,,0.00539911442873,0.000723326758874,,,0.00205497067676,,,0.000490312917319,-0.107391288069,-0.00518931145517,0.000439769860864,0.00310083457178,0.00403388269604,0.0103883077427,0.0153785888062,-0.00156049121502,0.0252649165967,0.0548167333925,0.0633067783253,0.0141147602146,0.0222545879325,-0.0167559906537,-0.000387550109662,,0.0167559906537,0,-0.0134727429024,0.00691206799141,0.0125064124109,-0.00130067201387,-0.00568664618603,-0.6,0.933550754601,0.358445237914,2014-03-09 23:59:59+00:00,2014-03-06 23:00:00+00:00,-0.0182571737071,2014-03-10,2014-03-20 23:00:00+00:00,-0.00665523879061
2014-03-10,-0.00264446895355,-0.00929970774416,-0.0119401724976,0.0185522314625,0.00488218670657,0.0106530577448,,,-0.0024782598039,,,-0.00336059594797,-0.0857939798302,-0.0052889379071,-0.0203221720246,-0.0275028626425,0.0423656709473,0.0159218424459,0.0212607489763,0.0204508077562,0.0192559631605,-0.00611060614425,0.00614174405234,0.0196352751693,-0.00810047277184,-0.0770176749361,0,0.00172275653625,0.00362251764735,-0.0052612080223,-0.00615746903274,0.000723326758874,,,0.00114808195156,,,0.00137928087589,-0.107391288069,-0.000274833498436,-0.0054641449536,0.0129845605987,0.0196901196528,0.0077649663096,0.0150864917277,0.00293423449256,0.00137374327755,0.0527271197219,0.109147053042,0.0145743075977,0.0207902939803,-0.0052889379071,-0.0216634162324,,0.0052889379071,0,-0.00822317239967,0.000274833498436,-0.00465599776372,0.00130236596484,-0.0147909545096,-1.4,0.969849825926,0.243703334306,2014-03-16 23:59:59+00:00,2014-03-13 23:00:00+00:00,-0.0148298487715,2014-03-17,2014-03-27 23:00:00+00:00,-0.00264446895355
2014-03-17,-0.0182571737071,-0.0209016426607,-0.0162016769263,-0.00528288339902,-0.00641539774179,0.0122192047911,,,-0.0165917084241,,,-0.00355692709759,-0.102333357388,-0.0345895287866,-0.0398784666937,-0.0333484374984,-0.00773152014729,-0.000673830846911,0.0233620150935,0.022194121939,0.0202207554308,-0.0320222338538,-0.0280162295151,-0.0134157617312,-0.00828527623254,-0.108397365694,-0.00192481862768,-0.00192481862768,0.000945083645839,-0.00283424665076,-0.0121569646367,0.00160887791134,,,-0.00101282990248,,,0.00117142203736,-0.10910774548,-0.0104074546143,-0.0106822881127,-0.0102425182519,0.00170496705497,0.00685027638874,0.0127220408847,-0.0347469663557,-0.0318127318632,-0.00654781526642,0.0683588151839,0.0253461408561,0.0234502080908,-0.0326647101589,-0.0007604240227,,0.0326647101589,1,0.000157437569122,0.0084826359866,-0.0271802567951,0.0221114242359,-0.00240208180423,-0.4,0.992102245058,0.12543179561,2014-03-23 23:59:59+00:00,2014-03-20 23:00:00+00:00,-0.000573845425701,2014-03-24,2014-04-03 22:00:00+00:00,-0.0182571737071
2014-03-24,-0.0148298487715,-0.0330870224786,-0.0423867302228,-0.0332175934318,-0.0220676634837,0.00719665433887,,,-0.0207978556808,,,-0.00889916998003,-0.115547394684,-0.0188578123799,-0.0534473411665,-0.073769513191,-0.0573310007202,-0.0238980713354,0.0121865815899,0.0227369060566,0.0198821773069,-0.0325156291403,-0.044478349766,-0.0305848400009,-0.0166040651181,-0.125053498181,-0.0108018851631,-0.0127267037908,-0.0110039472546,-0.00910418614346,-0.020237255632,0.00557021322496,,,-0.00903671853657,,,-0.00119427484194,-0.118679272968,-0.0137969225618,-0.0242043771761,-0.0296685221297,-0.024186052257,0.00593350287816,0.0124521507343,0.00220741781719,-0.0325395485385,-0.031165805261,0.0366082167347,0.0180780011325,0.0234160355547,-0.00805592721675,-0.0154015441531,,0.00805592721675,1,-0.0210652301971,0.00299503739869,0.014028471934,0.00381760339343,0.00943080730386,0.4,0.999985722936,0.00534358719969,2014-03-30 23:59:59+00:00,2014-03-27 23:00:00+00:00,-0.00321990229213,2014-03-31,2014-04-10 22:00:00+00:00,-0.0148298487715
2014-03-31,-0.000573845425701,-0.0154036941972,-0.0363053368579,-0.0406215469049,,0.00877595103841,,,-0.0124263328303,,,,-0.116054788169,0.00549505609556,-0.0133627562843,-0.053241222978,-0.0654961607193,-0.0470285754979,0.0173355524771,0.020992415461,0.0197030107967,-0.0140724025299,-0.0357818394379,-0.024758795069,-0.0096927230139,-0.120232384058,-0.00664274694696,-0.0174446321101,-0.0193694507378,-0.0157469330904,,0.00485516327763,,,-0.0108364824056,,,,-0.124514261904,0.000112635867134,-0.0136842866947,-0.0243665748074,-0.0212657402356,0.00707874546452,0.011682140276,0.00884087301438,0.0110482908316,-0.0207644410316,0.0340522923609,0.019926570446,0.0232914760288,0.0121378030425,-0.0059414995836,,0.0121378030425,0,-0.00334581691882,-0.0067553828141,0.0049287817724,0.0118318191422,0.0147760402862,1.7,0.99338608057,-0.114822014132,2014-04-06 23:59:59+00:00,2014-04-03 22:00:00+00:00,0.00489260053631,2014-04-07,2014-04-17 22:00:00+00:00,-0.000573845425701
2014-04-07,-0.00321990229213,-0.00379374771783,-0.0368807701965,-0.048820942694,,0.00863902141701,,,-0.0064146224918,-0.0270668678989,,,-0.118896428027,-0.0088816297084,-0.00338657361284,-0.0568339147793,-0.0843367774218,-0.0345332331682,0.0168681960102,0.020388890131,0.0197618346796,-0.0086267171629,-0.0418327589285,-0.0324991378039,-0.0115520761434,-0.128011557248,0.00244182512415,-0.00420092182282,-0.0169276256136,-0.0133051079663,,0.00573986409643,,,-0.00420395857038,-0.0122424388713,,,-0.122373866661,-0.0121055650531,-0.011992929186,-0.0361973063621,-0.0232127457634,0.00626275575263,0.00981447430839,-0.00196895480322,0.00687191821116,-0.0256676303274,0.0270594893945,0.0194040835166,0.0217669440433,-0.0113234548325,-0.00292114809332,,0.0113234548325,0,-0.00691267490518,0.0145473901773,0.0021158868576,0.00187930674462,0.00143650016324,-0.2,0.97239890274,-0.233324610683,2014-04-13 23:59:59+00:00,2014-04-10 22:00:00+00:00,0.0119574385144,2014-04-14,2014-04-24 22:00:00+00:00,-0.00321990229213
2014-04-14,0.00489260053631,0.00167269824418,-0.013730995953,-0.0299326728793,-0.0134359381977,0.00831512600569,0.0101011481034,,0.00191621501404,-0.0212993889944,,-0.00239921528074,-0.114574977272,0.00978520107261,0.000903571364211,-0.0124591849201,-0.0458076224185,-0.00468304275944,0.0131863365311,0.0199409035851,0.0195733668042,0.00427289113522,-0.0320727069344,-0.0218352183918,-0.00275456217161,-0.119437091986,0,0.00244182512415,-0.0150028069859,-0.0140577233401,-0.0221888336359,0.00606899952357,0.00383979588671,,-0.000442532021146,-0.0105556527873,,-0.00204386838988,-0.122373866661,0.0117863971399,-0.000319167913192,-0.0140034546079,-0.0242459728597,0.011927663037,0.00966192831723,0.0222272933967,0.0202583385934,0.031306629425,0.0247588141586,0.0105820102429,0.0173345072877,0.00978520107261,-0.00106761470416,5.19186756424,0.00978520107261,0,-0.012442092324,-0.0117863971399,-0.0112903510787,0.0168820341809,0.0179956966812,1.3,0.937328153605,-0.348447890595,2014-04-20 23:59:59+00:00,2014-04-17 22:00:00+00:00,,2014-04-21,2014-05-01 22:00:00+00:00,0.00489260053631
2014-04-21,0.0119574385144,0.0168500390507,0.0130562913328,-0.0293304388899,-0.00705644083767,0.00670816068517,0.010592141195,,0.0106453218861,-0.0089917072163,,0.00380687597457,-0.103924009766,0.0239148770287,0.0337000781014,0.0303135044885,-0.0434560087025,0.00372417196134,0.0135033743006,0.0206230645409,0.0201608674956,0.0207421805999,-0.00892677520325,0.00191398045519,0.00729190135587,-0.0981247125993,0,0,-0.00420092182282,-0.0152048690774,-0.0178370536367,0.00390199354595,0.00377921021717,,0.000610083548567,-0.00919847473323,,0.000321850593273,-0.122373866661,0.0237510004856,0.0355373976255,0.0235444684395,-0.00612405369018,0.0153948159584,0.0116137414467,0.0118791240491,0.0341064174458,0.0409783356569,0.00981253039595,0.00995653855993,0.0173514607151,0.0239148770287,-0.00147480725966,5.45553378149,0.0239148770287,0,0.0120357529796,-0.0237510004856,0.00533435791129,0.0204960032794,0.0235060526484,2.2,0.888681774293,-0.458524485758,2014-04-27 23:59:59+00:00,2014-04-24 22:00:00+00:00,,2014-04-28,2014-05-08 22:00:00+00:00,0.0119574385144
2014-04-28,,,,,,,,,,,,,,0.00167674323027,0.025591620259,0.0264951916232,-0.0267460313548,-0.0253407530014,0.0138307329606,0.0185138714556,0.0195281509304,0.0156668244464,-0.00531416384198,0.00266234371247,0.00857308659822,-0.0966112308111,,,,,,,,,,,,,,0.00124612891567,0.0249971294013,0.0246779614881,0.000311386680661,0.0152629865834,0.0111201568751,-0.0178157138949,-0.00593658984582,0.0143217487476,-0.00644269228397,0.0173701322459,0.0169789351855,,-0.00265378382701,,,,0.0194924571252,,0.0172069005359,-0.0130548302872,-0.00162703379224,0,0.827164326226,-0.561960120845,2014-05-04 23:59:59+00:00,2014-05-01 22:00:00+00:00,-0.00501264413676,2014-05-05,2014-05-15 22:00:00+00:00,
2014-05-05,,-0.00572191853348,0.0111281205172,-0.0257526496793,-0.0327133286798,,,,,,,0.00529844002774,-0.109036642598,-0.0211796826674,-0.0195029394371,0.0141971386642,-0.0426367761151,-0.0601806517635,0.0188738994604,0.0185875002593,0.0200045252855,-0.00909102230681,-0.0216135977423,-0.0184846913251,0.00817856557094,-0.115543520609,,0.00805910237018,0.00805910237018,-0.00886852324344,-0.00524600559609,,,,,,,0.00241831448455,-0.115272410564,-0.000512923860372,0.000733205055301,0.0362706026808,7.32963187251e-05,0.0111945813538,0.0110892448512,-0.0158329237747,-0.0336486376697,0.000457779776119,-0.0252098505513,0.0200266065205,0.0177331173886,,0.00415278206174,,,,-0.00534675889267,,-0.00390566977431,0.0254375254375,-0.00313401027955,-0.8,0.75366678672,-0.657256703728,2014-05-11 23:59:59+00:00,2014-05-08 22:00:00+00:00,0.00307852370657,2014-05-12,2014-05-22 22:00:00+00:00,
2014-05-12,-0.00501264413676,,0.00122287584414,-0.0125081201089,-0.0427054663136,,,,,,,0.00359075483131,-0.113491550087,-0.0088776862979,-0.0300573689653,-0.00446574870629,-0.0169249336264,-0.0790173250555,0.019123627229,0.0180828636941,0.0190701674142,-0.0167685343962,-0.024276406922,-0.0280873348322,0.00496181859693,-0.123360697215,-0.00114760197561,,0.00691150039457,-0.00809130659137,-0.00639360757171,,,,,,,0.0022196910657,-0.116287143328,-0.00615725880387,-0.00667018266424,0.018326946737,0.00432349212914,0.0131639475339,0.0108295713511,-0.00217133722099,-0.0180042609957,-0.0239408508415,0.00736577858348,0.0137915233095,0.0177601524103,-0.00773008432229,-0.000117115792642,,0.00773008432229,1,-0.00670634907691,0.00500965682826,-0.00985947614954,-0.0254018654495,-0.0149019114688,-1.4,0.669253644676,-0.743034022834,2014-05-18 23:59:59+00:00,2014-05-15 22:00:00+00:00,-0.000373972085427,2014-05-19,2014-05-30 05:00:00+00:00,-0.00501264413676
2014-05-19,0.00307852370657,-0.00193412043019,-0.00765603896366,0.00540025236919,-0.0256312733286,,,,,,,5.76266689774e-05,-0.110758207636,0.0109522469242,0.00207456062629,-0.0174283788108,0.0128851256777,-0.0393211242006,0.0138349600102,0.0172698416619,0.0190524318674,-0.00157847773513,-0.0105201091749,-0.0183011338356,-0.00133239284112,-0.113706757442,-0.00479519951105,-0.00594280148667,0.00211630088351,-0.0020846209393,-0.0119414224566,,,,,,,0.00144764617908,-0.120514578987,0.00965091981435,0.00349366101048,0.00422686606578,0.0277713345053,0.00654220702356,0.0105622934224,0.0160829554858,0.0139116182648,-0.0197370194049,0.021241316252,0.0156425681564,0.0170038246248,0.0157474464352,0.00193531435311,,0.0157474464352,0,-0.00513070856156,-0.0144461193254,0.0301121564875,0.0185298309917,0.0179996170294,-0.1,0.575147483235,-0.818049737197,2014-05-25 23:59:59+00:00,2014-05-22 22:00:00+00:00,-0.00187968865127,2014-05-26,2014-06-05 22:00:00+00:00,0.00307852370657
2014-05-26,-0.000373972085427,0.00270455162114,,0.00560012570946,-0.037360449939,,,,4.02436193303e-06,,,,-0.111090697069,-0.000747944170853,0.0102043027533,-0.019853066212,0.00664212541126,-0.0616323316842,0.0135322743292,0.0156559180227,0.0186140641248,0.00268969717331,-0.00645609089874,-0.0191597006527,-0.000222317961896,-0.114369407463,0,-0.00479519951105,,0.00455812600766,-0.0130885681939,,,,-0.00268457611209,,,,-0.120514578987,0.010769684116,0.0204206039303,0.0137504212661,0.0384283827541,0.0081656343872,0.0108706787627,0.0185096858132,0.034592641299,0.0165883803033,0.0309101290509,0.0162056833279,0.0160957274719,-0.000747944170853,-0.000536425622419,,0.000747944170853,0,-0.0192576299841,-0.010769684116,-0.00168563000421,-0.00239904038385,-0.00614458586745,1.2,0.472711272708,-0.881217369697,2014-06-01 23:59:59+00:00,2014-05-30 05:00:00+00:00,-0.0104212747775,2014-06-02,2014-06-12 22:00:00+00:00,-0.000373972085427
2014-06-02,-0.00187968865127,-0.0022536607367,-0.00418778116688,0.00694033935032,-0.0325848997997,0.00336118115274,,,-0.000827598425617,,,0.0014595854621,-0.112760000421,-0.00697660866493,-0.00772455283578,-0.00564999220949,0.00854714645473,-0.0535757062317,0.00894458705301,0.0153714216643,0.017942070404,-0.00287495464758,-0.00922503909942,-0.024913979549,0.0027087101193,-0.120526602385,0.00321723136239,0.00321723136239,-0.00272557012428,0.0053335322459,-0.0115940933677,0.00330677703909,,,0.00121269621152,,,0.000210460804909,-0.117680514432,-0.00996658850443,0.000803095611537,0.00429675662202,0.0405673593028,0.0106732616422,0.0111625461082,0.00330794978158,0.0218176355948,0.0357292538596,0.0361870336357,0.00996296923287,0.0160963848674,-0.0101938400273,-5.80625560153e-05,,0.0101938400273,0,-0.0102845584465,0.0131838198668,0.017332724563,0.04749498998,0.0129960254874,0.9,0.363428630231,-0.931622042852,2014-06-08 23:59:59+00:00,2014-06-05 22:00:00+00:00,0.00604009686651,2014-06-09,2014-06-19 22:00:00+00:00,-0.00187968865127
2014-06-09,-0.0104212747775,-0.0123009634288,-0.00959641180763,-0.00837353596349,-0.0403617056237,0.00573674067891,,,-0.00882352725024,,,0.000705643634528,-0.121958160727,-0.020842549555,-0.0278191582199,-0.0176148554666,-0.0220806041729,-0.0691293178796,0.0132416676985,0.0160597791579,0.0183216197534,-0.0191871639134,-0.0244497795877,-0.0431062288858,0.000913925970244,-0.13866736369,0,0.00321723136239,-0.00157796814866,0.0053335322459,-0.0115940933677,0.00330262623379,,,0.00160861429369,,,0.000497361298812,-0.117680514432,-0.00581875715421,-0.0157853456586,0.00463525827167,0.0229622050087,0.0105978891868,0.0112921073106,-0.00896832402802,-0.00566037424644,0.0289322670525,0.00499141621099,0.0126934927488,0.0163163578801,-0.020842549555,0.000307166449238,,0.020842549555,0,-0.011874225527,0.00581875715421,0.00728239607767,-0.0692557872585,-0.031761848415,-2.9,0.248882332053,-0.9685337293,2014-06-15 23:59:59+00:00,2014-06-12 22:00:00+00:00,0.0164401617421,2014-06-16,2014-06-26 22:00:00+00:00,-0.0104212747775
2014-06-16,0.00604009686651,-0.00438117791099,-0.00663483864768,-0.0142908776113,-0.01606443505,0.00677627114081,,,-0.00116100148472,,,-0.000422983888844,-0.116638653969,0.0185675434114,-0.00227500614358,-0.00999955897936,-0.0274279377902,-0.0159722456816,0.0163645983176,0.0146949453098,0.0184512841739,0.0017089378112,-0.0049422228806,-0.0245592058515,-0.00127125546164,-0.122525135568,-0.00648734967839,-0.00648734967839,-0.003270118316,-0.00115381743249,-0.0161566244184,0.00407279040457,,,-0.0040565640636,,,0.000425287683955,-0.123385903027,0.0181309010065,0.0123121438523,0.0131152394638,0.0173421055296,0.0133529536302,0.0118822914888,0.02613890559,0.017170581562,0.0389882171568,0.0192511977519,0.0156759258388,0.0140560881131,0.0250548930898,0.00205750108727,,0.0250548930898,0,-0.00757136217856,-0.0246182506849,0.00366531319092,-0.0273381294964,-0.00964816363286,-0.8,0.13073138967,-0.991417825014,2014-06-22 23:59:59+00:00,2014-06-19 22:00:00+00:00,0.00456717494359,2014-06-23,2014-07-03 22:00:00+00:00,0.00604009686651
2014-06-23,0.0164401617421,0.0224802586086,0.0101792951798,,0.0152055754636,0.0114454266425,,,0.0127920153506,,,0.00137516414391,-0.1019960167,0.0328803234841,0.0514478668955,0.0236287086756,0.00377564246366,0.0357658901824,0.0242856288969,0.0164266544823,0.0195740005404,0.0289744253824,0.0254695058361,0.00758583428824,0.00315595484718,-0.0931939105829,0,-0.00648734967839,-0.003270118316,,-0.0053547392553,0.00407279040457,,,-0.00324366346321,,,-0.000405626559362,-0.123385903027,0.0293720951392,0.0475029961457,0.0317176504871,0.0454680717532,0.0189132936256,0.0130491607691,0.0118202468187,0.0379591524087,0.0322987781622,0.0488871584655,0.014759530483,0.0141606347009,0.0328803234841,0.00195590400354,,0.0328803234841,0,0.0210600766654,-0.0293720951392,0.00985852968029,0.0306424344886,0.0178606221991,1.4,0.0106870218179,-0.999942892152,2014-06-29 23:59:59+00:00,2014-06-26 22:00:00+00:00,-0.0101215442385,2014-06-30,2014-07-10 22:00:00+00:00,0.0164401617421
2014-06-30,0.00456717494359,0.0210073366856,0.0166261587747,0.0124383776078,0.0203465958329,0.0110621946936,,,0.0131789013185,,,0.00259141693729,-0.0978852953616,-0.000993180214516,0.0318871432696,0.029612137126,0.0239621449165,0.0292776538724,0.0233954978101,0.0164349054591,0.0187119204883,0.02030233923,0.0221274753384,0.00728402682179,0.00515090706056,-0.0940940853574,0.0101275301017,0.0101275301017,0.0036401804233,0.00091461029902,0.0114155377933,0.00686391150467,,,0.0059821740263,,,3.19268140285e-05,-0.114462859444,-0.010555487411,0.0188166077282,0.0311287515805,0.0354255082025,0.0191004013897,0.0137274975984,-0.00501122963433,0.00680901718438,0.0239795987463,0.0597088526059,0.0161735235247,0.014410699129,-0.0111207103162,-0.00158377043203,,0.0111207103162,0,0.00401804941981,0.0206830175127,0.00808685699119,0.0219397170392,0.0348392036753,2.9,-0.109512129666,-0.993985459379,2014-07-06 23:59:59+00:00,2014-07-03 22:00:00+00:00,-0.0118663630335,2014-07-07,2014-07-17 22:00:00+00:00,0.00456717494359
2014-07-07,-0.0101215442385,-0.00555436929487,0.0169258893137,0.00732947750608,0.0134449538865,0.0109307669864,,,-0.00122749318542,,,0.00319724510639,-0.106970035894,-0.0272469976364,-0.0282401778509,0.0232076890446,0.00559283357802,0.0109122859443,0.0260423080147,0.0181694938922,0.0190047179616,-0.0127442150822,-0.00617169404355,-0.0189068269011,0.00496251565005,-0.118444063345,0.00700390915951,0.0171314392612,0.0106440895828,0.00906612143414,0.0159776218287,0.00742480425249,,,0.0103435180731,,,0.00143197456272,-0.108238867058,-0.0253300519744,-0.0358855393854,0.0116174567603,0.016252715032,0.0252371291704,0.0154493349338,-0.0110693629897,-0.016080592624,0.0218785597847,0.0508108268372,0.0168417734139,0.0149604557597,-0.0342509067959,0.0022696065476,,0.0342509067959,0,-0.0161776346468,0.0323339611339,0.00186768251043,0.0144462279294,0.0020964360587,0.2,-0.228125181163,-0.973631810142,2014-07-13 23:59:59+00:00,2014-07-10 22:00:00+00:00,-0.00638322412355,2014-07-14,2014-07-24 22:00:00+00:00,-0.0101215442385
2014-07-14,-0.0118663630335,-0.021987907272,-0.000980570586314,-0.007615409234,-0.00331400968329,0.01334358591,,,-0.012770267932,,,9.78117521298e-06,-0.117504427577,-0.0233126227154,-0.0505596203518,-0.0186724770822,-0.0286720360616,-0.0221855378437,0.0275730181357,0.0191062659245,0.0191458095734,-0.0310900995239,-0.027442960555,-0.040550917858,-0.00296153943643,-0.138757741743,-0.000420103351602,0.00658380580791,0.0167113359096,0.0134412175936,0.0155575184771,0.00522752042338,,,0.00571104698346,,,0.00298110178685,-0.108613420218,-0.0296906840528,-0.0550207360271,-0.036204128299,-0.0230888888351,0.0268923893411,0.0177255287804,-0.0216848439265,-0.0327542069162,-0.0259451897318,0.013043027425,0.0140155353431,0.0153983789656,-0.0228925193638,-0.00476811950982,,0.0228925193638,1,-0.0016277787889,0.0292705807012,0.0207607910124,0.0229430379747,0.0230125523013,2.2,-0.343434221059,-0.939176732999,2014-07-20 23:59:59+00:00,2014-07-17 22:00:00+00:00,0.00041552031337,2014-07-21,2014-07-31 22:00:00+00:00,-0.0118663630335
2014-07-21,-0.00638322412355,-0.0182495871571,-0.0238039564519,-0.0136246612721,-0.0216546723212,0.00737572100203,,,-0.0132223746506,,,-0.00428524508827,-0.123119653913,-0.00640714826992,-0.0297197709853,-0.0579599488363,-0.0343312401606,-0.0525075631423,0.0127550812971,0.0175012000683,0.018868862427,-0.0232501050697,-0.0297662423881,-0.0449279043894,-0.0104509438904,-0.144258208618,-0.00635929997718,-0.00677940332878,0.0103520359324,0.00708191761641,0.00919821849992,0.00742625142124,,,-0.00322891983493,,,0.00188045371388,-0.114264028874,-0.0154790775381,-0.0451697615909,-0.0810553009763,-0.0493376504892,0.00878783163191,0.0167255957626,-0.00861780824372,-0.0303026521702,-0.0463832447942,-0.014084466632,0.00717149322148,0.0151726380395,-4.78482927362e-05,0.00261340106312,,4.78482927362e-05,1,0.00221065997381,0.00911977756092,0.0131621291112,0.00657385924207,-0.00168410922651,0,-0.45376919082,-0.891119252099,2014-07-27 23:59:59+00:00,2014-07-24 22:00:00+00:00,0.000837051209389,2014-07-28,2014-08-07 22:00:00+00:00,-0.00638322412355
2014-07-28,0.00041552031337,-0.00596770381018,-0.0279556110821,-0.0113294523075,,0.00544044694893,,,-0.00585653776895,-0.0112582675845,,,-0.122755216607,0.00696567075612,0.000558522486208,-0.0500010978656,-0.0203889607396,-0.0472186356165,0.0158158351994,0.0177054271614,0.0177689125665,-0.00386379226075,-0.0194210572415,-0.0355672060314,-0.00886807172668,-0.13827658422,-0.00613463012939,-0.0124939301066,-0.00591012429866,-0.00226994387536,,0.00628684396335,,,-0.00786848849421,-0.00312473217525,,,-0.119681058723,0.00901153786438,-0.00646753967372,-0.0614882757009,-0.0303595241204,0.0173085325441,0.0170122250292,0.0191381364867,0.0105203282429,-0.0222338786732,0.0017457200731,0.0174137091589,0.0152571883456,0.0131003008855,-0.00191929339183,,0.0131003008855,0,-0.0121724657305,-0.0151461679938,0.00626528602738,-0.0372646945832,-0.00283166646584,-0.3,-0.557532072999,-0.830155399656,2014-08-03 23:59:59+00:00,2014-07-31 22:00:00+00:00,-0.000978690323609,2014-08-04,2014-08-14 22:00:00+00:00,0.00041552031337
2014-08-04,0.000837051209389,0.00125257152276,-0.0169970156343,-7.11263205886e-05,-0.014680182265,0.00606093498272,0.0078676463516,,-0.000763254141899,-0.00931507067562,,-0.00312000911896,-0.122020610391,0.00290688264248,0.00987255339861,-0.0198472175867,0.00336047145789,-0.0231320703066,0.013453902174,0.0169607475832,0.0174936990952,0.00406295304323,-0.0148224143305,-0.0296232485088,-0.00318241437309,-0.135768011082,-0.00123278022371,-0.00736741035309,-0.0141468136819,-0.00350272409907,-0.00622829422334,0.00314841402364,0.00504277920682,,-0.00558105478084,-0.00387625523886,,-0.00305760386483,-0.120765629848,-0.00597973958194,0.00303179828244,-0.0421379633084,-0.0305205065481,0.0162706450718,0.0170387632176,-0.0208393326224,-0.00170119613578,-0.032003848306,-0.0101252885213,0.0190524149893,0.0157895506663,0.00413966286619,-0.00136251849,3.36270619464,0.00413966286619,0,0.0237462152649,0.00474695935824,-0.0141886506577,-0.036312849162,-0.00954625098181,-1.1,-0.653220035838,-0.75716813508,2014-08-10 23:59:59+00:00,2014-08-07 22:00:00+00:00,-0.00261297102191,2014-08-11,2014-08-21 22:00:00+00:00,0.000837051209389
2014-08-11,-0.000978690323609,-0.00014163911422,-0.0061093429244,-0.00708991351071,-0.0106462284518,0.00332894773549,0.00778079062476,,-0.000211698885506,-0.00947704412239,,-0.000708395080959,-0.122879459982,-0.00195738064722,0.000949501995266,0.00150802448147,-0.0171644526007,-0.0162117646559,0.00581047586323,0.016827471287,0.0172899485338,0.00172137906632,-0.0155319307614,-0.0279030337492,0.00162406494005,-0.137457987549,0,-0.00123278022371,-0.0137267103303,0.00298462557932,-0.00508069224773,0.00329081985637,0.00504014549639,,-0.00215239642205,-0.003487318127,,-0.00304085510197,-0.120765629848,-0.0201432460903,-0.0261229856722,-0.0325905253459,-0.0687946536449,0.0128683295866,0.0177192918421,-0.0470616161101,-0.0679009487326,-0.0573806204896,-0.0833258102214,0.0274862055112,0.0207398135465,-0.00195738064722,-0.000118760014283,3.33802531569,0.00195738064722,0,0.0451042354629,0.0201432460903,-0.0193799380418,-0.0221532091097,-0.010919294821,-0.8,-0.73944719928,-0.673214556792,2014-08-17 23:59:59+00:00,2014-08-14 22:00:00+00:00,-0.00630942980278,2014-08-18,2014-08-28 22:00:00+00:00,-0.000978690323609
2014-08-18,-0.00261297102191,-0.00359166134552,-0.00233908982276,-0.0261430462747,-0.0163377231803,0.00155894503528,0.00770294841633,,-0.00223820780242,-0.0108236352427,,0.000671975481256,-0.12516835882,-0.00536985046599,-0.0073272311132,0.0025453222854,-0.0554146265509,-0.0325338620461,0.00541656417608,0.0164459890905,0.0165243912605,-0.00427379813516,-0.0183590996333,-0.0304228487799,0.00313893534413,-0.14207729558,0.000143908422162,0.000143908422162,-0.00722350193093,0.00312853400148,-0.000141584314518,0.00295123694416,0.00486353504424,,-0.000200377016501,-0.00333308197138,,-0.00179498438162,-0.120639091513,-0.0161529249135,-0.0362961710038,-0.0332643727213,-0.114319673698,0.0130000361965,0.0175630129585,-0.00332874739736,-0.0503903635075,-0.0520915596433,-0.0984748044375,0.0279764167109,0.0200015242922,-0.00551375888815,0.000550196391792,3.38079363001,0.00551375888815,0,-0.00204110306862,0.0162968333356,-0.00783660674928,0.0402286682194,0.0125817195017,1.8,-0.81496470712,-0.579510591922,2014-08-24 23:59:59+00:00,2014-08-21 22:00:00+00:00,0.00261828718997,2014-08-25,2014-09-05 05:00:00+00:00,-0.00261297102191
2014-08-25,-0.00630942980278,-0.0089224008247,-0.00906403993892,-0.0370196510211,-0.0222731808977,0.00304169944114,0.00782126001556,,-0.00627091975815,-0.0153682856211,,-0.000552688377217,-0.130670671169,-0.0123149764101,-0.0176848268761,-0.0167353248809,-0.0667364227465,-0.0441008942854,0.00639680829236,0.0166547252335,0.0158514010795,-0.0123626596135,-0.0271020479742,-0.0383394116228,-0.000791454736724,-0.152577803983,-0.000303883195427,-0.000159974773265,-0.00139275499697,-0.00730287929563,-0.000445467509945,0.000618562874734,0.00486420856708,,-0.000155951803348,-0.0036018795419,,-0.000313922017709,-0.120906273917,-0.0204149395003,-0.0365678644138,-0.062690850086,-0.124179125787,0.00674928923311,0.0172792390752,-0.0230900403174,-0.0264187877147,-0.0943197364473,-0.116553615121,0.0179745268391,0.0194788183319,-0.0120110932147,-0.00142767131731,3.42322944718,0.0120110932147,1,0.0107750639072,0.0201110563049,0.0103009659212,0.00692041522491,0.00755268607626,0.1,-0.878678814594,-0.477413385635,2014-08-31 23:59:59+00:00,2014-08-28 22:00:00+00:00,-0.00387096247126,2014-09-01,2014-09-11 22:00:00+00:00,-0.00630942980278
2014-09-01,0.00261828718997,-0.00369114261281,-0.00728280395834,-0.0242798195926,-0.0177752050564,0.00370540039143,0.00791224875468,,-0.00184835903853,-0.0114405320533,,-0.000453377523705,-0.128391534909,0.00921951798041,-0.00309545842974,-0.0104226895429,-0.0302699071297,-0.02790476764,0.00898455479274,0.0169671093418,0.0158937810261,-0.000605719561126,-0.015987723441,-0.0263468817944,-0.000459151798039,-0.144728853636,-0.00398294360047,-0.00428682679589,-0.00414291837373,-0.0182897320556,-0.0076456424728,0.00197365576128,0.00487303997226,,-0.0030999669639,-0.00698075874159,,-0.000447603249371,-0.124400690995,0.0076200723787,-0.0127948671216,-0.0490910381254,-0.0912290014338,0.0134042294086,0.0177870109304,0.0136395227905,-0.00945051752684,-0.0598408810343,-0.0918447293403,0.0261395616719,0.0201284655788,0.0132024615809,-0.000654867968566,3.48111821783,0.0132024615809,0,-0.00442000481014,-0.0116030159792,0.00492695082822,0.0268849807964,-0.00689154878491,-0.2,-0.929666729448,-0.36840164516,2014-09-07 23:59:59+00:00,2014-09-05 05:00:00+00:00,-0.0110879148405,2014-09-08,2014-09-18 22:00:00+00:00,0.00261828718997
2014-09-08,-0.00387096247126,-0.00125267528129,-0.010175076106,-0.0162844190304,-0.0112248927502,0.00376799048212,0.00748463888665,,-0.00317058902626,-0.0144170721119,,-0.00168031573802,-0.131758976742,-0.00774192494251,0.00147759303789,-0.0162072338382,-0.0146992093568,-0.0148041430276,0.00930523588173,0.0161326754747,0.0159143524332,-0.00427955413237,-0.0224814396017,-0.0307020702797,-0.00291302822667,-0.151324733309,0,-0.00398294360047,-0.00414291837373,-0.017869628704,-0.0076456424728,0.00197365576128,0.00487303997226,,-0.002067445425,-0.00639825069041,,-0.000447603249371,-0.124400690995,-0.00190455883505,0.00571551354365,-0.0308523508702,-0.0634428762161,0.0129281694621,0.0178338833882,-0.0230726316538,-0.00943310886326,-0.035851896578,-0.0932325170676,0.0177132136405,0.0206704199857,-0.00774192494251,0.000426963092498,3.30991858223,0.00774192494251,0,0.0153307067113,0.00190455883505,0.033176930121,0.00413385826772,-0.00584368151936,0.6,-0.967189977038,-0.254054223182,2014-09-14 23:59:59+00:00,2014-09-11 22:00:00+00:00,-0.0076393355223,2014-09-15,2014-09-25 22:00:00+00:00,-0.00387096247126
2014-09-15,-0.0110879148405,-0.0149588773118,-0.0186500199246,-0.0209891097473,-0.0283529044572,0.00570481455769,0.00767328488345,,-0.0095670828726,-0.0231784787881,,-0.00248151233059,-0.141332784402,-0.022175829681,-0.0299177546235,-0.0330132130533,-0.0304678907679,-0.05554751612,0.0131135416092,0.015941776456,0.0151012825819,-0.0180934108506,-0.0398868806208,-0.0493906451926,-0.00398041740793,-0.169937670057,0,0,-0.00428682679589,-0.0115103287268,-0.00115829279441,0.00194610411904,0.00453932738698,,-0.000996727059372,-0.00631022899824,,-0.000982607253249,-0.124400690995,-0.0316804610399,-0.033585019875,-0.0463798869966,-0.0796442597179,0.0177420473683,0.0175022621859,-0.0175078536665,-0.0405804853203,-0.0500310028472,-0.10212256249,0.0176284098714,0.0182098673998,-0.022175829681,0.00225161873959,3.51115131075,0.022175829681,0,-0.00466797601452,0.0316804610399,0.00218835543912,-0.0374436385023,-0.0017144256674,-0.9,-0.990705095898,-0.136027250809,2014-09-21 23:59:59+00:00,2014-09-18 22:00:00+00:00,-0.00777955653793,2014-09-22,2014-10-02 22:00:00+00:00,-0.0110879148405
2014-09-22,-0.0076393355223,-0.0187272503628,-0.0199799256441,-0.029043965583,-0.0524324017216,0.00586917722257,0.00536187171934,,-0.0122061150921,-0.0267054042945,,-0.000961719740135,-0.147867439373,-0.0152786710446,-0.0374545007256,-0.0359769076877,-0.0527122325686,-0.103706510649,0.0134976251349,0.0115903780319,0.0149642735977,-0.0243412453031,-0.0468690496442,-0.0614284088224,-0.00101680302588,-0.182523526926,0,0,-0.00398294360047,-0.00537569859744,-0.00115829279441,0.00199147180023,0.00453932738698,,0,-0.00622219170926,,-0.000906636454393,-0.124400690995,-0.00310798961706,-0.034788450657,-0.0290729371133,-0.0917637871993,0.016967568481,0.0131830206328,0.0117237158871,-0.00578413777938,-0.0152172466426,-0.10953698309,0.019187341476,0.0182000180995,-0.0152786710446,-0.000186715742367,2.55276261908,0.0152786710446,0,-0.0270023869317,0.00310798961706,0.00644116081771,-0.0071283095723,-0.00552011776251,0.4,-0.99987150887,-0.0160301512775,2014-09-28 23:59:59+00:00,2014-09-25 22:00:00+00:00,-0.0083145404979,2014-09-29,2014-10-09 22:00:00+00:00,-0.0076393355223
2014-09-29,-0.00777955653793,-0.0154188920602,-0.030377769372,-0.0376605733303,-0.0647791332031,0.00294985508734,0.00477263854915,,-0.0123967684311,-0.0294224623157,,-0.00261143209661,-0.154470933374,-0.0135340223067,-0.0288126933513,-0.0587304479749,-0.0691531375178,-0.116247352741,0.00594407247358,0.0114820170251,0.0150171026225,-0.0232392462061,-0.0512219209049,-0.0710393835107,-0.00574050793672,-0.19351273988,-0.00202509076913,-0.00202509076913,-0.00202509076913,-0.00616800914286,-0.0133109136652,0.00101254538457,0.0033575038365,,-0.0015180490113,-0.0072177486289,,0.000517643743504,-0.126172064872,-0.0209143790796,-0.0240223686967,-0.0576073885716,-0.106698426697,0.014430257601,0.0133609720031,-0.00396422011622,0.00775949577091,-0.0328209895494,-0.0926618705837,0.0155212487472,0.0182287292434,-0.0115089315376,0.00105718512472,3.41878931337,0.0115089315376,1,-0.00956980219052,0.0188892883105,-0.0225047630157,0.0065641025641,-0.0323794251881,-3.6,-0.994556455799,0.104199118177,2014-10-05 23:59:59+00:00,2014-10-02 22:00:00+00:00,-0.0159189135868,2014-10-06,2014-10-17 05:00:00+00:00,-0.00777955653793
2014-10-06,-0.0083145404979,-0.0160940970358,-0.0348213473986,-0.0449964235046,-0.0629721294625,0.00161480934753,0.00463483488414,,-0.0120019090336,-0.0328042881157,,-0.00386132689101,-0.161471973492,-0.0108247529256,-0.0243587752324,-0.061813275958,-0.0780205097962,-0.0998251080302,0.00484183076485,0.0101232834901,0.0150505568526,-0.018639692498,-0.0542690435212,-0.0780107788059,-0.00777446452564,-0.202195685055,-0.00580432807017,-0.0078294188393,-0.0078294188393,-0.011972337213,-0.0261191508949,0.00273655910035,0.00259905483787,,-0.0053565289763,-0.0109763000592,,5.18107436295e-05,-0.131229357592,-0.0170265662185,-0.0379409452981,-0.072729395955,-0.103581746825,0.0118072740523,0.0129346632642,-0.0184843339859,-0.0224485541021,-0.0282326918815,-0.0640845884595,0.0141666848101,0.018365519041,-0.00502042485546,-0.0047040984818,3.89348845365,0.00502042485546,1,0.00765958106024,0.0112222381483,0.00349241453926,-0.0324026900346,-0.00860475492383,-0.5,-0.974836916336,0.222919237727,2014-10-12 23:59:59+00:00,2014-10-09 22:00:00+00:00,-0.0208318875257,2014-10-13,2014-10-23 22:00:00+00:00,-0.0083145404979
2014-10-13,-0.0159189135868,-0.0242334540847,-0.0396523461449,-0.0583023660695,-0.0670246800158,0.00401444068023,0.00524290838533,,-0.0179486346609,-0.043222419465,,-0.00475734191963,-0.174714743774,-0.0306614239621,-0.0414861768877,-0.0702988702391,-0.103312083292,-0.107173909277,0.00891483697272,0.0112153168811,0.0157070701934,-0.03149037286,-0.0754472586311,-0.101584462324,-0.00933057069231,-0.226286287985,-0.00117640321153,-0.0069807312817,-0.00900582205083,-0.0132926488467,-0.0268754507548,0.00250990928008,0.00256880984115,,-0.00428871403537,-0.0100900550629,,-0.000184113146952,-0.132250781245,-0.0350813786211,-0.0521079448395,-0.0761303135362,-0.122510200533,0.0131494204576,0.0135924023762,-0.0426261814885,-0.0611105154743,-0.0533510197034,-0.103382022551,0.0230957404491,0.0202058978451,-0.0294850207506,0.00243433575349,4.36425944889,0.0294850207506,1,0.0119647575264,0.0339049754095,-0.0120342476613,-0.0349620893008,-0.0149800694355,-1.2,-0.94099849502,0.338410745058,2014-10-19 23:59:59+00:00,2014-10-17 05:00:00+00:00,-0.0163287861805,2014-10-20,2014-10-30 23:00:00+00:00,-0.0159189135868
2014-10-20,-0.0208318875257,-0.0367508011125,-0.0528448981483,-0.0728248237924,-0.081473343418,0.00629514670755,0.0068192927973,,-0.0254791065915,-0.0571790433103,,-0.00694404427416,-0.191729156933,-0.0333572865937,-0.0640187105558,-0.0883774857881,-0.124354393476,-0.134124047601,0.0115546747454,0.0131682231761,0.015508102668,-0.0425462893839,-0.0968622565491,-0.125059029435,-0.0117771370162,-0.251669565744,-0.00830648845771,-0.00948289166924,-0.0173123105085,-0.021295254109,-0.0288226392354,0.003328857071,0.00287807508974,,-0.00824981116874,-0.0161059693269,,-0.00211095153211,-0.13942887646,-0.0533812205229,-0.0884625991439,-0.126403544442,-0.155476481555,0.0164631814267,0.0176018255221,-0.0557068030621,-0.0983329845506,-0.120781538653,-0.135998785295,0.0233136575129,0.0233969374029,-0.025050798136,-0.000371383117092,4.57376857694,0.025050798136,1,0.0223495164684,0.0450747320652,0.00841745438205,0.00480139676997,-0.00737549768292,-1.4,-0.893531284773,0.4490009389,2014-10-26 23:59:59+00:00,2014-10-23 22:00:00+00:00,-0.00513670386071,2014-10-27,2014-11-06 23:00:00+00:00,-0.0208318875257
2014-10-27,-0.0163287861805,-0.0371606737062,-0.0613941277909,-0.0917718971629,-0.0982176499119,0.00519071150183,0.00702995623609,,-0.0264883185915,-0.0655684383493,-0.0850591996192,-0.00779332810835,-0.204820068491,-0.00199509166224,-0.0353523782559,-0.0768385551436,-0.135569003119,-0.143084810019,0.0152528277791,0.0124002953905,0.0154408130584,-0.0258688436844,-0.0889455098917,-0.120612100653,-0.0082031149383,-0.25316106522,-0.0306624806988,-0.0389689691565,-0.0459497004382,-0.0479747912073,-0.0533504898047,0.0131201610683,0.00840095750261,,-0.0271989639026,-0.0419633584941,-0.0484831092997,-0.00738354127841,-0.165415676048,0.000981996805591,-0.0523992237173,-0.104507168557,-0.162114557128,0.0233858150413,0.0167688079957,-0.00918783205399,-0.0648946351161,-0.12600515059,-0.15882614014,0.0214242979085,0.0210260503149,0.0286673890365,0.00527398341671,1.47588170812,0.0286673890365,1,0.00719274039175,-0.0316444775043,-0.0421258683388,-0.0288879235447,-0.00519463440295,-0.1,-0.833122768723,0.55308810531,2014-11-02 23:59:59+00:00,2014-10-30 23:00:00+00:00,-0.00612915377472,2014-11-03,2014-11-14 06:00:00+00:00,-0.0163287861805
2014-11-03,-0.00513670386071,-0.0214654900412,-0.0582162911537,-0.0930376385524,-0.104191404982,0.00666108583304,0.00661889691121,0.00794148518255,-0.0172115999386,-0.0629979065047,-0.0857065628894,-0.00653934932828,-0.208894199554,0.00183992600139,-0.000155165660853,-0.0641738762166,-0.125987152175,-0.14415176666,0.0185348825151,0.0123036875701,0.0152733375055,-0.00803424402014,-0.0772216388746,-0.113522957163,-0.00495487161877,-0.251785671922,-0.0121133337228,-0.0427758144216,-0.0522587060908,-0.0600881249301,-0.0642310433038,0.0125772169805,0.00862995966385,0.00728907893206,-0.0263613607466,-0.0489046005309,-0.0574518286965,-0.00812382703779,-0.175464290502,-0.000280472129921,0.00070152467567,-0.0877610744683,-0.160490470423,0.0268067110058,0.0171429485145,-0.0101583357291,-0.0193461677831,-0.117679152334,-0.145911844215,0.0234218670963,0.021132202775,0.0139532597242,0.00400569103902,1.42552949489,0.0139532597242,0,0.0119982617305,-0.0118328615929,-0.00601443797403,0.0308655781704,0.023530967017,1.8,-0.760647863164,0.649164715819,2014-11-09 23:59:59+00:00,2014-11-06 23:00:00+00:00,-0.00908098062055,2014-11-10,2014-11-20 23:00:00+00:00,-0.00513670386071
2014-11-10,-0.00612915377472,-0.0112658576354,-0.0484265313416,-0.0880788774866,-0.109341868433,0.00770858426503,0.00630956025326,0.00794698011266,-0.0112364166942,-0.0609507093552,-0.0872263344837,-0.00369571987902,-0.213728179421,-0.0122583075494,-0.0104183815481,-0.045770759804,-0.116069630043,-0.154452693562,0.015775506099,0.0119944278643,0.0153093205604,-0.00874716948919,-0.0776627394404,-0.118800345206,0.000438286476874,-0.260901526643,0,-0.0121133337228,-0.0510823028793,-0.0600881249301,-0.0642310433038,0.0129559241291,0.00862995966385,0.00730238068688,-0.0137801741138,-0.044266021307,-0.0549931049248,-0.00782972623491,-0.175464290502,-0.0299202598314,-0.0302007319613,-0.0825999556786,-0.158730269215,0.0260776498539,0.0175370528812,-0.038241022956,-0.0483993586851,-0.113293993801,-0.166645013505,0.022688833736,0.0202298346269,-0.0122583075494,0.00023881387116,1.38969805577,0.0122583075494,0,0.0259827154066,0.0299202598314,-0.0234260737299,0.0462139292688,0.0172424927349,1.7,-0.677156245853,0.735839261457,2014-11-16 23:59:59+00:00,2014-11-14 06:00:00+00:00,-0.0149643436648,2014-11-17,2014-11-27 23:00:00+00:00,-0.00612915377472
2014-11-17,-0.00908098062055,-0.0152101343953,-0.0366756244365,-0.0895205225848,-0.115809878032,0.00505866789958,0.006064523743,0.00783308905579,-0.011125818782,-0.0611884221469,-0.0910100776354,-0.000260453952836,-0.220835976856,-0.0181619612411,-0.0304202687906,-0.0305754344514,-0.11895292024,-0.167244804337,0.00919736122589,0.0119403519645,0.015039246983,-0.0191771140911,-0.0826276299949,-0.128244255262,0.00522112633618,-0.27420384076,0,0,-0.0427758144216,-0.0600881249301,-0.064374951726,0.0144853719504,0.00862298325797,0.00730700267582,-0.00303749483626,-0.0395710856138,-0.0526985112251,-0.00574203424185,-0.175464290502,-0.0384733649525,-0.0683936247839,-0.0676921001082,-0.19409564455,0.0202559426443,0.0185106724154,-0.0225681358883,-0.0608091588443,-0.0801553266274,-0.20093686528,0.0135779912622,0.0198526402812,-0.0181619612411,0.0207343664465,1.38455184887,0.0181619612411,0,0.00440617464718,0.0384733649525,-0.017595207531,-0.00601410203235,0.0102209243271,1.1,-0.583857153189,0.811856406435,2014-11-23 23:59:59+00:00,2014-11-20 23:00:00+00:00,-0.021814051011,2014-11-24,2014-12-04 23:00:00+00:00,-0.00908098062055
2014-11-24,-0.0149643436648,-0.0240453242853,-0.0353111819207,-0.0967053097117,-0.124464791894,0.00442071452501,0.00622828337455,0.00800305474656,-0.0172105971061,-0.066328442813,-0.0996099223195,0.000746419280866,-0.232408848892,-0.0267057158273,-0.0448676770684,-0.0552860586165,-0.13212461376,-0.181635543755,0.0120078648713,0.012537268184,0.0154172443529,-0.0318858459927,-0.0944095072981,-0.144141342025,0.000150450250075,-0.293330218214,-0.00322297150219,-0.00322297150219,-0.015336305225,-0.0612860056632,-0.0672940400328,0.00572479503841,0.00852935927775,0.00729054244962,-0.0024152804409,-0.0377287671513,-0.0533371218119,0.00134238831166,-0.178117467742,-0.0289499915842,-0.0674233565367,-0.097624088498,-0.202131257055,0.0166431845182,0.0187252563416,-0.0147229966334,-0.0372911325217,-0.0856904912068,-0.211695641797,0.0123280160344,0.0198236463125,-0.0234827443252,0.025172578025,1.46972334643,0.0234827443252,1,-0.0119827191939,0.0257270200821,-0.0143561510183,0.022324222825,0.00276503487714,0.3,-0.48210186644,0.876115169584,2014-11-30 23:59:59+00:00,2014-11-27 23:00:00+00:00,-0.0516818388174,2014-12-01,2014-12-11 23:00:00+00:00,-0.0149643436648
2014-12-01,-0.021814051011,-0.0367783946757,-0.051988529071,-0.110204820225,-0.148897130095,0.00693092944968,0.0059212629352,0.00856328928338,-0.0259212063323,-0.0760508043591,-0.11359116349,-0.00154350687586,-0.248971811968,-0.030480898762,-0.0571866145893,-0.0876068833799,-0.151780759596,-0.221335960497,0.00823937464061,0.0111790611684,0.0159916391267,-0.0403217289062,-0.106641595059,-0.162263944414,-0.00487587772981,-0.314545180219,-0.0131472032599,-0.0163701747621,-0.0163701747621,-0.0686288808529,-0.0764582996922,0.00622470463628,0.0087970048747,0.00747188901609,-0.0114288239615,-0.0447522443574,-0.0627465035965,0.0017888639781,-0.188852203947,-0.0128622471815,-0.0418122387657,-0.11020586355,-0.197966938018,0.0106868780014,0.0170495992169,-0.0409308960604,-0.0556538926938,-0.116463051538,-0.234142203872,0.012555090375,0.0183431106948,-0.017333695502,0.0139519799273,1.27063593708,0.017333695502,1,0.0104499972984,-0.000284956078443,0.026761882877,0.0261224489796,0.0250047001316,1.9,-0.373364140702,0.927684870222,2014-12-07 23:59:59+00:00,2014-12-04 23:00:00+00:00,-0.0446714531067,2014-12-08,2014-12-18 23:00:00+00:00,-0.021814051011
2014-12-08,-0.0516818388174,-0.0734958898284,-0.0975412141137,-0.145967745455,-0.196708006441,0.0189269557573,0.0122668649902,0.0123307416834,-0.0525358390672,-0.109523971945,-0.15189238195,-0.0092539184176,-0.286800384949,-0.0848122234766,-0.115293122239,-0.160160799307,-0.205931559111,-0.298406259031,0.0302896028679,0.0215088141984,0.0216962442597,-0.0832606283924,-0.160864923698,-0.221913320368,-0.017085872209,-0.370283092679,-0.0185514541583,-0.0316986574182,-0.0349216289204,-0.0860039317997,-0.0950097538505,0.00861225693679,0.00925613799004,0.008016554217,-0.0211599670993,-0.0555200908886,-0.076440533451,-0.00142196462622,-0.203761453382,-0.0944727385687,-0.10733498575,-0.174758342287,-0.257358297965,0.0354669705924,0.0256066618043,-0.0742387462141,-0.115169642274,-0.152460774796,-0.265754768597,0.0264685040266,0.0233957600945,-0.0662607693183,0.00602345947353,2.32348423687,0.0662607693183,1,-0.0105734772625,0.0759212844104,0.0480055778401,0.0403739061257,0.016568843238,2,-0.259218860015,0.96581860751,2014-12-14 23:59:59+00:00,2014-12-11 23:00:00+00:00,-0.050695668943,2014-12-15,2014-12-25 23:00:00+00:00,-0.0516818388174
2014-12-15,-0.0446714531067,-0.0963532919242,-0.1331316866,-0.169807311036,-0.230291544707,0.0176571429815,0.014649288044,0.0139286792156,-0.063728424423,-0.133732244579,-0.181407422644,-0.0155681874417,-0.317958918295,-0.0555992137716,-0.140411437248,-0.197598051837,-0.228173486289,-0.331829643122,0.0268664521151,0.0233286288417,0.0223751834951,-0.0897265781599,-0.18670566649,-0.25400266039,-0.0238741557962,-0.404339334838,-0.0337436924418,-0.0522951466001,-0.0686653213623,-0.111441135784,-0.128753446292,0.0127449093159,0.0114961397217,0.00991841646353,-0.0374520996639,-0.077959190565,-0.102810410639,-0.00726221908731,-0.230181224858,-0.0844148151269,-0.178887553696,-0.220699792461,-0.288391892569,0.0403212068385,0.0300195743678,-0.0942449222713,-0.168483668485,-0.224137561179,-0.304292887807,0.0352429194435,0.0298844878477,-0.0218555213297,0.034233447036,2.02908109377,0.0218555213297,1,0.0386457084998,0.050671122685,-0.0017001913742,-0.00324985662397,-0.01960666386,-1.9,-0.141319227808,0.989964078061,2014-12-21 23:59:59+00:00,2014-12-18 23:00:00+00:00,,2014-12-22,2015-01-01 23:00:00+00:00,-0.0446714531067
2014-12-22,-0.050695668943,-0.0953671220497,-0.168863011878,-0.204174193799,-0.273347878128,0.0139496196145,0.016879090613,0.0150211900897,-0.0720282409316,-0.159824054407,-0.212799200241,-0.0211889931135,-0.351673631801,-0.0656084967001,-0.121207710472,-0.23650083271,-0.291786891327,-0.382159468777,0.0226184650488,0.0255563257035,0.022299513467,-0.0961362268937,-0.216999776662,-0.289431095913,-0.0297283259639,-0.442165315323,-0.0357828411858,-0.0695265336276,-0.101225191046,-0.116561496271,-0.164536287478,0.0111716767216,0.0130991691076,0.0115463488182,-0.0477334429364,-0.0993459921846,-0.129121482674,-0.0126496602632,-0.257240511561,-0.0695303074842,-0.153945122611,-0.261280108361,-0.358904196859,0.0364419019384,0.0303164480864,-0.0897154174229,-0.183960339694,-0.299129981969,-0.384820473176,0.0241385215019,0.0308032894781,-0.0298256555143,0.0499786524137,1.95083937417,0.0298256555143,1,0.0241069207228,0.0337474662984,0.0189478707299,0.0042194092827,0.0024538371879,0,-0.0213728230102,0.999771575129,2014-12-28 23:59:59+00:00,2014-12-25 23:00:00+00:00,,2014-12-29,2015-01-08 23:00:00+00:00,-0.050695668943
2014-12-29,,,,,,,,,,,,,,-0.026231968206,-0.0918404649061,-0.232251902154,-0.319858785534,-0.394857414676,0.0244386326998,0.0251387696062,0.0220463649794,-0.0657768665695,-0.214972018641,-0.295312853504,-0.0276893282558,-0.456608156771,,,,,,,,,,,,,,-0.018258833445,-0.0877891409292,-0.266676694625,-0.376882558174,0.0338609565685,0.0304444092851,-0.00556204896725,-0.0952774663902,-0.263761134876,-0.380224186414,0.0411533929656,0.0306520677962,,-0.0122460305666,,,,-0.0206699192387,,0.0151315736352,0.0135599694423,0.00220304754911,0.9,0.120128619955,0.992758336489,2015-01-04 23:59:59+00:00,2015-01-01 23:00:00+00:00,,2015-01-05,2015-01-15 23:00:00+00:00,
2015-01-05,,,,,,,,,,,,,,-0.0461952403773,-0.0724272085832,-0.193634919055,-0.353795718362,-0.430227902128,0.0167754118815,0.024757860915,0.0226131670496,-0.0633217769403,-0.226432009325,-0.314728655333,-0.0153142757539,-0.481139300252,,,,,,,,,,,,,,-0.0491770004922,-0.0674358339372,-0.221380956548,-0.396139298835,0.0286339254928,0.0299845230106,-0.0391890475877,-0.044751096555,-0.228711436249,-0.381172211045,0.0425066624937,0.0299872967446,,-0.0283967446266,,,,-0.00700619278954,,0.0891259216837,-0.023930657622,0.00262563351041,-0.5,0.238517377822,0.971138229335,2015-01-11 23:59:59+00:00,2015-01-08 23:00:00+00:00,-0.0376710744549,2015-01-12,2015-01-23 06:00:00+00:00,
2015-01-12,,,-0.154460443967,-0.287592130567,-0.345099642529,,,,,,,-0.0120689846433,-0.415574420668,-0.0509888700654,-0.0971841104427,-0.189024575349,-0.386622627186,-0.450555348231,0.0162673863689,0.0252288287659,0.0233943214121,-0.06666997848,-0.240439663586,-0.33638292562,-0.0125980401271,-0.506932256271,,,-0.119896312585,-0.188561633947,-0.239643936827,,,,,,,-0.0115399291596,-0.317161197638,-0.12184938498,-0.171026385472,-0.258815526401,-0.479515318863,0.0435397499549,0.037602467298,-0.0914369927342,-0.130626040322,-0.225903506712,-0.450041067891,0.0417061107313,0.0330631987128,,-0.0154983415434,,,,0.0404481226687,,0.0213619035099,-0.0138996138996,-0.0320950060901,-2.9,0.353451610506,0.935452809623,2015-01-18 23:59:59+00:00,2015-01-15 23:00:00+00:00,-0.0123724932624,2015-01-19,2015-01-29 23:00:00+00:00,
2015-01-19,-0.0376710744549,,-0.141435849479,-0.310298861357,-0.361938829458,,,,,,,-0.00751751394986,-0.437180836632,-0.0413131780524,-0.0923020481179,-0.164729256701,-0.401230089411,-0.45851123969,0.0107211308093,0.0252910632454,0.0234978075796,-0.067038211022,-0.246609942928,-0.350373385179,-0.0059122188145,-0.526887408215,-0.0340289708574,,-0.118142442257,-0.219367633303,-0.265366419226,,,,,,,-0.00912280908522,-0.340006592228,-0.0601572382338,-0.182006623214,-0.249442457151,-0.510722565512,0.0434455346793,0.0377569652497,-0.0356465120077,-0.127083504742,-0.171834601297,-0.470964583266,0.0356666639287,0.0329934158092,-0.00728420719506,-0.00413309551254,,0.00728420719506,1,-0.00566666604472,0.0261282673764,-0.0233963289501,-0.0665622552858,-0.0619140502108,-5.5,0.463266687928,0.886218920954,2015-01-25 23:59:59+00:00,2015-01-23 06:00:00+00:00,0.00626875278914,2015-01-26,2015-02-05 23:00:00+00:00,-0.0376710744549
2015-01-26,-0.0123724932624,-0.0500435677173,,-0.300857303608,-0.35798253654,,,,,,,,-0.444101412268,0.00885807588275,-0.0324551021697,-0.129639212612,-0.361891114767,-0.447658072145,0.0277940517108,0.0266249621629,0.0235963988132,-0.0270463751515,-0.213956275099,-0.331012471318,0.00202543316577,-0.522677924538,-0.0336030624075,-0.0676320332649,,-0.23982349245,-0.268307000935,,,,,,,,-0.361815909812,-0.00291333836818,-0.063070576602,-0.234096962074,-0.500773656699,0.0489648987768,0.0373602219488,-0.0130129558191,-0.0486594678268,-0.179285508149,-0.443046643024,0.0331697280188,0.0326772009402,0.0424611382903,-0.0348221976314,,0.0424611382903,0,0.0218710317019,-0.0306897240393,-0.0284963281324,-0.011744966443,0.0232745321618,2.5,0.56637212241,0.824149633839,2015-02-01 23:59:59+00:00,2015-01-29 23:00:00+00:00,0.0526443055827,2015-02-02,2015-02-12 23:00:00+00:00,-0.0123724932624
2015-02-02,0.00626875278914,-0.00610374047324,,-0.242906712002,-0.34657707989,,,,-0.0110320189384,,,,-0.44060567594,0.0157021573414,0.0245602332242,-0.0677418148937,-0.261376733949,-0.433795840805,0.0340804363899,0.028416181589,0.0242759153233,0.00576973476571,-0.17396091736,-0.306238025824,0.0164334571077,-0.515123785275,-0.00316465176312,-0.0367677141706,,-0.224436690055,-0.259358318975,,,,-0.0277066286738,,,,-0.363832347873,0.00689868786115,0.00398534949297,-0.178021273721,-0.399402230269,0.0594400311021,0.0381533211683,-0.0246570968889,-0.037670052708,-0.16475355745,-0.393464993699,0.0347504111804,0.031664273406,0.0188668091045,-0.016715771831,,0.0188668091045,0,0.0403592542303,-0.0100633396243,0.0134753216216,-0.0097623089983,0.0188778185632,1.9,0.661274604227,0.750143918062,2015-02-08 23:59:59+00:00,2015-02-05 23:00:00+00:00,0.0480991807935,2015-02-09,2015-02-20 06:00:00+00:00,0.00626875278914
2015-02-09,0.0526443055827,0.0589130583719,0.00886949065456,-0.145590953312,-0.287803620533,0.0381367785994,,,0.0400329540632,,,0.0243561127046,-0.410367807583,0.10133600182,0.117038159162,0.0845830569922,-0.104441518357,-0.320201531435,0.0591951963612,0.0469014202487,0.0341642829204,0.0884688601901,-0.0609441059133,-0.218226301315,0.0457766512815,-0.463412505415,0.00395260934498,0.000787957581853,-0.0668440756831,-0.186740388268,-0.25540570963,0.0199644867094,,,-0.00710589565286,,,0.00293557412773,-0.361312849651,0.155213203971,0.162111891833,0.0990413152306,-0.159774211171,0.0918582529462,0.0678435755012,0.109596336197,0.0849392393076,0.0362797714808,-0.189623735231,0.0676517669577,0.0533742176715,0.0973833924755,-0.0128874610005,,0.0973833924755,1,-0.00826033437607,-0.151260594626,-0.0241829336308,0.00857265323618,0.00128667009779,0.1,0.746599629698,0.665273622605,2015-02-15 23:59:59+00:00,2015-02-12 23:00:00+00:00,0.0448054000241,2015-02-16,2015-02-26 23:00:00+00:00,0.0526443055827
2015-02-16,0.0480991807935,0.100743486376,0.094639745903,-0.0467961035759,-0.230623459119,0.0318232597231,,,0.065042443195,,,0.0414002025618,-0.381313847541,0.0486836200168,0.150019621837,0.174579855061,0.00985059836031,-0.253355950177,0.0422081032034,0.0511422613677,0.0365417197844,0.0927601921427,0.00794485261812,-0.165449737951,0.0631338830098,-0.436643156261,0.0475147415702,0.0514673509152,0.0146996367445,-0.103442805512,-0.20789096806,0.0334586051759,,,0.0372700478779,,,0.0196665221138,-0.330233272741,0.0350812178828,0.190294421854,0.194279771347,-0.0551626858037,0.0728966221924,0.0703018324442,0.0110115946705,0.120607930867,0.082937878159,-0.0888967231378,0.0610744045206,0.0547456302374,0.0011688784466,-0.000530852125223,,0.0011688784466,1,0.0376720253463,0.0124335236874,-0.0290650267103,-0.0163620909477,-0.00783860190182,-1.3,0.821111408578,0.570767951713,2015-02-22 23:59:59+00:00,2015-02-20 06:00:00+00:00,0.0281685109276,2015-02-23,2015-03-05 23:00:00+00:00,0.0480991807935
2015-02-23,0.0448054000241,0.0929045808176,0.151817639189,,-0.17085371543,0.0213668461553,,,0.0718080265261,,,0.051097003292,-0.35296297363,0.0524962231543,0.101179843171,0.218218002333,0.0885787897206,-0.174154011196,0.0352926676898,0.054797821544,0.0389471256419,0.0901256091994,0.0790454409742,-0.107568565205,0.0679509629829,-0.406279021415,0.0371145768939,0.0846293184641,0.085417276046,,-0.167553419664,0.0247437053553,,,0.0532838735639,,,0.034243043601,-0.304908104626,0.0683586028022,0.103439820685,0.265551712518,0.0314547504435,0.0643244199384,0.0750473781295,0.0145217073346,0.0255333020052,0.110472541313,-0.0688129668359,0.0574468419201,0.0560545705487,0.0153816462604,0.0377664686925,,0.0153816462604,1,0.0379745158197,-0.0312440259083,-0.0212779317003,0.0254914668395,-0.0128869317446,-1.3,0.883730762406,0.467995661922,2015-03-01 23:59:59+00:00,2015-02-26 23:00:00+00:00,-0.00386901139853,2015-03-02,2015-03-12 23:00:00+00:00,0.0448054000241
2015-03-02,0.0281685109276,0.0729739109517,0.173717397328,,-0.120871153491,0.0106694181174,,,0.0560167223993,,,0.0527271303698,-0.334477776101,0.0256993023771,0.0781955255314,0.228215147369,0.160473332475,-0.117973810057,0.0318059184163,0.0555483498405,0.0394654278046,0.0581305655471,0.119069103033,-0.0711210755951,0.0661286953081,-0.390823053314,0.0306377194781,0.067752296372,0.119219647287,,-0.123768496926,0.0185840826617,,,0.0538943307631,,,0.0393255654315,-0.283282485887,0.00105610570872,0.0694147085109,0.259709130365,0.0816878566444,0.0661655408119,0.0752425538498,-0.0540115430561,-0.0394898357215,0.0811180951456,-0.0836354623043,0.0673688913176,0.0564080971814,-0.00493841710102,0.0825758322894,,0.00493841710102,1,0.0797108454332,0.0295816137694,-0.013809363422,-0.0214872551085,-0.00852850488749,-0.8,0.933550754601,0.358445237914,2015-03-08 23:59:59+00:00,2015-03-05 23:00:00+00:00,-0.0396299606851,2015-03-09,2015-03-19 23:00:00+00:00,0.0281685109276
2015-03-09,-0.00386901139853,0.0242994995291,0.117204080347,0.126073571001,-0.0730583260724,0.0237717634245,,,0.0222078118083,,,0.034920891323,-0.337047714405,-0.0266278099028,-0.000928507525747,0.100251335645,0.184834392638,-0.0597893964828,0.0364365207433,0.0511036333677,0.0395375510263,0.00561794192727,0.0953206695131,-0.0817694597112,0.0296620182562,-0.40683003996,0.0188897871058,0.0495275065839,0.134156825048,0.067312749365,-0.086327255662,0.0119878128319,,,0.0389686665046,,,0.0401797643898,-0.269615164636,-0.00851350897804,-0.00745740326932,0.0959824174157,0.195023732646,0.0349953782966,0.0716548591254,0.0246747499363,-0.0293367931198,-0.00380349111459,0.0324762803662,0.0358450769872,0.0565760393893,-0.0455175970086,-0.0237699909065,,0.0455175970086,0,-0.0513025598392,0.0274032960838,0.0205487249545,0.0333692142088,0.0123734533183,1.2,0.969849825926,0.243703334306,2015-03-15 23:59:59+00:00,2015-03-12 23:00:00+00:00,-0.0245708785559,2015-03-16,2015-03-26 23:00:00+00:00,-0.00386901139853
2015-03-16,-0.0396299606851,-0.0434989720836,0.0294749388681,0.124114684771,-0.0680168336508,0.037279569503,,,-0.0244695237694,,,0.012600798844,-0.362806702387,-0.0906521455972,-0.1172799555,-0.0390844299687,0.135495425093,-0.0948423283085,0.0631433849352,0.0548091911826,0.0423033725559,-0.0730500123073,0.00811296568786,-0.146700730642,-0.00247554377613,-0.458236899004,0.0113922242271,0.0302820113328,0.0980343077049,0.112733944449,-0.041191338993,0.0115482629398,,,0.0257085964665,,,0.0276771414641,-0.26124688064,-0.0619270764823,-0.0704405854603,-0.00102587694937,0.193253894398,0.0534826871278,0.0699976018955,-0.0550358105925,-0.0303610606561,-0.0698508963776,0.0130869817814,0.0429966028426,0.0533651286235,-0.102044369824,-0.0648407336967,,0.102044369824,0,-0.0356163350048,0.0733193007093,0.00302781606814,0.00145833333333,0.00888888888889,0.3,0.992102245058,0.12543179561,2015-03-22 23:59:59+00:00,2015-03-19 23:00:00+00:00,-0.00937614050833,2015-03-23,2015-04-02 22:00:00+00:00,-0.0396299606851
2015-03-23,-0.0245708785559,-0.064200839241,-0.039901339712,0.111916299478,-0.0418920432638,0.0293522678641,,,-0.0388362630362,,,-0.00675287006155,-0.378272321517,-0.0507221061482,-0.141374251745,-0.142302759271,0.0759152430618,-0.0799559377565,0.0486398983426,0.0536322269271,0.0428331995129,-0.0881788498345,-0.0358296075114,-0.173761339914,-0.0294252330673,-0.485030993804,0.00158034903629,0.0129725732633,0.0625000798472,0.147917355893,-0.00382814877097,0.0122638926992,,,0.0115897833671,,,0.0159194929442,-0.260078469855,-0.0693873308552,-0.131314407337,-0.138771810607,0.126779901911,0.0360959638762,0.0699874233157,-0.0715335285947,-0.126569339187,-0.155906132307,-0.0454335909942,0.0431871728865,0.0515685691695,-0.0523024551845,-0.012203919492,,0.0523024551845,0,0.0208114224466,0.0709676798915,-0.00027009206962,-0.0156022467235,0.00608966053382,0.9,0.999985722936,0.00534358719969,2015-03-29 23:59:59+00:00,2015-03-26 23:00:00+00:00,-0.00833502804715,2015-03-30,2015-04-09 22:00:00+00:00,-0.0245708785559
2015-03-30,-0.00937614050833,-0.0339470190643,-0.0774459911479,0.09627140618,,0.016100442341,,,-0.0291972376821,,,,-0.384074484136,-0.00320832795027,-0.0539304340984,-0.171210389599,0.0570047577701,-0.0569322975008,0.0373346479173,0.0532929030615,0.0429218584456,-0.0508240477257,-0.0347373868317,-0.161233648248,-0.0384231898996,-0.486680535709,-0.0155439530664,-0.0139636040301,0.0163184073027,0.13553805459,,0.0148789135527,,,-0.0080107171575,,,,-0.271490848868,0.0425928081016,-0.0267945227536,-0.0972351082139,0.162474022151,0.0521936300539,0.0713853454078,0.0922461088408,0.0207125802461,-0.00964848041004,0.0714696147356,0.0758087522386,0.0599440510296,0.0123356251161,-0.0136656670985,,0.0123356251161,1,-0.0954544367911,-0.058136761168,0.0105284904926,0.0266272189349,0.0127495170637,0.4,0.99338608057,-0.114822014132,2015-04-05 23:59:59+00:00,2015-04-02 22:00:00+00:00,,2015-04-06,2015-04-16 22:00:00+00:00,-0.00937614050833
2015-04-06,-0.00833502804715,-0.0177111685555,-0.0819120077965,0.0352920725502,,0.0147676708271,,,-0.0170607459236,0.00107704043955,,,-0.389186904903,-0.0152783164596,-0.0184866444099,-0.159860896155,-0.05960956051,-0.0260153735832,0.0393505076023,0.0519441183221,0.0429035486627,-0.0257480427688,-0.0475371672353,-0.158494442843,-0.0379640414555,-0.494463585583,-0.00139173963465,-0.0169356927011,-0.00396311943772,0.13019370561,,0.0111341084531,,,-0.00841519988178,0.0505343028821,,,-0.272504038716,-0.000727352106838,0.0418654559947,-0.0894489513427,0.006533466073,0.0531161058557,0.0701394066873,0.00548979214793,0.0977359009888,-0.0288334381984,-0.032636929313,0.0741116877541,0.0594214109655,-0.013886576825,-0.00531357937032,,0.013886576825,1,-0.0207681086076,-0.000664387527813,-0.00196581062167,0.028818443804,0.0127797558494,0.7,0.97239890274,-0.233324610683,2015-04-12 23:59:59+00:00,2015-04-09 22:00:00+00:00,,2015-04-13,2015-04-23 22:00:00+00:00,-0.00833502804715
2015-04-13,,,,,,,,,,,,,,0.0230887087763,0.00781039231668,-0.0461200417818,-0.0852044717504,0.0480622052585,0.0306473287779,0.0501546706244,0.0435366992492,0.00887702462051,-0.0287075530226,-0.124468729416,-0.0152271031576,-0.482655611652,,,,,,,,,,,,,,0.0275926587925,0.0268653066857,7.0783932077e-05,-0.000955093017296,0.0496340998136,0.0602804364022,0.0561251224655,0.0616149146134,0.0823274948595,0.0124765984819,0.0709744165096,0.0558855064947,,-0.0016105443464,,,,-0.0330364136891,,0.0158913995777,-0.000600240096038,0.0177663381254,2.2,0.937328153605,-0.348447890595,2015-04-19 23:59:59+00:00,2015-04-16 22:00:00+00:00,0.0166855494084,2015-04-20,2015-05-07 05:00:00+00:00,
2015-04-20,,0.0394847803832,0.0217736118277,-0.0181277278842,0.121317418043,,,,,,,-0.00388870612328,-0.364586611397,0.0624369653742,0.0855256741505,0.0670390297406,-0.0752637295306,0.151812348685,0.0344074873781,0.0506477483,0.0459498481853,0.0555022486902,0.0224175160061,-0.0559144409812,0.00508188445936,-0.449324477971,,-0.00655611338402,-0.0234918060851,0.0390082737622,0.0908224874006,,,,,,,-0.0128592967059,-0.277257983994,0.0450824415869,0.0726751003794,0.114540556374,-0.0242312542326,0.0210441831877,0.0570162809764,0.0563598152092,0.112484937675,0.210220838663,0.0543147063565,0.035673240691,0.056189309296,,-0.00865498586875,,,,0.00607715016493,,0.00306341660139,-0.044044044044,-0.014187021959,-1.1,0.888681774293,-0.458524485758,2015-04-26 23:59:59+00:00,2015-04-23 22:00:00+00:00,0.0238559496523,2015-04-27,2015-05-07 22:00:00+00:00,
2015-04-27,0.0166855494084,,0.0478353017444,-0.0296106894035,0.150375460714,,,,,,,0.000391482304293,-0.353895443947,0.0199070550876,0.0823440204617,0.0901544127784,-0.0810559768201,0.16286132789,0.0317764397961,0.0506891756297,0.0463358583905,0.0523048468917,0.0305487593,-0.0250329563688,0.0100108087415,-0.438252308522,0.0134640437292,,0.00551619071049,0.0218345980132,0.137889593537,,,,,,,-0.00922784413294,-0.267461149379,0.0380698092283,0.0831522508152,0.110017557501,0.0127824492869,0.0201465880885,0.056876120013,0.0244877812416,0.0808475964508,0.142462511064,0.132814030654,0.0250489895037,0.0557773555508,0.0064430113584,0.000711964470209,,0.0064430113584,1,-0.00458072615399,-0.0246057654991,-0.000510298756727,0.0129842931937,0.0073833062195,0.1,0.827164326226,-0.561960120845,2015-05-03 23:59:59+00:00,2015-05-07 05:00:00+00:00,,2015-05-04,2015-05-14 22:00:00+00:00,0.0166855494084
2015-05-04,0.0238559496523,0.0405414990606,0.0800262794439,-0.00188572835265,0.167962657577,,,,,,,0.00708636543199,-0.338296684348,0.0310891098375,0.050996164925,0.136521839075,-0.0233390570798,0.178248280386,0.0194485095804,0.0509484576016,0.0470090681138,0.0491981070466,0.0490842761832,0.0172110660267,0.0204190535853,-0.420513763775,0.0166227894671,0.0300868331963,0.0235307198122,0.0195676003745,0.157677034768,,,,,,,-0.00624632272137,-0.255182540656,0.0333401574487,0.071409966677,0.144085067056,0.0546361157137,0.00740565538168,0.0567834870785,0.0322161867305,0.056703967972,0.169188905647,0.140355467448,0.0164090504629,0.0546643937565,0.0144663203704,-0.00493928524807,,0.0144663203704,1,-0.00112707689304,-0.0167173679816,0.0116268275702,0.027496382055,0.0153416149068,1.7,0.75366678672,-0.657256703728,2015-05-10 23:59:59+00:00,2015-05-07 22:00:00+00:00,0.00319699489288,2015-05-11,2015-05-21 22:00:00+00:00,0.0238559496523
2015-05-11,0.0169977809588,0.040853730611,,0.0547420132912,0.132316132953,,,,0.0290182619677,,,,-0.326953061238,0.0239380058735,0.0550271157109,0.137371136173,0.0912510943909,0.100850284439,0.0192917866784,0.0438887359652,0.0474679732327,0.0387963748284,0.0660474344096,0.0521960925757,0.0265850698555,-0.40647465511,0.010057556044,0.0266803455111,,0.0182329321915,0.163781981467,,,,0.0192859076143,,,,-0.247653699911,0.0235341600825,0.0568743175312,0.140026568346,0.140097352278,0.00904248754291,0.0408421030924,0.029738304672,0.0619544914025,0.142802087853,0.225129582713,0.0141447349328,0.0476663234968,0.0138804498294,-0.00926477395861,,0.0138804498294,1,-0.00580029879855,-0.0134766040384,-0.0191400365519,-0.0221327967807,-0.0231846822047,-1.8,0.669253644676,-0.743034022834,2015-05-17 23:59:59+00:00,2015-05-14 22:00:00+00:00,-0.00755685426684,2015-05-18,2015-05-29 05:00:00+00:00,0.0169977809588
2015-05-18,0.00319699489288,0.0201947758516,0.0607362749123,0.08250988674,0.0874139470522,0.00864938252484,,,0.0168488551419,,,0.00845991895482,-0.324797890412,0.000691907336851,0.0246299132103,0.0756260781353,0.142665107876,0.052858571759,0.01299364627,0.0421430896057,0.0474574700942,0.0202040943282,0.0622971435298,0.0624768578364,0.0148404755524,-0.406063848466,0.00570208244891,0.015759638493,0.0458464716892,0.0223546656041,0.121969322345,0.00468298478373,,,0.0134756004675,,,0.00207936235728,-0.2433515052,-0.00160113345164,0.0219330266308,0.0933429933078,0.207883549682,0.0176924484134,0.0404846814066,0.00481043185846,0.0345487365305,0.0912527045025,0.301473543166,0.0124268139824,0.0477166225814,-0.00501017511206,0.0034407931539,,0.00501017511206,1,-0.00411852452161,0.00730321590055,-0.00425664613705,-0.00329218106996,0.0153431863727,1.2,0.575147483235,-0.818049737197,2015-05-24 23:59:59+00:00,2015-05-21 22:00:00+00:00,-0.0137040605999,2015-05-25,2015-06-04 22:00:00+00:00,0.00319699489288
2015-05-25,-0.00755685426684,-0.00435985937396,0.0364938712371,0.0843291729815,0.0350516927612,0.0140523669966,,,0.000150908187554,,,0.00642718375071,-0.329881063765,-0.0151137085337,-0.0144218011968,0.0406053145141,0.130759727292,-0.0147513599289,0.0212623760462,0.0397735646848,0.0473261574391,-0.00504534699437,0.0476156960502,0.0553724272588,0.0112860486231,-0.414972932114,0,0.00570208244891,0.03238242796,0.0378986186705,0.0848547454514,0.00701973165094,,,0.005359056806,,,0.00156831887837,-0.2433515052,-0.00916329972944,-0.0107644331811,0.0461098843501,0.156127441851,0.0201694663709,0.0368062867122,-0.0178543148727,-0.0130438830143,0.0489106083882,0.191373119452,0.0235662496184,0.0484313691899,-0.0151137085337,0.00151104911562,,0.0151137085337,0,0.00274060633906,0.00916329972944,0.00872976104726,0.00970272502064,0.0146178992167,1.2,0.472711272708,-0.881217369697,2015-05-31 23:59:59+00:00,2015-05-29 05:00:00+00:00,-0.0051719235398,2015-06-01,2015-06-11 22:00:00+00:00,-0.00755685426684
2015-06-01,-0.0137040605999,-0.0212609148667,-0.00106613901507,0.0789601404288,-0.00682087876625,0.0134631409671,,,-0.0132021195501,,,0.000258148228251,-0.339001776139,-0.0274081211997,-0.0425218297334,-0.0178919165231,0.118629922552,-0.0678587835057,0.0221593169651,0.0395142490133,0.0472696677822,-0.0276968179104,0.0249349990504,0.0351887232645,0.000746927292745,-0.430789681087,0,0,0.015759638493,0.0392903583052,0.0542170259733,0.00488455478954,,,0.00142348754448,,,-0.000230630836244,-0.2433515052,-0.0340034340874,-0.0431667338168,-0.021233707186,0.12285135987,0.0236917871182,0.038340957042,-0.0107098810107,-0.0285641958834,0.00598454064706,0.175173446294,0.0210715562515,0.0450458963082,-0.0274081211997,0.000516132952263,,0.0274081211997,0,-0.0166982401891,0.0340034340874,0.0292846110262,0.0269883459415,-0.00261398176292,-0.4,0.363428630231,-0.931622042852,2015-06-07 23:59:59+00:00,2015-06-04 22:00:00+00:00,-0.00287930180461,2015-06-08,2015-06-18 22:00:00+00:00,-0.0137040605999
2015-06-08,-0.0051719235398,-0.0188759841397,-0.0232358435136,,-0.00812379090752,0.00699763738305,,,-0.0125957890351,,,-0.00518405388552,-0.342411583182,-0.0101651613129,-0.0375732825127,-0.0519950837095,0.0853760524631,-0.0513961349158,0.0116557046281,0.0390318460957,0.0445526680369,-0.0250096565931,0.0187623865993,0.0294908263878,-0.00904522208769,-0.436546486799,-0.000178685766665,-0.000178685766665,0.00552339668224,,0.0351485531008,0.00288205338431,,,-0.000134008338297,,,-0.00132288568335,-0.243486695438,-0.00422383706853,-0.0382272711559,-0.048991704337,0.0910348640094,0.0148386572407,0.0382621090923,0.0227151509824,0.0120052699718,-0.00103861304252,0.141763474811,0.0180030253975,0.045007397243,-0.00998647554626,0.00541507047269,,0.00998647554626,1,-0.0328803122954,0.00404515130187,0.00652278828462,0.0119450527573,0.0103004815018,1.4,0.248882332053,-0.9685337293,2015-06-14 23:59:59+00:00,2015-06-11 22:00:00+00:00,-0.00638058345564,2015-06-15,2015-06-25 22:00:00+00:00,-0.0051719235398
2015-06-15,-0.00287930180461,-0.00805122534441,-0.0293121402111,0.0314241347012,0.028626867973,0.0046599751208,,,-0.00817286197858,,,-0.00953010181993,-0.344302255483,-0.00575860360922,-0.0159237649222,-0.0584455946556,0.0171804834798,0.0334974070722,0.0093478951236,0.0291748374736,0.0433110269232,-0.0162589912236,0.0103193441662,0.0261351956263,-0.0171881222848,-0.439781867655,0,-0.000178685766665,-0.000178685766665,0.0456677859225,0.0237563288738,8.93428833328e-05,,,-8.93428830948e-05,,,-0.00187208135503,-0.243486695438,0.0214175172969,0.0171936802283,-0.0259730535885,0.0673699397193,0.0227163711908,0.0332705424581,0.00681501936112,0.0295301703435,0.000965974460137,0.0922186789627,0.0182178246709,0.0402311820483,-0.00575860360922,0.016992047445,,0.00575860360922,0,-0.0125736229703,-0.0214175172969,0.000854079729092,-0.0141648632697,-0.0177364864865,-1.5,0.13073138967,-0.991417825014,2015-06-21 23:59:59+00:00,2015-06-18 22:00:00+00:00,-0.00462046558253,2015-06-22,2015-07-02 22:00:00+00:00,-0.00287930180461
2015-06-22,-0.00638058345564,-0.00925988526025,-0.0281358693999,0.00835800183716,0.0468171630733,0.00467780245487,,,-0.00750335490831,,,-0.0106352875864,-0.348472670673,-0.00927647961267,-0.0150350832219,-0.0526083657345,-0.0120030512205,0.0749430336077,0.00969261171261,0.0248019707357,0.0413867014836,-0.0123429411325,-0.00454389289904,0.0168601096968,-0.0189169401727,-0.444954689854,-0.00348468729862,-0.00348468729862,-0.00366337306528,0.0287190548948,0.0186912925389,0.00171463296544,,,-0.00265583355988,,,-0.00235363500008,-0.246118319885,-0.0417198008878,-0.0203022835909,-0.0585295547468,-0.0124196703967,0.028964915374,0.0283890300592,-0.00300090252211,0.00381411683901,0.0158193868108,0.064729995199,0.0144171921733,0.0309821140602,-0.00579179231405,0.00187123869497,,0.00579179231405,1,-0.00627557709055,0.0382351135891,0.0137509263349,-0.00818199960088,0.0153543790689,0.9,0.0106870218179,-0.999942892152,2015-06-28 23:59:59+00:00,2015-06-25 22:00:00+00:00,-0.00877922470499,2015-06-29,2015-07-09 22:00:00+00:00,-0.00638058345564
2015-06-29,-0.00462046558253,-0.0110010490382,-0.0190522743826,-0.0201184133977,0.0515728379991,0.00145515516126,,,-0.00736290295177,,,-0.00873020998019,-0.351476086342,-0.00660473287782,-0.0158812124905,-0.0318049774126,-0.0496968939357,0.0715466286801,0.00210384119989,0.024921968767,0.0410705416455,-0.0110050992135,-0.016263904435,0.00959706586203,-0.0134548311747,-0.44860853624,-0.00263619828725,-0.00612088558586,-0.00629957135253,0.00946006714042,0.031599047318,0.00175151037447,,,-0.00371588794774,,,-0.00400558878567,-0.248103084213,0.00312762604952,-0.0385921748382,-0.0213984946099,-0.0426322017959,0.0265355157269,0.0267679043842,0.00203492806197,-0.000965974460137,0.0285641958834,0.0345487365305,0.0111293994986,0.0233511069308,-0.00396853459057,0.00449670693045,,0.00396853459057,1,-0.00863966093979,-0.00576382433677,0.00289452698113,0.00905432595573,-6.04887490927e-05,1,-0.109512129666,-0.993985459379,2015-07-05 23:59:59+00:00,2015-07-02 22:00:00+00:00,-0.0329685281869,2015-07-06,2015-07-16 22:00:00+00:00,-0.00462046558253
2015-07-06,-0.00877922470499,-0.0133996902875,-0.0226595755478,-0.0458954190614,0.0511286413412,0.00252068917396,,,-0.010460653769,,,-0.00959786629781,-0.357144704063,-0.0117024820478,-0.0183072149256,-0.0333422981475,-0.085337381857,0.075122463092,0.00269925672235,0.0246921580747,0.0400440492225,-0.0143449015184,-0.0329433268846,-0.00398069067422,-0.0141142255439,-0.455023575793,-0.00585596736219,-0.00849216564944,-0.0119768529481,-0.00645345626581,0.0271348195905,0.00241686360745,,,-0.00656914499708,,,-0.00508150705167,-0.252493300983,-0.00805284879809,-0.00492522274857,-0.0252275063395,-0.0742192106764,0.0265504267556,0.0270369461427,-0.0389048367636,-0.0368699087016,-0.0330557918626,-0.0340944049052,0.0208167065658,0.0278450233219,-0.0058465146856,-0.0157360700709,,0.0058465146856,1,0.0272023547158,0.0021968814359,0.0120821675747,0.0153539381854,0.00393200653318,-0.3,-0.228125181163,-0.973631810142,2015-07-12 23:59:59+00:00,2015-07-09 22:00:00+00:00,-0.0177927345931,2015-07-13,2015-07-23 22:00:00+00:00,-0.00877922470499
2015-07-13,-0.0329685281869,-0.0417477528919,-0.0527488019301,-0.0820609421412,,0.0132972448074,,,-0.029976041916,-0.0487834618502,,,-0.37799313757,-0.0659370563738,-0.0776395384216,-0.0935207509121,-0.151966345568,-0.0139033020582,0.0284475326811,0.0310245549284,0.0409310882452,-0.0558883662521,-0.0937678232302,-0.0686585872472,-0.0223107029543,-0.489798636075,0,-0.00585596736219,-0.0119768529481,-0.0121555387147,,0.00241686360745,,,-0.00358745220905,-0.00191261576667,,,-0.252493300983,-0.0636861661795,-0.0717390149776,-0.110331189816,-0.136304243404,0.030702101479,0.0325796813287,-0.0970718303851,-0.135976667149,-0.136942641609,-0.135976667149,0.045684976208,0.03835864599,-0.0659370563738,-0.0114862655081,,0.0659370563738,0,0.0311347740113,0.0636861661795,0.0277824255607,0.00019638648861,0.013798505664,0.6,-0.343434221059,-0.939176732999,2015-07-19 23:59:59+00:00,2015-07-16 22:00:00+00:00,-0.0120836651961,2015-07-20,2015-07-30 22:00:00+00:00,-0.0329685281869
2015-07-20,-0.0177927345931,-0.05076126278,-0.0641609530675,-0.0922968224674,-0.039117401822,0.0125535090592,0.0154152003983,,-0.0317987297759,-0.0628713260951,,-0.0130312073575,-0.388962464042,-0.0247444577071,-0.090681514081,-0.108988729007,-0.161597094741,-0.101084725139,0.0269005477659,0.0249884134081,0.0403659581684,-0.0538774590067,-0.109474945075,-0.0929890902314,-0.019471434164,-0.502268377404,-0.010841011479,-0.010841011479,-0.0193331771284,-0.0229965501937,0.0228499214955,0.00466642227603,0.00775697098852,,-0.00956687307605,-0.0143655368889,,-0.00659098055099,-0.260553261685,0.00949007157498,-0.0541960946045,-0.0591213173531,-0.1176508721,0.033400534418,0.0298733858854,-0.0134529453288,-0.110524775714,-0.147394684415,-0.131575297605,0.0435520799338,0.0346545406878,-0.0139034462281,0.00871206247856,3.22099856329,0.0139034462281,1,-0.0112915123784,-0.020331083054,0.00166336353341,-0.00392695857059,0.00267459138187,0.2,-0.45376919082,-0.891119252099,2015-07-26 23:59:59+00:00,2015-07-23 22:00:00+00:00,-0.0274101506795,2015-07-27,2015-08-06 22:00:00+00:00,-0.0177927345931
2015-07-27,-0.0120836651961,-0.0298763997892,-0.0716241526811,-0.0906764270637,-0.0678866164264,0.0107096559902,0.0143827054321,,-0.0261350870805,-0.0694718454796,,-0.0126839907528,-0.39630160588,-0.013178457976,-0.0379229156832,-0.115562454105,-0.147367431517,-0.134170238203,0.0253767165691,0.0235791175298,0.040446400464,-0.0387762314244,-0.112518701598,-0.105734470425,-0.0185698259721,-0.508784680951,-0.0109888724162,-0.0218298838952,-0.0276858512574,-0.0339854226099,-0.00160299464984,0.0051945038471,0.00764573608177,,-0.0136095423491,-0.0250199612696,,-0.00679815553358,-0.268634464577,-0.0251151114015,-0.0156250398266,-0.0873640548042,-0.108762549414,0.0312702568887,0.0277759200766,-0.0490107596621,-0.0624637049908,-0.19844037214,-0.169876176256,0.0349996074019,0.0355202696909,-0.00218958555987,-0.000492342601094,3.083553202,0.00218958555987,1,0.035832301686,0.0141262389854,0.0182878140126,0.00453380642618,-0.00640189685833,-0.4,-0.557532072999,-0.830155399656,2015-08-02 23:59:59+00:00,2015-07-30 22:00:00+00:00,-0.027324131396,2015-08-03,2015-08-13 22:00:00+00:00,-0.0120836651961
2015-08-03,-0.0274101506795,-0.0394938158756,-0.0902550786556,-0.112914654203,-0.119152716758,0.00938690176387,0.0126720110389,,-0.0307806011417,-0.0865815500528,,-0.0133981760671,-0.41262434353,-0.0425560255456,-0.0557344835216,-0.146415997603,-0.17975829575,-0.207815373586,0.0229873847058,0.0215615937671,0.041211783493,-0.0441135503101,-0.136444054625,-0.14214392185,-0.0206182014325,-0.529250296454,-0.0122642758134,-0.0232531482296,-0.0340941597086,-0.0460710126566,-0.0304900599303,0.00571816918647,0.00648247186145,,-0.0173311893867,-0.0346903033136,,-0.00617815070173,-0.277549354149,-0.0294497577154,-0.0545648691169,-0.108760963721,-0.133988470061,0.0299266295237,0.0254571067799,-0.0268132453029,-0.0758240049649,-0.186348780679,-0.219404572541,0.0367126665859,0.0333635299214,-0.0302917497322,0.00735591824897,3.32562463875,0.0302917497322,1,-0.0157427802427,0.017185481902,0.00492009187873,-0.0139324960754,0.0186731893569,1,-0.653220035838,-0.75716813508,2015-08-09 23:59:59+00:00,2015-08-06 22:00:00+00:00,-0.0015780757718,2015-08-10,2015-08-20 22:00:00+00:00,-0.0274101506795
2015-08-10,-0.027324131396,-0.0547342820755,-0.0846106818646,-0.137359483795,-0.163474629113,0.00754495447939,0.0108821663928,,-0.0368551232038,-0.100277552809,,-0.00857769899593,-0.428456586968,-0.0348671760451,-0.0774232015907,-0.115346117274,-0.208866868186,-0.266620555505,0.0127346446738,0.0184287375961,0.0359909549872,-0.0500649525227,-0.149361519556,-0.166752388127,-0.0083272558181,-0.545381156291,-0.0197810867469,-0.0320453625603,-0.0538752464554,-0.0658520994035,-0.0603287027212,0.00425641303691,0.00698779738476,,-0.0235605102862,-0.049293591178,,-0.00882814217376,-0.291699796076,-0.108081650512,-0.137531408228,-0.153156448054,-0.26348763787,0.0496841265429,0.0345729717355,-0.064040488911,-0.0908537342139,-0.153317439205,-0.290260080814,0.0225581570851,0.0330988745608,-0.0150860892982,-0.00986159129645,2.63689681952,0.0150860892982,1,0.0291733128659,0.0883005637652,0.0206750821755,0.0244776119403,-0.00269399707174,0,-0.73944719928,-0.673214556792,2015-08-16 23:59:59+00:00,2015-08-13 22:00:00+00:00,-0.029093713835,2015-08-17,2015-08-27 22:00:00+00:00,-0.027324131396
2015-08-17,-0.0015780757718,-0.0289022071678,-0.0683960230434,-0.132556976111,-0.168249699778,0.0126085395994,0.0103741722189,,-0.0217253605333,-0.0901766387965,,-0.00415672116256,-0.429357814491,0.0197778202171,-0.015089355828,-0.0708238393496,-0.179812568356,-0.247534642624,0.0279139460229,0.0208585700921,0.0346433589365,-0.0135536545182,-0.115795816864,-0.1440955787,0.00133516651832,-0.536300282595,-0.0229339717607,-0.0427150585076,-0.0659682067371,-0.0853013838656,-0.0889647569309,0.00578720303156,0.00790856814962,,-0.0299169334953,-0.0646287121936,,-0.00964860884345,-0.307759077516,-0.0133840852619,-0.121465735774,-0.176030604891,-0.235151922244,0.0432517456347,0.0341342313525,-0.039489564102,-0.103530053013,-0.179354057978,-0.326748742393,0.0157018581805,0.0323945535047,0.0427117919778,0.000766221541745,2.63713134492,0.0427117919778,0,0.0592673843191,-0.00954988649878,0.00401878137559,-0.014763014763,-0.0149157319866,-1,-0.81496470712,-0.579510591922,2015-08-23 23:59:59+00:00,2015-08-20 22:00:00+00:00,-0.0317855242927,2015-08-24,2015-09-03 22:00:00+00:00,-0.0015780757718
2015-08-24,-0.029093713835,-0.0306717896068,-0.0854060716823,-0.157030224363,-0.189786559346,0.0132074442976,0.0111342844416,,-0.0292154594742,-0.103529127314,,-0.00675255181705,-0.445720731747,-0.041695090196,-0.0219172699789,-0.0993404715695,-0.214902925674,-0.274116024287,0.0299401941191,0.0217262999139,0.0330060185302,-0.0298710921568,-0.134089561586,-0.170274535318,-0.00374926987033,-0.555236761722,-0.0164923374741,-0.0394263092348,-0.071471671795,-0.0991575230524,-0.105457094405,0.00456866657787,0.00804099392007,,-0.0286165184926,-0.0726289005644,,-0.00975583376376,-0.319082120052,-0.0414357458729,-0.0548198311348,-0.192351239362,-0.279715294166,0.0416142457988,0.0341942562835,-0.043915265505,-0.083404829607,-0.174258563821,-0.37269893596,0.0154552989267,0.0327009140605,-0.0252027527219,0.00351528246307,2.70160611035,0.0252027527219,1,0.00222017530905,0.0249434083988,0.00967654986523,-0.0327287066246,-0.00697466467958,-0.6,-0.878678814594,-0.477413385635,2015-08-30 23:59:59+00:00,2015-08-27 22:00:00+00:00,0.0320057732676,2015-08-31,2015-09-11 05:00:00+00:00,-0.029093713835
2015-08-31,-0.0317855242927,-0.0608792381277,-0.0897814452954,-0.180036523951,-0.207868023039,0.0140319307192,0.012100603386,,-0.0383495765017,-0.117961904213,,-0.00645551339781,-0.463061732521,-0.0429305595446,-0.0846256497406,-0.0997150055685,-0.246131003171,-0.289638462632,0.0300145800308,0.0225149418238,0.0326872205554,-0.0474311724566,-0.152305378356,-0.194559460701,-0.00264886965124,-0.573926642469,-0.0206404890407,-0.0371328265148,-0.0798478850223,-0.113942044731,-0.126097583446,0.00266859833187,0.00833803781341,,-0.0292660082428,-0.0829619894429,,-0.0102621571444,-0.33299254525,-0.0551935080994,-0.0966292539723,-0.218094989746,-0.326855953468,0.0397184472253,0.0351117618664,-0.0150122232487,-0.0589274887537,-0.162457541767,-0.348806322446,0.0201363193008,0.0325404460784,-0.0222900705039,-0.00540428917151,2.6999448051,0.0222900705039,1,-0.0279183362959,0.0345530190587,0.000767505806348,0.00346514472075,-0.0161483971665,-1.7,-0.929666729448,-0.36840164516,2015-09-06 23:59:59+00:00,2015-09-03 22:00:00+00:00,-0.0196892744215,2015-09-07,2015-09-17 22:00:00+00:00,-0.0317855242927
2015-09-07,0.0320057732676,0.000220248974904,-0.0304515406319,-0.115062222497,-0.170690326231,0.0297310135669,0.017882313812,,0.000606590164396,-0.0772431252632,,0.00551713993673,-0.445598638862,0.100406526403,0.0574759668586,0.0355586968797,-0.0797874203941,-0.179066774915,0.0676708725504,0.0408735758872,0.0394748150975,0.0435806527436,-0.049331287074,-0.101512613583,0.0226640415211,-0.528924650643,-0.0363949798681,-0.0570354689088,-0.0964617781435,-0.150337024599,-0.162313877547,0.0086094897809,0.010627639444,,-0.0412403765185,-0.105009124208,,-0.0116297616477,-0.356831821753,0.112028183971,0.0568346758716,0.0020148447368,-0.151141603317,0.0763580976161,0.0521691586694,0.137519647584,0.122507424335,0.0391025947283,-0.114214844476,0.0861060263226,0.0550997032597,0.136801506271,0.00608551269307,3.84560753074,0.136801506271,0,-0.0371131211808,-0.148423163839,0.00634874058859,-0.0262035344302,-0.0170236133992,-1.9,-0.967189977038,-0.254054223182,2015-09-13 23:59:59+00:00,2015-09-11 05:00:00+00:00,-0.0142199168273,2015-09-14,2015-09-24 22:00:00+00:00,0.0320057732676
2015-09-14,-0.0196892744215,0.012316498846,-0.0485627392817,-0.116958762325,-0.187500298848,0.0298843095807,0.0176860011468,,-0.00677952636338,-0.0820585271095,,0.00228241509098,-0.456407639521,-0.0393785488431,0.0610279775601,-0.0235976721805,-0.0944215115301,-0.212686720149,0.0708859215207,0.0413845441213,0.0363852957245,0.00932962811853,-0.0705533015624,-0.130537369289,0.0104610988894,-0.54711442046,0,-0.0363949798681,-0.0735278063828,-0.13949601312,-0.162313877547,0.0149559014542,0.010627639444,,-0.0233799771719,-0.0940172055088,,-0.00589626870748,-0.356831821753,-0.0226838690617,0.0893443149093,-0.00728493906298,-0.183315543954,0.0770602550119,0.0507747945757,-0.0341192602386,0.103400387345,0.0444728985917,-0.134881159386,0.0851180261065,0.0546822236114,-0.0393785488431,0.00169762438536,3.89368219136,0.0393785488431,0,-0.0052592886045,0.0226838690617,0.0202779268802,0.0588235294118,0.0250155183116,2.2,-0.990705095898,-0.136027250809,2015-09-20 23:59:59+00:00,2015-09-17 22:00:00+00:00,-0.0073602348444,2015-09-21,2015-10-01 22:00:00+00:00,-0.0196892744215
2015-09-21,-0.0142199168273,-0.0339091912489,-0.033688942274,-0.119095013956,-0.19533963222,0.0279334114813,0.0175218138619,,-0.0125205952788,-0.0812215675441,,0.00660388998688,-0.464082778428,-0.0353964823468,-0.0747750311899,-0.0172990643313,-0.116639535901,-0.238806722883,0.0698886498939,0.0416451969832,0.0357657009556,-0.0216140824287,-0.0858610916682,-0.155923906272,0.0140449818313,-0.562864582291,0.00695664869214,0.00695664869214,-0.0500788202166,-0.121550492012,-0.151872541556,0.0197656878613,0.011704560039,,-0.00398676900869,-0.0770697554372,,-0.000837201857522,-0.352341927486,-0.00547761871851,-0.0281614877802,0.0286731880914,-0.163678051271,0.0728826948682,0.0505880088183,0.00704954681548,-0.0270697134231,0.0954377109122,-0.0788208529087,0.077618191987,0.0550422330163,-0.0423531310389,0.0140276090524,3.5577278528,0.0423531310389,0,-0.0424460291623,0.0124342674107,-0.0135616998889,0.00137903861308,-0.0187730878702,-2.2,-0.99987150887,-0.0160301512775,2015-09-27 23:59:59+00:00,2015-09-24 22:00:00+00:00,0.00102724179967,2015-09-28,2015-10-08 22:00:00+00:00,-0.0142199168273
2015-09-28,-0.0073602348444,-0.0215801516717,-0.0092636528257,-0.0990450981211,-0.198079401482,0.0234304810402,0.017402294491,,-0.0175212607305,-0.0737236590143,,0.0129209638306,-0.468012774447,0.000639871635793,-0.034756610711,0.0262713668491,-0.0734436387194,-0.23156211837,0.0650971450284,0.0418636496901,0.0357869734923,-0.0271617343227,-0.0681918094506,-0.150595425995,0.0243803123561,-0.562584782227,-0.0153603413246,-0.00840369263246,-0.0447986725005,-0.124646557523,-0.164596684594,0.0192111021875,0.0114134329832,,-0.00802436944066,-0.0796253889784,,0.00146161530515,-0.362214161992,-4.22520333853e-05,-0.0055198707519,0.0838244441574,-0.134270545589,0.0614769432441,0.0504796205639,0.00197684954663,0.00902639636211,0.112426783708,-0.0500307580592,0.0752095650202,0.0550401948106,0.0160002129604,0.00355182531089,3.66760659522,0.0160002129604,0,-0.00133697791084,-0.0153180892912,-0.00175802469136,-0.0143615974818,-0.0148737888045,-1.1,-0.994556455799,0.104199118177,2015-10-04 23:59:59+00:00,2015-10-01 22:00:00+00:00,0.0228583109081,2015-10-05,2015-10-16 05:00:00+00:00,-0.0073602348444
2015-10-05,0.00102724179967,-0.00633299304473,-0.0402421842936,-0.0706937249255,-0.188272934977,0.00894880802719,0.0179106604324,,-0.00648071385175,-0.0588655036799,,0.00442198738638,-0.467466014153,0.00412226669635,0.00476213833214,-0.0700128928577,-0.034454195978,-0.215737369626,0.0230617453688,0.0422840784097,0.03579138231,-0.00553019804838,-0.047842246253,-0.142841352696,-0.000908040935532,-0.560777918414,-0.002067783097,-0.0174281244216,-0.0104714757295,-0.106933253873,-0.160808500328,0.00933091318471,0.0116476159212,,-0.00748783341954,-0.0700642474943,,0.00975201570828,-0.363531602207,-0.00733660337937,-0.00737885541275,-0.035540343193,-0.0335254984562,0.00970585318671,0.0504933249783,-0.0126754484977,-0.010698598951,-0.0377683123741,0.00133428235415,0.0184552034522,0.0548164270039,0.00619004979334,-0.015765358801,3.62996588571,0.00619004979334,0,0.016797715194,0.00526882028237,-0.0162128647565,0.0121756487026,-0.025247462724,-2.3,-0.974836916336,0.222919237727,2015-10-11 23:59:59+00:00,2015-10-08 22:00:00+00:00,-0.0302371534351,2015-10-12,2015-10-22 22:00:00+00:00,0.00102724179967
2015-10-12,0.0228583109081,0.0238855527078,0.00230540103608,-0.0462573382456,-0.132446095882,0.0161101207976,0.0197111781201,,0.0158965236322,-0.0268977009277,-0.102256124693,0.0107645114807,-0.455152995457,0.0458193830096,0.0499416497059,0.015185038995,-0.00841263318551,-0.103980930242,0.0332269117233,0.042774160776,0.036779286661,0.0370281719,0.00524624679565,-0.0987615703071,0.0117947928443,-0.540184855572,-0.000102761193353,-0.00217054429035,-0.0105742369228,-0.0841020433056,-0.160911261522,0.00932143965648,0.0116385528135,,-0.00496550115857,-0.0584019837309,-0.106686584465,0.00973423011713,-0.363597003099,0.0884220894206,0.0810854860412,0.0755656152893,0.0682806762263,0.0464569951145,0.0565955071719,0.0720549814084,0.0593795329107,0.0684059292728,0.112878827865,0.0375781345772,0.0548536373677,0.045922144203,-0.00990866473136,3.67489726291,0.045922144203,0,-0.0262355983988,-0.0885248506139,-0.0101910828025,-0.090317491619,-0.018767272961,-1.5,-0.94099849502,0.338410745058,2015-10-18 23:59:59+00:00,2015-10-16 05:00:00+00:00,-0.0121015471806,2015-10-19,2015-10-29 23:00:00+00:00,0.0228583109081
2015-10-19,-0.0302371534351,-0.007378842527,-0.0137118355717,-0.0474007778457,-0.144890514724,0.02194700055,0.0204013612406,0.0181949807904,-0.0109969442763,-0.0450683531454,-0.123060021304,0.00771746531661,-0.471381036644,-0.0679188389524,-0.0220994559428,-0.0173373176107,-0.0346363819419,-0.147155311488,0.0470979172114,0.0457549417336,0.0361645464766,-0.0269447866182,-0.0498793257032,-0.150185163095,0.00698530994253,-0.570378018254,0.00744453208216,0.00734177088881,-0.0100863535328,-0.0601651737494,-0.142625717961,0.00949058829284,0.0128786438045,0.0122727695817,0.00502307539324,-0.040634180154,-0.0960298894897,0.0084496206907,-0.358841601665,-0.0466164977487,0.0418055916719,0.0344267362592,0.0630999243505,0.0570061144436,0.0573217137093,-0.0323625636838,0.0396924177246,0.0289938187735,0.124431529686,0.0454373943683,0.0553122814111,-0.0753633710346,0.00369275384819,3.55250055268,0.0753633710346,0,-0.0355562752686,0.0540610298308,-0.0177606177606,0.0249295469326,0.00510905875418,0.4,-0.893531284773,0.4490009389,2015-10-25 23:59:59+00:00,2015-10-22 22:00:00+00:00,-0.000931948830396,2015-10-26,2015-11-05 23:00:00+00:00,-0.0302371534351
2015-10-26,-0.0121015471806,-0.0423387006158,-0.018453147908,-0.0277168007337,-0.144908396709,0.022354424084,0.0204014303748,0.0175557790014,-0.0184275998487,-0.0457561331634,-0.126707765199,0.00653351276982,-0.47773959219,-0.0143286873788,-0.0822475263313,-0.0323058766253,-0.00603450977619,-0.14830554089,0.0471655647431,0.0457599476513,0.0356690655816,-0.0331756437975,-0.0524828620299,-0.153371091196,0.0033316493737,-0.576490044096,-0.00987440698244,-0.00242987490028,-0.00460041919063,-0.0493990916912,-0.141511252527,0.00711618563075,0.0128822252113,0.0117401304336,-0.00370918948354,-0.0393903112585,-0.100145685019,0.00973537616595,-0.365141505534,-0.0456009863216,-0.0922174840702,-0.011131998029,0.0726924461284,0.0634924119284,0.0579937012279,-0.0361873006635,-0.0685498643473,-0.00917033143657,0.103256452271,0.0506241702919,0.0546223318859,-0.00445428039641,0.00394341919108,3.55190155422,0.00445428039641,1,0.0218586132846,0.0357265793391,-0.0203506013461,0.0315143824027,0.017660475725,1.2,-0.833122768723,0.55308810531,2015-11-01 23:59:59+00:00,2015-10-29 23:00:00+00:00,0.0202579310948,2015-11-02,2015-11-13 06:00:00+00:00,-0.0121015471806
2015-11-02,-0.000931948830396,-0.013033496011,-0.020412338538,-0.0606545228316,-0.11843019486,0.0222106423971,0.0199594099232,0.0163798839769,-0.0143587380656,-0.0377730194333,-0.119598261469,0.00400693035468,-0.478226085438,0.0127176019068,-0.00161108547201,-0.0237105414148,-0.0937234342725,-0.0930319134379,0.0480932628017,0.0451889722973,0.0349800438087,-0.0150159461844,-0.0333990494255,-0.13249309466,0.00122866567998,-0.571069618724,-0.0145814995676,-0.0244559065501,-0.0171141356613,-0.0275856113907,-0.143828476281,0.0098713769864,0.0129188723532,0.0109564553762,-0.0139532092176,-0.042509914327,-0.107373659724,0.00678519502939,-0.374331529401,0.00723715376749,-0.0383638325541,0.00344175911783,-0.0320985840751,0.0635621183871,0.0580428567396,-0.00368291854622,-0.0398702192097,-0.000177801485111,-0.0379461138593,0.0502073453754,0.0542853047249,0.0272991014745,0.00258772810407,3.49763303087,0.0272991014745,0,0.0164005204531,-0.0218186533351,-0.0091512561859,0.00102522042239,0.00134477459016,1.1,-0.760647863164,0.649164715819,2015-11-08 23:59:59+00:00,2015-11-05 23:00:00+00:00,-0.0202126726897,2015-11-09,2015-11-19 23:00:00+00:00,-0.000931948830396
2015-11-09,0.0202579310948,0.0193259822644,-0.0230127183514,-0.0207073173153,-0.0708481323688,0.0211312477263,0.0206903779101,0.0165989718097,0.0117343356406,-0.0126059787877,-0.0933084158136,-0.000303323251788,-0.467548235016,0.0405158621896,0.0532334640964,-0.0290140622349,-0.0138290232399,-0.0176488752033,0.0462280524574,0.046162880014,0.035794787203,0.0335129887298,0.00795742289775,-0.0861842091445,-0.00589590977385,-0.553334279254,0,-0.0145814995676,-0.0170113744679,-0.0275856113907,-0.124047389534,0.00988598984247,0.0129713838498,0.0105094051479,-0.00976513508735,-0.0331046064298,-0.101125505349,0.00528926327027,-0.374331529401,0.00169527482856,0.00893242859605,-0.0832850554742,-0.00771944018488,0.0292899189194,0.0501292938727,0.0218097727087,0.0181268541624,-0.0504230101848,0.017982919088,0.0271444674725,0.0516404437651,0.0405158621896,-0.00480628254349,3.55855026713,0.0405158621896,0,0.0187060894809,-0.00169527482856,0.00250076372756,-0.00184350675952,0.0193131674874,0.8,-0.677156245853,0.735839261457,2015-11-15 23:59:59+00:00,2015-11-13 06:00:00+00:00,-0.0308162332194,2015-11-16,2015-11-26 23:00:00+00:00,0.0202579310948
2015-11-16,-0.0202126726897,4.5258405086e-05,-0.012988237606,-0.0267000731777,-0.0894827292867,0.0175506723828,0.021042297717,0.0165450238524,-0.0052869392918,-0.0255740809443,-0.102433083642,0.00363622746672,-0.478202470248,-0.0529001227618,-0.0123842605722,-0.0139953460442,-0.0313326636549,-0.0903268181822,0.0398247800986,0.047763086,0.0366318211226,-0.0163415943464,-0.0372851546704,-0.1214975711,0.00344938027218,-0.57634884719,0.0124747773824,0.0124747773824,-0.0119811291677,-0.0220674827005,-0.0886386403912,0.0119702025826,0.0136260723057,0.0109152877202,0.00570375756979,-0.0140853901509,-0.0836073492691,0.00382307466125,-0.366477568158,-0.0538931474484,-0.0521978726199,-0.0905617051739,-0.0561349689148,0.0315637768958,0.0521036944917,-0.0741447765301,-0.0523350038214,-0.0922052230311,-0.0632114042576,0.0415160527269,0.0547485998683,-0.0653749001442,-0.00292365457294,3.50501449824,0.0653749001442,0,0.0212446537683,0.0663679248308,-0.00560559567427,0.0326287707778,0.00859526946483,0.8,-0.583857153189,0.811856406435,2015-11-22 23:59:59+00:00,2015-11-19 23:00:00+00:00,0.00189900997314,2015-11-23,2015-12-03 23:00:00+00:00,-0.0202126726897
2015-11-23,-0.0308162332194,-0.051028905909,-0.0317029236447,-0.0501560715526,-0.091205248671,0.0224957464576,0.0211986519562,0.0170341321094,-0.0279225777445,-0.0485405501822,-0.120114919177,-0.000909942551859,-0.494037070178,-0.0619769411688,-0.114877063931,-0.0616435998342,-0.0939494764595,-0.110608669155,0.0499761721955,0.0492991897594,0.0378721864144,-0.0616648433405,-0.0877131846837,-0.161801420049,-0.00690254079278,-0.601808349776,0.000344474730106,0.0128192521125,-0.00176224745512,-0.00636266664576,-0.071801828187,0.0110692138263,0.0134286770182,0.0109241162462,0.00649675700006,-0.0081440778977,-0.0769800601926,0.00508265568906,-0.366259298097,-0.0743830299176,-0.128276177366,-0.11934374877,-0.130475746799,0.0405455473938,0.0547423688563,-0.0498446828794,-0.12398945941,-0.105862605247,-0.115032936684,0.0434720123575,0.0551599830623,-0.0623214158989,0.0234590820112,3.67091402814,0.0623214158989,0,-0.0121322582894,0.0747275046477,0.00745449621574,-0.00178855325914,0.0189101766609,1.7,-0.48210186644,0.876115169584,2015-11-29 23:59:59+00:00,2015-11-26 23:00:00+00:00,-0.0246737614698,2015-11-30,2015-12-10 23:00:00+00:00,-0.0308162332194
2015-11-30,0.00189900997314,-0.0289172232462,-0.0288719648411,-0.0492843033792,-0.0575207144052,0.0228311540792,0.0199400086603,0.0172020222465,-0.0190786640946,-0.0425752812557,-0.109263081082,-0.00279332087142,-0.493075328639,0.0153002232468,-0.046676717922,-0.0590609784942,-0.082771519909,-0.0523778863636,0.0504748992076,0.0485507032462,0.0382278537004,-0.0331865505751,-0.0700844027439,-0.137362863478,-0.0107361764417,-0.595669082316,-0.0115022033006,-0.0111577285705,0.00131704881195,-0.0157970868493,-0.0626635424468,0.0097912505152,0.0127956537479,0.0108697453041,-0.00533949531682,-0.0146812890756,-0.0808343404324,0.0051495346989,-0.373506950599,0.0494959937088,-0.0248870362088,-0.0770849088286,-0.0736431497108,0.055989621179,0.0548949794442,0.00034459842318,-0.0495000844562,-0.101835088278,-0.102012889763,0.0442158679307,0.0550073636896,0.0268024265474,-0.0144701442339,3.7940155452,0.0268024265474,0,0.0149556248237,-0.0609981970094,0.0215825811381,0.0288672108302,0.0258241758242,2.5,-0.373364140702,0.927684870222,2015-12-06 23:59:59+00:00,2015-12-03 23:00:00+00:00,-0.0574977458359,2015-12-07,2015-12-17 23:00:00+00:00,0.00189900997314
2015-12-07,-0.0246737614698,-0.0227747514966,-0.0738036574057,-0.0968163757571,-0.114200249143,0.0142460304345,0.0173372793709,0.0173977430289,-0.0251201519304,-0.0577186732925,-0.121291119035,-0.00966627980199,-0.505430021903,-0.0476991763739,-0.032398953127,-0.147276017058,-0.176290079293,-0.200483589141,0.0352435156349,0.0382960002854,0.0388146547891,-0.0432355554414,-0.0997698965439,-0.1653560347,-0.0213971897151,-0.614502591908,-0.00164834656564,-0.0131505498662,-0.000331297753692,-0.0173426722216,-0.0279169091444,0.0098442711123,0.00858764908384,0.0108352139193,-0.00689599714145,-0.0141922957673,-0.0755114467571,0.00206463011115,-0.374538777627,-0.0288177591873,0.0206782345215,-0.107597942844,-0.190882998319,0.0542318903516,0.0437581680766,-0.00567636460848,-0.0053317661853,-0.129321225595,-0.17974423578,0.035745793757,0.0362895195405,-0.0460508298082,0.0131092083014,4.45890848625,0.0460508298082,1,-0.0420228117654,0.0271694126217,0.0346085932902,0.0116099071207,-0.00898649050765,-1.4,-0.259218860015,0.96581860751,2015-12-13 23:59:59+00:00,2015-12-10 23:00:00+00:00,-0.0764026374807,2015-12-14,2015-12-24 23:00:00+00:00,-0.0246737614698
2015-12-14,-0.0574977458359,-0.0821715073057,-0.111088730552,-0.124076968158,-0.152008720557,0.0243779629726,0.021891914552,0.0195479460513,-0.0540173081386,-0.100261281329,-0.15954877872,-0.0160792041336,-0.533064604803,-0.0979209744915,-0.145620150865,-0.192296868787,-0.206292214832,-0.259026014789,0.0472385622975,0.0443166240048,0.0420486924828,-0.0906662827228,-0.168302674176,-0.22969694709,-0.0281491391361,-0.650461576193,-0.0170745171803,-0.0187228637459,-0.0298805923164,-0.0418617214841,-0.0449914263247,0.0082353522016,0.00949013589527,0.0108913155378,-0.0164273445016,-0.0275455009692,-0.083785066641,-0.00400926913104,-0.385127569507,-0.089990955785,-0.118808714972,-0.143695751181,-0.234257456355,0.0625816977338,0.0489759013833,-0.0897962539433,-0.0954726185517,-0.144972703008,-0.237177926039,0.0421344211719,0.0420495674311,-0.0808464573112,-0.00102770123388,4.66926451099,0.0808464573112,1,-0.00812472054827,0.0729164386047,0.0171537951852,-0.0231446059679,-0.0024621667067,-1.2,-0.141319227808,0.989964078061,2015-12-20 23:59:59+00:00,2015-12-17 23:00:00+00:00,,2015-12-21,2015-12-31 23:00:00+00:00,-0.0574977458359
2015-12-21,-0.0764026374807,-0.133900383317,-0.156675134813,-0.188378058458,-0.21419144121,0.034732213995,0.0283351781812,0.0230932234874,-0.0897743753995,-0.153478248279,-0.209386685107,-0.0226925189948,-0.567410919962,-0.111663502151,-0.209584476643,-0.24198342977,-0.303627029604,-0.335293034594,0.0575255541634,0.0510691498588,0.0458111898332,-0.138805971631,-0.238826478505,-0.296629569401,-0.0347040855507,-0.687392005199,-0.04114177281,-0.0582162899903,-0.0713668398565,-0.0731290873116,-0.0930898478269,0.0167918221791,0.013583441858,0.0126348401121,-0.0393014271067,-0.0601597431747,-0.112382683641,-0.010680952439,-0.40991119449,-0.0509647574194,-0.140955713204,-0.120277478683,-0.239621227453,0.0587634446748,0.0497955462098,-0.031855258491,-0.121651512434,-0.12698327862,-0.232845883867,0.0411472004587,0.0416960865758,-0.0705217293413,0.0276625058286,3.7593852138,0.0705217293413,1,-0.0798082436603,0.0098229846094,-0.00434937095331,-0.0330918347366,-0.00860875323581,-0.6,-0.0213728230102,0.999771575129,2015-12-27 23:59:59+00:00,2015-12-24 23:00:00+00:00,,2015-12-28,2016-01-07 23:00:00+00:00,-0.0764026374807
2015-12-28,,,,,,,,,,,,,,0.0236394652852,-0.0880240368661,-0.233644187732,-0.292705166226,-0.312293440944,0.0612206095162,0.0524410950234,0.0465971150243,-0.0638913268557,-0.203105909944,-0.265093636612,-0.0343884745526,-0.679914080521,,,,,,,,,,,,,,-0.0256686969065,-0.0766334543259,-0.195442169298,-0.272527078127,0.0296407010847,0.0494762165767,0.0135068719149,-0.0183483865762,-0.113821005128,-0.215656093406,0.0449220662844,0.0422855952154,,-0.0677537487569,,,,0.0101325933703,,0.0118626705878,-0.00222762251924,0.0129948991984,1.3,0.0988831313727,0.995099053527,2016-01-03 23:59:59+00:00,2015-12-31 23:00:00+00:00,,2016-01-04,2016-01-14 23:00:00+00:00,
2016-01-04,,,,,,,,,,,,,,-0.000678708826945,0.0229607564583,-0.186623720185,-0.333899737242,-0.317094416468,0.0680916947672,0.0522429040938,0.0467342687191,-0.0173766032368,-0.185018290837,-0.250697282441,-0.0222640518563,-0.680131251954,,,,,,,,,,,,,,0.017805853451,-0.00786284345549,-0.14881855666,-0.256416499504,0.0452215595276,0.0505458272075,0.0198634563968,0.0333703283117,-0.0882811841226,-0.217602409717,0.050684400418,0.0435442480384,,-0.0108406027991,,,,-0.0205421652238,,0.0411991378747,0.00994519991881,-0.00389641529793,-0.1,0.120128619955,0.992758336489,2016-01-10 23:59:59+00:00,2016-01-07 23:00:00+00:00,-0.0593162069545,2016-01-11,2016-01-22 06:00:00+00:00,
2016-01-11,,,-0.115326272783,-0.226415003334,-0.269640394376,,,,,,,-0.00808999939752,-0.583925373305,-0.0156134152073,-0.0162921240343,-0.1043161609,-0.296613029688,-0.378527214684,0.0593052444436,0.0479661214888,0.045809866022,-0.00617194312147,-0.174191794842,-0.249093440066,0.00303843782755,-0.685086709055,,,-0.126336384665,-0.156216976981,-0.160753574067,,,,,,,-0.0192184366226,-0.458101653356,-0.0665625943227,-0.0487567408717,-0.125390195198,-0.269085946379,0.0368476169146,0.0402404361752,-0.065407601932,-0.0455441455352,-0.0638925321114,-0.208865235119,0.0402050596239,0.036789396736,,0.0181962380759,,,,0.0497941867247,,0.0384900074019,-0.0434083601286,-0.0116747908768,-1.3,0.238517377822,0.971138229335,2016-01-17 23:59:59+00:00,2016-01-14 23:00:00+00:00,-0.0472570825685,2016-01-18,2016-01-28 23:00:00+00:00,
2016-01-18,-0.0593162069545,,-0.0982398422563,-0.25491497707,-0.298719447895,,,,,,,-0.00158154149525,-0.6078876412,-0.109211569192,-0.124824984399,-0.101864227941,-0.343847657711,-0.419819944924,0.0581267302565,0.0519513737544,0.0491401997408,-0.0871889329521,-0.236958647199,-0.313214615213,0.00682778493199,-0.717667412332,-0.00942084471702,,-0.0946154565717,-0.165982296428,-0.177618950866,,,,,,,-0.00999086792248,-0.463182821503,-0.161312015903,-0.227874610226,-0.235737453682,-0.356014932365,0.0764526849076,0.0540827557717,-0.124697615986,-0.190105217918,-0.156734889607,-0.283718168226,0.0689521232623,0.0459631207347,-0.0997907244749,-0.0126954375427,,0.0997907244749,1,0.0154860467945,0.151891171186,-0.00619133334139,-0.0436974789916,-0.0141874200816,-0.6,0.353451610506,0.935452809623,2016-01-24 23:59:59+00:00,2016-01-22 06:00:00+00:00,0.0304287709054,2016-01-25,2016-02-04 23:00:00+00:00,-0.0593162069545
2016-01-25,-0.0472570825685,-0.106573289523,,-0.304071069611,-0.333874983283,,,,,,,,-0.625986704688,-0.0477924083198,-0.157003977512,-0.173296101546,-0.406940289277,-0.453283665865,0.048123576397,0.0518159093611,0.049365456212,-0.0924281330663,-0.248451884462,-0.331374618197,-0.00845605108919,-0.730843402629,-0.0467217568172,-0.0561426015342,,-0.201201849945,-0.214466300701,,,,,,,,-0.487686967407,-0.0472861411401,-0.208598157044,-0.257354897915,-0.452797067214,0.0740434267364,0.0540991244746,-0.0466305609582,-0.171328176945,-0.21687232248,-0.330693327608,0.0595489011207,0.0461191736604,-0.00107065150261,0.0249122038966,,0.00107065150261,1,-0.00116184736157,0.000564384322985,-0.0246582669317,-0.0219683655536,-0.0340333539222,-3.2,0.463266687928,0.886218920954,2016-01-31 23:59:59+00:00,2016-01-28 23:00:00+00:00,0.0235832887561,2016-02-01,2016-02-11 23:00:00+00:00,-0.0472570825685
2016-02-01,0.0304287709054,-0.016828311663,,-0.248968537236,-0.302514263547,,,,-0.0162608986632,,,,-0.614431018763,0.100559998553,0.0527675902332,-0.072057394166,-0.258681114351,-0.365441269219,0.0880706272796,0.0630485592032,0.0547941888553,0.0227566833739,-0.144828502817,-0.24820567562,0.0100965183215,-0.702369330093,-0.0397024567421,-0.0864242135593,,-0.239255960121,-0.239587257875,,,,-0.0546770973168,,,,-0.507628568738,0.134377698191,0.0870915570512,-0.140783053175,-0.289601609835,0.123545569646,0.0719404321029,0.0858060035064,0.0391754425482,-0.15092977537,-0.239210959493,0.0888252591757,0.0564670811474,0.140262455295,-0.00315229264355,,0.140262455295,0,0.0147539950465,-0.174080154933,-0.00484196619971,-0.00381850853549,-0.00153462497602,-0.8,0.56637212241,0.824149633839,2016-02-07 23:59:59+00:00,2016-02-04 23:00:00+00:00,-0.02162732955,2016-02-08,2016-02-19 06:00:00+00:00,0.0304287709054
2016-02-08,0.0235832887561,0.0540120596615,-0.0525612298614,-0.167887502644,-0.299188905886,0.0467013745215,,,0.0210903424944,,,0.00987422375662,-0.605229965033,0.0471665775122,0.147726576065,-0.00927740144649,-0.113593562347,-0.358790553896,0.0940332617342,0.0636756841606,0.0561082219291,0.0748376035403,-0.0760266670196,-0.200823904798,0.025279923015,-0.687994775568,0,-0.0397024567421,-0.0958450582763,-0.222181442941,-0.239587257875,0.0227405009299,,,-0.0316575057711,,,-0.00553147550176,-0.507628568738,0.0136397034189,0.14801740161,-0.0605807554334,-0.185970950631,0.123265899471,0.0724592314338,-0.0173785054808,0.0684274980256,-0.102900678919,-0.16679321103,0.0870659709798,0.0546810534817,0.0471665775122,-0.0038164397988,,0.0471665775122,0,0.064545082993,-0.0136397034189,0.00802154106265,-0.017587373168,-0.00672430355427,-0.5,0.661274604227,0.750143918062,2016-02-14 23:59:59+00:00,2016-02-11 23:00:00+00:00,0.0090056290198,2016-02-15,2016-02-25 23:00:00+00:00,0.0235832887561
2016-02-15,-0.02162732955,0.00195595920611,-0.0148723524569,-0.113112194713,-0.300603562746,0.037093387222,,,0.00299824059099,,,0.0194052628662,-0.613676123533,-0.0451401125746,0.00202646493761,0.0547940551708,-0.0470701727702,-0.351030543709,0.0728197461291,0.0634547272764,0.0559670871615,0.0135177597098,-0.0908326977346,-0.223437969234,0.0407008633088,-0.701765580444,0.00188545347461,0.00188545347461,-0.0845387600847,-0.179154216656,-0.250176581783,0.025664905202,,,-0.0086185281318,,,-0.00189033757634,-0.506699349588,-0.0566979329582,-0.0430582295394,0.0440333275118,-0.19170412617,0.087957013257,0.0725420301096,-0.105005136998,-0.122383642479,-0.0832081999307,-0.239943089537,0.0798629441978,0.0573755007281,-0.0470255660492,0.00375075207354,,0.0470255660492,0,0.0598650244235,0.0585833864328,0.00869073650731,0.070231810879,0.0217923920052,2.2,0.746599629698,0.665273622605,2016-02-21 23:59:59+00:00,2016-02-19 06:00:00+00:00,-0.00621284263769,2016-02-22,2016-03-03 23:00:00+00:00,-0.02162732955
2016-02-22,0.0090056290198,-0.0126217005302,0.0413903591313,,-0.260781700507,0.0231130113978,,,0.00179452413787,,,0.030407720591,-0.610181321193,0.0369565984381,-0.00818351413652,0.139543061929,-0.0337530396173,-0.252097004102,0.0602006443527,0.0648283906126,0.0566983328356,0.0168538311085,-0.0365580300867,-0.183133266448,0.0542778427208,-0.690537655693,-0.0189453403985,-0.0170598869239,-0.056762343666,,-0.269466396911,0.0194360062287,,,-0.0132078229602,,,0.0065375984613,-0.515957125567,0.0599860830809,0.0032881501227,0.151305551733,-0.106049346182,0.0802767100916,0.0751730192313,0.0646129125575,-0.0403922244406,0.028035273585,-0.188837048895,0.0869273562894,0.0629317372019,0.0559019388365,0.0100397555769,,0.0559019388365,0,-0.0276563141194,-0.0789314234794,-0.0102232486528,-0.0482521981557,-0.0102852094902,-1,0.821111408578,0.570767951713,2016-02-28 23:59:59+00:00,2016-02-25 23:00:00+00:00,0.0335968558442,2016-02-29,2016-03-10 23:00:00+00:00,0.0090056290198
2016-02-29,-0.00621284263769,0.00279278638212,0.00474874558822,,-0.268893553118,0.0194762762828,,,-0.00558273909859,,,0.0218713058676,-0.612595695472,-0.0124256852754,0.0245309131627,0.0265573781003,-0.0455000160657,-0.279822912624,0.0432287714269,0.0640432698048,0.0563894307089,-0.00226828435694,-0.025421640405,-0.183234139802,0.0281641839577,-0.694359145902,0,-0.0189453403985,-0.0170598869239,,-0.257964193611,0.00982718885126,,,-0.00900128589799,,,0.0155784277776,-0.515957125567,0.0252589645064,0.0852450475873,0.0421868180479,-0.0985962351271,0.0489629474132,0.0736065748082,0.0423736254915,0.106986538049,-0.0153971044299,-0.1663268798,0.0758049605875,0.0652808854662,-0.0124256852754,0.00556555822548,,0.0124256852754,0,-0.0547993107669,-0.0252589645064,0.017932364745,0.081793600721,0.0106471150781,1,0.883730762406,0.467995661922,2016-03-06 23:59:59+00:00,2016-03-03 23:00:00+00:00,0.0564342666595,2016-03-07,2016-03-17 23:00:00+00:00,-0.00621284263769
2016-03-07,0.0335968558442,0.0273840132065,0.0147623126764,-0.037798917185,-0.210622935804,0.0235351468013,,,0.0245341917556,,,0.0198923424617,-0.599359018587,0.066762712032,0.0543370267566,0.0461535126201,0.0368761111736,-0.165361024218,0.0499417681639,0.0678971472071,0.0540247057504,0.0539407803515,0.057099171528,-0.113695160876,0.024258456941,-0.673257158112,0.000430999656485,0.000430999656485,-0.0166288872674,-0.112473945544,-0.255884847389,0.00989169087981,,,-0.00443647503267,,,0.0155262279823,-0.51574845829,0.0911949476592,0.116453912166,0.119742062288,0.0591613068549,0.0637259213648,0.079840194794,0.09472372231,0.137097347802,0.096705123361,-0.00619555555805,0.0887525487891,0.0726432430225,0.0663317123755,-0.0115957308742,,0.0663317123755,1,-0.0279610102781,-0.0907639480027,-0.00683997872822,-0.011872526557,0.00372192783245,0.8,0.933550754601,0.358445237914,2016-03-13 23:59:59+00:00,2016-03-10 23:00:00+00:00,0.0232385706772,2016-03-14,2016-03-24 23:00:00+00:00,0.0335968558442
2016-03-14,0.0564342666595,0.0900311225038,0.0928239088859,0.0779515564289,-0.0966909233081,0.0275632994426,,,0.058584808847,,,0.0306437405529,-0.576098979933,0.0935602092007,0.160322921233,0.184853834395,0.239647889566,0.0261201594739,0.0454174168631,0.0686392685192,0.0576995639586,0.103426484714,0.158109919201,-0.0171203617596,0.0442042155624,-0.64121129331,0.0193083241184,0.0197393237749,0.000793983376378,-0.0837447767083,-0.21950200609,0.0156179966852,,,0.0147686049111,,,0.0170832655433,-0.50630752154,0.0799112355889,0.171106183248,0.256351230835,0.300384558347,0.028923353399,0.0799186009712,0.0904564822402,0.18518020455,0.292166742599,0.208958542669,0.0243923484159,0.0738116796705,0.0742518850823,0.0011235464462,,0.0742518850823,1,0.00310372696053,-0.0606029114705,-0.00698556112212,0.00779932546374,0.00534221607693,-0.1,0.969849825926,0.243703334306,2016-03-20 23:59:59+00:00,2016-03-17 23:00:00+00:00,0.00507828497418,2016-03-21,2016-03-31 22:00:00+00:00,0.0564342666595
2016-03-21,0.0232385706772,0.0796728373367,0.107056850543,0.148447209675,0.00295028484976,0.0259930339688,,,0.0544748046913,,,0.0265372676474,-0.566132774434,0.000847584057228,0.0944077932579,0.148744820015,0.288287881943,0.138631245682,0.0511032717366,0.0596114481936,0.0574726431808,0.0637699955899,0.145866374311,-0.008131003531,0.0265222630281,-0.640907060809,0.0456295572971,0.0649378814155,0.0653688810719,0.00860653740596,-0.132730675983,0.0215002402075,,,0.044592791087,,,0.0265522722667,-0.483258697427,-0.0205683927324,0.0593428428565,0.175796755022,0.327102306755,0.0517599373723,0.0787053523128,0.0164188290794,0.10687531132,0.243972659121,0.272007932706,0.038032425786,0.0732019221653,-0.0447819732399,0.0144220147406,,0.0447819732399,1,-0.0155712450221,0.0661979500295,0.00568354375461,-0.00815728927003,-0.0110027506877,-0.6,0.992102245058,0.12543179561,2016-03-27 23:59:59+00:00,2016-03-24 23:00:00+00:00,,2016-03-28,2016-04-07 22:00:00+00:00,0.0232385706772
2016-03-28,0.00507828497418,0.0283168556513,0.118347978155,0.123096723743,,0.021430774897,,,0.0294007650108,,,,-0.563923869043,-0.00209893372822,-0.00125134967099,0.159071571562,0.185628949662,0.112892846669,0.0479233943056,0.0595719907616,0.0574595138364,0.0216652411208,0.132826651576,-0.00182534236374,0.031083827762,-0.641659982648,0.0122555036766,0.0578850609737,0.0776243847485,0.0605644978247,,0.0191386583783,,,0.0369978746744,,,,-0.476886806883,0.0233383720133,0.00276997928094,0.173876162529,0.216062980577,0.0519994630286,0.0783704388294,0.0289875368733,0.0454063659526,0.230586570503,0.215189466073,0.040711474082,0.0734723202894,-0.0143544374048,0.00869730692446,,0.0143544374048,0,-0.0310864706015,-0.0110828683368,-0.00662516948108,0.039013074652,0.0261694058154,2,0.999985722936,0.00534358719969,2016-04-03 23:59:59+00:00,2016-03-31 22:00:00+00:00,,2016-04-04,2016-04-14 22:00:00+00:00,0.00507828497418
2016-04-04,,,,,,,,,,,,,,-0.0604979035768,-0.062596837305,0.0318109559529,0.077964468573,0.0530736519192,0.0636805799145,0.0625893305853,0.0583201896986,-0.0454960741117,0.0618229251982,-0.0500497819361,0.00387015037906,-0.662696067346,,,,,,,,,,,,,,-0.0629747991614,-0.039636427148,0.0197064157084,0.139448477997,0.0611617625252,0.0806260779184,-0.068811803912,-0.0398242670388,0.0670510442807,0.163756167642,0.0655828588998,0.0761913476602,,0.0191617245015,,,,0.00831390033523,,0.0111610881906,-0.0180637304648,0.0122582234816,1,0.99338608057,-0.114822014132,2016-04-10 23:59:59+00:00,2016-04-07 22:00:00+00:00,0.0476831435132,2016-04-11,2016-04-21 22:00:00+00:00,
2016-04-11,,-0.0478583939479,-0.0195415382966,0.0732823705893,-0.000906188822095,,,,,,,-0.00481567774168,-0.584302244696,-0.0305574715339,-0.0910553751107,-0.0923067247817,0.0925471096137,0.0381295955926,0.0286865035936,0.0631162380094,0.0573026820506,-0.0530280380844,0.0268237495841,-0.0652059180337,-0.0260097270102,-0.67284733425,,-0.00466141278518,0.0532236481885,0.0540176315649,-0.0399419732368,,,,,,,0.0163783715269,-0.479319578927,0.0137429691431,-0.0492318300183,-0.0464618507374,0.209889380098,0.0390843405327,0.0780581843215,-0.00277392688273,-0.0715857307948,-0.0261793648421,0.265987377757,0.0435173317366,0.0736733184593,,-0.0310899843546,,,,-0.0277835446511,,0.00309846365287,-0.0111616370401,-0.0299397553703,-2.2,0.97239890274,-0.233324610683,2016-04-17 23:59:59+00:00,2016-04-14 22:00:00+00:00,0.0271253630491,2016-04-18,2016-04-28 22:00:00+00:00,
2016-04-18,0.0476831435132,,0.00490303453944,0.111959885083,0.106093161646,,,,,,,-0.00693525379941,-0.564000284878,0.120565202873,0.0900077313395,0.0274108940344,0.176155714049,0.267906367658,0.0794696793175,0.0612396167641,0.0618326411271,0.060652134547,0.134633531225,0.0616377648276,-0.0137554586189,-0.630927857686,-0.025198915847,,-0.0176048249556,0.0477640561164,-0.0557200443668,,,,,,,-0.000115048979912,-0.492276228678,0.121307539311,0.135050508454,0.0954140813058,0.271210836328,0.0755842388868,0.065599840126,0.115747559525,0.112973632642,0.0731493656032,0.317122024724,0.0766873010692,0.0685476395866,0.14576411872,-0.00912914787457,,0.14576411872,0,0.00481764334864,-0.146506455158,-0.0217384655848,-0.0150501672241,0.0102252054451,0.2,0.937328153605,-0.348447890595,2016-04-24 23:59:59+00:00,2016-04-21 22:00:00+00:00,0.0357419263786,2016-04-25,2016-05-05 22:00:00+00:00,0.0476831435132
2016-04-25,0.0271253630491,0.0748085065623,0.0269501126144,0.14529809077,0.180475607263,,,,,,,-0.00714521086664,-0.55201177302,0.0390097236418,0.159574926515,0.0685195514045,0.227591122966,0.354708499619,0.0805765678409,0.0577955293111,0.0624218573765,0.083069810832,0.148641270335,0.108747043753,-0.0101553813504,-0.616245948616,0.0152410024564,-0.00995791339054,-0.0146193261757,0.0630050585728,0.00624271490682,,,,,,,-0.00413504038292,-0.484478739595,0.0161614947555,0.137469034066,0.0882372040479,0.262113366577,0.0756856580252,0.0617069237875,0.0151660305577,0.130913590082,0.0593278592877,0.28991442979,0.0763551271469,0.0653892491633,0.0237687211854,-0.00434513264914,,0.0237687211854,1,0.0238436930841,-0.000920492299025,-0.01059805546,-0.0191001697793,-0.0159587680079,-1.3,0.888681774293,-0.458524485758,2016-05-01 23:59:59+00:00,2016-04-28 22:00:00+00:00,0.00364934825315,2016-05-02,2016-05-12 22:00:00+00:00,0.0271253630491
2016-05-02,0.0357419263786,0.0628672894278,,0.147443161304,0.185788762736,,,,0.0528259256624,,,,-0.535710221749,0.0512165167316,0.0902262403735,0.180233971713,0.212044927666,0.305365017798,0.0618965432403,0.0540833511347,0.0632798611447,0.0888085761198,0.180122566487,0.170264916964,0.0215688761745,-0.596079380233,0.0202673360256,0.0355083384821,,0.0828413949419,0.0662125076746,,,,0.0165714127413,,,,-0.473923899026,0.0325499571466,0.0487114519021,0.183761960356,0.203468376064,0.0509344919121,0.0538282013843,0.0567043734704,0.0718704040281,0.18484403667,0.251895080951,0.0526268536861,0.0637114891943,0.030949180706,-0.00205786776298,,0.030949180706,1,-0.00548785673875,-0.012282621121,-0.00796890798787,-0.00713976633492,0.00877137628573,1.6,0.827164326226,-0.561960120845,2016-05-08 23:59:59+00:00,2016-05-05 22:00:00+00:00,0.0103098228128,2016-05-09,2016-05-19 22:00:00+00:00,0.0357419263786
2016-05-09,0.00364934825315,0.0393912746318,0.114199781194,0.0946582428975,0.165854822233,0.0186178501586,,,0.0273851765304,,,0.0157918820498,-0.534012771248,-0.0170425922473,0.0341739244843,0.193748851,0.101442126218,0.241155848039,0.0565292075044,0.0546696351803,0.062726077948,0.0222277858832,0.138410332284,0.156879951908,0.0298867629008,-0.602904907115,0.0243412887536,0.0446086247792,0.0346507113887,0.0878743595772,0.0905537964282,0.0228791667503,,,0.0324631076846,,,0.00169700119885,-0.460961406878,-0.00604558574922,0.0265043713974,0.163973405464,0.117511554726,0.0558299274548,0.0544751892644,-0.00185281477412,0.0548515586962,0.185765148779,0.159585783937,0.0523423101225,0.06298252348,-0.0413838810009,0.00148221000574,,0.0413838810009,0,-0.0151897774732,0.0303868745028,-0.0104918492282,0.00457616038353,0.0120730639309,-0.6,0.75366678672,-0.657256703728,2016-05-15 23:59:59+00:00,2016-05-12 22:00:00+00:00,0.0440311443918,2016-05-16,2016-05-26 22:00:00+00:00,0.00364934825315
2016-05-16,0.0103098228128,0.013959171066,0.0768264604937,0.0817294950332,0.197791974596,0.0148020781526,,,0.0184868762317,,,0.0039918478468,-0.529183674696,0.0156649813462,-0.0013776109011,0.0888486294724,0.116259523507,0.301960941959,0.0300400398138,0.0512613091122,0.062048564587,0.0159456967183,0.130181795307,0.17782251971,-0.00101560739802,-0.596635442575,0.00495466427945,0.0292959530331,0.0648042915151,0.0471994665595,0.093623007233,0.00837060436024,,,0.0209729460439,,,0.00899930309162,-0.458284024327,0.0224627995873,0.016417213838,0.0651286657401,0.160542747046,0.0163440541692,0.0487816807967,0.0273060598819,0.0254532451078,0.0973236491359,0.170473014739,0.0246743801822,0.0490885646205,0.0107103170667,0.00215478122803,,0.0107103170667,1,-0.0116410785357,-0.0175081353078,-0.020407900497,0.0347071583514,0.011867235305,1.4,0.669253644676,-0.743034022834,2016-05-22 23:59:59+00:00,2016-05-19 22:00:00+00:00,0.0203988536636,2016-05-23,2016-06-03 05:00:00+00:00,0.0103098228128
2016-05-23,0.0440311443918,0.0543409672047,0.0937322418364,0.120682354451,0.232817489968,0.0194884912781,,,0.0395841525306,,,0.00552402276924,-0.507989924548,0.0807389223552,0.0964039037014,0.130577828186,0.19909737959,0.345743265877,0.0424857013471,0.0536223374583,0.0628278782221,0.0654626189668,0.192367708083,0.271281866268,0.00604882120977,-0.562717392839,0.00732336642849,0.0122780307079,0.0568866554872,0.0422673293114,0.11989171406,0.00952926629916,,,0.0140590467604,,,0.00499922432871,-0.454302277638,0.0670795378061,0.0895423373934,0.116046708791,0.204283912839,0.0301859841626,0.0491772151338,0.0546415559379,0.0819476158198,0.136799174516,0.196127033804,0.0275174847311,0.0486949442404,0.0734155559267,-0.00768637041829,,0.0734155559267,1,0.0260973664173,-0.0597561713776,-0.00843837488992,-0.0228511530398,-0.00561969336021,-0.8,0.575147483235,-0.818049737197,2016-05-29 23:59:59+00:00,2016-05-26 22:00:00+00:00,0.0166695099558,2016-05-30,2016-06-09 22:00:00+00:00,0.0440311443918
2016-05-30,0.0203988536636,0.0644299980555,0.0783891691215,,0.25942918627,0.0176847357672,,,0.0402053843633,,,-0.000358798971141,-0.497850417453,0.0167036187898,0.097442541145,0.0960649302439,0.276298901957,0.374872569942,0.040932905871,0.0524517070782,0.0628389324874,0.0571818541382,0.178101962587,0.286893723813,-0.00482011897301,-0.555351846481,0.0240940885375,0.031417454966,0.060713407999,,0.143985802597,0.0104829123958,,,0.0231366492105,,,0.00410252103073,-0.440994512955,0.00820031380024,0.0752798516064,0.0916970654444,0.2754590258,0.0316541100979,0.0495701215162,0.0151373914869,0.0697789474248,0.0952321925326,0.280076229203,0.023780954996,0.048986809169,-0.00739046974771,-0.00048246217599,,0.00739046974771,1,0.00156622730287,0.0158937747373,-0.0083179787643,0.0205964385325,-0.00448430493274,0.1,0.472711272708,-0.881217369697,2016-06-05 23:59:59+00:00,2016-06-03 05:00:00+00:00,0.0194770612659,2016-06-06,2016-06-16 22:00:00+00:00,0.0203988536636
2016-06-06,0.0166695099558,0.0370683636195,0.0914093308241,0.205609112018,0.242501840381,0.0147207730256,,,0.033810555811,,,0.00419834498441,-0.489409673912,-0.00231399396061,0.0143896248292,0.110793528531,0.30454237953,0.305795863949,0.0364221964435,0.051784061756,0.0619797938329,0.0263552296712,0.148032081079,0.275665806302,0.00417562336732,-0.556379570091,0.0356530138723,0.0597471024098,0.0720251331177,0.106675844506,0.179207816813,0.0145251270154,,,0.0410953917105,,,0.00422106660149,-0.420704735932,0.0035027022979,0.0117030160981,0.101245353492,0.265218758955,0.0289890808552,0.04637079995,0.00564857627291,0.0207859677598,0.10273358358,0.288498732358,0.021243197168,0.0459170842057,-0.0379670078329,-0.00194060272127,,0.0379670078329,0,-0.00796257023352,0.0321503115744,0.0117227966289,0.0170275383645,0.0130198691843,1.1,0.363428630231,-0.931622042852,2016-06-12 23:59:59+00:00,2016-06-09 22:00:00+00:00,-0.0185563698897,2016-06-13,2016-06-23 22:00:00+00:00,0.0166695099558
2016-06-13,0.0194770612659,0.0361465712218,0.100576569277,0.177403029771,0.205544634988,0.0126908341343,,,0.0282158197683,,,0.00933301655104,-0.479367395275,0.0289370015967,0.0266230076361,0.124065548781,0.212914178253,0.241172656345,0.0355547652438,0.0474182587796,0.0584112449179,0.0249040180754,0.159157670285,0.297746052948,0.0124646443995,-0.543354987653,0.0100171209351,0.0456701348074,0.0770875897734,0.141891881289,0.16991661363,0.0131657736073,,,0.0314585536829,,,0.00620138870258,-0.414872703897,0.021022737017,0.0245254393149,0.0998052909213,0.164933956661,0.0290451367691,0.0431067176232,0.0238759526838,0.0295245289567,0.0993034763815,0.196627125517,0.0212250848561,0.0417939098953,0.0189198806616,-0.00317404039697,,0.0189198806616,1,0.00506104891288,-0.0110056160819,0.00519233437048,0.0301777594047,-0.00609124687824,-0.7,0.248882332053,-0.9685337293,2016-06-19 23:59:59+00:00,2016-06-16 22:00:00+00:00,0.00638823901139,2016-06-20,2016-06-30 22:00:00+00:00,0.0194770612659
2016-06-20,-0.0185563698897,0.000920691376213,0.0379890549957,0.131721296832,0.163749694421,0.0187695542225,,,-9.32274775106e-05,,,-0.00309886659113,-0.488939361328,-0.0394474580854,-0.0105104564887,0.00387916834051,0.134456996526,0.200877614202,0.0298555158096,0.0499228287721,0.0539254250004,-0.0156774923882,0.0972061928998,0.230551906744,-0.0144823320843,-0.561017805632,0.00233471830597,0.0123518392411,0.0720989416509,0.128985597138,0.126621774639,0.0148086886121,,,0.0156095898145,,,0.00828459890204,-0.413505000507,-0.0525333456669,-0.0315106086499,-0.0198075925518,0.096239116239,0.0325736947438,0.0463101202701,-0.0468312996841,-0.0229553470003,-0.00216937924045,0.134629795276,0.0317443025336,0.0459723947868,-0.0417821763913,0.00245927756507,,0.0417821763913,0,0.00738384159873,0.0548680639729,0.00099235688045,-0.00561797752809,0.0115217258074,1.1,0.13073138967,-0.991417825014,2016-06-26 23:59:59+00:00,2016-06-23 22:00:00+00:00,-0.00826477860105,2016-06-27,2016-07-08 05:00:00+00:00,-0.0185563698897
2016-06-27,0.00638823901139,-0.0121681308783,0.0239784403434,0.102367609465,0.165059648458,0.0173073735592,,,0.000352048627301,,,-0.00670228594936,-0.485664133489,0.0161112124422,-0.0233362456432,0.0032867619929,0.0993516922368,0.219087760373,0.0297527424176,0.0496440264434,0.0538865333609,-0.000510600227594,0.0965224348701,0.233774228751,-0.0160312141458,-0.553887989473,-0.00333473441939,-0.00100001611343,0.044670118694,0.105383526693,0.111031536543,0.0172162384315,,,0.00116028357847,,,0.00262664224712,-0.415457548145,0.01537042091,-0.0371629247569,-0.012637485442,0.0790595800024,0.0337159711483,0.0462573964092,0.0170193967081,-0.029811902976,-0.000287374019261,0.0949448185134,0.0320664797929,0.0458352082014,0.0194459468616,-0.00258027625015,,0.0194459468616,0,-0.000908184265931,-0.0187051553294,-0.0118242577833,0.0131154156578,0.0115116631324,1.7,0.0106870218179,-0.999942892152,2016-07-03 23:59:59+00:00,2016-06-30 22:00:00+00:00,-0.0191904677195,2016-07-04,2016-07-14 22:00:00+00:00,0.00638823901139
2016-07-04,-0.00826477860105,-0.00187653958966,-0.000955848213446,0.0904534826107,,0.0166591569472,,,-0.00764618981587,0.0590373778976,,,-0.489897487588,-0.0118506793931,0.00426053304911,-0.00624992343956,0.104543605091,0.267734984557,0.0304614313162,0.0449379739645,0.0540423677036,-0.0107538518169,0.0627960822582,0.203747893707,-0.0221574796719,-0.559143517588,-0.00467887780903,-0.00801361222843,0.00433822701267,0.0763633601304,,0.0066858287742,,,-0.00458654106682,0.0544906240439,,,-0.418186162448,-0.0216363177866,-0.00626589687656,-0.0377765055265,0.063468847965,0.0343963267056,0.0416101304412,-0.0110648913878,0.00595450532026,-0.01700084168,0.0857327418996,0.0321613965179,0.0392289196183,-0.00717180158403,-0.0149197859512,,0.00717180158403,1,-0.000785788005218,0.0169574399776,-0.0104575684492,-0.0137422824139,-0.000479185384846,-0.5,-0.109512129666,-0.993985459379,2016-07-10 23:59:59+00:00,2016-07-08 05:00:00+00:00,-0.0159570747616,2016-07-11,2016-07-21 22:00:00+00:00,-0.00826477860105
2016-07-11,-0.0191904677195,-0.0274552463205,-0.0396233771988,0.0609531920784,0.185462796085,0.011961411185,0.0215918479549,,-0.0168371278052,0.0250407677996,,-0.0241722132294,-0.4995932626,-0.038380935439,-0.050231614832,-0.0735678604752,0.0504976883058,0.259911520652,0.0263068457458,0.0457255722104,0.0546939359325,-0.0303854870343,0.00468626963407,0.145271104334,-0.0383851590151,-0.575743404464,0,-0.00467887780903,-0.00567889392246,0.071408695851,0.111014071519,0.00318333167831,0.0157881181232,,-0.00317380688069,0.0455791223422,,-0.00995926744362,-0.418186162448,-0.0242446538206,-0.0458809716072,-0.0830438963641,0.0167613945572,0.0278559601721,0.0432765444426,-0.0424350736627,-0.0534999650505,-0.0833118680265,0.015991608355,0.0298372304014,0.0426014621477,-0.038380935439,0.00556120758753,2.89601812171,0.038380935439,0,0.00405413822369,0.0242446538206,0.0272460537536,0.0165589660743,-0.00856954515491,-0.2,-0.228125181163,-0.973631810142,2016-07-17 23:59:59+00:00,2016-07-14 22:00:00+00:00,-0.021381603791,2016-07-18,2016-07-28 22:00:00+00:00,-0.0191904677195
2016-07-18,-0.0159570747616,-0.0351475424811,-0.0370240820708,0.000964972924943,0.121822577811,0.0113918506828,0.0205745111085,,-0.0234913815223,-8.57322380275e-05,,-0.0186269880416,-0.507514918999,-0.0171709769994,-0.0555519124384,-0.0512913793893,-0.0474122110487,0.122175340779,0.0224369265929,0.0352338080184,0.0492817900763,-0.0347884429679,-0.0209715042114,0.11024620273,-0.0222209479841,-0.582966116732,-0.0147431725238,-0.0147431725238,-0.0227567847523,0.0493421568986,0.121469814842,0.00634837706825,0.0141025053175,,-0.0121790089,0.0210214581041,,-0.015033028099,-0.426701021977,-0.00931133915941,-0.03355599298,-0.0398218898565,-0.0596294824083,0.0180963959045,0.0297438864236,-0.0125205268586,-0.0549556005212,-0.049001095201,-0.0511704744414,0.0242852075867,0.0313481943604,-0.00242780447554,0.0143197767677,2.4982305622,0.00242780447554,1,-0.00465045014081,-0.00543183336443,-0.00139872023634,-0.00595947556615,0.0192819148936,0.9,-0.343434221059,-0.939176732999,2016-07-24 23:59:59+00:00,2016-07-21 22:00:00+00:00,-0.0326876301331,2016-07-25,2016-08-04 22:00:00+00:00,-0.0159570747616
2016-07-25,-0.021381603791,-0.0373386785526,-0.0647939248732,-0.0408154845297,0.0733156109704,0.00573929894451,0.0214655419131,,-0.0286107663214,-0.0264203300286,,-0.0218381436006,-0.517933262515,-0.0334422970084,-0.0506132740078,-0.10084488884,-0.0975581268469,0.0497233201286,0.0127061872891,0.0358837412109,0.0486263837897,-0.0428327819006,-0.0565043611943,0.0591806953339,-0.0290360929891,-0.596682063056,-0.00932091057365,-0.0240640830975,-0.0287429609065,0.0159271577875,0.0969079018121,0.00631381968709,0.0148709928217,,-0.0143113138164,0.00433100126802,,-0.0146401942122,-0.432019863751,-0.00700767538615,-0.0163190145456,-0.0621999861527,-0.0748374715947,0.00865125170425,0.0297513470356,-0.0257238911379,-0.0382444179965,-0.091744383047,-0.0920317570663,0.0145761393049,0.0325700302679,-0.0241213864347,-0.00636876193573,2.4128401379,0.0241213864347,1,-0.00771840587044,-0.00231323518751,-0.0051052800377,-0.0171862509992,-0.0164264958786,-0.8,-0.45376919082,-0.891119252099,2016-07-31 23:59:59+00:00,2016-07-28 22:00:00+00:00,-0.0124519310432,2016-08-01,2016-08-11 22:00:00+00:00,-0.021381603791
2016-08-01,-0.0326876301331,-0.0540692339241,-0.0892167764052,-0.0901726246186,0.00488605445869,0.00727204997689,0.0218553361256,,-0.0387669650704,-0.0580626135292,,-0.0226800444443,-0.533436125453,-0.0574999776341,-0.0909422746425,-0.146494187081,-0.15274411052,-0.0589931742372,0.0166075946611,0.0365801727239,0.0474398352397,-0.0629169176753,-0.10550049372,-0.00833306134503,-0.0320856102904,-0.619218698429,-0.00787528263199,-0.0171961932056,-0.0319393657295,-0.0276011387168,0.0687652831545,0.00608905618639,0.0148987258807,,-0.0142213782655,-0.00859726447564,,-0.0132744785981,-0.436475300913,-0.0609536232999,-0.0679612986861,-0.101517291666,-0.139293797193,0.0249166333783,0.033311395221,-0.0606218090391,-0.086345700177,-0.141301300698,-0.158302142378,0.0208383219195,0.0331809602161,-0.0496246950021,-0.00488040090218,2.45509031621,0.0496246950021,1,0.00312183140499,0.0530783406679,0.00757879778689,0.00447336315575,0.0160376220909,0.9,-0.557532072999,-0.830155399656,2016-08-07 23:59:59+00:00,2016-08-04 22:00:00+00:00,0.0143804982354,2016-08-08,2016-08-18 22:00:00+00:00,-0.0326876301331
2016-08-08,-0.0124519310432,-0.0451395611763,-0.0824782397289,-0.122101616928,-0.0112152248377,0.00884435712473,0.0221091278153,,-0.0308873684994,-0.0689674134749,,-0.0197568503293,-0.539209725809,-0.00672946920666,-0.0642294468408,-0.114842720849,-0.188410581324,-0.0486800511965,0.0221174910502,0.0363977600736,0.0469014912771,-0.042074481555,-0.108460169924,-0.0214747663889,-0.0249660608893,-0.621772551796,-0.0181743928798,-0.0260496755118,-0.0501137586093,-0.0557926525317,0.0262496015211,0.00478615860531,0.0150338917445,,-0.0197846788279,-0.0283378894683,,-0.0145476397693,-0.446624512945,-0.0398470550831,-0.100800678383,-0.117119692929,-0.200163589293,0.0258823294001,0.0348207801334,-0.0243459983506,-0.0849678073897,-0.123212225386,-0.206524093413,0.0207436770591,0.0336196660838,0.0114449236731,0.00905295708774,2.42088607568,0.0114449236731,1,0.017616529144,0.0216726622033,-0.0127909634031,-0.0406882591093,-0.0151317351056,-1.1,-0.653220035838,-0.75716813508,2016-08-14 23:59:59+00:00,2016-08-11 22:00:00+00:00,0.0512650999364,2016-08-15,2016-08-25 22:00:00+00:00,-0.0124519310432
2016-08-15,0.0143804982354,0.00192856719216,-0.0521406667319,-0.0891647488027,-0.00714454941512,0.0200652367607,0.0223084768112,,-0.00374410630943,-0.0549896687877,,-0.0124855859587,-0.532535457451,0.0548435235302,0.0481140543236,-0.0428282203189,-0.0941195997082,-0.00950150901247,0.0483706811068,0.0396183116754,0.0465184260783,0.0232564561701,-0.0575475137947,0.0233728219793,-0.00997616977107,-0.600449864474,-0.0260825270595,-0.0442569199393,-0.0614531131449,-0.0842098978972,-0.00478758981778,0.00847319196077,0.0168799792033,,-0.030348052654,-0.0530227039671,,-0.0149950021464,-0.460871339772,0.0650061986687,0.0251591435856,-0.0428021551005,-0.082624044957,0.0551363136585,0.0394141259021,0.0546756129695,0.0303296146189,-0.0560160855581,-0.105017180759,0.0487661841014,0.0366129062935,0.0809260505897,-0.00653343092252,2.34692023479,0.0809260505897,0,0.0001679105607,-0.0910887257281,0.0128244133443,0.0422029964127,0.0161474965355,1.3,-0.73944719928,-0.673214556792,2016-08-21 23:59:59+00:00,2016-08-18 22:00:00+00:00,0.0220038278585,2016-08-22,2016-09-01 22:00:00+00:00,0.0143804982354
2016-08-22,0.0512650999364,0.0656455981718,0.0205060369955,-0.0442878878777,8.9406129399e-05,0.0363011320443,0.0235678317812,,0.0431102239401,-0.00528713351082,,0.0051196318543,-0.507945933865,0.102530199873,0.157373723403,0.0931442765622,-0.00770061227763,0.0122897685051,0.0700067212935,0.043612232532,0.0496407770967,0.105861577511,0.0431863082509,0.119178492432,0.0223407023325,-0.557310131892,0,-0.0260825270595,-0.0521322025712,-0.0808751634778,-0.0121109562463,0.0114482198712,0.0167233696807,,-0.0176036870112,-0.052181439834,,-0.0121014386239,-0.460871339772,0.107919695188,0.172925893856,0.0721252154733,0.00992522932055,0.0813942806962,0.0464421642681,0.0896134840786,0.144289097048,0.0593212896585,-0.0324230933886,0.069301218598,0.0421500927395,0.102530199873,-0.00505022411852,2.60770560355,0.102530199873,0,0.0129167157941,-0.107919695188,0.000796682665622,-0.0182223122089,-0.0110287577824,-1,-0.81496470712,-0.579510591922,2016-08-28 23:59:59+00:00,2016-08-25 22:00:00+00:00,-0.0141391837365,2016-08-29,2016-09-09 05:00:00+00:00,0.0512650999364
2016-08-29,0.0220038278585,0.0732689277948,0.075197494987,-0.0140192814182,0.00169438032422,0.0262072662636,0.0236874568119,,0.0461155636268,0.0167083049227,,0.0186690367987,-0.496998863857,0.00857783602479,0.111108035898,0.159222090221,0.0127279031402,0.00416398574006,0.04933288451,0.0434253908967,0.0493675703767,0.0714128301149,0.0518193327435,0.113567489841,0.0394852159599,-0.553496477727,0.0354298196921,0.0354298196921,-0.00882710024711,-0.0407664659766,-0.000775225091629,0.0273642069931,0.0183531028855,,0.0201278373548,-0.0179408947152,,-0.00214714236242,-0.441427700104,0.00106934286738,0.108989038055,0.134148181641,0.0326308899745,0.0657329549727,0.0463847164229,-0.00229289727223,0.0873205868064,0.117650201425,-0.0236510992729,0.05214592257,0.0418580801943,-0.0268519836674,-0.0098588596857,2.36597730587,0.0268519836674,1,0.010870733297,0.0343604768248,0.00976138120934,0.0255722829449,-0.00383716050123,0.3,-0.878678814594,-0.477413385635,2016-09-04 23:59:59+00:00,2016-09-01 22:00:00+00:00,-0.00189718551392,2016-09-05,2016-09-15 22:00:00+00:00,0.0220038278585
2016-09-05,-0.0141391837365,0.00786464412201,0.0735102422938,-0.00896799743515,-0.0291143133681,0.0268828026045,0.0234346765697,,0.0129171544651,0.00472280333591,,0.0206171231402,-0.504060846356,-0.0445192378437,-0.0359414018189,0.121432321584,0.00658960073547,-0.0380412581431,0.0629532725834,0.0451809310451,0.049486136491,-0.00440551227573,0.00904790076759,0.0549283116672,0.0332843310224,-0.572938491412,0.0162408703708,0.051670690063,0.0255881630035,-0.0245255956058,-0.0201873685931,0.0260489775241,0.0158202477784,,0.0300853460359,-0.000295907360739,,0.00794991525804,-0.432281933209,-0.0280123355474,-0.02694299268,0.145982901176,0.0288632082477,0.0614560793108,0.0469987230354,-0.0421530818037,-0.044445979076,0.0998431179722,-0.023369107414,0.0586230239586,0.043144114139,-0.0607601082146,0.00502144012508,2.85571224709,0.0607601082146,0,-0.00236615604,0.0442532059182,0.0218541805328,0.0116629800925,0.0189587721938,0.9,-0.929666729448,-0.36840164516,2016-09-11 23:59:59+00:00,2016-09-09 05:00:00+00:00,-0.0078517814071,2016-09-12,2016-09-22 22:00:00+00:00,-0.0141391837365
2016-09-12,-0.00189718551392,-0.0160363692504,0.0572325585444,0.00509189181254,-0.0504885601479,0.028849629126,0.0225158671953,,-0.00301958934793,0.00684046599422,,0.0181918750321,-0.505000842978,-0.00559568452017,-0.0501149223639,0.0609931135336,0.0181648932147,-0.0725739442599,0.0623678747583,0.0441549602102,0.0465462595997,-0.0242510468544,0.00928124386747,0.0425155603681,0.0208308894803,-0.57532151933,0.00180131349233,0.0180421838632,0.0534720035553,-0.0079811095896,-0.0284031760359,0.0164059840004,0.0154799773666,,0.0182645114763,0.00373430706002,,0.0155528605839,-0.431258373397,0.00413432920985,-0.0238780063376,0.0851110317174,0.0423088766169,0.0595500232141,0.0465238338567,0.0118568882185,-0.0302961935852,0.0570243932212,0.00100830766308,0.0551976951657,0.0425668825446,-0.0073969980125,-0.00150887825103,2.85220752958,0.0073969980125,0,-0.0174525727387,-0.00233301571752,0.0292092199703,-0.0194792287816,-0.0118133490845,-0.8,-0.967189977038,-0.254054223182,2016-09-18 23:59:59+00:00,2016-09-15 22:00:00+00:00,0.00292963076687,2016-09-19,2016-09-29 22:00:00+00:00,-0.00189718551392
2016-09-19,-0.0078517814071,-0.00974896692102,-0.00188432279901,0.0186217141965,-0.0397839716653,0.0157950105328,0.0221269368546,,-0.0103554154133,0.00209121988459,,0.00258922481296,-0.508872249547,-0.0141163141213,-0.0197119986415,-0.0556534004604,0.0374908761018,-0.0472428002959,0.022448448892,0.0430818633252,0.0467109689557,-0.0245003871963,-0.00116715759574,0.0221474398594,-0.0102792885539,-0.581274299655,-0.00158724869289,0.000214064799433,0.0518847548624,-0.000247447708841,-0.0323251430348,0.0168502733484,0.0154226665645,,0.00375046974119,0.00468685394915,,0.0154577381798,-0.432160391747,-0.0277030755825,-0.0235687463727,-0.0505117390527,0.0216134764205,0.0176307360992,0.0448377317198,-0.0289849593843,-0.0171280711658,-0.0615740502417,-0.00225276058326,0.0245968320209,0.0414588951896,-0.0125290654284,0.00573968705713,2.79323098338,0.0125290654284,1,0.014868645263,0.0261158268896,0.0137508141121,0.00912223798905,-0.00854751942618,-0.9,-0.990705095898,-0.136027250809,2016-09-25 23:59:59+00:00,2016-09-22 22:00:00+00:00,0.0227937646232,2016-09-26,2016-10-06 22:00:00+00:00,-0.0078517814071
2016-09-26,0.00292963076687,-0.00492215064022,-0.0209585198906,0.0542389750964,-0.0432425799098,0.00739220644331,0.0220244186571,,-0.00220800928346,0.00847666481345,,-0.00191327767189,-0.507431316909,0.00585926153375,-0.00825705258755,-0.0583719749515,0.10085011527,-0.0574947512043,0.0215642731433,0.0427831020978,0.0466824612089,-0.00408282157833,0.00931875770813,0.0221229909752,-0.0101703205683,-0.578813674582,0,-0.00158724869289,0.0164549351703,0.00762783492314,-0.0289904086154,0.00820241298335,0.0154351109988,,-0.000343498755472,0.00697598794005,,0.00634376522452,-0.432160391747,0.000649027563185,-0.0270540480194,-0.0509320543569,0.0832161272836,0.0175228109816,0.0445490897347,0.00575696471716,-0.0232279946671,-0.0535241882523,0.064126013173,0.0262965709743,0.0410552753536,0.00585926153375,0.00765760796674,2.77162441377,0.00585926153375,0,0.00010229681659,-0.000649027563185,-0.0116066233514,-0.0540377661712,-0.0152529089046,-1.9,-0.99987150887,-0.0160301512775,2016-10-02 23:59:59+00:00,2016-09-29 22:00:00+00:00,0.035640786841,2016-10-03,2016-10-14 05:00:00+00:00,0.00292963076687
2016-10-03,0.0227937646232,0.0257233953901,0.0159744284691,0.0894846707628,-0.0121840366856,0.0132864923267,0.0231022547841,,0.0166848611823,0.0327323557272,0.0394286339573,0.00493084070847,-0.496074886068,0.0463344637377,0.0521937252714,0.0324817266299,0.153914048214,0.000690391926439,0.0267583622069,0.0449308854964,0.0452553962582,0.0345257493848,0.0571260439203,0.0603183931015,0.00806732458622,-0.558839048742,-0.000746934491228,-0.000746934491228,-0.000532869691795,0.0250552933117,-0.0250584652976,0.00144349256063,0.0154216441568,,-0.000956917567452,0.00820431490558,0.0181995880166,0.00179435683071,-0.432584372373,0.0108839344186,0.0115329619818,-0.0120357843909,0.133947116785,0.0170021499962,0.0443323124141,0.042925798449,0.0486827631662,0.0315546920005,0.131397809973,0.0294819483592,0.0432582703814,0.0470813982289,-0.0167157152142,2.9133062424,0.0470813982289,0,0.00340866528862,-0.0116308689098,-0.0144655592144,0.000849437247823,-0.0184890412636,-1.8,-0.994556455799,0.104199118177,2016-10-09 23:59:59+00:00,2016-10-06 22:00:00+00:00,0.00814401410734,2016-10-10,2016-10-20 22:00:00+00:00,0.0227937646232
2016-10-10,0.035640786841,0.0584345514642,0.053512400824,0.110744959368,0.0426472178749,0.0195291264487,0.0244575729305,0.0232869422033,0.0393099473717,0.0665377898831,0.0681172838857,0.0100975449848,-0.477790702595,0.0670112636881,0.113345727426,0.105088674838,0.166081788372,0.106082591054,0.0370138976882,0.0468839067023,0.0457721628875,0.0765269580005,0.120585669978,0.118852375251,0.0181119693977,-0.528263276207,0.00427030999383,0.0035233755026,0.00193612680971,0.055408130365,-0.0207881553037,0.00260612549166,0.0155113420713,0.0161821433349,0.00283188607791,0.014178115711,0.0190989780344,0.00208312057194,-0.430156150808,0.0577714953063,0.0686554297249,0.0416013817055,0.126712413423,0.0355491143439,0.0464669637474,0.0610794176462,0.104005216095,0.0807772214282,0.137801614649,0.0400639075742,0.0448204555912,0.0627409536943,6.46143978439e-05,3.02236158066,0.0627409536943,1,0.00593184604188,-0.0535011853125,-0.0233079057728,-0.046042860174,-0.0299401197605,-2.8,-0.974836916336,0.222919237727,2016-10-16 23:59:59+00:00,2016-10-14 05:00:00+00:00,0.00985105418546,2016-10-17,2016-10-27 22:00:00+00:00,0.035640786841
2016-10-17,0.00814401410734,0.0437848009483,0.0695081963384,0.0676238735394,0.0667483067438,0.0147973168176,0.023781925173,0.0218936943043,0.0296968744745,0.0695470467266,0.069240799478,0.0122425639505,-0.473520457845,-0.00250603103638,0.0645052326517,0.116698957923,0.0610455574627,0.120747537017,0.0330320119133,0.0463975262832,0.0403632994096,0.0429914275049,0.10695502816,0.105814853397,0.0198864674026,-0.529443983016,0.0187940592511,0.0230643692449,0.0223174347537,0.0742021896161,0.0127490764712,0.00908282533529,0.015926433564,0.0153427590012,0.0161282970051,0.0323792328631,0.0332498168604,0.00459866049833,-0.419345199125,0.00840493154895,0.0661764268553,0.077709388837,0.0271976497843,0.0259318499862,0.0462480788687,0.0161170950546,0.0771965127008,0.125879275867,0.0643052256253,0.0251980475767,0.0445731827756,-0.0213000902874,0.00424602312309,2.91305727923,0.0213000902874,0,-0.018623126091,0.0103891277021,-0.00789949799964,0.022909252669,-0.0117026748971,-0.5,-0.94099849502,0.338410745058,2016-10-23 23:59:59+00:00,2016-10-20 22:00:00+00:00,0.00359335954672,2016-10-24,2016-11-03 23:00:00+00:00,0.00814401410734
2016-10-24,0.00985105418546,0.0179950682928,0.076429619757,0.0554710998664,0.0979809647203,0.0128168890224,0.0224184927211,0.0215255187017,0.0203716286316,0.071823439666,0.0728116598573,0.0115704076531,-0.468308449609,-0.00495426815483,-0.00746029919122,0.105885428235,0.0475134532831,0.14923556587,0.0358946884526,0.044858374793,0.0399899350574,0.0114694895876,0.0886961950694,0.0920119181451,0.0149916981456,-0.531769478386,0.0246563765258,0.0434504357768,0.0469738112794,0.0634287464497,0.0467263635706,0.0119486720121,0.0168558242251,0.0156971796084,0.0291970043294,0.0542329904351,0.0533023843266,0.00814911716058,-0.404850395373,0.00781846098482,0.0162233925338,0.0848788222587,0.0339467679017,0.0244040521763,0.0460535592443,0.00531515272967,0.0214322477843,0.12543746388,0.0719132756272,0.0253488441413,0.0434608425855,-0.0296106446806,0.00120619342699,2.6611403307,0.0296106446806,0,-0.0102694208845,0.0168379155409,-0.0215369994606,-0.013698630137,0.0118412491867,0.6,-0.893531284773,0.4490009389,2016-10-30 23:59:59+00:00,2016-10-27 22:00:00+00:00,-0.0315549086826,2016-10-31,2016-11-10 23:00:00+00:00,0.00985105418546
2016-10-31,0.00359335954672,0.0134444137322,0.0572292146805,0.0732036431496,0.1342619544,0.0144654807569,0.0189897840661,0.020691046733,0.00966716378406,0.0646141194471,0.0709128751641,0.00397946102396,-0.466394453923,-0.00129940734624,-0.00625367550107,0.0582515571506,0.0907332837806,0.205436136158,0.0349986281037,0.0401138358209,0.0390159388487,-0.0040762431188,0.0706529938365,0.0843975341141,-0.0012398904168,-0.532377505442,0.00848612643968,0.0331425029654,0.0562068722103,0.0556740025185,0.0630877726422,0.00933810000284,0.0165358479763,0.0154222117584,0.0234525263344,0.0579274511682,0.056944414201,0.00919881246472,-0.399778390177,-0.0277997114175,-0.0199812504327,0.0461951764226,0.0341593920317,0.0351598362252,0.042698171208,-0.02390073537,-0.0185855826404,0.0586109300605,0.0901656220609,0.0352663282851,0.0395076058074,-0.00978553378592,0.00311176673428,2.42572441123,0.00978553378592,0,0.0226013280238,0.0362858378572,-0.0119964824318,0.0277777777778,-0.00668724279835,-0.4,-0.833122768723,0.55308810531,2016-11-06 23:59:59+00:00,2016-11-03 23:00:00+00:00,-0.0206819329394,2016-11-07,2016-11-17 23:00:00+00:00,0.00359335954672
2016-11-07,-0.0315549086826,-0.0279615491359,-0.00996648084307,0.0435459199809,0.115158976761,0.0195547099531,0.0214757974202,0.0219221609686,-0.019292879897,0.0227174340402,0.0335755956038,-0.0113500030385,-0.482969441784,-0.0667919588777,-0.068091366224,-0.0755516654152,0.029537009423,0.145373646487,0.031972204897,0.0459584289391,0.0413240992421,-0.0510793951418,-0.00885299465118,0.0107002428872,-0.0300705045451,-0.562590697395,0.00368214151254,0.0121682679522,0.055618703729,0.0575548305387,0.0849443070346,0.00954578481942,0.0150432118046,0.0149134786035,0.0131519197471,0.0548137907895,0.0563078804888,0.00737049846806,-0.39756421532,-0.0925644328624,-0.12036414428,-0.104140751746,-0.0625393700406,0.0474743627269,0.0498180517986,-0.0812927627374,-0.105193498107,-0.0837612503231,-0.00298402889496,0.0436416592349,0.046500822749,-0.0704741003903,0.0136324963104,3.05489111269,0.0704741003903,0,0.0145008038597,0.0962465743749,-0.0129392228496,0.026169026169,0.0238865872605,1.9,-0.760647863164,0.649164715819,2016-11-13 23:59:59+00:00,2016-11-10 23:00:00+00:00,-0.00912067591007,2016-11-14,2016-11-24 23:00:00+00:00,-0.0315549086826
2016-11-14,-0.0206819329394,-0.0522368416219,-0.0387924278898,0.0307157684486,0.080096545586,0.0196400695694,0.0228802821918,0.0224025324568,-0.0301545643813,-0.00412418588459,0.00965279751557,-0.0158593797098,-0.49355281358,-0.0326040820555,-0.0993960409332,-0.105649716434,0.0110492414888,0.0579260409011,0.0303312793672,0.0454320777772,0.0418469000703,-0.0574007224315,-0.0446152829343,-0.023458192932,-0.0308682784087,-0.576622043655,-0.00875978382319,-0.00507764231065,0.0280648606548,0.0503822954085,0.102267050271,0.013824303758,0.0124584362821,0.0151295102216,-0.00261467966444,0.0375020692384,0.0431931892932,-0.000850481010983,-0.402818376307,-0.0349792837804,-0.127543716643,-0.147524967075,-0.0698155782384,0.0415723178503,0.0477475588426,-0.0199300855373,-0.101222848275,-0.119808430915,0.00607084495201,0.0365909941251,0.0448844529845,-0.0238442982323,-0.000952459942976,3.64639914265,0.0238442982323,1,-0.0126739965182,0.0262194999572,0.00208610920445,0.0418060200669,0.0195359423405,2.1,-0.677156245853,0.735839261457,2016-11-20 23:59:59+00:00,2016-11-17 23:00:00+00:00,0.0302117842397,2016-11-21,2016-12-01 23:00:00+00:00,-0.0206819329394
2016-11-21,-0.00912067591007,-0.0298026088494,-0.0577641579853,0.0186654617717,0.0197107697396,0.0151148832505,0.0187100128094,0.0208623056274,-0.0250305217108,-0.0146258814864,-0.000268270378047,-0.0159572525532,-0.498150953287,0.00516033468452,-0.027443747371,-0.095535113595,0.0103503146396,-0.0394438242871,0.0330190347553,0.0346668706798,0.0386516556389,-0.0294784908732,-0.0368098376163,-0.0173847427571,-0.020849638069,-0.574431624916,-0.0234016865047,-0.0321614703279,-0.0199932023756,0.0269806089038,0.0788653637662,0.0142596542344,0.0151003653107,0.016013294194,-0.0208679084906,0.00754774001981,0.0164913946245,-0.0110648670375,-0.416631181617,0.020988623226,-0.0139906605544,-0.134354804834,-0.0494759825756,0.0465197713853,0.0358289524058,0.0121208203756,-0.00780926516169,-0.113002763269,0.0124347006105,0.0388650438234,0.0367836426619,0.0285620211892,-0.00722708793245,2.29561168586,0.0285620211892,0,-0.00696048569109,-0.0443903097307,0.00219592779628,0.0192616372392,0.01680515937,1.6,-0.583857153189,0.811856406435,2016-11-27 23:59:59+00:00,2016-11-24 23:00:00+00:00,0.0231040360669,2016-11-28,2016-12-08 23:00:00+00:00,-0.00912067591007
2016-11-28,0.0302117842397,0.0210911083297,-0.0311457332923,0.0260834813882,0.0279187261208,0.0269374526914,0.0195773807563,0.0213156130546,0.0129247444575,0.0134185029402,0.0292061392696,-0.00993402764006,-0.482757842316,0.0606706701837,0.0658310048682,-0.033565036065,0.0246865210856,0.0126490098718,0.0546201986463,0.0388761115856,0.0403822577781,0.0403821092898,0.022424950643,0.0433782334228,-0.00936425977563,-0.54781277947,-0.0002471017042,-0.0236487882089,-0.0287264305195,0.0274804416908,0.0431884423698,0.0119956939033,0.0123017721483,0.0154043869332,-0.0140782769227,0.00401046754606,0.0145934561127,-0.0105037955045,-0.416775315238,0.0549542665235,0.0759428897495,-0.0516008268933,-0.00540565047067,0.0647728258479,0.0398157818332,0.0453208729713,0.0574416933469,-0.0437811549278,0.0148297751327,0.0539364441256,0.0391881730885,0.0609177718879,0.00669039576962,3.1599472962,0.0609177718879,0,0.0153497972124,-0.0552013682277,0.0332151783381,0.0267716535433,-0.00695249130939,-1,-0.48210186644,0.876115169584,2016-12-04 23:59:59+00:00,2016-12-01 23:00:00+00:00,0.0194579380333,2016-12-05,2016-12-15 23:00:00+00:00,0.0302117842397
2016-12-05,0.0231040360669,0.0533158203066,0.0235132114572,0.0135467306141,0.0651619459242,0.0246255943443,0.0197199193585,0.0215393203993,0.0303944221362,0.0319118382483,0.0517532617234,0.000865845485516,-0.470668340479,0.0265498079322,0.0872204781158,0.0597767307448,-0.0157749346703,0.0837180556477,0.039081808888,0.0368921063445,0.0406931608537,0.0520688813693,0.0431675812234,0.0694829061801,0.00850433225177,-0.535646504129,0.0196582642016,0.0194111624974,-0.0127503078305,0.0428683958986,0.0466058362006,0.0179836830407,0.0126328930964,0.0142688926456,0.00874882375173,0.0202834248268,0.033663383499,-0.00677264128074,-0.405196695387,0.0480401380063,0.10299440453,0.0890037439755,-0.0151370077707,0.0408716782834,0.0414664791154,0.0287997542065,0.0741206271778,0.0663113620161,-0.017449888307,0.0278581572867,0.0376913508939,0.00689154373057,0.00368140888129,2.92009011498,0.00689154373057,1,-0.00224994627433,-0.0283818738047,0.0162196165919,-0.0254984662577,0.00822944174906,0.6,-0.373364140702,0.927684870222,2016-12-11 23:59:59+00:00,2016-12-08 23:00:00+00:00,0.0219524130074,2016-12-12,2016-12-22 23:00:00+00:00,0.0231040360669
2016-12-12,0.0194579380333,0.0425619741001,0.0636530824298,0.02486065454,0.0865170694713,0.0172763590434,0.0199840588144,0.0215386782614,0.0338929798994,0.0451761806117,0.0708555789111,0.00925811141735,-0.460267779257,0.0227907440394,0.0493405519716,0.11517155684,0.00952184040547,0.112104484207,0.0232073818247,0.0369603886525,0.0405465382033,0.0457111716407,0.058004212122,0.0923553739935,0.0201694673478,-0.524942024269,0.0161251320271,0.0357833962287,0.0121346080198,0.0401994686746,0.0609296547354,0.0196414107341,0.0130810580051,0.0144718513689,0.0219877733919,0.0320034991664,0.0491099437927,-0.00165324451315,-0.395527665892,0.0689108673047,0.116951005311,0.192893895061,0.0453689279851,0.0201249639213,0.0454033197475,0.047116202115,0.0759159563215,0.133357649668,0.0135492187533,0.0163726649865,0.0393949405538,0.00666561201232,0.00975651243647,2.82527325885,0.00666561201232,1,-0.0243254580756,-0.0527857352776,-0.0048628882493,-0.0145583316939,0.00347201072059,0.1,-0.259218860015,0.96581860751,2016-12-18 23:59:59+00:00,2016-12-15 23:00:00+00:00,0.0183848464331,2016-12-19,2016-12-30 06:00:00+00:00,0.0194579380333
2016-12-19,0.0219524130074,0.0414103510406,0.0947261713473,0.036962013362,0.116321263886,0.00461180710616,0.0198904833377,0.0215035394261,0.032192867895,0.058818661528,0.0912382787738,0.0147337533071,-0.44828834699,0.0220664266036,0.044857170643,0.132077648759,0.0365425351639,0.148287224932,0.0185386208879,0.0364643156125,0.0398491055414,0.0348238464591,0.0693484502123,0.112136876073,0.0216127025795,-0.51434267755,0.0218383994112,0.0379635314383,0.0573746939357,0.0373814915601,0.0843553028395,0.0100079985737,0.0137415601734,0.0150251753798,0.029560406415,0.0479105709733,0.0700354643443,0.00785480403473,-0.382181761432,0.0189167679547,0.0878276352594,0.190822039789,0.056467234955,0.0210643086286,0.0442310952004,0.0182728045057,0.0653890066207,0.139509633799,0.0265068705294,0.0138022313997,0.0377960978216,0.000228027192347,-0.00880802951455,2.6533859159,0.000228027192347,1,0.00379362209783,0.00292163145647,-0.0155192868824,0.0225593930924,0.011169114969,1,-0.141319227808,0.989964078061,2016-12-25 23:59:59+00:00,2016-12-22 23:00:00+00:00,,2016-12-26,2017-01-06 06:00:00+00:00,0.0219524130074
2016-12-26,0.0183848464331,0.0403372594405,0.0828992335406,0.0517535002483,0.131776479552,0.00217930569185,0.0199625516215,0.0217081394985,0.0298114951099,0.0675308921454,0.107474728591,0.0105881561119,-0.438051398957,0.0103396656703,0.0324060922739,0.0817466442455,0.0481816081804,0.152767629069,0.00701231590323,0.0364286700327,0.0397943196198,0.0245571420583,0.0678885341754,0.119299559551,0.00868530497916,-0.509295093007,0.0264300271958,0.0482684266071,0.0840518228358,0.0553253923162,0.110785330035,0.00431091754443,0.0146281000244,0.0157202042078,0.0350814793089,0.0667172965134,0.0950592302712,0.0124910072447,-0.365635107535,0.0103856283167,0.0293023962715,0.146253401582,0.0946525746892,0.0269242982522,0.0441249410765,0.00080870323075,0.0190815077365,0.094997464058,0.0512163091302,0.0193888471821,0.0378904357171,-0.0160903615255,-0.012859184525,2.4901511352,0.0160903615255,1,0.0095309624396,0.0160443988791,-0.012252874312,-0.0322139789145,-0.00606315283948,-0.5,-0.0213728230102,0.999771575129,2017-01-01 23:59:59+00:00,2016-12-30 06:00:00+00:00,,2017-01-02,2017-01-12 23:00:00+00:00,0.0183848464331
2017-01-02,,,,,,,,,,,,,,0.0296056687834,0.0399453344537,0.0848025050967,0.144579235842,0.136038834114,0.0079975681624,0.0353857716575,0.0399779100673,0.033180039326,0.0882647164369,0.146435927468,0.0107361005731,-0.494550257671,,,,,,,,,,,,,,0.011611442481,0.0219970707978,0.109824706057,0.198828450033,0.0278918871085,0.0441243200985,0.0310585735984,0.0318672768292,0.0972562834499,0.163567645466,0.0196165297093,0.0372136673163,,0.0102983545394,,,,-0.00145290481509,,0.0662846063548,0.0750453903571,0.00797245877876,1,0.120128619955,0.992758336489,2017-01-08 23:59:59+00:00,2017-01-06 06:00:00+00:00,-0.00699749700905,2017-01-09,2017-01-20 06:00:00+00:00,
2017-01-09,,0.0236968189917,0.0640340784322,0.127687160862,0.0970387470795,,,,,,,0.00854400060192,-0.424575972885,-0.0163168291068,0.0132888396766,0.0456949319505,0.16086648879,0.0527107413195,0.0201209981855,0.0316378209427,0.0392419106785,0.00505083151032,0.0661433563589,0.120743077863,0.00736906057842,-0.502730674016,,0.0341047983068,0.0823732249138,0.0945078329337,0.14136675284,,,,,,,0.00971894062542,-0.343627064038,0.0125035853676,0.0241150278487,0.0534174241201,0.246311319181,0.00380855742661,0.0419189720137,-0.00472239334658,0.0263361802519,0.0454176879883,0.178775337657,0.0163889574893,0.0341602348861,,-0.00181922820533,,,,-0.0115944357602,,0.051680737236,-0.00093826233815,0.0250464377734,1.6,0.238517377822,0.971138229335,2017-01-15 23:59:59+00:00,2017-01-12 23:00:00+00:00,-0.00551170756181,2017-01-16,2017-01-26 23:00:00+00:00,
2017-01-16,-0.00699749700905,,0.0350841684157,0.129810339763,0.0818972359632,,,,,,,0.00247125472215,-0.428588445787,-0.0266927292903,-0.0430095583971,-0.00306422394336,0.129013424815,0.0285240430657,0.025559066573,0.0327474944698,0.0395113493078,-0.0206865686319,0.0357358007727,0.0849091903705,-0.00296021314474,-0.515828562641,0.0126977352722,,0.0732325607748,0.130607254711,0.135270428861,,,,,,,0.00790272258904,-0.335239475263,-0.0203683852391,-0.00786479987148,0.0141322709263,0.204954310716,0.0159579381076,0.0426628700043,-0.0242212422387,-0.0289436355853,0.0029236412439,0.142433275042,0.0228919319839,0.0349651772577,-0.0393904645624,-0.00275772607855,,0.0393904645624,0,-0.00247148705156,0.0330661205113,-0.00569274469099,-0.114763335838,-0.0373531302975,-2.9,0.353451610506,0.935452809623,2017-01-22 23:59:59+00:00,2017-01-20 06:00:00+00:00,-0.0032318665066,2017-01-23,2017-02-02 23:00:00+00:00,-0.00699749700905
2017-01-23,-0.00551170756181,-0.0125092045709,0.0111876144208,0.0940868479614,0.0665344742159,,,,,,,-0.00232113287294,-0.431729235663,-0.0110234151236,-0.0377161444139,-0.0244273047373,0.0573193395082,0.0224548960969,0.0246818334677,0.0329007998062,0.0388613135753,-0.025588111648,0.02259192944,0.066074533116,-0.00783412588409,-0.521136475971,0,0.0126977352722,0.046802533579,0.130854356415,0.110614052335,,,,,,,0.00319186013821,-0.335239475263,0.00328990223728,-0.0170784830018,0.00703654484685,0.153289946429,0.015324072312,0.0426655571716,-0.00468772666666,-0.0289089689054,-0.00257278865351,0.0924246754045,0.0230501232058,0.0350122132295,-0.0110234151236,0.00123395659606,,0.0110234151236,0,-0.00633568845695,-0.00328990223728,0.000449509974981,-0.0292807129217,-0.0255647316007,-2.4,0.463266687928,0.886218920954,2017-01-29 23:59:59+00:00,2017-01-26 23:00:00+00:00,0.00762424384798,2017-01-30,2017-02-09 23:00:00+00:00,-0.00551170756181
2017-01-30,-0.0032318665066,-0.00874357406841,,0.067750945388,0.0597092481626,,,,-0.00692289436627,,,,-0.433562846324,0.000744002163101,-0.0102794129605,-0.0532889713576,0.0315135337391,0.0244983056062,0.0114146296798,0.0328900140102,0.0366331255399,-0.0116752814225,0.0214071783356,0.057950688471,-0.015206727886,-0.520780067905,-0.00720773517631,-0.00720773517631,,0.103988357037,0.0949201907189,,,,-0.00224310448466,,,,-0.340013666857,0.0130524309505,0.0163423331878,0.00847753331633,0.118302239374,0.0156464376346,0.0414818952735,0.0175876841955,0.0128999575289,-0.0160436780564,0.0812126053935,0.017087237828,0.0343487098974,0.00795173733941,-0.0164880746393,,0.00795173733941,0,-0.0168436820324,-0.0202601661268,0.00926993360883,0.0222950819672,-0.00623169439771,-0.1,0.56637212241,0.824149633839,2017-02-05 23:59:59+00:00,2017-02-02 23:00:00+00:00,-0.000735184569228,2017-02-06,2017-02-16 23:00:00+00:00,-0.0032318665066
2017-02-06,0.00762424384798,0.00439237734138,-0.00811682722948,0.0559172512027,0.0988884006931,0.00661934586245,,,0.00272189889281,,,-0.00963600686069,-0.429227686181,0.0174843635371,0.0182283657002,-0.0194877787136,0.0262071532368,0.108774628021,0.0186666423125,0.025757834533,0.0365290227297,0.0107581790546,0.0309271835622,0.0666981751765,-0.013239223757,-0.512327534141,-0.00223587584118,-0.00944361101749,0.00325412425469,0.0856273491685,0.0890021733652,0.0084761574829,,,-0.00527578410171,,,-0.00603278996442,-0.341487665902,0.0113728136332,0.0244252445837,0.00734676158191,0.060764185702,0.0154046279972,0.028202223596,0.0110494194783,0.0286371036739,-0.000271865231518,0.0451458227568,0.0186193553897,0.0224995200206,0.0197202393783,-0.00137540230324,,0.0197202393783,0,0.0064349440588,-0.0136086894744,0.000169871776097,0.0267265341031,-0.00338621684329,-0.5,0.661274604227,0.750143918062,2017-02-12 23:59:59+00:00,2017-02-09 23:00:00+00:00,-0.00298648686093,2017-02-13,2017-02-24 06:00:00+00:00,0.00762424384798
2017-02-13,-0.000735184569228,0.00688905927875,-0.00185451478966,0.0332296536261,0.118835149063,0.00573392435979,,,0.00245110387312,,,-0.00960479400997,-0.429647154966,-0.0026041989587,0.0148801645784,0.00460075161792,0.00153652767455,0.138774511118,0.011961916121,0.0229747744737,0.0354143306186,0.00696445614486,0.0178144574267,0.0562063617034,-0.0095247744892,-0.513595878042,0.00113382982025,-0.00110204602093,-0.00830978119724,0.0649227795776,0.0988957870086,0.00369562991129,,,-0.00207415630427,,,-0.00968481353074,-0.340740601538,-0.0191250739075,-0.00775226027433,0.00859007291347,0.0227223438398,0.0148082343556,0.0260350510604,-0.00843632602195,0.00261309345638,0.0155130509852,0.0184366922291,0.0124418513695,0.021327098156,-0.00373802877895,0.000761755769499,,0.00373802877895,0,0.00583212706325,0.0202589037278,-0.00403523362187,-0.0564348188255,-0.0273705404895,-2.3,0.746599629698,0.665273622605,2017-02-19 23:59:59+00:00,2017-02-16 23:00:00+00:00,0.00650745001528,2017-02-20,2017-03-02 23:00:00+00:00,-0.000735184569228
2017-02-20,-0.00298648686093,-0.00372167143016,0.000670705911219,0.011858320332,0.124969338112,0.00509644300424,,,-0.000705648964355,,,-0.00944534953084,-0.431347965256,-0.00597297372186,-0.00857717268056,0.00965119301968,-0.0147761117176,0.127641202712,0.0104151875186,0.0234010169747,0.0297096217494,-0.00143226322162,0.00240467429387,0.0463494749886,-0.00740575579981,-0.516492497752,0,0.00113382982025,-0.00830978119724,0.0384927523817,0.122297473513,0.00369562991129,,,7.63350359567e-06,,,-0.0114849432619,-0.340740601538,-0.000330438936056,-0.0194555128436,0.00496973174014,0.012006276587,0.0148257650406,0.0265011732272,0.00640907000611,-0.00202725601584,0.026609847658,0.0240370590045,0.0110550604275,0.021407235886,-0.00597297372186,-0.00120464890948,,0.00597297372186,0,-0.012382043728,0.000330438936056,-0.028954997442,-0.0141249172368,-0.0120972958986,-1.1,0.821111408578,0.570767951713,2017-02-26 23:59:59+00:00,2017-02-24 06:00:00+00:00,-0.00887346435123,2017-02-27,2017-03-09 23:00:00+00:00,-0.00298648686093
2017-02-27,0.00650745001528,0.00352096315435,0.0104100224331,,0.101265003888,0.00525494872514,,,0.00320599459239,,,-0.00518711007541,-0.427635424077,0.0126797063693,0.00670673264742,0.0215868972259,-0.0317020741317,0.0796502388971,0.0114373315106,0.0178334320319,0.029749124613,0.00587887924882,0.00916223561564,0.055906927684,-0.000730217147161,-0.510322731848,0.000335193661274,0.000335193661274,-0.000766852359657,,0.122879768879,0.00144338144573,,,0.000534840895624,,,-0.00964400300366,-0.340519584927,0.0170396608023,0.0167092218663,0.00895696159194,0.0174344949083,0.015974060033,0.0238593569547,0.0150126368434,0.0214217068495,0.0240348003059,0.00799112224947,0.0102518096688,0.0190751392866,0.012344512708,0.00821333313108,,0.012344512708,1,-0.00233293047413,-0.0167044671411,-0.00560154542096,0.0644728005373,0.0257350533691,1.7,0.883730762406,0.467995661922,2017-03-05 23:59:59+00:00,2017-03-02 23:00:00+00:00,-0.0170804686074,2017-03-06,2017-03-16 23:00:00+00:00,0.00650745001528
2017-03-06,-0.00887346435123,-0.00236601433595,-0.00608768576611,-0.0142045129956,0.0692875034698,0.00635819408109,,,-0.0041449025813,,,-0.00685172940075,-0.432691813713,-0.0182164343217,-0.0055367279524,-0.014113900633,-0.0336016793466,0.0348839966433,0.0127183745363,0.0178832485261,0.0284687750377,-0.00879978696596,-0.0116375050485,0.0322424169289,-0.00621185951542,-0.519162149866,0.000469505619217,0.000804699280491,0.00193852910074,0.00519265335543,0.103691010296,0.000475705304333,,,0.000519806711741,,,-0.00749159928608,-0.340209882469,-0.0181786758613,-0.00113901505893,-0.0205945279025,-0.0132477663206,0.017133381582,0.022917238231,-0.00856970175963,0.00644293508378,0.00441567906794,0.00414381383642,0.0116360398894,0.0188714528658,-0.0186859399409,0.00186410681688,,0.0186859399409,0,-0.00964673256205,0.0186481814805,-0.0162964045601,0.00378548895899,-0.0109805924413,-0.1,0.933550754601,0.358445237914,2017-03-12 23:59:59+00:00,2017-03-09 23:00:00+00:00,-0.0239443813134,2017-03-13,2017-03-23 23:00:00+00:00,-0.00887346435123
2017-03-13,-0.0170804686074,-0.0259539329586,-0.0224329698043,-0.0242874845939,0.0327490968292,0.00993205674155,,,-0.0155439798274,,,-0.00812740374562,-0.442299418605,-0.0341609372148,-0.0523773715364,-0.045670638889,-0.0410698872711,-0.0220676846109,0.0197805263272,0.019453846052,0.029412011597,-0.031247265549,-0.0432622002173,-0.00570919659908,-0.00972014552141,-0.535310627541,0,0.000469505619217,0.000804699280491,-0.00750508191675,0.0875658782693,0.000238680458652,,,0.000318544191978,,,-0.00653466196982,-0.340209882469,-0.0301928034057,-0.048371479267,-0.0316622574007,-0.0230721844873,0.0206712701415,0.0167653228967,-0.058903864352,-0.0674735661116,-0.0460518592621,-0.0305388082769,0.0330624007588,0.0227954002658,-0.0341609372148,0.000432884405603,,0.0341609372148,0,0.0247429271372,0.0301928034057,-0.0261805710324,-0.0173894825058,-0.0012909888975,-0.8,0.969849825926,0.243703334306,2017-03-19 23:59:59+00:00,2017-03-16 23:00:00+00:00,-0.0112545840346,2017-03-20,2017-03-30 22:00:00+00:00,-0.0170804686074
2017-03-20,-0.0239443813134,-0.0410248499207,-0.0433908642567,-0.0427201583455,-0.0131476974916,0.0131081311201,,,-0.0284837744705,,,-0.00983635471867,-0.455494608228,-0.0374068045625,-0.0715677417772,-0.0771044697296,-0.06745327671,-0.081540915777,0.0228952489897,0.02037108267,0.0303098029027,-0.0490328914087,-0.072805196354,-0.044488105102,-0.0130037392957,-0.552372075537,-0.0104819580642,-0.0104819580642,-0.00967725878376,-0.017987039981,0.0552455207938,0.00537872044219,,,-0.007724103117,,,-0.00666897014162,-0.347089655077,-0.0483223287897,-0.0785151321955,-0.0796541472544,-0.0746844155142,0.0275757824898,0.0206267316068,-0.0500642427897,-0.108968107142,-0.102525172058,-0.0759153244,0.0348666983839,0.0257401264291,-0.0269248464982,0.00400511239524,,0.0269248464982,1,0.0126574382273,0.0378403707255,-0.012142171478,0.0296375266525,0.0212642192347,2.3,0.992102245058,0.12543179561,2017-03-26 23:59:59+00:00,2017-03-23 23:00:00+00:00,0.00370552511366,2017-03-27,2017-04-06 22:00:00+00:00,-0.0239443813134
2017-03-27,-0.0112545840346,-0.035198965348,-0.0611528983066,-0.0507428758735,-0.0427871279592,0.00672211754555,,,-0.0245839162057,,,-0.0119969070413,-0.461588433857,-0.000524210956656,-0.0379310155191,-0.0903083870556,-0.0687214898297,-0.092404792404,0.0169258258523,0.0198489604707,0.0303079232258,-0.0276956266499,-0.0668514208768,-0.0470392610605,-0.0154690358097,-0.552606665507,-0.0219849571125,-0.0324669151768,-0.0319974095575,-0.0327642619172,0.00683053648546,0.0106061564673,,,-0.0215809496176,,,-0.00852477827288,-0.361287222703,-0.00382485824281,-0.0521471870325,-0.1005186663,-0.0915617047076,0.0188480420305,0.0201485956952,-0.0158217203937,-0.0658859631835,-0.133359529295,-0.109324728989,0.024857388256,0.025788082845,0.0214607461558,-0.00322736806374,,0.0214607461558,1,0.0152975094371,-0.0181600988697,-0.0159788407457,0.00890453510043,0.0268970318334,1.9,0.999985722936,0.00534358719969,2017-04-02 23:59:59+00:00,2017-03-30 22:00:00+00:00,0.0154035650846,2017-04-03,2017-04-13 22:00:00+00:00,-0.0112545840346
2017-04-03,0.00370552511366,-0.00754905892092,-0.0485739088417,-0.0546615946078,,0.0117702481912,,,-0.00888867357925,-0.039207573879,,,-0.459589635266,0.0260327583795,0.0255085474228,-0.0460591943544,-0.0601730949874,-0.0959777028078,0.0300768771583,0.0193158155407,0.029375834808,0.00982393525994,-0.0350788665272,-0.0233481120995,-0.00413189837262,-0.540806858559,-0.0186217081521,-0.0406066652647,-0.0510886233289,-0.0491500942282,,0.00978887021388,,,-0.0273922146046,-0.0434771691688,,,-0.373071087271,0.0242144491185,0.0203895908757,-0.0581255413198,-0.0787200692223,0.0316384643823,0.0213101441245,0.0385452931262,0.0227235727325,-0.0862445344093,-0.0818288553413,0.0441687301578,0.0267795350447,0.0446544665316,0.000735860345334,,0.0446544665316,0,-0.0125125347468,-0.0428361572706,-0.00350532993264,0.0194991789819,0.0125107851596,1.5,0.99338608057,-0.114822014132,2017-04-09 23:59:59+00:00,2017-04-06 22:00:00+00:00,0.0257062118518,2017-04-10,2017-04-20 22:00:00+00:00,0.00370552511366
2017-04-10,0.0154035650846,0.0191090901982,-0.0160898751497,-0.038522844954,-0.0473748567527,0.0171879683827,0.010600945817,,0.010620853581,-0.0207275882769,,-0.000378249037224,-0.451200947052,0.0323714561382,0.0584042145177,0.0204731989986,-0.0251974398904,-0.0472894175628,0.0317299623739,0.02197622312,0.0269751661839,0.037565400969,0.000382149280652,0.00857324706603,0.00875594725447,-0.525698893807,-0.00156432596912,-0.0201860341213,-0.052652949298,-0.0518482500175,-0.0474602959426,0.00911668153983,0.0090781728814,,-0.0159973057021,-0.0415500045225,,-0.00951244532892,-0.374051041766,0.0372481114178,0.0614625605363,0.00931537350382,-0.0223468838969,0.0378670670665,0.0239052956628,0.0423560852218,0.0809013783481,0.0150154151646,-0.0310364440975,0.0446473856894,0.0300497006118,0.0339357821074,0.00540378876508,2.42050937977,0.0339357821074,0,-0.00998462908358,-0.038812437387,-0.0141297071679,0.018723575599,0.0163126179317,0.2,0.97239890274,-0.233324610683,2017-04-16 23:59:59+00:00,2017-04-13 22:00:00+00:00,,2017-04-17,2017-04-27 22:00:00+00:00,0.0154035650846
2017-04-17,0.0257062118518,0.0411097769364,0.0335607180155,-0.00983014624122,-0.0146711478918,0.0158839045873,0.0132806006925,,0.0281404040379,0.00592120043624,,0.0095187293417,-0.436910512797,0.0353364640067,0.067707920145,0.0932164675678,0.0161119978382,0.0147397757342,0.0163526624797,0.0232503160033,0.0278302101923,0.0497770637606,0.0351566605714,0.0430749837648,0.0221702879893,-0.508639129083,0.0160759596969,0.0145116337278,-0.0260950315368,-0.0357722903206,-0.0440820715178,0.0175190589733,0.00961748055169,,0.00660224022766,-0.0227176116031,,-0.00313282930591,-0.363906992342,0.0273452007377,0.0645933121555,0.0849829030312,0.00532875577681,0.0176127552488,0.0246066091385,0.0368346548877,0.0791907401095,0.101914312842,-0.00061085921595,0.0276300827837,0.0312149958987,0.0192605043098,-0.00266019204309,2.41725456306,0.0192605043098,1,-0.00149819088096,-0.0112692410407,-0.0130141591389,0.0177865612648,0.0144337306103,1.9,0.937328153605,-0.348447890595,2017-04-23 23:59:59+00:00,2017-04-20 22:00:00+00:00,,2017-04-24,2017-05-04 22:00:00+00:00,0.0257062118518
2017-04-24,,,,,,,,,,,,,,-0.0321162333746,0.00322023063215,0.0616244451499,-0.0286839419057,-0.00635304251676,0.0319183372375,0.0248503366445,0.0285880684474,0.00138774232905,0.0029324038668,0.00948113652927,0.0158948068657,-0.52416907299,,,,,,,,,,,,,,-0.050049289107,-0.0227040883693,0.038758472167,-0.0617601941325,0.0402115153599,0.0283616314794,-0.0401563328476,-0.00332167795988,0.0775797003882,-0.0557798289069,0.0397678595849,0.0332948774029,,-0.00654948106774,,,,0.00804009947299,,0.017880026439,-0.0168932038835,0.0204864801039,1.2,0.888681774293,-0.458524485758,2017-04-30 23:59:59+00:00,2017-04-27 22:00:00+00:00,-0.0338480133623,2017-05-01,2017-05-11 22:00:00+00:00,
2017-05-01,,-0.0266932062255,0.0144165707109,-0.0341573381308,-0.0326207800489,,,,,,,0.00611343345072,-0.451742341409,-0.041965589457,-0.0740818228316,-0.00637390268659,-0.052433097041,-0.0490626341368,0.0411460137672,0.0273693378691,0.0297846454783,-0.038290293626,-0.0346943286704,-0.0311086694856,0.00218057310811,-0.543724403007,,0.0206954103806,0.0352070441084,-0.0158815792205,-0.0161789259609,,,,,,,0.0100462937933,-0.3506056226,-0.0499178686421,-0.0999671577491,-0.0353738455936,-0.0934993869134,0.0476762677491,0.0306647165274,-0.0393600738637,-0.0795164067112,-0.000325666601698,-0.086570201011,0.0458713771454,0.0343620123523,,-0.00203161514946,,,,-0.00260551559334,,-0.00372390121723,0.00750543156231,-0.00624819207405,-0.8,0.827164326226,-0.561960120845,2017-05-07 23:59:59+00:00,2017-05-04 22:00:00+00:00,-0.00636054703291,2017-05-08,2017-05-18 22:00:00+00:00,
2017-05-08,-0.0338480133623,,-0.034835007736,-0.0509248828857,-0.0740930372592,,,,,,,-0.00300928752944,-0.469989221572,-0.0482104391294,-0.0901760285864,-0.0869557979542,-0.0664825989556,-0.114757436803,0.0386227375809,0.029125669372,0.0283288118825,-0.0640741189498,-0.072144474652,-0.0765144651335,-0.0129114543498,-0.565199820887,-0.0194855875953,,0.0172857824822,-0.0353671668158,-0.0334286377151,,,,,,,0.00689287929094,-0.363136966824,-0.0171403687394,-0.0670582373815,-0.0897623257508,-0.080446952247,0.0366240286003,0.0301872075555,-0.0397012650642,-0.0790613389278,-0.0823830168877,-0.0673676017231,0.0382883287823,0.0352015337079,-0.0287248515341,0.00852122521617,,0.0287248515341,1,-0.0085091740652,-0.00234521885593,-0.0105550197865,-0.028425798863,-0.0243348663911,-1.8,0.75366678672,-0.657256703728,2017-05-14 23:59:59+00:00,2017-05-11 22:00:00+00:00,0.0110363831375,2017-05-15,2017-05-25 22:00:00+00:00,-0.0338480133623
2017-05-15,-0.00636054703291,-0.0402085603952,-0.0669017666207,-0.0333410486053,-0.0797183997229,,,,,,,-0.0105932570611,-0.473349681545,0.00869729164046,-0.0395131474889,-0.11359497032,-0.0203785027527,-0.103455946204,0.0256027221667,0.029493246732,0.0275891688978,-0.0283089426008,-0.0566364527269,-0.0696044119847,-0.0204405928721,-0.561401744375,-0.0214183857063,-0.0409039733016,-0.020208562921,-0.0463035944578,-0.0559808532416,,,,,,,-0.000745921250127,-0.376632502698,-0.01447682147,-0.0316171902094,-0.131584347959,-0.0466014449273,0.0197609496513,0.030098734183,-0.00352240056941,-0.0432236656336,-0.122740072345,-0.0208257595028,0.0181113490753,0.0352387991135,0.0301156773467,0.00202171743261,,0.0301156773467,0,0.0122196922099,-0.00694156423625,-0.0130673263067,0.0173527037934,0.0216600035802,1.9,0.669253644676,-0.743034022834,2017-05-21 23:59:59+00:00,2017-05-18 22:00:00+00:00,0.0165749880582,2017-05-22,2017-06-02 05:00:00+00:00,-0.00636054703291
2017-05-22,0.0110363831375,0.00467583610455,,-0.0110500814332,-0.0656955297245,,,,-0.00347816666989,,,,-0.467505175067,0.0421223132494,0.0508196048898,-0.0393564236965,0.0222680214533,-0.055360659233,0.0430040977634,0.0326144088231,0.0287219440652,0.0239090828914,-0.0117935186017,-0.032095961445,-0.00558059367544,-0.542532349886,-0.0200495469745,-0.0414679326807,,-0.0443681843198,-0.076030400216,,,,-0.030406720966,,,,-0.389006279803,0.0751400913763,0.0606632699063,-0.00639496747524,0.0323635046918,0.0536375914198,0.0382412982735,0.0457041987966,0.0421817982272,-0.0368795407006,0.0407001596875,0.0403594756535,0.0382287593963,0.0621718602238,-0.00239381729092,,0.0621718602238,0,-0.0035818855472,-0.0951896383507,-0.00330327466899,0.0307417691392,0.00928629832963,0.1,0.575147483235,-0.818049737197,2017-05-28 23:59:59+00:00,2017-05-25 22:00:00+00:00,-0.0256376388765,2017-05-29,2017-06-08 22:00:00+00:00,0.0110363831375
2017-05-29,0.0165749880582,0.0276113711957,-0.0125971891995,0.00181938151135,-0.0556279916815,0.0226789495281,,,0.0164405851409,,,0.00112977898331,-0.458605527677,0.0331499761165,0.0752722893658,0.0357591418769,0.0293852391903,-0.0348903894858,0.0406342239005,0.0339664718018,0.0269559851215,0.048673225662,0.0243725402557,-0.00115473181621,0.0116236615835,-0.527113147124,0,-0.0200495469745,-0.060953520276,-0.0257464761676,-0.0763655938773,0.0101912837851,,,-0.0154068218551,,,-0.00936410361691,-0.389006279803,0.0159874588158,0.0911275501921,0.0595103599827,0.0241365143891,0.0428937914525,0.0381942970475,0.0195063394934,0.06521053829,0.0219868726564,0.0216612060547,0.0362266622772,0.0384539783638,0.0331499761165,0.00150315111843,,0.0331499761165,0,0.013643636623,-0.0159874588158,0.00269237865504,0.00558014238984,0.0132515479428,1.5,0.472711272708,-0.881217369697,2017-06-04 23:59:59+00:00,2017-06-02 05:00:00+00:00,-0.0282647556119,2017-06-05,2017-06-15 22:00:00+00:00,0.0165749880582
2017-06-05,-0.0256376388765,-0.00906265081824,-0.00438681471369,-0.0392218224497,-0.0723921662068,0.0190566351679,,,-0.00820737284254,,,0.00447192449133,-0.472309188301,-0.0512752777529,-0.0181253016365,0.0326943032534,-0.0542614947008,-0.067949232917,0.0420744491515,0.0363781644534,0.0283724481273,-0.0116603822315,-0.0216792278121,-0.0499141889046,0.0134004398839,-0.550749395857,0,0,-0.0414679326807,-0.0241821501985,-0.0768350994965,0.0119837976721,,,-0.00503746773264,,,-0.00445659090122,-0.389006279803,-0.0457198026849,-0.0297323438691,0.0309309260372,-0.0588313997136,0.0515180561954,0.0397765647422,-0.0351425305177,-0.0156361910243,0.0265456072029,-0.0558374096848,0.0343540803476,0.0393199309264,-0.0512752777529,0.00155822747682,,0.0512752777529,0,-0.0161327472352,0.0457198026849,0.0296797584729,0.0078453884424,-0.0161621930326,-0.9,0.363428630231,-0.931622042852,2017-06-11 23:59:59+00:00,2017-06-08 22:00:00+00:00,-0.0197409613882,2017-06-12,2017-06-22 22:00:00+00:00,-0.0256376388765
2017-06-12,-0.0282647556119,-0.0539023944884,-0.0262910232927,-0.0931927899135,-0.0835764532114,0.0236637024604,,,-0.0296166820388,,,-0.000143797883847,-0.487015426961,-0.0508553485897,-0.102130626343,-0.0268583369768,-0.140453307297,-0.0846436442919,0.0513429262006,0.0377533546831,0.0295268154665,-0.0546225604061,-0.0642765713249,-0.0934776687108,-0.000203534683274,-0.573024975086,-0.00567416263422,-0.00567416263422,-0.0257237096087,-0.0459322725297,-0.0825092621308,0.00946490264914,,,-0.00424958236863,,,-8.40610844209e-05,-0.392463340302,-0.0606893211264,-0.106409123811,-0.0152815736192,-0.146865921578,0.0622273910875,0.0421427856111,-0.040280680661,-0.0754232111787,-0.0102126728887,-0.132952745234,0.0420350135081,0.0375994215389,-0.0451811859554,0.000661226383837,,0.0451811859554,1,-0.0105746679287,0.0550151584922,0.00217092025839,-0.021454338333,0.0016834039589,0.3,0.248882332053,-0.9685337293,2017-06-18 23:59:59+00:00,2017-06-15 22:00:00+00:00,-0.0230139004908,2017-06-19,2017-06-29 22:00:00+00:00,-0.0282647556119
2017-06-19,-0.0197409613882,-0.0480057170002,-0.0570683678184,,-0.0793730332862,0.0208680063835,,,-0.0351068167024,,,-0.00816147400951,-0.497042933653,-0.0112935077576,-0.0621488563473,-0.0802741579838,-0.11963058168,-0.0585303474871,0.0401285422645,0.036651124963,0.029065303369,-0.0466168971499,-0.0707984944162,-0.0989875214186,-0.0155662050739,-0.577819894151,-0.0281884150188,-0.033862577653,-0.033862577653,,-0.100215719085,0.0134178279606,,,-0.0237888861353,,,-0.000756742945153,-0.409349717574,-0.0234126553698,-0.0841019764962,-0.113834320365,-0.12022928784,0.0333550705987,0.0407225189986,-0.0275636286111,-0.0678443092721,-0.0834805002964,-0.120360040997,0.0274197806088,0.0358930430537,0.0168949072611,-0.00158416120511,,0.0168949072611,1,0.0162701208534,-0.00477575964903,0.00712606329582,0.0188203337214,-0.00602688919796,-0.4,0.13073138967,-0.991417825014,2017-06-25 23:59:59+00:00,2017-06-22 22:00:00+00:00,0.00981164969942,2017-06-26,2017-07-07 05:00:00+00:00,-0.0197409613882
2017-06-26,-0.0230139004908,-0.042754861879,-0.0966572563675,-0.109254445567,-0.0911323497424,0.00364571927859,,,-0.0339482813422,,,-0.0171541333424,-0.508485760447,-0.0287139238167,-0.0400074315743,-0.142138057917,-0.10637891604,-0.0867200603471,0.0192928868597,0.0372255595904,0.0292287017522,-0.039631381657,-0.0913831564899,-0.118669397158,-0.0288637406064,-0.589769953947,-0.017313877165,-0.0455022921837,-0.051176454818,-0.112129975094,-0.0955446391378,0.0125405452223,,,-0.0283070272986,,,-0.00544452607851,-0.419488143019,-0.0342734629679,-0.0576861183377,-0.164095242149,-0.104584882166,0.0159635483485,0.0414216605135,-0.0500160808612,-0.0775797094723,-0.153002920651,-0.131016047995,0.00942371513246,0.0379833068524,-0.0114000466517,-0.000813376005787,,0.0114000466517,1,0.0213021570445,0.016959585803,-0.00146234302764,-0.00133307941345,-0.0152751865672,-1.5,0.0106870218179,-0.999942892152,2017-07-02 23:59:59+00:00,2017-06-29 22:00:00+00:00,0.011556497965,2017-07-03,2017-07-13 22:00:00+00:00,-0.0230139004908
2017-07-03,0.00981164969942,-0.0132022507914,-0.0612079677916,-0.0655947825053,-0.0850262251567,0.0171065895848,,,-0.00916962990498,,,-0.00876151308969,-0.503639458677,0.0358560351607,0.00714211134395,-0.0550067450034,-0.02231244175,-0.076896783566,0.0368217280831,0.0380356116887,0.0295646444066,0.00963633872262,-0.0527273662166,-0.0803975465987,-0.00783654905346,-0.574793843496,-0.0162327357618,-0.0335466129268,-0.0674091905798,-0.108877123261,-0.0931556667474,0.00920244844252,,,-0.0277483796472,,,-0.00968647712591,-0.428835367835,0.0338403000052,-0.000433162962677,-0.0845351394588,-0.0536042134217,0.0398523727762,0.0421427654238,0.0350256971846,-0.0149903836767,-0.0828346929487,-0.0562890857459,0.0382766163418,0.0376415540357,0.0520887709225,-0.00275452098706,,0.0520887709225,0,0.000830337976089,-0.0500730357671,-0.0121493117579,-0.0274599542334,0.0148608644168,1.1,-0.109512129666,-0.993985459379,2017-07-09 23:59:59+00:00,2017-07-07 05:00:00+00:00,0.0127186972856,2017-07-10,2017-07-20 22:00:00+00:00,0.00981164969942
2017-07-10,0.011556497965,0.0213681476644,-0.0213867142146,-0.0476777375074,-0.0888732922763,0.0185725460573,,,0.00780655436924,,,0.00148972854452,-0.49786999591,0.0266528226351,0.0625088577958,0.0225014262214,-0.00435691075534,-0.0826154170691,0.0306674768269,0.0375863298058,0.0301968448774,0.0309613926221,-0.0208295362648,-0.0507748847816,0.0119803886376,-0.563308520988,-0.00353982670512,-0.0197725624669,-0.0652748546507,-0.0909985642594,-0.0951311674834,0.0100860878566,,,-0.0150932420588,,,-0.00900093154856,-0.430853617419,0.0426209905807,0.0764612905859,0.0187751722482,0.00349359862904,0.0391425202074,0.0426485401416,0.013333382469,0.0483590796536,-0.0292206298187,-0.0394333027074,0.0385247938195,0.0352272770222,0.0301926493402,0.00292086916761,,0.0301926493402,0,0.0133194401661,-0.0461608172858,0.0208147744346,0.0488235294118,0.00600898430663,0.9,-0.228125181163,-0.973631810142,2017-07-16 23:59:59+00:00,2017-07-13 22:00:00+00:00,0.0157369616559,2017-07-17,2017-07-27 22:00:00+00:00,0.011556497965
2017-07-17,0.0127186972856,0.0242751952506,0.0110729444592,-0.0459954233592,-0.101860806843,0.0172295624508,,,0.0178462837701,,,0.010603682795,-0.491442770061,0.00928684669043,0.0359396693256,0.0430817806695,-0.0371923773143,-0.108665034385,0.0285350848247,0.0358318702717,0.0299864786206,0.0292895525287,-0.00299323749286,-0.0384291383491,0.0191292939663,-0.559234144399,0.0161505478807,0.0126107211756,-0.0209358917512,-0.0547984694042,-0.0950565792997,0.0155677522665,,,0.00627001419417,,,0.00207807162371,-0.421586962161,-0.0224200162918,0.0202009742889,0.0197678113262,-0.0940665090391,0.0389073709628,0.0414526237095,0.00619415411358,0.0195275365826,0.00453715290595,-0.0789433473904,0.036237218446,0.032799965342,-0.00686370119028,0.00298124352845,,0.00686370119028,1,0.00309269257686,0.0385705641725,-0.0139170188795,-0.0755281361002,-0.00724889816748,-0.5,-0.343434221059,-0.939176732999,2017-07-23 23:59:59+00:00,2017-07-20 22:00:00+00:00,0.0198836556072,2017-07-24,2017-08-03 22:00:00+00:00,0.0127186972856
2017-07-24,0.0157369616559,0.0284556589415,0.0498238066059,-0.0468334497616,,0.00249234907033,,,0.0211611741322,-0.00319376001033,,,-0.4833763202,0.0312776460368,0.0405644927272,0.103073350523,-0.039064707394,-0.045271154974,0.0116122920205,0.036633973645,0.0307071989421,0.0350773041489,0.0324671814642,-0.00586840125133,0.0292507341672,-0.545230161824,0.000196277274993,0.0163468251557,-0.00342573731124,-0.0546021921292,,0.0133413753164,,,0.00733732842897,-0.0380773635779,,,-0.421473421684,0.0185513785918,-0.0038686377,0.0725926528859,-0.091502589263,0.0288160962395,0.0405026145372,0.0195845758222,0.0257787299358,0.0741378095894,-0.0788651110616,0.012280038056,0.0327110219203,0.0310813687618,2.88702528316e-05,,0.0310813687618,1,0.0116930702146,-0.0183551013168,-0.0122312041,0.0376137512639,0.00969682808575,0.3,-0.45376919082,-0.891119252099,2017-07-30 23:59:59+00:00,2017-07-27 22:00:00+00:00,0.0222585735052,2017-07-31,2017-08-10 22:00:00+00:00,0.0157369616559
2017-07-31,0.0198836556072,0.0356206172631,0.0598958125137,-0.00131215527789,-0.0395469833539,0.0037171915543,0.0201504752667,,0.0261331798663,0.0200432308277,,0.018016028771,-0.473001146507,0.0397673112145,0.0710449572512,0.106984626577,0.0519778815734,0.0364617456974,0.0128442085231,0.0364923401633,0.0317808636639,0.0484259697092,0.0711832970766,0.0349843172769,0.0239414069752,-0.526780778266,0,0.000196277274993,0.0128069984506,-0.0546021921292,-0.115555712405,0.00880159630199,0.0125057334591,,0.00411944997014,-0.0292786945069,,0.0120906505669,-0.421473421684,0.0401132033963,0.0586645819882,0.078865556277,-0.00566958318185,0.030096980531,0.0401184091544,0.0392986178162,0.0588831936385,0.0784107302211,-0.00442396272764,0.0142246611231,0.0335707859108,0.0397673112145,-0.00314135837857,2.91781545379,0.0397673112145,0,0.000468693398208,-0.0401132033963,-0.00100291514001,0.0196842720717,0.00711599652878,1.1,-0.557532072999,-0.830155399656,2017-08-06 23:59:59+00:00,2017-08-03 22:00:00+00:00,0.00208313625088,2017-08-07,2017-08-17 22:00:00+00:00,0.0198836556072
2017-08-07,0.0222585735052,0.0421422291124,0.0705978880539,0.0492111738392,0.0165596035136,0.00425071084944,0.0189768871705,,0.0307990681192,0.0416300037488,,0.0163756563586,-0.461139380527,0.0397219173203,0.0794892285347,0.120053721262,0.142555147483,0.124394102147,0.0143826564847,0.0343339501518,0.0325731456263,0.05825928213,0.103522365088,0.0764956916027,0.0204446532273,-0.507605280948,0.00479522969006,0.00479522969006,0.0211420548458,-0.0441327998049,-0.0912748951199,0.00757465793773,0.0126040187829,,0.00364991643256,-0.0175680509456,,0.0123066594899,-0.418692591829,0.0410285797867,0.081141783183,0.077273145483,0.0960483177312,0.0297009510005,0.0412011721424,0.0256492493429,0.0649478671592,0.090726597095,0.0615059672763,0.0137399618429,0.0322152851162,0.0349266876302,-0.0041594729201,2.72383173267,0.0349266876302,1,0.0140726679774,-0.0362333500966,-0.0115718741216,0.0139525993884,0.00953584558824,0.9,-0.653220035838,-0.75716813508,2017-08-13 23:59:59+00:00,2017-08-10 22:00:00+00:00,-0.0115244416449,2017-08-14,2017-08-24 22:00:00+00:00,0.0222585735052
2017-08-14,0.00208313625088,0.0243417097561,0.0599623270192,0.0710352714783,0.0250032867974,0.00901711535918,0.0188378036915,,0.0176538752984,0.0417366863081,,0.0130672520011,-0.460015690443,-0.00966936565082,0.0300525516695,0.101097508921,0.14417928959,0.106027444856,0.023635291078,0.034748188764,0.0326283788085,0.0223191189003,0.0837378277932,0.0660245611575,0.0171184199336,-0.51234348092,0.0138356381526,0.0186308678426,0.0188271451176,-0.00210874663355,-0.056020871261,0.0064766834959,0.0130334724155,,0.0128267257271,0.000536443843266,,0.00901608406872,-0.410593937035,-0.00149991374773,0.0395286660389,0.0981932480271,0.117961059353,0.0202347748971,0.0408430045172,-0.0090065114474,0.0166427378955,0.075525931534,0.0800630844399,0.0203379499884,0.0323529961734,-0.0235050038034,-0.000199829269342,2.66586844917,0.0235050038034,0,-0.000662854203418,0.0153355519003,0.0047533601923,-0.00339302544769,-0.000512120177535,-0.2,-0.73944719928,-0.673214556792,2017-08-20 23:59:59+00:00,2017-08-17 22:00:00+00:00,0.00460990968622,2017-08-21,2017-08-31 22:00:00+00:00,0.00208313625088
2017-08-21,-0.0115244416449,-0.00944130539402,0.0327009237184,0.0825247303243,0.00244246201503,0.015922923346,0.0189670676196,,-0.00208107066842,0.029601200859,,0.00798734923613,-0.466202987059,-0.0243779919234,-0.0340473575742,0.0454418709605,0.148515221484,0.039527139683,0.033320724132,0.034222078381,0.0329633127443,-0.0132356376498,0.0543135719896,0.0410160162697,0.00831991853375,-0.524087834109,0.00132910863357,0.0151647467862,0.0199599764762,0.016534239165,-0.034642215653,0.006233925339,0.0122042873819,,0.00911754394741,0.00459617856114,,0.00765477993852,-0.409810031516,-0.0269553893527,-0.0284553031005,0.0526864800825,0.125279132968,0.0333031024909,0.0359879714419,-0.0321352703329,-0.0411417817803,0.0238060853789,0.0979438949683,0.0325288373431,0.0310170914884,-0.0257071005569,0.00157227081801,2.80387321579,0.0257071005569,0,0.00775727840952,0.0282844979863,0.000188695775236,-0.0370720635521,-0.00592086535724,-0.7,-0.81496470712,-0.579510591922,2017-08-27 23:59:59+00:00,2017-08-24 22:00:00+00:00,0.0337124935178,2017-08-28,2017-09-08 05:00:00+00:00,-0.0115244416449
2017-08-28,0.00460990968622,-0.00691453195868,0.0174271777974,0.0773229903111,-0.00952261635698,0.013879492572,0.0183870433988,,-0.00179235118035,0.0351465792399,,0.00508930339988,-0.463736550381,0.00921981937245,-0.0151581725509,0.0148943791185,0.121879005695,0.015596982939,0.0276595870952,0.0330925009013,0.0329144681635,-0.00774812312476,0.0627328916296,0.0514861236285,0.00252382686125,-0.519679720121,0,0.00132910863357,0.0199599764762,0.0327669749268,-0.034642215653,0.006233925339,0.0122042873819,,0.0041114767278,0.00734011557002,,0.00765477993852,-0.409810031516,0.0281862534207,0.00123086406801,0.0407595301069,0.119625086384,0.0305030991539,0.0366422701299,0.00319328002442,-0.0289419903085,-0.012299252413,0.0661114778082,0.024111242015,0.0303654439657,0.00921981937245,-0.000677310474978,2.71132500743,0.00921981937245,0,0.00602653934803,-0.0281862534207,0.00503992184078,-0.00707130229817,0.0151194089686,1.2,-0.878678814594,-0.477413385635,2017-09-03 23:59:59+00:00,2017-08-31 22:00:00+00:00,0.0302868611906,2017-09-04,2017-09-14 22:00:00+00:00,0.00460990968622
2017-09-04,0.0337124935178,0.0383224032041,0.02888109781,0.0994789858639,0.0498275160373,0.019029855891,0.019044326128,,0.0249025788325,0.0663700955001,,0.00338738860349,-0.445349578391,0.0674249870357,0.0766448064081,0.0425974488339,0.162651170096,0.134297247728,0.0402710872568,0.0337758363782,0.0352949585899,0.0498433530186,0.124500362718,0.121712033691,0.000318804690973,-0.486177375091,0,0,0.0151647467862,0.0363068016319,-0.034642215653,0.00672554896339,0.0122042873819,,0.000332166738074,0.0100990831193,,0.006455972516,-0.409810031516,0.00429613242282,0.0324823858436,0.0040270827431,0.0813002282261,0.0226400091523,0.0340702605054,-0.0211123192021,-0.0179190391777,-0.059060820958,0.031665776137,0.01524986081,0.0293999215662,0.0674249870357,-2.15579964006e-05,2.76731184785,0.0674249870357,0,0.0885373062378,-0.00429613242282,-0.00935888926879,-0.11137487636,-0.183526093089,-16.9,-0.929666729448,-0.36840164516,2017-09-10 23:59:59+00:00,2017-09-08 05:00:00+00:00,-0.00653600154989,2017-09-11,2017-09-21 22:00:00+00:00,0.0337124935178
2017-09-11,0.0302868611906,0.0639993547085,0.0570848227498,0.117047149769,0.10837913284,0.0215501040633,0.0176966940413,,0.0411612071862,0.0896977427422,,0.00593434931515,-0.428293981545,0.0552192350739,0.12264422211,0.107486049559,0.208583558479,0.240371831391,0.0423724424831,0.0304075639377,0.0359233159465,0.0789476408328,0.16557564489,0.177651405368,0.00838137151342,-0.457006497872,0.00535448730733,0.00535448730733,0.0066835959409,0.0255107410585,-0.0236135657114,0.00253439344544,0.0123599882642,,0.00402123879093,0.0174212443208,,0.00348732711687,-0.406641391169,0.030755420212,0.0350515526348,0.0362824167028,0.13447566473,0.0268098681012,0.02885993823,0.0397931878451,0.018680868643,-0.0102611216654,0.0652648098686,0.0318631333634,0.0293060148139,0.0498647477666,-0.0291670419988,2.4599622043,0.0498647477666,1,0.0154260472287,-0.0254009329047,-0.0217572259029,-0.11553873553,-0.0272249861802,-2,-0.967189977038,-0.254054223182,2017-09-17 23:59:59+00:00,2017-09-14 22:00:00+00:00,0.0091013916872,2017-09-18,2017-09-28 22:00:00+00:00,0.0302868611906
2017-09-18,-0.00653600154989,0.0237508596407,0.0620732628448,0.0947741865632,0.121584092678,0.0196173755762,0.0162724221239,,0.0185262618707,0.0723748777166,,0.00616569319749,-0.432018468084,-0.027607592252,0.0276116428219,0.10425644923,0.149698320191,0.224057746897,0.0436849524688,0.0320324075248,0.0354987024696,0.022992285576,0.114328044283,0.137935182149,0.00882890100776,-0.471792203113,0.0145355891522,0.0198900764595,0.0198900764595,0.0398500529357,0.0191104384595,0.00685687248761,0.0102661567191,,0.0136378909581,0.0307686829738,,0.00350248538722,-0.397953585993,0.0303419116147,0.0610973318267,0.0935797176702,0.146266197753,0.0127822561745,0.0274818062077,0.0100573353143,0.0498505231595,0.0319314839818,0.0557375693607,0.0250710319864,0.0278300880432,-0.0421431814041,0.00329656842145,3.11989077415,0.0421431814041,0,-0.0376649275663,-0.0158063224625,-0.039383751176,0.14346841178,0.0777099019747,5.5,-0.990705095898,-0.136027250809,2017-09-24 23:59:59+00:00,2017-09-21 22:00:00+00:00,0.0149127110315,2017-09-25,2017-10-05 22:00:00+00:00,-0.00653600154989
2017-09-25,0.0091013916872,0.00256539013731,0.0665647448458,0.0839919226431,0.153699384856,0.018900304343,0.0130723439666,,0.011107184062,0.0694954500405,,0.00481815660712,-0.426825449691,0.0165525207261,-0.0110550715259,0.111589150584,0.126483529702,0.26932419144,0.0428890944151,0.0289315648307,0.0355240798313,0.0122745892208,0.110085285981,0.148398840611,0.00718004215056,-0.462976270943,0.00165026264835,0.0161858518005,0.0215403391078,0.0415003155841,0.0380745782728,0.0064982228574,0.00858419260337,,0.00984968740826,0.0294167725455,,0.00245627106367,-0.396959231036,0.0264720817815,0.0568139933961,0.0918655460309,0.132625076138,0.0125954449914,0.0234168960053,0.0213336047252,0.0313909400395,0.0500718086826,0.0377725562696,0.0255519340363,0.0223224031022,0.0149022580777,0.0292376683538,3.36993777162,0.0149022580777,1,-0.00478108399914,-0.0248218191331,-0.00586206151564,0.0211314109619,0.0660427102557,5.4,-0.99987150887,-0.0160301512775,2017-10-01 23:59:59+00:00,2017-09-28 22:00:00+00:00,-0.010943881651,2017-10-02,2017-10-13 05:00:00+00:00,0.0091013916872
2017-10-02,0.0149127110315,0.0240141027187,0.0477649623594,0.0766460601695,0.158800446188,0.015219117919,0.0130834915113,,0.0141618500953,0.072414828432,,-0.000274178347704,-0.418213811408,0.0190106332503,0.0355631539764,0.0631747967983,0.105772245632,0.252478789529,0.0339065846773,0.0285720239354,0.0354002516363,0.0156649267026,0.10983886569,0.162015859164,-0.00362774614883,-0.452669450601,0.0108147888127,0.0124650514611,0.0323551279206,0.0475198747067,0.0651221028474,0.00571324001795,0.00660182721056,,0.0126027489474,0.0353848233762,,0.00307938945342,-0.390402079278,0.0296435717918,0.0561156535733,0.1172129854,0.121240068143,0.00194241676595,0.0232214536123,0.0323881574512,0.0537217621764,0.103572285336,0.0445114643779,0.0129994699089,0.0221029620864,0.00819584443762,0.00466462221323,4.32724089611,0.00819584443762,1,-0.0133775242009,-0.0188287829791,-0.0188779021334,0.0625134727312,-0.00896500556449,-0.5,-0.994556455799,0.104199118177,2017-10-08 23:59:59+00:00,2017-10-05 22:00:00+00:00,0.00374438871832,2017-10-09,2017-10-19 22:00:00+00:00,0.0149127110315
2017-10-09,-0.010943881651,0.00396882938051,0.00653421951783,0.0636190422676,0.136300066572,0.0123428540274,0.0145805475625,,0.00148774902303,0.0498275396887,,-0.00885106562611,-0.424546097507,-0.0380109075828,-0.0190002743324,-0.0300553458583,0.0774307037004,0.187815059311,0.0295328484376,0.0325587455821,0.0360479919941,-0.0148693752146,0.0536167966842,0.11388982241,-0.0219611487193,-0.473083544565,0.0161231442807,0.0269379330934,0.043123784894,0.0498073808349,0.0847850738332,0.00648091946859,0.00673111458572,,0.0180074381172,0.045335897115,,0.00425901746709,-0.38049378224,-0.046583239518,-0.0169396677262,0.03987432567,0.0761567423728,0.0377388032178,0.0281682935492,-0.0302358189424,0.00215233850877,0.0335432785483,0.0232821568829,0.0273141128995,0.0249144590566,-0.0541340518635,-0.00596689354166,4.83633265113,0.0541340518635,0,-0.00777508864033,0.0627063837987,-0.0109274285841,0.00710083181173,0.0142866055275,1.1,-0.974836916336,0.222919237727,2017-10-15 23:59:59+00:00,2017-10-13 05:00:00+00:00,0.00761380118223,2017-10-16,2017-10-26 22:00:00+00:00,-0.010943881651
2017-10-16,0.00374438871832,-0.00719949293269,0.016814609786,0.0788878726308,0.127325758005,0.011080470776,0.0146780811214,,0.00104996707799,0.043651994436,,-0.00559063663081,-0.422387335307,0.00117707413289,-0.0368338334499,-0.00127067947346,0.102985769757,0.179705286754,0.0263388247091,0.032743030649,0.0354799723546,-0.0133998077081,0.0409642993243,0.111931124059,-0.0141411534648,-0.472462959669,0.00631170330375,0.0224348475845,0.0348998990455,0.054789975505,0.0749462292562,0.00619073677943,0.00607990102199,,0.015532526149,0.0458438202903,,0.00295988020321,-0.376571276976,0.00231559926058,-0.0442676402574,0.0118480133159,0.105427730986,0.035212586819,0.026455790476,0.0106533551475,-0.0195824637949,0.0341392983815,0.0660707823633,0.0273278931568,0.0249170713081,-0.00513462917085,0.00443856742268,5.38456892006,0.00513462917085,1,-0.0094762810146,0.00399610404317,0.00394150449018,-0.0362610797744,-0.0503751999016,-4.7,-0.94099849502,0.338410745058,2017-10-22 23:59:59+00:00,2017-10-19 22:00:00+00:00,0.00884060924649,2017-10-23,2017-11-02 23:00:00+00:00,0.00374438871832
2017-10-23,0.00761380118223,0.0113581899005,0.0153270192811,0.0818917641268,0.119202597531,0.0108845231285,0.0145765683236,,0.0048466369021,0.042154999091,0.081068185052,-0.00533767575908,-0.417972722652,0.0181961795374,0.0193732536703,0.000372979337911,0.111962129922,0.166623820255,0.0267000933002,0.0323607039385,0.0348700796157,0.00462277365773,0.0469757023081,0.126741384186,-0.0127239721082,-0.46277593483,-0.00296857717298,0.00334312613077,0.0302810592242,0.0518213983321,0.0717813748083,0.00808970231533,0.00637754634324,,0.00493487903344,0.0369824157137,0.0352429579027,0.00204862059003,-0.378419229001,0.0275499517682,0.0298655510288,0.0129258833027,0.104791429334,0.0354557554338,0.026712900261,0.0189255477986,0.0295789029461,0.0317312414548,0.0818030501374,0.0269762235095,0.0248931229282,0.0211647567104,0.000338796505176,5.07336659438,0.0211647567104,0,-0.000729368261149,-0.0305185289412,-0.0390074877126,0.00229933110368,0.0379558261545,3.3,-0.893531284773,0.4490009389,2017-10-29 23:59:59+00:00,2017-10-26 22:00:00+00:00,0.012929170224,2017-10-30,2017-11-09 23:00:00+00:00,0.00761380118223
2017-10-30,0.00884060924649,0.0164544104287,0.00925491749603,0.0570198798555,0.108159551171,0.00910131782202,0.0142175037428,0.0180413665259,0.0114080742151,0.0427633506333,0.0876423716397,-0.00600623610066,-0.412804435178,0.0141107357239,0.0323069152613,-0.00452691818854,0.0586478786098,0.140967244764,0.0256339954236,0.031346600225,0.0335807424907,0.0200781662058,0.0505712976116,0.134645398228,-0.0119753637598,-0.455141571454,0.0035704827691,0.00060190559612,0.0230367531806,0.0553918811012,0.0753518575774,0.0079305564843,0.00619418411612,0.0122292978335,0.00277156171056,0.0346795636206,0.0406517759867,-3.71084415717e-05,-0.376195918785,0.0137515918428,0.041301543611,-0.00296609664639,0.114246888754,0.0322555777721,0.0255644851183,0.0146962720239,0.0336218198224,0.0140393560275,0.117611641363,0.0227492096161,0.0232251027851,0.0105402529548,0.000422843231335,5.05983351543,0.0105402529548,1,-0.000585536299979,-0.0101811090737,-0.00247599445996,0.0502606882169,-0.000624024960998,0.3,-0.833122768723,0.55308810531,2017-11-05 23:59:59+00:00,2017-11-02 23:00:00+00:00,0.021616822807,2017-11-06,2017-11-16 23:00:00+00:00,0.00884060924649
2017-11-06,0.012929170224,0.0217697794705,0.0331279693711,0.0396621888889,0.0988301478896,0.00378350107638,0.0136806241146,0.0165259860639,0.0160888928246,0.0483169875537,0.0967309840906,0.000679673274341,-0.405163192748,0.0230792742778,0.0371900100017,0.056563263672,0.0265079178137,0.124324601722,0.00938796246663,0.0303943002248,0.0317689179016,0.0291248095607,0.0648049394915,0.149829332113,0.00457738501635,-0.442420401311,0.00277906617027,0.00634954893936,0.00969267507014,0.0528164599641,0.0733356940576,0.00390019732432,0.00624635801646,0.0116905398171,0.00312974071824,0.0317362814293,0.0443065407103,-0.00321803846766,-0.374459914849,0.0411715646618,0.0549231565046,0.0847887075334,0.124663033203,0.0168452231209,0.0255779239313,0.0389965378209,0.0536928098447,0.0832717127908,0.116814991339,0.012580887237,0.0244081749341,0.0203002081075,0.00396289062633,4.86514461709,0.0203002081075,1,-0.0159172635431,-0.0383924984915,-0.0260547156786,0.0323669579031,0.0181080237278,1.5,-0.760647863164,0.649164715819,2017-11-12 23:59:59+00:00,2017-11-09 23:00:00+00:00,0.00415662097975,2017-11-13,2017-11-23 23:00:00+00:00,0.012929170224
2017-11-13,0.021616822807,0.034545993031,0.0510004034597,0.0678150132458,0.118363834446,0.00633289094011,0.0140905036078,0.0167046099343,0.0250627366248,0.0614613393784,0.114281881018,0.00364519052296,-0.392164724256,0.0271105013332,0.050189775611,0.0824966908723,0.0812260113989,0.161104468706,0.00566921496431,0.0301657956085,0.0319534751894,0.0357258693143,0.0805360823231,0.16897589672,0.00823152127919,-0.427097369822,0.0161231442807,0.018902210451,0.0195041160471,0.0544040150927,0.0756232001857,0.00804440079014,0.00652254841318,0.0113411201686,0.0144407181518,0.042382552026,0.0604402793253,-0.000941140233277,-0.364292496683,0.051845257104,0.0930168217657,0.134318365377,0.146166378693,0.0165406441042,0.0273997890129,0.0440391460586,0.0830356838794,0.116657503702,0.150796802083,0.0145153921289,0.0258116841531,0.0109873570525,0.00194887369703,4.62413914911,0.0109873570525,1,-0.0169286447254,-0.0357221128232,-0.00636339019767,0.00615502981343,0.0204845139528,1.4,-0.677156245853,0.735839261457,2017-11-19 23:59:59+00:00,2017-11-16 23:00:00+00:00,0.00831259155283,2017-11-20,2017-11-30 23:00:00+00:00,0.021616822807
2017-11-20,0.00415662097975,0.0257734437867,0.0475432232572,0.0628702425383,0.13404489707,0.0074115860054,0.0127883666259,0.016668085448,0.0171789768151,0.0550308813157,0.112813173577,0.00157465988583,-0.389632925177,-0.0116904500819,0.0154200512513,0.052610061253,0.0529830405909,0.173792010547,0.0174304047883,0.029062053822,0.0315483069233,0.0104353638801,0.0541622600833,0.145609964448,-0.000216100882677,-0.433755863197,0.0200036920414,0.0361268363221,0.0424763852615,0.0727574444857,0.0942977835935,0.00874669854948,0.00744318612191,0.0111204154772,0.023920257826,0.0556728311276,0.079265888915,0.00336542065433,-0.351447958774,-0.0439145355541,0.0079307215499,0.0628538780545,0.0757797613571,0.0428678925514,0.0299220413927,-0.0219383986857,0.0221007473729,0.0757935572176,0.107524798672,0.0301180138065,0.0244936953096,-0.0316941421233,0.00399464175247,3.90399344482,0.0316941421233,0,0.0102479486038,0.0639182275954,0.00215608794274,0.0198814758172,0.0119598533566,0.3,-0.583857153189,0.811856406435,2017-11-26 23:59:59+00:00,2017-11-23 23:00:00+00:00,-0.00158802016271,2017-11-27,2017-12-07 23:00:00+00:00,0.00415662097975
2017-11-27,0.00831259155283,0.0124692125326,0.0470152055636,0.0562701230596,0.137747578937,0.0074882075892,0.0126916750022,0.0165216430533,0.0137313928005,0.0527515074769,0.116304225855,0.00115783378036,-0.384538046502,0.0102585315233,-0.00143191855862,0.0487578570524,0.0442309388639,0.174830722698,0.0174661970653,0.0290511227347,0.0311410874882,0.00860461779915,0.0512180941395,0.148557159838,-0.00125905286751,-0.427917132674,0.00636665158237,0.0263703436238,0.0452725540748,0.0683093072554,0.100664435176,0.0080820768746,0.00712896215829,0.0111379538328,0.0188423177878,0.0541652562609,0.0832678504973,0.00357472042823,-0.347305681669,0.0185831662845,-0.0253313692695,0.0676854524962,0.0647193558498,0.0428622553577,0.0296887173995,0.029194836641,0.00725643795526,0.0902921218347,0.104331477862,0.030307542266,0.024742390221,0.00389187994091,0.00301384507102,4.07451289217,0.00389187994091,1,-0.0189363051177,-0.0122165147021,0.0219703755839,-0.0095595126523,0.0097992635705,1.3,-0.48210186644,0.876115169584,2017-12-03 23:59:59+00:00,2017-11-30 23:00:00+00:00,-0.00896303420987,2017-12-04,2017-12-14 23:00:00+00:00,0.00831259155283
2017-12-04,-0.00158802016271,0.00672457139012,0.0324980151768,0.0656259845479,0.102447065256,0.00986838833498,0.0109968302014,0.0153751650993,0.00399966777749,0.0428706003153,0.107825248373,0.000243960312952,-0.385514636865,-0.00178180808902,0.00847672343426,0.0238967746856,0.0804600383576,0.105623927573,0.0167062289246,0.0242859476173,0.0288437126651,0.000860390800757,0.0409245400146,0.135828576157,-0.00215072383424,-0.428935566958,-0.00139423223639,0.00497241934599,0.0410992556681,0.0507919307382,0.0992702029395,0.00966599552669,0.00726436403343,0.0111540132708,0.00710808365222,0.0447019937674,0.0789491318629,0.00263864446014,-0.348215055042,0.0166449004521,0.0352280667366,0.0431587882865,0.12794749582,0.0398878997765,0.0295382609007,0.00597679597016,0.0351716326111,0.057272379984,0.140544092775,0.0288025978097,0.022548671455,-0.000387575852637,-0.0014109951544,3.34270210075,0.000387575852637,1,-0.00775860405918,-0.0180391326885,0.0130459621691,0.0223315669947,0.0112921249191,1.2,-0.373364140702,0.927684870222,2017-12-10 23:59:59+00:00,2017-12-07 23:00:00+00:00,0.00446671492999,2017-12-11,2017-12-21 23:00:00+00:00,-0.00158802016271
2017-12-11,-0.00896303420987,-0.0105510543726,0.00191815816,0.0529185616197,0.0631971698559,0.00749031894951,0.0096363986782,0.0140725458598,-0.00543312132659,0.0285570190613,0.0906785007061,-0.00438178121814,-0.390997681133,-0.0179260684197,-0.0197078765088,-0.0211397950674,0.061356895805,0.0324786240795,0.012311243199,0.0206698443179,0.0267466937476,-0.0117320242739,0.0198678126,0.104333466649,-0.00778330446527,-0.439081298827,0,-0.00139423223639,0.0249761113874,0.0444802274345,0.0939157156322,0.00977538228031,0.00755066996226,0.0110429297343,0.000892013154318,0.0372301372042,0.0759180411612,-0.000980257971018,-0.348215055042,-0.0103150607829,0.00632983966925,-0.0190015296003,0.115316835776,0.0292518327649,0.0299382358682,-0.0156198699032,-0.00964307393299,-0.00238663597773,0.114270867724,0.0231798061642,0.0230017085106,-0.0179260684197,0.00110141958911,2.7371223082,0.0179260684197,0,-0.00230619851659,0.0103150607829,-0.0105835638027,-0.0286930766383,-0.0141320151207,-0.4,-0.259218860015,0.96581860751,2017-12-17 23:59:59+00:00,2017-12-14 23:00:00+00:00,0.00772338616654,2017-12-18,2017-12-29 06:00:00+00:00,-0.00896303420987
2017-12-18,0.00446671492999,-0.00449631927988,0.00222825211025,0.0497714753675,0.0741998863358,0.00754248486923,0.00901511056409,0.0130217104142,-0.00153578162888,0.0273227825077,0.0874138279998,-0.00515062053673,-0.388271357059,0.0119315345725,-0.00599453384722,0.00248218958703,0.05509225084,0.072017750904,0.0137910289565,0.0186843722844,0.0263751806709,-0.000489399660974,0.0264467138345,0.105412111174,-0.00491927959586,-0.432348592063,-0.00299810471253,-0.00299810471253,0.00197431463346,0.0444506998949,0.0763820217675,0.00410253125926,0.00770035183379,0.00917044790485,-0.00259504930939,0.0281108369768,0.0686815586806,-0.0053819614776,-0.350166248155,0.0200587436291,0.00974368284624,0.0449717495829,0.107825627637,0.0144398279077,0.0295498771087,0.00441780459761,-0.0112020653055,0.0239695673056,0.0997631245232,0.0183296014742,0.0230982561439,0.014929639285,-0.000559388711103,2.42611591934,0.014929639285,0,0.00751372997491,-0.0230568483416,0.00600424747806,-0.00781398894606,0.00654789995281,0.7,-0.141319227808,0.989964078061,2017-12-24 23:59:59+00:00,2017-12-21 23:00:00+00:00,,2017-12-25,2018-01-05 06:00:00+00:00,0.00446671492999
2017-12-25,0.00772338616654,0.0121901010965,0.00163904672396,0.0486542522875,0.0728218808151,0.00734366865372,0.00897991441487,0.0114365798438,0.00579124686875,0.0295295184255,0.0865620630775,-0.00519192145863,-0.38352844844,0.00952845560638,0.0214599901789,0.00175211367013,0.0505099707225,0.0649936857843,0.0136247847319,0.0184393233681,0.0250841265029,0.00863447886849,0.0311018074497,0.102546936771,-0.00456148587357,-0.426913899829,0.0059183167267,0.00292021201417,0.00152597977778,0.0467985338525,0.0806500758459,0.00388916592186,0.00759546261275,0.00811485347126,0.00294181455673,0.0278775255449,0.0700720487016,-0.0058223570437,-0.346308923015,0.000155378424465,0.0202141220536,0.0265439617228,0.094229414219,0.0142558181393,0.0293263092614,0.0121702534863,0.0165880580839,0.00694498415091,0.0972371059856,0.0120454181058,0.022920760776,0.00361013887968,0.0048035305102,2.42735656162,0.00361013887968,1,-0.00264179787991,0.00576293830223,0.00845977725174,0.0518632347292,0.019633124304,1.6,-0.0213728230102,0.999771575129,2017-12-31 23:59:59+00:00,2017-12-29 06:00:00+00:00,,2018-01-01,2018-01-11 23:00:00+00:00,0.00772338616654
2018-01-01,,,,,,,,,,,,,,0.0514416511508,0.0609701067572,0.0549755729099,0.0788723475955,0.0974247036848,0.0285491504918,0.0222855688009,0.0258308102748,0.0470100429378,0.0771816112644,0.145647238234,0.00624968525173,-0.396661970867,,,,,,,,,,,,,,0.0257440035835,0.0258993820079,0.0356430648542,0.0788018531407,0.0168713220174,0.0291201071878,0.0341780047841,0.0463482582704,0.0351461929648,0.0924185729488,0.0205826358388,0.0230645335303,,0.00119803559281,,,,0.0172636463667,,0.0684880901989,0.0211833455077,0.0120703529141,1,0.120128619955,0.992758336489,2018-01-07 23:59:59+00:00,2018-01-05 06:00:00+00:00,0.00920606371555,2018-01-08,2018-01-19 06:00:00+00:00,
2018-01-08,,0.0367058335441,0.0488959346406,0.0508140928006,0.105558884979,,,,,,,0.00410406943103,-0.360479926427,0.00904140192092,0.0604830530717,0.0819430432506,0.0608032481832,0.144477013188,0.020675894346,0.017609504212,0.0257015459162,0.0350112855671,0.0748747979118,0.141700337222,0.00937214441354,-0.391182214239,,0.0129286140165,0.0158488260307,0.040824937418,0.0666407567689,,,,,,,-0.00116400555148,-0.337802735269,0.0264112025154,0.0521552060988,0.0723693281524,0.0533677985521,0.0122929893698,0.0241168652853,0.0244563398327,0.0586343446168,0.0752224027007,0.072835766723,0.0131564707704,0.0196078336668,,0.00890028547966,,,,-0.0154149379118,,0.0306409092874,-0.0538268955651,-0.0161858246252,-1.4,0.238517377822,0.971138229335,2018-01-14 23:59:59+00:00,2018-01-11 23:00:00+00:00,-0.00122880990298,2018-01-15,2018-02-23 06:00:00+00:00,
2018-01-15,0.00920606371555,,0.0536352834262,0.0558635355364,0.111020559976,,,,,,,0.00486877778148,-0.354565280351,0.00731344463508,0.016354846556,0.0773249533132,0.0798071429002,0.150613383691,0.021428028835,0.0174019767904,0.0257151859575,0.0227714911564,0.0703004308998,0.135945877383,0.00774559342901,-0.386713337548,0.011098682796,,0.0299456135392,0.0319199281727,0.0714277362612,,,,,,,0.00199196213395,-0.330412281592,0.024185328009,0.0505965305244,0.0764959125324,0.121467662115,0.0126800816721,0.0239495655877,0.0303910853845,0.0548474252172,0.101195683488,0.125165250793,0.00962358423652,0.0199708166963,-0.00378523816095,-0.0159311898852,,0.00378523816095,1,-0.0230776407494,-0.013086645213,-0.0271651011965,-0.040635040635,-0.0258615713214,-2.3,0.353451610506,0.935452809623,2018-01-21 23:59:59+00:00,2018-01-19 06:00:00+00:00,0.0136954771321,2018-01-22,2018-02-23 06:00:00+00:00,0.00920606371555
2018-01-22,-0.00122880990298,0.00797725381257,0.0446830873567,0.0463221340806,0.102177948891,,,,,,,0.00331092961681,-0.355357909831,-0.0105585783542,-0.0032451337191,0.0572379193526,0.0589900330227,0.121858625799,0.026292683508,0.0182961977672,0.0258152405319,-0.00201727723281,0.0492523856003,0.111968185763,0.00493573939207,-0.393154707132,0.00810095854822,0.0191996413442,0.0321282553607,0.0336542351385,0.0824972719824,,,,,,,0.00168611984154,-0.324965948767,-0.00118106280563,0.0230042652034,0.0751594713023,0.101703433025,0.013346582677,0.0241495042211,0.00809287555855,0.038483960943,0.0971183055598,0.104063289711,0.0115089813622,0.020105441627,-0.0186595369024,0.0124970799244,,0.0186595369024,0,-0.0186514539127,0.00928202135385,0.00459048426376,-0.0490543735225,-0.0232296296296,-2.1,0.463266687928,0.886218920954,2018-01-28 23:59:59+00:00,2018-02-23 06:00:00+00:00,,2018-01-29,2018-02-23 06:00:00+00:00,-0.00122880990298
2018-01-29,0.0136954771321,0.0124666672291,,0.0616056313755,0.107032816776,,,,0.0120000347619,,,,-0.346468495386,0.0273909542643,0.0168323759101,0.0331872224661,0.088162795376,0.135138844339,0.0155094964429,0.0189420709557,0.0253757705863,0.0171820792711,0.0671992915692,0.130854232651,-0.0020984901019,-0.376302895465,0,0.00810095854822,,0.0350484673749,0.0789267892133,,,,0.00681734559742,,,,-0.324965948767,0.00935256551849,0.00817150271286,0.0587680332373,0.0944110980914,0.0130118749315,0.0241853999744,0.0212252359485,0.0293181115071,0.0841655367243,0.119311729689,0.00943003202036,0.0201494693519,0.0273909542643,-0.0250118557573,,0.0273909542643,0,0.00616571831571,-0.00935256551849,-0.0138729977117,-0.0443339548374,-0.0285142267791,-2.8,0.56637212241,0.824149633839,2018-02-04 23:59:59+00:00,2018-02-23 06:00:00+00:00,,2018-02-05,2018-02-23 06:00:00+00:00,0.0136954771321
2018-02-05,-0.00375238821811,0.00994308891401,0.0179203427266,0.0668162773672,0.0903512583342,0.00831912301606,,,0.0037164615265,,,-0.00247001111329,-0.348916204056,-0.00885601386841,0.0185349403958,0.0152898066767,0.0972328499273,0.103203556193,0.0176561496311,0.019228674903,0.0249317650665,0.00437241368588,0.0494168857032,0.111135517573,-0.0041162834226,-0.381801979748,0.00135123743218,0.00135123743218,0.0205508787764,0.0363997048071,0.0774989604752,0.005324392835,,,0.00303626958591,,,-0.000823738803985,-0.324053200959,-0.0294999804422,-0.0201474149237,0.00285685027973,0.0752261784321,0.0226715969864,0.0254190524386,0.00275955286421,0.0239847888128,0.0624687497558,0.137691152456,0.0125386376815,0.0192780843183,-0.0102072513006,0.00158135940329,,0.0102072513006,0,-0.0116155667326,0.0308512178743,0.0284699057288,0.111857793193,0.0489602198214,4.4,0.661274604227,0.750143918062,2018-02-11 23:59:59+00:00,2018-02-23 06:00:00+00:00,,2018-02-12,2018-02-23 06:00:00+00:00,-0.00375238821811
2018-02-12,-0.0331062339236,-0.0368586221417,-0.0243919549126,0.0292433285136,0.0356282016036,0.0195826227685,,,-0.0231131815872,,,-0.00883861962073,-0.370118240265,-0.0654210154909,-0.0742770293593,-0.0574446534493,0.0198802998639,0.010672039369,0.0382758154687,0.0270683979102,0.0286931783239,-0.0459645165923,-0.0178278475033,0.0342363796708,-0.0151820894676,-0.420950589396,-0.000791452356312,0.000559785075869,0.00866074362409,0.0386063571633,0.0605843638382,0.00405485917552,,,8.18795070796e-05,,,-0.00249514977384,-0.324587968996,-0.0375774549013,-0.0670774353435,-0.0589059326306,0.0175899799017,0.0223882568125,0.0247475895932,-0.0519074831337,-0.0491479302695,-0.0198298187624,0.0813658647252,0.0322474897479,0.0244162431531,-0.0646295631346,0.00100646576033,,0.0646295631346,1,-0.0135135323573,0.036786002545,-0.00323636004682,-0.0620003899396,-0.0378043698279,-2.7,0.746599629698,0.665273622605,2018-02-18 23:59:59+00:00,2018-02-23 06:00:00+00:00,,2018-02-19,2018-03-01 23:00:00+00:00,-0.0331062339236
2018-02-19,-0.0254919577986,-0.0585981917223,-0.0486551028083,-0.00397201545158,0.0059796228252,0.021257778113,,,-0.0362616593895,,,-0.0126237466886,-0.385972226393,-0.0344921504791,-0.09991316597,-0.0813782255742,-0.0241403062216,-0.0121296610282,0.0393391542456,0.0286398079193,0.0291942417347,-0.0599458075228,-0.0502815378431,-0.00652746448707,-0.0194115055452,-0.440582725173,-0.0164917651182,-0.0172832174745,-0.0159319800423,0.0161962753184,0.0240889066786,0.00838597160196,,,-0.0123753107073,,,-0.00583598783201,-0.335635359696,-0.0433405842955,-0.0809180391969,-0.101065454121,-0.0259059828183,0.0237671635361,0.024660302464,-0.0236925323233,-0.075600015457,-0.0516152266442,0.0455030789156,0.0318737915372,0.0245902204472,-0.0180003853609,-0.00456649421898,,0.0180003853609,1,-0.0107996181558,0.0268488191773,-0.0171327113117,-0.0669299521929,-0.0203563915357,-1.7,0.821111408578,0.570767951713,2018-02-25 23:59:59+00:00,2018-02-23 06:00:00+00:00,-0.00567805142628,2018-02-26,2018-03-08 23:00:00+00:00,-0.0254919577986
2018-02-26,0.00585527177074,-0.0196366860279,-0.0564953081696,,0.00352230304311,0.0182235863701,,,-0.016752375881,,,-0.0143947734303,-0.382366380602,0.0362422228143,0.00175007233523,-0.0725269570241,-0.039339734558,0.0138540302629,0.0429980834259,0.0303420470664,0.0297805060615,-0.00704988956161,-0.016255584456,0.0231678841916,-0.0191974338916,-0.419936323782,-0.0245316792729,-0.0410234443911,-0.0404636593152,,-0.00680942417665,0.0124754013001,,,-0.0266249803545,,,-0.00959211296905,-0.35173505628,0.0437069517662,0.000366367470667,-0.0667110678728,-0.00794303463554,0.0406547504339,0.0269871606011,0.0310188078225,0.00732627549921,-0.0418216547702,0.0423438819541,0.0355351551846,0.0247366284537,0.0607739020872,-0.00325886711066,,0.0607739020872,0,0.00522341499181,-0.0682386310391,-0.00690920867969,-0.00445533526398,0.00309480199583,-0.3,0.883730762406,0.467995661922,2018-03-04 23:59:59+00:00,2018-03-01 23:00:00+00:00,-0.00780640688374,2018-03-05,2018-03-15 23:00:00+00:00,0.00585527177074
2018-03-05,-0.00567805142628,0.000177220344453,-0.0584209713778,-0.0405006286512,-0.000567728220468,0.017880479471,,,-0.00772852317294,,,-0.0145615714429,-0.385863398537,-0.0104862744943,0.0257559483201,-0.07415721765,-0.0588674109732,0.00514956385763,0.042888441129,0.0305057225148,0.0273006588087,0.00153013046152,-0.0268917815142,0.00837710504188,-0.0189354247092,-0.425987249433,-0.000869828358299,-0.0254015076312,-0.0426847251057,-0.0221338463292,-0.00628502029857,0.0118274844258,,,-0.0170493433324,,,-0.0101877181765,-0.352298690344,0.00766287274557,0.0513698245118,-0.0295482146851,-0.0266913644054,0.040992740689,0.0267339065403,-0.00642366107992,0.0245951467426,-0.0510048687144,0.0114638810414,0.0346832264715,0.0249929276513,-0.00961644613597,-0.00329783130689,,0.00961644613597,1,-0.00406261341435,-0.00853270110387,-0.0040511649817,0.0284179906019,0.00333711119506,0.2,0.933550754601,0.358445237914,2018-03-11 23:59:59+00:00,2018-03-08 23:00:00+00:00,-0.00189517290184,2018-03-12,2018-03-22 23:00:00+00:00,-0.00567805142628
2018-03-12,-0.00780640688374,-0.01348445831,-0.0331211443379,-0.0575130992505,0.00058889910566,0.0129492834523,,,-0.00721533627922,,,-0.00832558601569,-0.39063893459,-0.0245561111931,-0.0350423856874,-0.0332923133522,-0.0907369668014,-0.00148047891575,0.0313000382152,0.0308905584108,0.0257852542342,-0.0146143975368,-0.0503937694503,-0.0172183397859,-0.00820919534452,-0.439911112725,0.00894329742564,0.00807346906734,-0.0329499753237,-0.0242892316996,0.00265827712707,0.0150896825283,,,8.75073095341e-05,,,-0.00844197668686,-0.346480125091,-0.0137865905961,-0.00612371785053,-0.00575735037986,-0.0646632830105,0.0366479049328,0.02689183634,-0.00672467051933,-0.0131483315992,-0.00582205610003,-0.0256518748624,0.0231049277398,0.0244841065954,-0.0334994086188,0.00394356560109,,0.0334994086188,0,-0.0178314406738,0.0227298880217,-0.0317261653544,-0.0256744995648,0.0271101349231,2,0.969849825926,0.243703334306,2018-03-18 23:59:59+00:00,2018-03-15 23:00:00+00:00,0.0237329407884,2018-03-19,2018-03-29 22:00:00+00:00,-0.00780640688374
2018-03-19,-0.00189517290184,-0.00970157978558,-0.00952435944113,-0.0581794622494,-0.00577298872617,0.00601048496602,,,-0.00674032691861,,,-0.00193701380442,-0.391792685544,0.00420653484469,-0.0203495763484,0.00540637197164,-0.0759718536026,-0.00920547864358,0.0260566753133,0.0307133286494,0.025109927005,-0.0117787428617,-0.04574345446,-0.0153509829678,0.00205970673472,-0.437550116981,-0.00799688064836,0.000946416777272,-0.0244550908539,-0.0403870708962,-0.00234049880876,0.0141064960343,,,-0.00174853391146,,,-0.00593373434357,-0.351685404791,-0.0151947097053,-0.0289813003014,0.0223885242104,-0.0786769299102,0.0274751707949,0.0267456261247,-0.00614986075578,-0.0128745312751,0.0117206154675,-0.0398946111767,0.0187272407166,0.0247207271952,0.012203415493,-0.00265767003414,,0.012203415493,0,0.0103563956005,0.00719782905691,-0.0151954669112,0.00558284948638,0.0250504063054,1.7,0.992102245058,0.12543179561,2018-03-25 23:59:59+00:00,2018-03-22 23:00:00+00:00,0.0145929056624,2018-03-26,2018-04-05 22:00:00+00:00,-0.00189517290184
2018-03-26,0.0237329407884,0.0218377678865,0.00835330957649,-0.0481419985932,0.0102365658956,0.0146353450023,,,0.0149677187187,,,0.0013008992483,-0.377185487097,0.0474658815767,0.0516724164214,0.016630030734,-0.0558969262901,0.0287319473267,0.0311690547306,0.0334476428502,0.0264995208296,0.0318503963185,-0.00153339906105,0.0288577574056,0.00194735788914,-0.410209189926,0,-0.00799688064836,7.65884189731e-05,-0.0403870708962,-0.00825881553546,0.00694472950935,,,-0.00176761302072,,,0.000654440607471,-0.351685404791,0.0495486569871,0.0343539472819,0.0282302294313,-0.0384808384415,0.0301965883713,0.0301065702694,0.0451497141398,0.038999853384,0.0258515217847,-0.0159701329855,0.0257922908045,0.0270616586239,0.0474658815767,0.00167526995365,,0.0474658815767,0,0.00231616743693,-0.0495486569871,-0.0159488416105,0.0757272929158,0.00107289741909,0.6,0.999985722936,0.00534358719969,2018-04-01 23:59:59+00:00,2018-03-29 22:00:00+00:00,,2018-04-02,2018-04-12 22:00:00+00:00,0.0237329407884
2018-04-02,0.0145929056624,0.0383258464507,0.0286242666652,-0.0297967047127,,0.0145590737156,,,0.0224590052762,0.00407749615256,,,-0.368030174831,0.0208930365828,0.0683589181595,0.0480093418111,-0.0261478758389,-0.00181666724123,0.0301883100915,0.0306573282309,0.0265458261308,0.0407847656828,0.0196924635745,0.0467234115443,0.0121420790867,-0.39775704031,0.00829277474196,0.00829277474196,0.00923919151923,-0.0334455335864,,0.00798669971236,,,0.00422094635146,-0.0115305209667,,,-0.346286723808,0.0183990459688,0.0679477029559,0.0389664026545,0.00941818796942,0.0307405728158,0.0297216295112,0.0133491815637,0.0584988957035,0.0456243644284,-0.00538050428598,0.0243539432732,0.025969118864,0.0126002618408,0.0018972541682,,0.0126002618408,1,0.00754385501906,-0.0101062712268,0.00416427563317,0.0355078447564,0.00839535576064,0.7,0.99338608057,-0.114822014132,2018-04-08 23:59:59+00:00,2018-04-05 22:00:00+00:00,,2018-04-09,2018-04-19 22:00:00+00:00,0.0145929056624
2018-04-09,,,,,,,,,,,,,,-0.0173732526379,0.00351978394485,0.0551922003662,0.0218998870141,-0.0282313218001,0.0273709638657,0.0308727088836,0.0255388823382,0.00900442079063,0.00434695975108,0.0242481645357,0.01596969023,-0.408129595989,,,,,,,,,,,,,,-0.0179540147351,0.000445031233703,0.0347989785156,0.0290416281357,0.0318542405523,0.0293512383965,-0.0295785045944,-0.0162293230307,0.0227705303533,0.0169484742533,0.0316216265317,0.0271151928307,,-0.000840464477539,,,,0.0122052519565,,-0.00806233637859,0.0478468899522,0.00490080302315,0.5,0.97239890274,-0.233324610683,2018-04-15 23:59:59+00:00,2018-04-12 22:00:00+00:00,0.0114715215864,2018-04-16,2018-04-26 22:00:00+00:00,
2018-04-16,,0.0208571661996,0.0591830126503,0.0496586532092,-0.000225259502058,,,,,,,0.0148130808166,-0.354710654281,0.0447246160816,0.0273513634437,0.0957102816032,0.101116653575,0.00917984964642,0.0300085297942,0.0334653062247,0.0267151114204,0.0303486749778,0.049510820227,0.0646201424591,0.0232214281203,-0.38105753822,,0.0143629689555,0.0226557436975,-0.00179934715644,-0.00963036865054,,,,,,,0.00640473351287,-0.336829707477,0.0550799048667,0.0371258901316,0.105073593088,0.127462117298,0.0336135978236,0.0325837117693,0.045679379557,0.0161008749626,0.0745997706661,0.0863203861336,0.0355289062606,0.0287273219215,,0.000411367334628,,,,-0.000954763475397,,-0.0241889650984,-0.0308219178082,-0.00411305012045,-1.1,0.937328153605,-0.348447890595,2018-04-22 23:59:59+00:00,2018-04-19 22:00:00+00:00,0.0160007906923,2018-04-23,2018-05-03 22:00:00+00:00,
2018-04-23,0.0114715215864,,0.0469215934483,0.0552749030248,0.0124750719873,,,,,,,0.01077077744,-0.347265582113,0.0104398137382,0.0551644298198,0.0586842137647,0.0753142444987,0.0301782417388,0.025733704508,0.0333829462392,0.0266182974071,0.0259414369063,0.0579592227936,0.0695510020163,0.0123496502305,-0.374562047342,0.0125032294345,,0.035158973132,0.035235561551,-0.00522809776422,,,,,,,0.00919190464948,-0.328485883482,0.0327789559745,0.0878588608412,0.0883038920749,0.116534121506,0.0306579683697,0.0336563371491,0.0228208274404,0.0685002069974,0.0522708839667,0.0781224057514,0.0315035613678,0.0292186367457,-0.00206341569634,0.00654827781063,,0.00206341569634,1,-0.0123810137022,-0.0202757265399,-0.0208313387586,-0.0229681978799,-0.0193521741696,-1.6,0.888681774293,-0.458524485758,2018-04-29 23:59:59+00:00,2018-04-26 22:00:00+00:00,0.00906526144805,2018-04-30,2018-05-10 22:00:00+00:00,0.0114715215864
2018-04-30,0.0160007906923,0.0274723122787,0.0483294784783,0.0769537451434,0.0147803855475,,,,,,,0.0109454168851,-0.336737309597,0.0202899113774,0.0307297251156,0.0580810885593,0.10609043037,0.023077198852,0.0256868201834,0.032994392528,0.0267224075777,0.0317324142594,0.0776027397849,0.0848096624131,0.0127451029974,-0.361742351261,0.0117116700072,0.0242148994417,0.0385778683972,0.0478170599165,0.00648357224298,,,,,,,0.00914573077292,-0.320575097912,0.0183585236807,0.0511374796552,0.0882633697868,0.127229772441,0.0306595950191,0.0338554827371,0.00540390217876,0.0282247296191,0.0443256045817,0.0899499690101,0.0317295664914,0.0287868641248,0.00857824137025,0.00164208265552,,0.00857824137025,1,0.0148860091987,-0.00664685367348,-0.0317773305413,0.00361663652803,-0.00360989110162,0.3,0.827164326226,-0.561960120845,2018-05-06 23:59:59+00:00,2018-05-03 22:00:00+00:00,0.022805925514,2018-05-07,2018-05-17 22:00:00+00:00,0.0160007906923
2018-05-07,0.00906526144805,0.0250660521404,,0.0938254134752,0.0275980352137,,,,0.0177228639561,,,,-0.33069732424,0.0026161480896,0.022906059467,0.0780704892868,0.133262689653,0.03454936081,0.0182944017365,0.0328394079426,0.0265023081183,0.0147273634295,0.0773848421897,0.0818276081312,0.0168599791825,-0.360070388635,0.0155143748065,0.0272260448137,,0.0543881372973,0.0206467096173,,,,0.020721623471,,,,-0.309952053457,-0.00749648767823,0.0108620360024,0.0987208968436,0.133519875359,0.0262363280316,0.0324964425914,0.00689688266599,0.0123007848447,0.0808009918421,0.103571522195,0.0187257840101,0.0288043575376,-0.0128982267169,-0.00280907019656,,0.0128982267169,1,-0.00428073457639,0.0230108624847,-0.0319029866447,-0.0004004004004,-0.0045287120343,-0.7,0.75366678672,-0.657256703728,2018-05-13 23:59:59+00:00,2018-05-10 22:00:00+00:00,0.0232402400469,2018-05-14,2018-05-24 22:00:00+00:00,0.00906526144805
2018-05-14,0.022805925514,0.0318711869621,0.0593434992407,0.118526511891,0.0835101946513,0.0060414564586,,,0.0258148019315,,,0.00841201368317,-0.315257870938,0.035934105726,0.0385502538156,0.0692799789312,0.164990260534,0.135904482027,0.0143625152111,0.0268072125303,0.0268470455364,0.0336599291719,0.104743581577,0.114853111084,0.00686580380766,-0.336656938985,0.00967774530202,0.0251921201085,0.0494070195503,0.0720627632477,0.0311159072756,0.00242109790576,,,0.0180033014146,,,0.00995822355867,-0.303241526172,0.0248427011855,0.0173462135073,0.0684836931625,0.17355728625,0.0174389259887,0.0298769004945,0.0312970886476,0.0381939713136,0.0664187009327,0.141018471599,0.0125725377145,0.0243619665412,0.026256360424,-0.00626452864454,,0.026256360424,1,0.00463701707841,-0.0151649558835,-0.000799735739495,0.00761065491688,0.00903797161228,0.7,0.669253644676,-0.743034022834,2018-05-20 23:59:59+00:00,2018-05-17 22:00:00+00:00,0.0105000038598,2018-05-21,2018-06-01 05:00:00+00:00,0.022805925514
2018-05-21,0.0232402400469,0.0460461655609,0.0711122177013,0.11803381115,0.132242392497,0.00668795901329,,,0.031351726627,,,0.00760556269479,-0.299157941007,0.0269698037873,0.0629039095133,0.0858099689804,0.144494182745,0.197366436293,0.0140986679168,0.0234263547073,0.0269194472129,0.0392297280641,0.117469921176,0.136861447727,0.00627045868406,-0.318523275254,0.0195106763065,0.0291884216085,0.0564144664222,0.0915734395542,0.0671183487003,0.00434113190446,,,0.0234907710187,,,0.00894066670552,-0.289513814123,0.0317347718276,0.0565774730131,0.0674395090156,0.15574340109,0.0171315150169,0.0252389889066,0.0104335041155,0.0417305927631,0.0540313776079,0.106302261575,0.0120455728196,0.0221782331911,0.00745912748086,0.00170595325079,,0.00745912748086,1,0.0165362996718,-0.0122240955211,-0.00827345014181,-0.0184853905784,-0.000420799519086,0.7,0.575147483235,-0.818049737197,2018-05-27 23:59:59+00:00,2018-05-24 22:00:00+00:00,-0.00307644693119,2018-05-28,2018-06-07 22:00:00+00:00,0.0232402400469
2018-05-28,0.0105000038598,0.0337402439067,0.0656114308688,0.113940909347,0.136887124586,0.00766883470077,,,0.0252728761338,,,0.00587307890289,-0.291760327161,-0.00569245592538,0.0212773478619,0.0598276016775,0.117908690237,0.155431757554,0.0196896171905,0.0231705116443,0.0270267141643,0.018057681207,0.0976217300536,0.122805986063,0.00300061137679,-0.32239153109,0.026692463645,0.0462031399515,0.07139526006,0.109973128457,0.118342491618,0.00714581218582,,,0.0324817796049,,,0.00874554642899,-0.270293814013,-0.0020846051885,0.0296501666391,0.0469963801464,0.135259749933,0.0194305044945,0.0244622258294,-0.00447025499465,0.00596324912089,0.0441572204345,0.0884828250162,0.0149270549344,0.0218980998205,-0.0323849195704,0.00136599561407,,0.0323849195704,0,-0.00122220093074,0.0287770688335,0.00556164744068,0.0724989874443,0.0316935289873,2.1,0.472711272708,-0.881217369697,2018-06-03 23:59:59+00:00,2018-06-01 05:00:00+00:00,-0.00989868174437,2018-06-04,2018-06-14 22:00:00+00:00,0.0105000038598
2018-06-04,-0.00307644693119,0.00742355692864,0.0534697224895,,0.139488729081,0.01245231969,,,0.00870342548356,,,0.00263752838538,-0.293935840787,-0.0271476739474,-0.0328401298728,0.0300637796405,0.108134268927,0.1387703581,0.0292236936652,0.0249107884324,0.0277852263023,-0.0164238621093,0.0569710273226,0.0866129180159,-0.00315869802068,-0.34053957175,0.0209947800851,0.0476872437301,0.0768756653386,,0.140207100062,0.00707405282272,,,0.0342154315651,,,0.00843375479145,-0.254811841483,-0.0421337188563,-0.0442183240448,0.0123591489683,0.111080045812,0.0334945978122,0.0290115562429,-0.0583118801087,-0.0627821351034,-0.0210515423402,0.0597494495019,0.0382876500922,0.0287597794668,-0.0481424540325,0.00230379967096,,0.0481424540325,0,0.0311642061613,0.0631284989414,0.0188870181193,0.00528700906344,0.0124744972311,1.5,0.363428630231,-0.931622042852,2018-06-10 23:59:59+00:00,2018-06-07 22:00:00+00:00,-0.00713414496931,2018-06-11,2018-06-21 22:00:00+00:00,-0.00307644693119
2018-06-11,-0.00989868174437,-0.0129751286756,0.0207651152312,0.0801086144719,0.13739645422,0.0147197119746,,,-0.00633108624436,,,-0.00537767920916,-0.300890467585,-0.0231292780744,-0.0502769520218,-0.0289996041599,0.0402803747714,0.140197191219,0.0246406832659,0.0247452200755,0.0279790291539,-0.0320691117283,0.0221814298246,0.056182130618,-0.0180343003645,-0.355617373868,0.00333191458562,0.0243266946707,0.0705298346222,0.119936854172,0.134595717222,0.0100236746097,,,0.0196535911088,,,0.0072789419462,-0.25232479718,-0.0183429943165,-0.0604767131728,-0.0308265465337,0.0376571466287,0.0310139110406,0.0293505223712,-0.0243006496912,-0.0826125297999,-0.076649280679,-0.0102305797463,0.029725746797,0.0297937170942,-0.02646119266,-0.0035019726956,,0.02646119266,0,0.00117137161681,0.0216749089021,-0.0179889377879,-0.040007513148,0.0078300420289,0.3,0.248882332053,-0.9685337293,2018-06-17 23:59:59+00:00,2018-06-14 22:00:00+00:00,-0.0120876892715,2018-06-18,2018-06-28 22:00:00+00:00,-0.00989868174437
2018-06-18,-0.00713414496931,-0.0170328267137,-0.00960926978505,0.0615029479162,0.132157482153,0.00904636234527,,,-0.0110395658664,,,-0.0125682776119,-0.305860267623,-0.00402812401447,-0.0271574020888,-0.0599975319617,0.0258124370187,0.13196253236,0.0118415030319,0.0250313760142,0.0280035835619,-0.0213761845846,0.00831021504553,0.0470424899229,-0.0251503470181,-0.358207806205,-0.0102401659241,-0.00690825133853,0.0407789923916,0.0971934588137,0.132352431946,0.0168671228934,,,-0.000808637168702,,,1.37917943723e-05,-0.259942047796,0.00380469704366,-0.0145382972728,-0.0587566213176,0.00868288769791,0.0205544145005,0.0284612031184,0.0130136532068,-0.0112869964844,-0.0740691315878,-0.0200377539799,0.0305972559945,0.0296979627879,0.00621204190967,-0.00160830009615,,0.00621204190967,1,-0.0170417772212,-0.0140448629678,0.0236718893045,0.069849344551,0.011196800914,1,0.13073138967,-0.991417825014,2018-06-24 23:59:59+00:00,2018-06-21 22:00:00+00:00,0.00642377292334,2018-06-25,2018-07-06 05:00:00+00:00,-0.00713414496931
2018-06-25,-0.0120876892715,-0.0192218342408,-0.0321969629163,0.0334144679524,0.0963368520931,0.00388568214107,,,-0.0150494213176,,,-0.0154597678132,-0.314200305577,-0.0171358979384,-0.0211640219529,-0.0714409739747,-0.0116133722972,0.0673607528449,0.0100973807762,0.0233630356059,0.0283071062848,-0.0205589622629,-0.0137194781557,0.0255337810639,-0.0230418398664,-0.369111800054,-0.00703948060447,-0.0172796465286,0.00704704814206,0.0784423082021,0.125312951341,0.0140698555913,,,-0.00954294836151,,,-0.00787769575997,-0.265133377826,-0.00194101532877,0.0018636817149,-0.0586130314579,-0.0116166513115,0.0205838699073,0.0261820874291,0.00178072936213,0.0147943825689,-0.067818147231,-0.0236609267965,0.0316938365754,0.0272640332008,-0.010096417334,0.00253553069965,,0.010096417334,1,-0.0189166273006,-0.0050984652757,0.000127759607522,-0.013167520117,0.00649680808994,0.8,0.0106870218179,-0.999942892152,2018-07-01 23:59:59+00:00,2018-06-28 22:00:00+00:00,0.00211350052118,2018-07-02,2018-07-12 22:00:00+00:00,-0.0120876892715
2018-07-02,0.00642377292334,-0.00566391634811,-0.0226967430618,0.0307729794277,0.088167719354,0.00831607837886,,,-0.00303006804238,,,-0.0124563180235,-0.309780704008,0.021681595864,0.0045456979256,-0.0226117041632,0.00745207547725,0.0681493121261,0.0198921893666,0.0234082072318,0.0268641543144,0.00666945226362,0.00277634140248,0.0453075822284,-0.0108951808197,-0.355283771908,-0.00883405001736,-0.0158735306218,-0.0227817819604,0.0540938833782,0.108186126582,0.00615913907749,,,-0.0126701610124,,,-0.0140174552272,-0.271596635917,0.0150249890538,0.0130839737251,-0.00145432354775,0.0109048254205,0.013903599443,0.0260795370168,0.109864560207,0.111645289569,0.100358293085,0.0793067507444,0.0586382201413,0.0404045586319,0.0305156458814,-0.00140623067226,,0.0305156458814,0,-0.0881829643429,-0.0238590390712,0.00114117336467,0.0124166048925,-0.00914907947912,-0.4,-0.109512129666,-0.993985459379,2018-07-08 23:59:59+00:00,2018-07-06 05:00:00+00:00,-0.00159849538533,2018-07-09,2018-07-19 22:00:00+00:00,0.00642377292334
2018-07-09,0.00211350052118,0.00853727344452,-0.0106845607962,0.0100805544349,,0.00844985284957,,,0.00176698599324,0.0112929034976,,,-0.308320382515,0.00625605259359,0.0279376484576,0.00677362650472,-0.0222259776551,0.0917786173577,0.0164075599495,0.0224015383706,0.0268427828706,0.0112581209428,0.00224734336975,0.0492539783855,-0.00536648701672,-0.351237750411,-0.00202905155124,-0.0108631015686,-0.0281427480972,0.042387086525,,0.00358558259449,,,-0.00769463959785,0.0200581597678,,,-0.27307310547,0.0143834209755,0.0294084100294,0.0312720917443,0.000445545210552,0.00829438413652,0.0250162249288,-0.00404051891974,0.105824041287,0.120618423856,0.0439691431771,0.0536093042487,0.0389109782578,0.00828510414483,-0.00050005706676,,0.00828510414483,0,0.0102965715133,-0.0164124725268,0.0350893609058,-0.00384404173531,-5.66475953095e-05,-0.4,-0.228125181163,-0.973631810142,2018-07-15 23:59:59+00:00,2018-07-12 22:00:00+00:00,-0.0187713493803,2018-07-16,2018-07-26 22:00:00+00:00,0.00211350052118
2018-07-16,-0.00159849538533,0.000515005135848,-0.00514891121226,-0.0147581809973,0.0678255582903,0.00791141244819,0.0116873972207,,0.00145959210548,0.00456125005819,,-0.00650457844078,-0.309425145977,-0.00633463946658,-7.8586872987e-05,0.00446711105261,-0.055530420909,0.0407193618095,0.0167133447511,0.0195409551455,0.0268771777143,0.00374849866422,-0.00711652799959,0.0405971899646,-0.00201548083758,-0.355334436149,0.00313764869592,0.00110859714468,-0.0147649334771,0.0260140589144,0.0949317547711,0.00538689153657,0.0119932932952,,-0.000877892846936,0.0160209565825,,-0.010993676044,-0.270788682262,-0.0136925195875,0.000690901388027,0.0137748751131,-0.0449817462046,0.0138618052227,0.0216249688394,-0.024209869952,-0.0282503888717,0.0833949006974,0.00932576910961,0.0603797946811,0.0386982087239,-0.0094722881625,-0.00268197782865,1.62918770323,0.0094722881625,0,0.0178752304854,0.0168301682834,-0.00304893081968,-0.0492466005145,-0.0233967822343,-2.4,-0.343434221059,-0.939176732999,2018-07-22 23:59:59+00:00,2018-07-19 22:00:00+00:00,0.0110161338231,2018-07-23,2018-08-02 22:00:00+00:00,-0.00159849538533
2018-07-23,-0.0187713493803,-0.0203698447657,-0.0118325713212,-0.0440295342375,0.0375826873236,0.011040049095,0.0132449042726,,-0.0142809436067,-0.0168699097097,,-0.00584911877826,-0.322267258852,-0.0352300955901,-0.0415647350567,-0.013627086599,-0.0850680605737,-0.00495054751878,0.0241114959679,0.0220605519101,0.0277564632942,-0.0277665275366,-0.0411360514826,0.00360909124624,-0.00302596030216,-0.377650656187,-0.0023126031706,0.000825045525321,-0.0100380560433,-0.00299100790122,0.080115922166,0.00490441367167,0.0121606764916,,-0.000673372554663,0.00762490255495,,-0.00867227725436,-0.27247311021,-0.0548718423483,-0.0685643619358,-0.0391559519064,-0.0977689833643,0.0329025841333,0.0253344447891,-0.0427553836293,-0.0669652535812,0.038858787706,-0.028959359525,0.0686128915717,0.040637093635,-0.0329174924195,0.00382196614156,1.81394003741,0.0329174924195,1,0.00752528803919,0.0525592391776,-0.000832570830345,-0.00328565906455,0.00266836823482,-0.5,-0.45376919082,-0.891119252099,2018-07-29 23:59:59+00:00,2018-07-26 22:00:00+00:00,-0.00259048344321,2018-07-30,2018-08-09 22:00:00+00:00,-0.0187713493803
2018-07-30,0.0110161338231,-0.00775521555721,-0.00724021042136,-0.0299369534832,0.0325980304544,0.0124851334552,0.0129014518741,,-0.00155440015918,-0.00841147366158,,-0.00431759340953,-0.314759989659,0.0303819852042,-0.00484811038585,-0.00492669725884,-0.0275384014221,0.00514152630801,0.0273094759195,0.0230058899502,0.027876286379,0.00346690275876,-0.0119420696989,0.0334244872153,-0.0016271763384,-0.358452282027,-0.00834971755797,-0.0106623207286,-0.00955372358389,-0.0323355055442,0.0600545346008,0.00469785049002,0.0126604632619,,-0.00662015473663,-0.00521033383644,,-0.00700801048065,-0.278522463913,0.0375896116904,-0.0172822306579,-0.0165913292698,-0.0180456528176,0.0397888084332,0.0271499002994,0.015227478644,-0.0275279049853,-0.055778293857,0.0445799992277,0.025063506106,0.0408050194725,0.0387317027622,-0.000820934809903,1.81700088484,0.0387317027622,0,0.0151545065602,-0.0459393292484,0.0246101806782,0.000387822377351,0.0112814579115,2.3,-0.557532072999,-0.830155399656,2018-08-05 23:59:59+00:00,2018-08-02 22:00:00+00:00,0.00148908644041,2018-08-06,2018-08-16 22:00:00+00:00,0.0110161338231
2018-08-06,-0.00259048344321,0.00842565037992,-0.0119441943858,-0.022628755182,0.0209422855632,0.0122109050859,0.0128124457242,,-0.0011494243916,-0.0125337757114,,-0.00459699363976,-0.316532795357,-0.00655268783165,0.0238292973726,-0.0177354376841,-0.0109618111794,-0.00402730961324,0.0268865120941,0.0230725865609,0.0278470741583,0.0013787440233,-0.0180961452241,0.0254576662305,-0.00412406637385,-0.36264240069,0.00137172094522,-0.00697799661275,-0.00615295108743,-0.0342956991846,0.0459118807395,0.00507699624588,0.0122471569488,,-0.00372743186076,-0.00725843004808,,-0.00506992090567,-0.277532118982,-0.00852270175207,0.0290669099383,-0.0394974519974,-0.00822536025317,0.0378329985989,0.0271718019052,-0.00785824853746,0.00736923010655,-0.0595960234747,0.0610224003814,0.0246295710127,0.040872871363,-0.00792440877686,-0.00166587831772,1.88375987158,0.00792440877686,0,0.00130556070581,0.00989442269728,0.00990393983558,0.0151192091491,0.00675057208238,0.5,-0.653220035838,-0.75716813508,2018-08-12 23:59:59+00:00,2018-08-09 22:00:00+00:00,-0.00630447331299,2018-08-13,2018-08-23 22:00:00+00:00,-0.00259048344321
2018-08-13,0.00148908644041,-0.00110139700281,-0.00885661256002,-0.0140055237723,-0.00037455351044,0.012423591112,0.0111270631221,,0.00256951608971,-0.0110340738418,,-0.00218534133151,-0.315514295481,0.000422079469796,-0.00613060836185,-0.0109787187477,-0.00651160769509,-0.0395393358694,0.0269394844222,0.0203675363543,0.0243190664562,0.00457892761672,-0.0146787895903,0.0221853117293,0.000296807687645,-0.362373328351,0.00255609341102,0.00392781435624,-0.00673450637233,-0.0214994398495,0.0387902288485,0.00490383369009,0.0121078161951,,0.000510571982448,-0.00760840647381,,-0.00466749035066,-0.275683061416,-0.027020457575,-0.0355431593271,-0.052825389985,-0.0390505148719,0.0388544682359,0.0268519799621,-0.0226848974601,-0.0305431459976,-0.0580710509829,0.0253238497145,0.0244485434974,0.0402990673532,-0.00213401394123,0.000844158939591,1.68204191278,0.00213401394123,1,0.0231069769299,0.0295765509861,0.0284317868334,0.0190949016613,0.0217638367996,1.5,-0.73944719928,-0.673214556792,2018-08-19 23:59:59+00:00,2018-08-16 22:00:00+00:00,0.0132232015326,2018-08-20,2018-08-30 22:00:00+00:00,0.00148908644041
2018-08-20,-0.00630447331299,-0.00481538687258,0.00361026350734,-0.00822230781381,-0.0299192668703,0.00745589409822,0.0087394134357,,-0.00462470012959,-0.0149878235004,,0.00320404794378,-0.319816042964,-0.0113317166219,-0.0109096371521,0.0129196602204,-0.000707426378574,-0.0778408562787,0.0187337421995,0.0183331259798,0.0232652631799,-0.00989638531145,-0.0198350428787,0.00626091097638,0.0092176732304,-0.369557949181,-0.00127723000404,0.00127886340698,-0.00569913320577,-0.0157371892491,0.018002322538,0.00488686340557,0.0110716252637,,0.000662206891543,-0.0102214297716,,-0.00280957734283,-0.276607590199,-0.0225441436665,-0.0495646012415,-0.0204976913032,-0.0596536432096,0.0295461224541,0.0247909824692,-0.0262305228908,-0.0489154203509,-0.0415461902443,-0.00268740253836,0.0188392462595,0.0405666675586,-0.0100544866179,0.000413745869123,1.65571628618,0.0100544866179,1,0.0148988062688,0.0212669136624,0.0143345556598,0.0166760352258,-0.00494966909516,0,-0.81496470712,-0.579510591922,2018-08-26 23:59:59+00:00,2018-08-23 22:00:00+00:00,0.0200144376471,2018-08-27,2018-09-07 05:00:00+00:00,-0.00630447331299
2018-08-27,0.0132232015326,0.00691872821964,0.00581733121683,-0.00142287920454,-0.0271960691975,0.00846693745895,0.00909714002106,,0.00715167726359,0.000240931052354,,0.00354633812709,-0.310762104319,0.0218781138958,0.0105463972739,0.00441578891205,-0.000510908346786,-0.0502702864575,0.0146662962856,0.0198980520331,0.0226460564506,0.0108770484495,0.00584173578842,0.0244731998661,0.00497089234013,-0.35561307868,0.00456828916941,0.00329105916537,0.00721887352161,-0.00233485006228,-0.00412185193759,0.00244184223936,0.00818013291477,,0.00343012836627,-0.00537527722729,,0.00212178391406,-0.273295364647,0.041353475624,0.0188093319575,-0.0167338273696,-0.0333251566394,0.0313639107253,0.0284897873955,0.0291421611991,0.00291163830832,-0.0276315076893,-0.0834098015462,0.0253165787514,0.0417112492469,0.0173098247264,-0.000243633812052,2.43218784493,0.0173098247264,1,-0.00726404730324,-0.0367851864545,-0.00639722404806,-0.0455215628456,-0.0182204337134,-1.8,-0.878678814594,-0.477413385635,2018-09-02 23:59:59+00:00,2018-08-30 22:00:00+00:00,0.00379644957935,2018-09-03,2018-09-13 22:00:00+00:00,0.0132232015326
2018-09-03,0.0200144376471,0.0332376391798,0.0284222523072,0.0164780579214,-0.00410518461919,0.0117677302928,0.0109537156542,,0.0201688709621,0.0207914921915,,0.00742134650904,-0.296828423159,0.0377112644743,0.0595893783702,0.048679741218,0.0309443035339,0.0145886519643,0.0218856725379,0.0216301370757,0.0233701019297,0.0367984376724,0.0432836022147,0.0576919448771,0.0110477313073,-0.330848414497,0.00231761081997,0.00688589998938,0.00816476339636,0.00201181230892,-0.0227990212027,0.0024317123958,0.00523520185265,,0.00370622148089,-0.0013012778006,,0.00379496171083,-0.271609192931,0.0444015747849,0.0857550504088,0.0361904491673,-0.00330700283013,0.0391259341871,0.0294168216525,0.0225622602265,0.0517044214255,0.00278900107467,-0.0568070224,0.029206285956,0.0387279457731,0.0353936536544,-0.0054190285622,4.13088297289,0.0353936536544,1,0.0151490042479,-0.0420839639649,0.0239921231375,0.0502027418421,0.00461118068997,0.3,-0.929666729448,-0.36840164516,2018-09-09 23:59:59+00:00,2018-09-07 05:00:00+00:00,0.00540426521399,2018-09-10,2018-09-20 22:00:00+00:00,0.0200144376471
2018-09-10,0.00379644957935,0.0238108872265,0.0307296154461,0.0218730028861,0.00958994670454,0.0114529889825,0.0106083996885,,0.0161764136261,0.0239039816791,,0.00694471565349,-0.294153793887,-0.00149690381786,0.0362143606565,0.0467607579304,0.0357820391827,0.0362210262208,0.0222470802427,0.0204064581455,0.0225927446313,0.0231502457745,0.0387620358104,0.0492170161646,0.00890395669638,-0.331849320743,0.00908980297656,0.0114074137965,0.0146984729619,0.00796396658956,-0.0170411328117,0.00433916826251,0.00590237738941,,0.00914282894417,0.00916271477421,,0.00498547461061,-0.264958081152,0.00743848374804,0.0518400585329,0.0706493904904,0.0178240005054,0.0316087812141,0.0288873730671,-0.0114933836159,0.0110688766105,0.0139805149189,-0.044090536064,0.0266432958709,0.0381328318208,-0.0105867067944,0.00191863513423,3.45674294551,0.0105867067944,0,0.00999647979808,0.00165131922852,0.0462965745192,0.0178341606913,0.0119000396668,1,-0.967189977038,-0.254054223182,2018-09-16 23:59:59+00:00,2018-09-13 22:00:00+00:00,-0.000892515398427,2018-09-17,2018-09-27 22:00:00+00:00,0.00379644957935
2018-09-17,0.00540426521399,0.00920071479334,0.0424383539731,0.0460486174804,0.0221283568878,0.00750103132973,0.0104010243919,,0.0109538675942,0.0276713840794,,0.00890740719421,-0.290328887694,-0.00033664604706,-0.00183354986492,0.0577558285052,0.0706754887257,0.0399125041882,0.0188786604037,0.0203292709548,0.0226310239414,0.00833637137168,0.0351771179188,0.0422244115369,0.0113687644964,-0.332074213171,0.011145176475,0.0202349794516,0.027120879441,0.0214217462352,0.00434420958745,0.00404946651826,0.00617992340696,,0.0135345136043,0.0201258013676,,0.00644604989198,-0.256720087577,0.0189211600108,0.0263596437588,0.112114694168,0.0916170028645,0.0178187631829,0.029236658013,0.0014221657043,-0.0100712179116,0.0416332035139,8.70132695785e-05,0.0187892758367,0.0380405323059,-0.0114818225221,0.00443386982383,3.28903460151,0.0114818225221,0,-0.00175881175136,-0.00777598353576,0.00602370712865,-0.0142702312139,-0.0247521980176,-2.2,-0.990705095898,-0.136027250809,2018-09-23 23:59:59+00:00,2018-09-20 22:00:00+00:00,0.0183757037622,2018-09-24,2018-10-04 22:00:00+00:00,0.00540426521399
2018-09-24,-0.000892515398427,0.00451174981556,0.0283226370421,0.0341399682589,0.0333235307609,0.00902682055,0.00959646942297,,0.00297946459897,0.0241036267302,,0.00451731074045,-0.290961997517,-0.00406835708233,-0.0044050031294,0.0318093575271,0.0362251464391,0.0529800450443,0.0199004710382,0.0195552389697,0.0211157000128,-0.00358974754049,0.0267723847222,0.0333155623019,0.00387695130143,-0.334786053668,0.00228332628548,0.0134285027605,0.024835916557,0.0320547900786,0.0136670164774,0.0045905224047,0.00578100466354,,0.00956209902696,0.0213673239332,,0.00515767017946,-0.255020997966,0.010924895702,0.0298460557128,0.0816861142457,0.0649522868761,0.0166937035132,0.0292407261251,0.0189327228881,0.0203548885924,0.031423765203,0.0037922575137,0.0158614916263,0.0382863816453,-0.00635168336781,-0.00136789910551,3.38208633642,0.00635168336781,0,-0.0230010799705,-0.00864156941651,-0.0159932059206,-0.084661902144,-0.0517370083262,-5,-0.99987150887,-0.0160301512775,2018-09-30 23:59:59+00:00,2018-09-27 22:00:00+00:00,0.0223272656309,2018-10-01,2018-10-12 05:00:00+00:00,-0.000892515398427
2018-10-01,0.0183757037622,0.0174831883637,0.0266839031571,0.0551061554643,0.0452754615997,0.00824771710796,0.0105247567217,,0.0147562471205,0.0394044525945,,0.00318824797391,-0.277812479413,0.0396305422348,0.0355621851524,0.0337286352875,0.0824083765056,0.0709289914151,0.0208572948804,0.021444301866,0.0219944758132,0.0278562258844,0.0623037224885,0.0693475496434,0.00297608255919,-0.307893908726,-0.00287913471045,-0.000595808424965,0.0196391710266,0.027803934423,0.0196219317843,0.00642697992232,0.00513193006164,,0.00175674305166,0.0168829841471,,0.00340041338863,-0.25716280811,0.0358220526588,0.0467469483608,0.0731065921196,0.109297041287,0.0126460888101,0.0303886395081,0.0358074505387,0.0547401734268,0.0446689555152,0.0474579565898,0.0206229082622,0.0242206320911,0.0425096769452,3.74708825997e-05,4.17778960719,0.0425096769452,0,0.00382309169611,-0.0387011873692,-0.0126921040607,0.00680680680681,0.00466271042752,0,-0.994556455799,0.104199118177,2018-10-07 23:59:59+00:00,2018-10-04 22:00:00+00:00,0.00538534100876,2018-10-08,2018-10-18 22:00:00+00:00,0.0183757037622
2018-10-08,0.0223272656309,0.0407029693931,0.0452147192086,0.0759443346548,0.0654892267094,0.0108793878086,0.0117297960557,,0.0259025034203,0.0573922727427,0.0684485367065,0.00626604697836,-0.26150665191,0.0382875629102,0.077918105145,0.0735131020156,0.120273859946,0.102960501732,0.023819726904,0.02330350315,0.0223994599809,0.0481390457349,0.0946720943438,0.102745407749,0.0104582369092,-0.280881024313,0.00636696835161,0.00348783364116,0.0169163364017,0.0316148093636,0.0280179516872,0.00596421637611,0.0051776249481,,0.00391099608771,0.0211570840585,0.0349118590125,0.00207385704756,-0.252418098539,0.0429983504386,0.0788204030974,0.10866645881,0.179315849301,0.0148024932787,0.032002635267,0.0309289068734,0.0667363574121,0.0870912460045,0.101071760923,0.015308168441,0.0257761402359,0.0319205945586,3.14257737382e-05,4.49994030916,0.0319205945586,1,0.00735865603684,-0.036631382087,-0.0195840771022,-0.000198846689203,-0.0212163221023,-1.6,-0.974836916336,0.222919237727,2018-10-14 23:59:59+00:00,2018-10-12 05:00:00+00:00,-0.00455351358312,2018-10-15,2018-10-25 22:00:00+00:00,0.0223272656309
2018-10-15,0.00538534100876,0.0277126066397,0.0451957950034,0.0876341489765,0.0724730631035,0.0108828119731,0.0115592251959,0.0113901045359,0.0198216033374,0.0570588772622,0.0684395444652,0.00572409774289,-0.257518885294,-0.0152271361706,0.0230604267396,0.0586226118921,0.116378440397,0.0940680050277,0.0284357867277,0.0238801733561,0.0214800407992,0.017350719754,0.0701615831067,0.0803900817363,0.00741965258627,-0.291748198929,0.0259978181881,0.0323647865397,0.0317689781148,0.0588898575557,0.0508781211794,0.0126175914174,0.00841129485739,0.0102950682583,0.022119856127,0.0438783972502,0.0563151458072,0.00402854289951,-0.232727756239,-0.0283708655299,0.0146274849087,0.0613744332695,0.173489127437,0.0322212750076,0.0330978254814,-0.0293101842131,0.00161872266027,0.0563588960871,0.097992099601,0.0297893963069,0.0262339243409,-0.0412249543587,0.000466693757866,2.83872281713,0.0412249543587,0,0.0140830480425,0.054368683718,-0.00619638107369,-0.0423627684964,0.00474167128518,0,-0.94099849502,0.338410745058,2018-10-21 23:59:59+00:00,2018-10-18 22:00:00+00:00,-0.00984179316299,2018-10-22,2018-11-01 23:00:00+00:00,0.00538534100876
2018-10-22,-0.00455351358312,0.000831827425642,0.0415347968187,0.0698574338608,0.0866908989007,0.0123102237503,0.00956419008355,0.0114814095517,0.00481319702018,0.0452310180022,0.0585251904473,0.00371516852001,-0.260892097323,-0.0233836156896,-0.0386107518603,0.0393073532848,0.0711167108118,0.105914484928,0.0338078368851,0.0222982593137,0.0221623976399,-0.0155901555109,0.0370464104488,0.0513213444208,0.0016795702498,-0.308117553626,0.0142765885234,0.0402744067115,0.0437622403527,0.0685981569097,0.0674673128734,0.0122440708496,0.00864316588479,0.0103483134651,0.0254358634143,0.0532909837787,0.0654789965946,0.00575076679022,-0.221695159597,-0.0323781173816,-0.0607489829115,0.0180714201859,0.0997575344316,0.0404297004537,0.0300063124027,-0.0379670445844,-0.0672772287975,-0.000540871385433,0.0308828938175,0.0388985048216,0.025593374807,-0.0376602042131,0.00291068974685,2.57957327646,0.0376602042131,0,0.0145834288947,0.046654705905,-0.0170539362777,0.0301142263759,-0.0029418975239,0.4,-0.893531284773,0.4490009389,2018-10-28 23:59:59+00:00,2018-10-25 22:00:00+00:00,-0.0101698983675,2018-10-29,2018-11-08 23:00:00+00:00,-0.00455351358312
2018-10-29,-0.00984179316299,-0.0143953067461,0.0133172998936,0.0400012030506,0.0658329719146,0.0141511654153,0.0104797753613,0.0115892380306,-0.00829080752835,0.0297710234013,0.0442123330352,-0.00173474978927,-0.268130566242,-0.0187689122782,-0.0421525279678,-0.0190921012282,0.0146365340593,0.0567635874457,0.0289006436956,0.0223808231632,0.0223289590914,-0.0293753572178,0.0133856539358,0.0293212386559,-0.00913945511056,-0.320982328001,-0.000914674047829,0.0133619144756,0.0457267010153,0.0653658720419,0.0749023563835,0.0115231599916,0.00788535386892,0.0103500198537,0.0129026450172,0.0462163148365,0.0590309110825,0.00566995553202,-0.222406729359,-0.0274100292562,-0.0597881466378,-0.0451606617291,0.0279459303906,0.0362562408347,0.0303095231464,-0.0408587749075,-0.0788258194919,-0.0772070968316,-0.0325381413165,0.0338446755542,0.0277117404089,-0.0178542382303,0.00185212217649,2.83791769115,0.0178542382303,1,0.0220898626294,0.0264953552083,-0.0310946800025,0.00463709677419,0.00915908532088,0.2,-0.833122768723,0.55308810531,2018-11-04 23:59:59+00:00,2018-11-01 23:00:00+00:00,-0.0113507518923,2018-11-05,2018-11-16 06:00:00+00:00,-0.00984179316299
2018-11-05,-0.0101698983675,-0.0200116915305,-0.0191798641049,0.0260348551038,0.0582535569903,0.00725849645659,0.0111316775266,0.0118497588481,-0.0136375631964,0.0148482843565,0.03052717502,-0.00927600887163,-0.275535884509,-0.0203397967351,-0.0391087090132,-0.0777194608735,-0.00420635885786,0.0429764785423,0.00339410805133,0.023251099563,0.0227688118378,-0.0302837231627,-0.0101985686437,0.00710413235455,-0.0227357481832,-0.334653899603,0,-0.000914674047829,0.0393597326637,0.0562760690654,0.0735306354383,0.0128224675236,0.00795783813125,0.0101767947515,0.00309906148251,0.0402812144309,0.0541965693318,0.0041837304399,-0.222406729359,-0.054425195142,-0.0818352243982,-0.14258420731,-0.0339177484995,0.0127029658299,0.0343318745049,-0.0357822627639,-0.0766410376714,-0.143918266469,-0.0568270204644,0.0049083715111,0.0291724223349,-0.0203397967351,-0.000130906964719,2.92141882767,0.0203397967351,0,0.0154424660288,0.054425195142,-0.0274299013632,-0.00401364639775,-0.000548212219041,0.6,-0.760647863164,0.649164715819,2018-11-11 23:59:59+00:00,2018-11-08 23:00:00+00:00,-0.0312692437584,2018-11-12,2018-11-22 23:00:00+00:00,-0.0101698983675
2018-11-12,-0.0113507518923,-0.0215206502598,-0.0359159570059,0.00927983799751,0.0454137186576,0.00302063944819,0.0119582022279,0.0114583746836,-0.0159971150935,-3.25840673144e-05,0.0171406188837,-0.0124723522251,-0.283712603196,-0.0227158172055,-0.0430556139406,-0.0852081419084,-0.0265855300163,0.019838581867,0.00213497630701,0.0243498706624,0.0221166345855,-0.031652238909,-0.0338417961767,-0.0147729480165,-0.0228280802361,-0.349597410393,1.43134209795e-05,1.43134209795e-05,0.0133762278966,0.0451452060113,0.0709888554483,0.00730130000227,0.0080707781384,0.0101601478987,-0.00021798733018,0.0346224635387,0.0497862357284,-0.00211662421419,-0.222395599259,-0.0518560837913,-0.106281278933,-0.166069425571,-0.104694992302,0.0136142566701,0.0366205064575,-0.0550087339285,-0.0907909966924,-0.169616816184,-0.113257920097,0.00865642372677,0.0320383447179,-0.0227301306265,0.00742831943376,3.01666748576,0.0227301306265,0,0.032292916723,0.0518703972122,-0.0292128246661,0.00604473100947,0.0014627011214,0.1,-0.677156245853,0.735839261457,2018-11-18 23:59:59+00:00,2018-11-16 06:00:00+00:00,-0.0301713512363,2018-11-19,2018-11-29 23:00:00+00:00,-0.0113507518923
2018-11-19,-0.0312692437584,-0.0426199956507,-0.0626316871812,-0.0210968903625,0.0204489482122,0.0104277009198,0.0152219220122,0.0123200427857,-0.0313626979083,-0.032277329513,-0.0138166776382,-0.0172309178116,-0.305763809423,-0.0527793556599,-0.0754951728654,-0.114603881879,-0.0752965285939,-0.021609057171,0.016167206511,0.028528643832,0.0235978476098,-0.055086666012,-0.0820991110335,-0.061898271792,-0.0269887353027,-0.383035069147,-0.00975913185695,-0.00974481843597,-0.0106594924838,0.0331027478689,0.0625069535954,0.00474943130231,0.00895525324559,0.0100189993011,-0.00729435517694,0.0197048744823,0.0363855947328,-0.00747310032059,-0.229947433529,-0.0605961905136,-0.112452274305,-0.194287498703,-0.176216078517,0.0145768682385,0.0398502148532,-0.078663206834,-0.133671940762,-0.210312978434,-0.210853849819,0.0191988151443,0.0374349374144,-0.0430202238029,0.0147359317982,3.18533242079,0.0430202238029,1,0.0258838511741,0.0508370586566,-0.00064560485629,0.0416583216503,0.0257424537488,2.6,-0.583857153189,0.811856406435,2018-11-25 23:59:59+00:00,2018-11-22 23:00:00+00:00,-0.047830205648,2018-11-26,2018-12-07 06:00:00+00:00,-0.0312692437584
2018-11-26,-0.0301713512363,-0.0614405949947,-0.0829612452545,-0.0696439453609,-0.0229456045567,0.0115426800532,0.0170967987953,0.0134184897671,-0.040653403259,-0.05946197841,-0.0413125525357,-0.0189752648093,-0.32639702222,-0.0470519933782,-0.0998313490381,-0.142886962979,-0.161979064207,-0.090539164445,0.0165840797148,0.0301485145244,0.0250764857122,-0.0661914951133,-0.118661783913,-0.100332856071,-0.0287571896335,-0.411392139224,-0.0132907090944,-0.0230498409513,-0.0230355275303,0.022691173485,0.0446479553316,0.00681236438534,0.0102686355516,0.00929471667023,-0.014778290878,0.00285241505162,0.0211072387412,-0.00919333998501,-0.240114266311,-0.0783600376419,-0.138956228155,-0.245237507089,-0.290398168818,0.0119441809491,0.0422343416359,-0.0344857650829,-0.113148971917,-0.203939968609,-0.281147065441,0.0207012200976,0.0357932926797,-0.0337612842839,0.00316589997861,2.93569468681,0.0337612842839,1,-0.0125662282953,0.0650693285476,0.0218976264986,0.0519130936358,0.0414120439039,2.9,-0.48210186644,0.876115169584,2018-12-02 23:59:59+00:00,2018-11-29 23:00:00+00:00,-0.00972595273594,2018-12-03,2018-12-13 23:00:00+00:00,-0.0301713512363
2018-12-03,-0.047830205648,-0.0780015568843,-0.120621552535,-0.13980141664,-0.0907902478518,0.0149136899917,0.0200024798701,0.016161693719,-0.0578439635659,-0.0974732653261,-0.0828784161836,-0.0231715229144,-0.35785721984,-0.0760760966813,-0.12312809006,-0.198623262925,-0.276342723798,-0.204326525601,0.0219114213641,0.0325214108212,0.0283896354973,-0.0914050323032,-0.171421980333,-0.160613461643,-0.033938390685,-0.454510206867,-0.0195843146146,-0.032875023709,-0.042619842145,-0.00326010948124,0.022746029897,0.00819179366837,0.0121004665826,0.00930747294679,-0.0236174178479,-0.0182668495852,0.00130614520638,-0.0124046551437,-0.25485132893,-0.0428536888217,-0.121213726464,-0.233666000768,-0.376250208078,0.0151408486884,0.0391187358966,-0.0749906267432,-0.109476391826,-0.243148332589,-0.387066599058,0.0203833682232,0.0371325714398,-0.0564917820667,0.00415170825282,2.68739417649,0.0564917820667,1,-0.00108546993811,0.0232693742071,0.0312887414717,0.0182781941144,-0.00376004101863,-0.1,-0.373364140702,0.927684870222,2018-12-09 23:59:59+00:00,2018-12-07 06:00:00+00:00,-0.0199214902976,2018-12-10,2018-12-20 23:00:00+00:00,-0.047830205648
2018-12-10,-0.00972595273594,-0.0575561583839,-0.118996753379,-0.154912710385,-0.104312650167,0.0156027982633,0.019745101652,0.0161590576045,-0.0386253336616,-0.0994008076984,-0.0885918524605,-0.0217251383318,-0.364072396917,0.0126868592258,-0.0633892374555,-0.163220586494,-0.248428728402,-0.190142762557,0.037805816943,0.0332676153396,0.0284595742271,-0.0406766215405,-0.149343516298,-0.145246027062,-0.0261787802729,-0.447545568375,-0.0321387646977,-0.0517230793123,-0.0747729202636,-0.0613966923671,-0.0184825377773,0.00984177790279,0.0150578123019,0.0112053364993,-0.0368219622792,-0.0480182320522,-0.0290535282166,-0.0172714963907,-0.278418744394,0.0304936484943,-0.0123600403274,-0.151316268483,-0.317385694054,0.0477993785567,0.0409467862341,0.03111018934,-0.0438804374032,-0.15702940932,-0.326646225504,0.0510034222218,0.0400869361572,0.0448256239235,0.00456375916201,2.20917922825,0.0448256239235,0,-0.0184233301142,-0.062632413192,-0.0117425086775,-0.00466702566864,-0.00291645222165,-0.4,-0.259218860015,0.96581860751,2018-12-16 23:59:59+00:00,2018-12-13 23:00:00+00:00,-0.0301337590655,2018-12-17,2018-12-29 06:00:00+00:00,-0.00972595273594
2018-12-17,-0.0199214902976,-0.0296474430336,-0.107648999918,-0.170280687099,-0.129638405679,0.0162524064292,0.0195582887687,0.0164613316698,-0.0316576841166,-0.108787217127,-0.103070561484,-0.0169400649272,-0.376615667342,-0.0169649756612,-0.00427811643538,-0.127406206495,-0.242010088374,-0.206771092171,0.0382628801842,0.0329909260473,0.0285381552938,-0.0255946632932,-0.151108517542,-0.154663073977,-0.0159460829952,-0.456838890974,-0.022878004934,-0.0550167696318,-0.0878917933407,-0.0985512858245,-0.0525057191864,0.0078581125607,0.0156371686125,0.0118606143963,-0.0378033353389,-0.0659464757732,-0.0493025767182,-0.0179340468593,-0.29473967687,-0.0159368579371,0.0145567905573,-0.106656935906,-0.300944434609,0.045886289492,0.0394236781922,-0.0208132849142,0.0102969044258,-0.0991794874003,-0.309492465834,0.0437978542935,0.0395357890791,0.00591302927285,0.00377701451112,2.10964127992,0.00591302927285,1,0.00384830925298,-0.00694114699698,-0.0341316448762,-0.0274120829576,-0.00160587290663,0.3,-0.141319227808,0.989964078061,2018-12-23 23:59:59+00:00,2018-12-20 23:00:00+00:00,,2018-12-24,2019-01-05 06:00:00+00:00,-0.0199214902976
2018-12-24,-0.0301337590655,-0.0500552493631,-0.107611407747,-0.190572653002,-0.158879649346,0.0162499043148,0.0201009856268,0.0171750408886,-0.0346385680022,-0.125222063173,-0.125780485708,-0.0146813404486,-0.395120372233,-0.0489214975556,-0.0658864732168,-0.129275710672,-0.272162673651,-0.251624232644,0.0385209893569,0.0339803879758,0.0296738915829,-0.0414302257931,-0.176996056701,-0.189508731849,-0.0129632174647,-0.482771639502,-0.0113460205753,-0.0342240255094,-0.0859471048217,-0.108982632352,-0.0661350660471,0.00859950892143,0.0156348616107,0.0119655578209,-0.0279090628929,-0.0719769139335,-0.0581940717876,-0.0163994634326,-0.302696351355,-0.0853049466315,-0.101241804569,-0.113601844896,-0.358839351985,0.0485485111818,0.0419025605416,-0.0926750300524,-0.113488314967,-0.15736875237,-0.361308720979,0.0560418324368,0.0418635278666,-0.0375754769803,0.00568517348314,2.17323412177,0.0375754769803,1,0.0437535324967,0.0739589260562,1.66805671393e-05,0.00945670313369,-0.00333180147059,-0.3,-0.0213728230102,0.999771575129,2018-12-30 23:59:59+00:00,2018-12-29 06:00:00+00:00,,2018-12-31,2019-01-10 23:00:00+00:00,-0.0301337590655
2018-12-31,,,,,,,,,,,,,,-0.0333919770291,-0.0823134745848,-0.0865915910202,-0.285214853945,-0.324646751908,0.0263475358769,0.0291024970133,0.0294619951845,-0.0530584697423,-0.184881902443,-0.209240405531,0.00332492931483,-0.499757739016,,,,,,,,,,,,,,-0.0578993109624,-0.143204257594,-0.128647467037,-0.362313467805,0.0505818395454,0.0378095004963,-0.0367240452804,-0.129399075333,-0.119102170907,-0.362250503496,0.0509641103391,0.0367409453391,,0.00375232361662,,,,0.00333206825129,,0.0794732364765,0.0270022042616,0.0236311239193,2.1,0.120128619955,0.992758336489,2019-01-06 23:59:59+00:00,2019-01-05 06:00:00+00:00,,2019-01-07,2019-01-17 23:00:00+00:00,
2019-01-07,,,,,,,,,,,,,,0.021304640377,-0.0120873366521,-0.077973809869,-0.241194396363,-0.341629674442,0.030166517849,0.0262694450428,0.0299332377479,-0.0133176678658,-0.14502846816,-0.185390593056,0.00678575325903,-0.48898592011,,,,,,,,,,,,,,0.0517682639839,-0.00613104697849,-0.107372851547,-0.25868912003,0.0596684406092,0.0393733003084,0.0370787432588,0.000354697978393,-0.113133616988,-0.270163026308,0.0533714621133,0.0377091163688,,-0.0165447539334,,,,-0.0157741028818,,0.0819819054168,-0.00500804864962,-0.0109234234234,-1.1,0.238517377822,0.971138229335,2019-01-13 23:59:59+00:00,2019-01-10 23:00:00+00:00,0.00899472090659,2019-01-14,2019-01-25 06:00:00+00:00,
2019-01-14,,,-0.027802132457,-0.135451132375,-0.202636333139,,,,,,,0.00863687712723,-0.39370837331,0.0660936034834,0.0873982438604,0.00508476927564,-0.122321437219,-0.260308934788,0.052675501758,0.0367229440354,0.0333803316685,0.0526921032871,-0.0671226444976,-0.124430626046,0.0212949565333,-0.454070008456,,,-0.0606890341896,-0.14858082753,-0.144963731491,,,,,,,-0.00402120227888,-0.33626833214,0.076640470381,0.128408734365,-0.014795523229,-0.121452459135,0.0798503853235,0.050120064188,0.0774258990674,0.114504642326,-0.0148944330066,-0.114073920407,0.0758319605254,0.0491815992861,,-0.00370879861356,,,,-0.011332295584,,0.0211865011925,-0.0271436275391,-0.0195263577365,-1.5,0.353451610506,0.935452809623,2019-01-20 23:59:59+00:00,2019-01-17 23:00:00+00:00,0.0100075805016,2019-01-21,2019-01-31 23:00:00+00:00,
2019-01-21,0.00899472090659,,0.0113263475151,-0.0962850602319,-0.189088098649,,,,,,,0.0173768252364,-0.388230349627,0.0179894418132,0.0840830452966,0.0719957086444,-0.0572800020279,-0.218935877285,0.040681899144,0.0381716944915,0.03317242678,0.0522157171581,-0.0328949470524,-0.104864669528,0.0348401484907,-0.444160163601,0,,-0.0493430136143,-0.135290118436,-0.159240320014,,,,,,,-8.64980178662e-05,-0.33626833214,0.0201583649742,0.0967988353552,0.0906677883767,-0.0229340565193,0.0584729076359,0.0517233264532,0.0222785347542,0.0997044338216,0.1000591318,-0.0573096205698,0.0472991691134,0.0509575758338,0.0179894418132,-0.0115569863437,,0.0179894418132,0,-0.00428909294104,-0.0201583649742,-0.00431441377815,-0.0384331116038,-0.0101027695523,-1.7,0.463266687928,0.886218920954,2019-01-27 23:59:59+00:00,2019-01-25 06:00:00+00:00,0.00312402708162,2019-01-28,2019-02-07 23:00:00+00:00,0.00899472090659
2019-01-28,0.0100075805016,0.0190023014082,,-0.0384472740823,-0.169238724985,,,,,,,,-0.382077278277,0.00776703666652,0.0257564784797,0.11315472234,0.02656313132,-0.19239992834,0.0258534407857,0.0387649149814,0.0325153658313,0.0311730470205,-0.00960101223727,-0.0933151483603,0.0430886750727,-0.439826125684,0.0122481243368,0.0122481243368,,-0.103457679485,-0.14607752163,,,,,,,,-0.328088874895,0.0249575559042,0.0451159208784,0.173524655243,0.0448771882067,0.0261741134008,0.0533429292054,0.0141889750201,0.0364675097744,0.150972152101,0.0318699811936,0.0281016932674,0.0516538206847,-0.00448108767024,-0.0100056836764,,0.00448108767024,1,-0.00642193835362,-0.0127094315675,-0.00787965616046,-0.0355495772483,-0.034371517391,-2.8,0.56637212241,0.824149633839,2019-02-03 23:59:59+00:00,2019-01-31 23:00:00+00:00,0.00513202545552,2019-02-04,2019-02-14 23:00:00+00:00,0.0100075805016
2019-02-04,0.00312402708162,0.0131316075833,,-0.0255972942647,-0.155944799536,,,,0.00960341159193,,,,-0.380143852495,0.0014503527112,0.00921738937773,0.0933004346743,0.0153266248053,-0.170609778894,0.0293153659488,0.0389759371109,0.0325400848278,0.00945465323849,0.00611628160747,-0.0876616485292,0.0364489378143,-0.439013086532,0.00479770145204,0.0170458257888,,-0.0665212133348,-0.141279820177,,,,0.00974121232994,,,,-0.324857500528,0.000619285885407,0.0255768417896,0.122375677145,0.0150028255978,0.0324521848325,0.0524487519844,0.0182131092829,0.032402084303,0.132106518125,0.0189729011365,0.0297831847766,0.0523583897522,-0.00334734874084,-0.00779042351043,,0.00334734874084,1,-0.0167627565717,0.00417841556664,-0.0159764989028,0.0203227734608,0.0103261859928,0.6,0.661274604227,0.750143918062,2019-02-10 23:59:59+00:00,2019-02-07 23:00:00+00:00,0.0114287611779,2019-02-11,2019-02-22 06:00:00+00:00,0.00312402708162
2019-02-11,0.00513202545552,0.00825605253715,0.0272583539454,-0.00054377851159,-0.139462022188,0.00323519382285,,,0.00792196620716,,,0.0175424363469,-0.376954558197,0.00911359892906,0.0105639516403,0.03632043012,0.0414051993956,-0.138780362759,0.00681455972485,0.0393213781812,0.0326415287255,0.00952602453328,0.027271824813,-0.0751725873589,0.0197555200499,-0.433877108726,0.00115045198199,0.00594815343404,0.0181962777708,-0.0424927564188,-0.140143681616,0.00552515150853,,,0.00631766576742,,,0.015329352644,-0.324080334541,0.00529712172437,0.00591640760977,0.0510323284882,0.0362368052592,0.01164198796,0.0514398790546,-0.00201567817407,0.0161974311088,0.0526649408832,0.0377705078766,0.0106464615657,0.0510170817769,0.00796314694706,0.00694367004478,,0.00796314694706,1,0.0111292771031,-0.00414666974237,0.00853876975535,-0.0697129466901,-0.0520050502014,-4.8,0.746599629698,0.665273622605,2019-02-17 23:59:59+00:00,2019-02-14 23:00:00+00:00,0.0258329975685,2019-02-18,2019-02-28 23:00:00+00:00,0.00513202545552
2019-02-18,0.0114287611779,0.0165607866335,0.0296923942167,0.0410187417318,-0.0967640172515,0.00393513707773,,,0.011961497346,,,0.0148664844966,-0.369793075151,0.0207194799186,0.0298330788476,0.0390504682254,0.11104617687,-0.0652815271808,0.00803222982629,0.0380256515424,0.032979606687,0.0205898749497,0.0545174095149,-0.0526878670744,0.0147842729933,-0.422024975838,0.0021380424373,0.00328849441929,0.0203343202081,-0.0290086934062,-0.128246507322,0.00501856917315,,,0.00337949306362,,,0.0149486959999,-0.32263364362,0.0264515765902,0.0317486983146,0.0573255401042,0.147993328481,0.0132847547629,0.0499601650274,0.00655471416865,0.00453903599458,0.0369411202976,0.137000252098,0.00892393795728,0.0468737332756,0.0185814374813,0.00201615157439,,0.0185814374813,1,0.0141647657499,-0.0243135341529,-0.010820256776,-0.00104953820319,-0.00361491628615,0,0.821111408578,0.570767951713,2019-02-24 23:59:59+00:00,2019-02-22 06:00:00+00:00,0.00641998882376,2019-02-25,2019-03-07 23:00:00+00:00,0.0114287611779
2019-02-25,0.0258329975685,0.0372617587464,0.0455178112836,,-0.0407596684467,0.0102646608956,,,0.0265849561981,,,0.0145148119322,-0.353300836367,0.037593906637,0.0583133865555,0.0688773381958,0.182032060536,0.0193643728344,0.0157240574017,0.0374719791679,0.0335985443492,0.041326551522,0.0931497193049,-0.0136441503167,0.0157297674078,-0.399883043582,0.0140720885,0.0162101309373,0.0221582843714,,-0.100883709728,0.00589318780831,,,0.011957223191,,,0.0132998564565,-0.313034301316,0.0496015232403,0.0760530998305,0.0819695074403,0.255494162684,0.0224253575812,0.0464383678566,0.0477307736531,0.0542854878218,0.0704829189306,0.221455071031,0.0217179716239,0.0479831482311,0.0235218181369,-0.00466477226057,,0.0235218181369,1,-0.0101368670162,-0.0355294347403,-0.00219204949417,0.0119773061568,0.0113932913245,1.2,0.883730762406,0.467995661922,2019-03-03 23:59:59+00:00,2019-02-28 23:00:00+00:00,0.00570661405872,2019-03-04,2019-03-14 23:00:00+00:00,0.0258329975685
2019-03-04,0.00641998882376,0.0322529863923,0.0488137730257,,0.013490526025,0.00948363815488,,,0.0206370962745,,,0.0111657104853,-0.349135679139,-0.0052345884754,0.0323593181616,0.0621923970092,0.155492831683,0.0902058810403,0.0181299356943,0.029569878808,0.0325703863998,0.0199626476498,0.0796524167895,-0.0142969205823,0.00860918532612,-0.403016201336,0.0180745661229,0.032146654623,0.0354351490423,,-0.0632248289903,0.00849893980838,,,0.0212552008183,,,0.0137222356444,-0.30050480285,-0.0307772908354,0.0188242324049,0.0505729307194,0.172948607864,0.0341364556411,0.0454805796044,-0.0069251124635,0.0408056611896,0.0453446971842,0.177451215309,0.0248942816848,0.0422394444135,-0.0233091545983,-0.00147947951896,,0.0233091545983,0,0.00169052398811,0.0488518569584,-0.0172930863787,0.0213870431894,0.00629326620516,0.4,0.933550754601,0.358445237914,2019-03-10 23:59:59+00:00,2019-03-07 23:00:00+00:00,-0.00365842460304,2019-03-11,2019-03-21 23:00:00+00:00,0.00641998882376
2019-03-11,0.00570661405872,0.0121266028825,0.0493883616289,0.0766467155743,0.0289230928197,0.00934415110915,,,0.0139396163364,,,0.0101222371134,-0.345410829624,0.00178861123791,-0.00344597723749,0.054867409318,0.091187839438,0.0793076330524,0.0193269290514,0.02954781893,0.0325884255024,0.00804077847397,0.0747675013168,-0.00811682948209,0.00761626517163,-0.401947473921,0.00962461687953,0.0276991830024,0.0439093139398,0.0621055917106,-0.021461447413,0.00682913191556,,,0.0198379906387,,,0.0126282090552,-0.293739927121,0.00262958588622,-0.0281477049492,0.0479053948813,0.0989377233695,0.0343531737995,0.0449545644085,0.00401885488007,-0.00290625758343,0.0513792302384,0.104044171122,0.0239815420936,0.0416329512727,-0.00783600564162,0.00439647491942,,0.00783600564162,1,-0.00223024364216,0.0069950309933,0.00281646640095,-0.0128074811954,0.00187617260788,0.1,0.969849825926,0.243703334306,2019-03-17 23:59:59+00:00,2019-03-14 23:00:00+00:00,-0.000318794243181,2019-03-18,2019-03-28 23:00:00+00:00,0.00570661405872
2019-03-18,-0.00365842460304,0.00204818945568,0.0343011758479,0.0639935700647,0.0451861585143,0.0123877206449,,,0.0017062545439,,,0.00509943561473,-0.347801219553,-0.0117564729909,-0.00996786175303,0.0223914564085,0.0614419246339,0.0845161357227,0.0220361232983,0.0292427353422,0.0326103415857,-0.00920501881738,0.0552184716786,-0.0148795112846,-0.000903377107307,-0.408937293968,0.00443962378487,0.0140642406644,0.0462108952874,0.0665452154955,0.00585618130588,0.00586502099737,,,0.0126642341943,,,0.0111022483368,-0.290597427507,0.015025426795,0.0176550126813,0.0364792450861,0.0938047851903,0.0332041517521,0.0445571727899,0.0256150236963,0.0296338785764,0.070439539766,0.107380660064,0.0242076598006,0.0411993517153,-0.0161960967758,-0.00292180352915,,0.0161960967758,0,-0.0373714966873,-0.0105858030102,-0.0302634763033,0.0137973640857,0.0111111111111,1.3,0.992102245058,0.12543179561,2019-03-24 23:59:59+00:00,2019-03-21 23:00:00+00:00,-0.000421425980485,2019-03-25,2019-04-04 22:00:00+00:00,-0.00365842460304
2019-03-25,-0.000318794243181,-0.00397721884622,0.00814938403626,0.0536671953198,0.0750011233366,0.00485332483339,,,-0.000643606221802,,,-0.00373197117067,-0.348009103632,-0.000637588486362,-0.0123940614773,-0.0158400387148,0.053037299481,0.132800044792,0.00595803424826,0.0242583323003,0.0326199481774,-0.00590760908264,0.0440139461665,-0.0107814090986,-0.0141753977396,-0.40931402863,0,0.00443962378487,0.0321388067873,0.0542970911587,0.0172022018812,0.00776332670386,,,0.00462014368267,,,0.00671145539827,-0.290597427507,0.0245018194359,0.039527246231,0.0113795412817,0.093349048722,0.0241376985177,0.0348146637158,0.0277383322997,0.053353355996,0.0504470984126,0.120930017343,0.0168663912397,0.0278508283389,-0.000637588486362,-0.00437739568064,,0.000637588486362,0,-0.0283759207861,-0.0245018194359,-0.0156909302642,0.000406256347755,-0.0226571181627,-2.3,0.999985722936,0.00534358719969,2019-03-31 23:59:59+00:00,2019-03-28 23:00:00+00:00,0.00741105272858,2019-04-01,2019-04-11 22:00:00+00:00,-0.000318794243181
2019-04-01,-0.000421425980485,-0.000740220223666,0.00130796923201,0.0501217422577,,0.00390730292059,,,-0.00139064893039,,,,-0.348283811646,-0.000415831408224,-0.00105341989459,-0.0110212816476,0.0511711153616,0.165776190413,0.00609989234594,0.0207953772938,0.0313709423047,-0.00357770006322,0.0309373110002,-0.00467486213667,-0.015507335059,-0.409559603347,-0.000427020552746,-0.000427020552746,0.0136372201116,0.0490723691539,,0.00469156736027,,,0.000788205783752,,,,-0.290900292316,-0.00142653376545,0.0230752856705,0.0407302983517,0.0913032290712,0.0118365679937,0.0275885224789,0.000908127805713,0.0286464601054,0.0582803386818,0.103625035866,0.0140637944047,0.0232552446574,1.11891445229e-05,0.00123594824333,,1.11891445229e-05,1,-0.00132395921394,0.000999513212707,-0.0153495125493,-0.0111675126904,0.00113700966458,-0.2,0.99338608057,-0.114822014132,2019-04-07 23:59:59+00:00,2019-04-04 22:00:00+00:00,0.0157791714782,2019-04-08,2019-04-18 22:00:00+00:00,-0.000421425980485
2019-04-08,0.00741105272858,0.0069896267481,0.00301240790188,0.0524007695308,,0.0047017143117,,,0.00527708812787,0.0316203012966,,,-0.343435966983,0.0174822174607,0.0170663860524,0.00467232457514,0.0595397338932,0.161953767497,0.0120963405642,0.0206911335612,0.0304448249809,0.0127983404826,0.0366106463482,0.0207052409911,-0.0112899009713,-0.3991466403,-0.00266011200351,-0.00308713255626,0.00135249122861,0.0452618051684,,0.00297273687836,,,-0.00220698309101,0.0265935462769,,,-0.292784070319,0.033514848317,0.0320883145515,0.0716155607825,0.119520955664,0.0149352550005,0.0262941920967,0.0471158129898,0.0480239407955,0.101377296792,0.15275652703,0.0189466793163,0.0239891121844,0.0201423294642,-0.000100799163443,,0.0201423294642,0,-0.0296335955291,-0.0361749603205,-0.000905055044512,0.0344969199179,0.0158369613225,1.1,0.97239890274,-0.233324610683,2019-04-14 23:59:59+00:00,2019-04-11 22:00:00+00:00,0.00767775684909,2019-04-15,2019-04-25 22:00:00+00:00,0.00741105272858
2019-04-15,0.0157791714782,0.0231902242067,0.0224500039831,0.056751179831,0.0954382949543,0.00770680467724,0.00766927749599,,0.0155094378013,0.0403928551339,,-0.00172890630841,-0.332993762511,0.0244533087365,0.0419355261972,0.0408821063026,0.0632735627112,0.12031347275,0.0127323082015,0.0137574406126,0.031000745794,0.0271935900086,0.0525223633724,0.0523341723759,0.000965644056452,-0.384272669862,0.00710503421978,0.00444492221627,0.00401790166353,0.0502287969509,0.070563117159,0.00423100343668,0.00639475452149,,0.00389631031362,0.0283413440601,,-0.00442345667327,-0.287741383922,0.0253868306237,0.0589016789407,0.0819769646112,0.118456209697,0.0151663520044,0.0200300566983,0.0275515204983,0.0746673334881,0.103313793594,0.17375333336,0.0189806120701,0.0174379529842,0.0173482745168,0.00150056157486,2.15102699241,0.0173482745168,1,-0.0030982117618,-0.018281796404,-0.00282695446417,-0.0426756649464,-0.00136645962733,0.2,0.937328153605,-0.348447890595,2019-04-21 23:59:59+00:00,2019-04-18 22:00:00+00:00,,2019-04-22,2019-05-02 22:00:00+00:00,0.0157791714782
2019-04-22,0.00767775684909,0.0234569283273,0.0304465550754,0.0385959391116,0.0941213308968,0.00661521796529,0.00765430204703,,0.0155451374549,0.0408710619881,,0.000371536392158,-0.327852941068,0.00349208485189,0.0279453935884,0.0450117796409,0.0291717409261,0.105816115788,0.0116825329912,0.0135768068041,0.0308241447652,0.0192266283292,0.0476575426504,0.0611774434113,0.00311324369573,-0.382118739114,0.0118634288463,0.0189684630661,0.0158813305098,0.0480201372971,0.0824265460053,0.00671880031425,0.00640209321217,,0.0118280471626,0.0340644973221,,-0.00237017091141,-0.279241233739,-0.00640646914627,0.0189803614775,0.051068676029,0.0624482173107,0.0196537668527,0.0208079001886,-0.00472237433718,0.0228291461612,0.0708530869566,0.121300185369,0.0241320785686,0.0184540871627,-0.0083713439944,0.0010376836581,2.12035126683,0.0083713439944,1,0.00821445918907,0.0182698979926,-0.00518439044255,0.0499688990255,0.031409379276,2.4,0.888681774293,-0.458524485758,2019-04-28 23:59:59+00:00,2019-04-25 22:00:00+00:00,,2019-04-29,2019-05-09 22:00:00+00:00,0.00767775684909
2019-04-29,,,,,,,,,,,,,,0.0100374969569,0.0135295818088,0.055465108006,0.0444438263584,0.108086576079,0.00908191767103,0.0135862136253,0.0308028703859,0.0154078869246,0.0494741119761,0.0757841529827,0.00555192499544,-0.375885527249,,,,,,,,,,,,,,0.0286450121198,0.0222385429735,0.0811402219142,0.121870520266,0.018105081147,0.0210082304076,0.0228712439179,0.0181488695808,0.0928162030689,0.151096541751,0.0213749763755,0.0185460785165,,-0.000207757579924,,,,-0.0128337469611,,-0.0102889891285,0.0126382306477,-0.00826147259241,-0.9,0.827164326226,-0.561960120845,2019-05-05 23:59:59+00:00,2019-05-02 22:00:00+00:00,-0.00316212620047,2019-05-06,2019-05-16 22:00:00+00:00,
2019-05-06,,0.00836292983895,0.0318198581662,0.0348322660681,0.0893526531525,,,,,,,0.00108168352982,-0.322208252202,-0.00990832515059,0.000129171806299,0.0280745653947,0.0327468899699,0.096727898217,0.0142833225792,0.0144050029005,0.0306387713567,-0.00155101657353,0.0315250325036,0.068534302597,-0.000421966206467,-0.38203892112,,0.0165966878716,0.0355651509377,0.0369176421663,0.0819774080881,,,,,,,0.00258533326611,-0.267179207495,-0.0186279760552,0.0100170360645,0.028997397542,0.100612958324,0.0234012817401,0.0225955918754,-0.0370782705623,-0.0142070266443,0.00862211951682,0.109999416308,0.0297808317052,0.0237369775792,,-0.000918871905312,,,,0.0271699454117,,-0.00126469512098,-0.00760530421217,-0.00249300741822,-0.3,0.75366678672,-0.657256703728,2019-05-12 23:59:59+00:00,2019-05-09 22:00:00+00:00,0.00573940637449,2019-05-13,2019-05-23 22:00:00+00:00,
2019-05-13,-0.00316212620047,,0.0128785604876,0.0353285644707,0.0810585014965,,,,,,,-0.00301562922399,-0.324348130181,-0.009703813482,-0.0196121386326,-0.00608255682381,0.0347995494788,0.0779104858059,0.00993370576668,0.0151491020021,0.0304065463295,-0.00969934954387,0.0155820130542,0.0609256141739,-0.00751375349872,-0.388006499209,0.00337956108107,,0.031839677799,0.0358575794625,0.0842065171871,,,,,,,0.00148249505073,-0.264698405215,-0.00467663519148,-0.0233046112467,-0.00106606827322,0.0809108963379,0.0202498382669,0.0230016428323,-0.0174162876816,-0.0544945582439,-0.0363456886631,0.0669681049304,0.0251214886179,0.0248661943274,-0.0130833745631,-0.00232538983763,,0.0130833745631,0,0.0077124741996,0.00805619627255,0.000668986883079,0.0343878954608,0.0165193538555,1.6,0.669253644676,-0.743034022834,2019-05-19 23:59:59+00:00,2019-05-16 22:00:00+00:00,-0.0100387247697,2019-05-20,2019-05-31 05:00:00+00:00,-0.00316212620047
2019-05-20,0.00573940637449,0.00257728017402,0.010940210013,0.0413867650883,0.0753691466931,,,,,,,-0.00306257416546,-0.320459139961,0.0120022774627,0.00229846398075,0.00242763578705,0.0474394154279,0.0691932833501,0.0120508859834,0.0146268655215,0.0287153357626,0.00164958470233,0.0224403520072,0.0735627691676,-0.00471565131094,-0.380616926263,-0.000523464713776,0.00285609636729,0.0194527842389,0.0353341147487,0.0815450100361,,,,,,,-0.00140949701997,-0.26508320893,0.0286378113561,0.0239611761646,0.0339782122291,0.0850468882581,0.023950669028,0.0231311429251,0.00468052307859,-0.012735764603,-0.0269427912474,0.0439102957093,0.0260873393245,0.0248999898774,0.0125257421765,0.00139199628205,,0.0125257421765,0,0.00732175438416,-0.0291612760699,0.00611236241215,-0.0110182370821,-0.00587670904294,-0.6,0.575147483235,-0.818049737197,2019-05-26 23:59:59+00:00,2019-05-23 22:00:00+00:00,-0.0219767104788,2019-05-27,2019-06-06 22:00:00+00:00,0.00573940637449
2019-05-27,-0.0100387247697,-0.0042993183952,,0.0317694662991,0.0394974243549,,,,-0.00544202384112,,,,-0.327246737212,-0.0235316844075,-0.0115294069447,-0.0311415455773,0.0243235624287,0.00806769230569,0.0146933632807,0.0131372859059,0.0275141842064,-0.0140174951349,-0.00195457724203,0.0474518495665,-0.00840597811015,-0.395021901899,0.00345423486809,0.00293077015431,,0.0392153701695,0.0709271564041,,,,0.0031763619322,,,,-0.262540244255,-0.0337595335413,-0.00512172218524,-0.028426333432,0.0527138884822,0.0266251049746,0.0231628740707,-0.022504328482,-0.0178238054034,-0.0723183636473,0.0204978394215,0.017310795197,0.0238470688879,-0.0269859192755,0.002257754829,,0.0269859192755,0,-0.00102735592542,0.0372137684094,-0.0127753826682,-0.00461006530926,0.0114006514658,1.3,0.472711272708,-0.881217369697,2019-06-02 23:59:59+00:00,2019-05-31 05:00:00+00:00,-0.0416139034839,2019-06-03,2019-06-13 22:00:00+00:00,-0.0100387247697
2019-06-03,-0.0219767104788,-0.0320154352485,-0.0294381550745,0.00238170309175,0.0111007250523,0.0116910276503,,,-0.0199387836473,,,-0.00821344069572,-0.341870362733,-0.0454606044138,-0.0689922888212,-0.0666938248405,-0.0386192594457,-0.0321583236327,0.0241288818441,0.0183388957171,0.024579827914,-0.0422792892487,-0.0440184968758,-0.00126803014643,-0.0141997390076,-0.421908794345,0.00150718345617,0.00496141832425,0.00781751469155,0.0433826656292,0.0543597737374,0.00188152464007,,,0.0027282479573,,,-0.00222714238383,-0.261427919083,-0.0265889473597,-0.060348480901,-0.0363873047364,-0.00738990719438,0.0280336963677,0.0226499187579,-0.0593676307965,-0.0818719592785,-0.0946077238816,-0.0859856043647,0.0265740437595,0.0298173771926,-0.0469677878699,-0.00119967460742,,0.0469677878699,0,0.0139070263828,0.0280961308158,0.0366346153846,0.0428406020841,0.0101986044015,0.6,0.363428630231,-0.931622042852,2019-06-09 23:59:59+00:00,2019-06-06 22:00:00+00:00,-0.0175074418408,2019-06-10,2019-06-20 22:00:00+00:00,-0.0219767104788
2019-06-10,-0.0416139034839,-0.0635906139627,-0.0678899323579,-0.0550113718703,-0.0362197924902,0.0199678810283,,,-0.0441040114533,,,-0.0141863452056,-0.368695681776,-0.0715606826692,-0.117021287083,-0.128550694028,-0.134633250851,-0.10550761754,0.0353745316075,0.026420899565,0.0284023722872,-0.0802983964331,-0.10320729156,-0.0693572238285,-0.0240217029269,-0.461831897893,-0.0116671242986,-0.0101599408424,-0.00722917068809,0.0246105071109,0.0330680325593,0.00677086695556,,,-0.00711782795058,,,-0.00435098748427,-0.269994858403,-0.089062713846,-0.115651661206,-0.120773383391,-0.121839451664,0.0481401320092,0.0346143551577,-0.0771749677601,-0.136542598557,-0.15436640396,-0.190712092623,0.036749588043,0.0369053855629,-0.0598935583706,-0.00209765857594,,0.0598935583706,1,0.00561428509094,0.0773955895474,-0.00772964783724,-0.030532938564,0.00743889479277,1.4,0.248882332053,-0.9685337293,2019-06-16 23:59:59+00:00,2019-06-13 22:00:00+00:00,0.00600124562092,2019-06-17,2019-06-27 22:00:00+00:00,-0.0416139034839
2019-06-17,-0.0175074418408,-0.0591213453247,-0.0911367805732,-0.0801965705602,-0.050068809728,0.0134845725199,,,-0.0391643330958,,,-0.0189327482411,-0.37965201686,-0.000889271946283,-0.0724499546155,-0.141442243437,-0.13901460765,-0.0946404164951,0.0302249994557,0.0264679913748,0.0282154626775,-0.0478847647113,-0.0978322376388,-0.0698459628225,-0.0280805288211,-0.462310262958,-0.0341256117354,-0.0457927360339,-0.0408313177097,-0.0213785334708,-0.00549720296096,0.0173020555593,,,-0.0307383823029,,,-0.00978496766119,-0.294486458239,0.000664904167482,-0.0883978096785,-0.148746290579,-0.11476807835,0.0376294325473,0.0342561252634,-0.00853134262403,-0.0857063103841,-0.167578269663,-0.19452106091,0.0318281883806,0.0357613484929,0.0332363397891,-0.00155164503249,,0.0332363397891,1,0.00764207067774,-0.0347905159028,-0.00429221325523,0.0251956480244,0.0117205813408,0.7,0.13073138967,-0.991417825014,2019-06-23 23:59:59+00:00,2019-06-20 22:00:00+00:00,0.0180580910266,2019-06-24,2019-07-04 22:00:00+00:00,-0.0175074418408
2019-06-24,0.00600124562092,-0.0115061962199,-0.0750968101826,,-0.0437487698639,0.0195562054137,,,-0.0148136710884,,,-0.0154089125561,-0.375917962963,0.0260463509335,0.0251570789872,-0.0918642080957,-0.123005753673,-0.0679564770752,0.0438065553581,0.0280154850253,0.0268552649551,0.000764646232325,-0.0693640698713,-0.0474965221644,-0.0177386307104,-0.448121425806,-0.0140438596917,-0.048169471427,-0.0583294122694,,-0.0195410626526,0.014715079327,,,-0.0303393402489,,,-0.0130791944018,-0.304325341771,0.013362247453,0.0140271516205,-0.101624509585,-0.130050843017,0.045593294963,0.0336443091807,0.0416182959479,0.0330869533239,-0.103455645233,-0.17577400888,0.0535711052935,0.0370800740336,0.0400902106252,-0.00119602083595,,0.0400902106252,0,-0.0155719450144,-0.0274061071447,-0.0190970184868,-0.0122882144852,0.00422845227062,0.3,0.0106870218179,-0.999942892152,2019-06-30 23:59:59+00:00,2019-06-27 22:00:00+00:00,-0.00620755889304,2019-07-01,2019-07-11 22:00:00+00:00,0.00600124562092
2019-07-01,0.0180580910266,0.0240593366475,-0.0350620086771,-0.0645001637516,-0.0252692528568,0.0264133865706,,,0.0121966448361,,,-0.00682171348799,-0.364545862548,0.0444332799493,0.0704796308828,-0.00197032373261,-0.0686641485731,-0.0231073657177,0.0509034390743,0.0312339509435,0.0270320410788,0.0467746035593,-0.0253753231103,-0.00926436277666,0.00128490873744,-0.423046699778,-0.00831709789606,-0.0223609575877,-0.0681536936217,-0.0603361789301,-0.027431139996,0.011631162017,,,-0.0217841390169,,,-0.0149283357134,-0.310087341235,0.0378756551364,0.0512379025895,-0.037159907089,-0.0735472118254,0.0553790253028,0.0355918386153,0.0641571977582,0.105775493706,0.020069183322,-0.0745385405596,0.0626532654316,0.0419376245426,0.0527503778454,0.00217371255472,,0.0527503778454,0,-0.0197239178089,-0.0461927530325,,,,,-0.109512129666,-0.993985459379,2019-07-07 23:59:59+00:00,2019-07-04 22:00:00+00:00,0.0101787979471,2019-07-08,2019-07-18 22:00:00+00:00,0.0180580910266
2019-07-08,-0.00620755889304,0.0118505321336,0.000344335913684,-0.0675455964442,-0.0388878644784,0.0153527876507,,,0.00584575022929,,,0.00307745816907,-0.368478263597,-0.0152215275929,0.0292117523565,0.0543688313437,-0.0741818626839,-0.0558111107712,0.0267470996274,0.0308683362807,0.027126099449,0.0170897418896,-0.0360127080821,-0.0279045835905,0.0178853702029,-0.431762309629,0.00280640980678,-0.00551068808929,-0.0536801595163,-0.0609093302044,-0.0219646181857,0.0154752225977,,,-0.0055862224711,,,-0.0117304538648,-0.308148444187,-0.0409723591548,-0.00309670401833,0.0109304476022,-0.109842935789,0.0329768734624,0.0355944579042,-0.0182998688188,0.0458573289394,0.0789442822633,-0.0754221216968,0.0395720762745,0.0394776087206,-0.0180279373996,0.00649815410455,,0.0180279373996,0,0.00307834122594,0.0437787689616,,,,,-0.228125181163,-0.973631810142,2019-07-14 23:59:59+00:00,2019-07-11 22:00:00+00:00,-0.00960422112346,2019-07-15,2019-07-25 22:00:00+00:00,-0.00620755889304
2019-07-15,0.0101787979471,0.00397123905405,0.0280305757016,-0.0631062048716,-0.0444882380095,0.0101295446105,,,0.00905093202685,,,0.01042981608,-0.362017304829,0.0212458963657,0.00602436877288,0.0765039996557,-0.0649382437809,-0.059018523142,0.024983970113,0.0306313330747,0.0243042963929,0.0194287459777,-0.0107574367598,-0.00928013893097,0.0236658863095,-0.419560429588,-0.000888300471555,0.00191810933522,-0.0204428482525,-0.0612741659622,-0.029957952877,0.00754081372742,,,-0.00134616789328,,,-0.00280625414951,-0.308762743368,0.0329413999836,-0.00803095917114,0.0432069434183,-0.105539347161,0.0361029775629,0.0362160613113,0.0292363865263,0.0109365177075,0.116712011414,-0.0508662582491,0.0347968230142,0.0396012104713,0.0221341968373,-0.00226233891596,,0.0221341968373,0,-0.00799049016057,-0.0338297004552,0.0435652060651,0.000559910414334,-0.00980617043239,-0.3,-0.343434221059,-0.939176732999,2019-07-21 23:59:59+00:00,2019-07-18 22:00:00+00:00,0.00411119412374,2019-07-22,2019-08-01 22:00:00+00:00,0.0101787979471
2019-07-22,-0.00960422112346,0.000574576823632,0.0124251089572,-0.0626717012253,-0.0617702159821,0.0131894098531,,,-0.00366773693949,,,0.00785783231485,-0.368115301578,-0.0238301249417,-0.00258422857595,0.0266275237805,-0.0652366843152,-0.0863407329356,0.0318748489187,0.0309697704937,0.0246102743131,-0.011043950493,-0.0275365208696,-0.0333037524235,0.0132984757863,-0.433228869927,0.00462168269477,0.00373338222321,-0.00177730586607,-0.0601067181355,-0.0371996990285,0.0057274013316,,,0.00372781879637,,,0.00241718884337,-0.305560670318,-0.0362677280891,-0.00332632810544,-0.00642303212377,-0.108047541709,0.0428309450629,0.037178358659,-0.0393237274046,-0.0100873408783,0.0357699880611,-0.0676856571716,0.0466629047731,0.0406321818637,-0.0284518076365,-0.000965521889412,,0.0284518076365,0,0.0154936024629,0.0408894107838,0.00450063508146,-0.0264875955978,-0.0134939479933,-1.3,-0.45376919082,-0.891119252099,2019-07-28 23:59:59+00:00,2019-07-25 22:00:00+00:00,0.00049571678274,2019-07-29,2019-08-08 22:00:00+00:00,-0.00960422112346
2019-07-29,0.00411119412374,-0.00549302699972,-0.00152178794567,-0.0365837966228,,0.00914158512754,,,0.000818024429496,-0.0193308910671,,,-0.365512153562,0.00475814308548,-0.0190719818562,-0.0130476130833,-0.0150179368159,-0.091620086807,0.0202569966778,0.0307667815553,0.0245830124636,-0.00307467211516,-0.0158006839202,-0.0292853628764,0.00378579571432,-0.430525665778,0.00346424516201,0.00808592785678,0.010004037192,-0.0581496564297,,0.00238088003129,,,0.00469275982476,-0.0232371965451,,,-0.303150790433,-0.013098551562,-0.049366279651,-0.0573972388222,-0.0945571459112,0.0337993069221,0.0354862330845,-0.0123049016251,-0.0516286290297,-0.0406921113222,-0.0206229280002,0.0287138506412,0.0394872726745,0.00129389792347,-0.00531372106085,,0.00129389792347,1,0.0170630447106,0.016562796724,-0.00653432347094,-0.0105384173213,-0.00252436303863,-0.1,-0.557532072999,-0.830155399656,2019-08-04 23:59:59+00:00,2019-08-01 22:00:00+00:00,-0.027653572455,2019-08-05,2019-08-15 22:00:00+00:00,0.00411119412374
2019-08-05,0.00049571678274,0.00460691090648,0.00518148773012,0.0055258236438,-0.0655262349145,0.00829225923203,0.0156744895966,,2.05233481059e-05,-0.0138040694895,,0.00633585154134,-0.365197549318,0.00115890689574,0.00591704998122,0.00333282140527,0.057701652749,-0.0805528547607,0.0186231847733,0.030834074155,0.0245826914561,-0.00274660091634,-0.00835436048157,-0.0287422400996,0.00702957879445,-0.429865315476,-0.000167473330264,0.00329677183174,0.00703015405496,-0.0466500054614,-0.0504996150684,0.00269705419601,0.010950136937,,0.00276035916888,-0.0195858689768,,0.00564212428823,-0.303267484319,-0.00341346255226,-0.0165120141142,-0.0198383422197,-0.00890789461748,0.0287826206691,0.035482648545,0.00873895437191,-0.0035659472532,-0.0136532881315,0.0652909941318,0.0293388178154,0.0390775137987,0.00132638022601,0.00124743645794,2.81560483924,0.00132638022601,0,-0.00758004747616,0.003245989222,0.0112490987478,0.0236250968242,0.0462597845918,3.4,-0.653220035838,-0.75716813508,2019-08-11 23:59:59+00:00,2019-08-08 22:00:00+00:00,-0.00194678765542,2019-08-12,2019-08-22 22:00:00+00:00,0.00049571678274
2019-08-12,-0.027653572455,-0.0271578556723,-0.032650882672,-0.0046203069704,-0.0900176811691,0.0142312888893,0.016857140931,,-0.0193395461651,-0.033987771835,,-0.00123828365499,-0.382511603799,-0.0600124843461,-0.0588535774503,-0.0779255593065,-0.00142155965082,-0.130861525625,0.0298622276721,0.0342759193804,0.0272238001727,-0.0426167360493,-0.0566402665505,-0.0835621362227,-0.00941511862473,-0.46307407796,0.00470533943603,0.00453786610577,0.0126237939625,-0.00781905428998,-0.0491738367134,0.00228685872585,0.0110293161093,,0.00431656561054,-0.0111853964206,,0.00693855131475,-0.29998139632,-0.0877524503593,-0.0911659129116,-0.140532192563,-0.0973252491443,0.0376905829875,0.0413710202994,-0.0595685178578,-0.0508295634858,-0.102458192516,0.0142538188981,0.0299895730818,0.041575668255,-0.0647178237821,0.00288360407819,3.10742856693,0.0647178237821,0,-0.000443966488316,0.0924577897953,-0.0140995700286,-0.0395384033295,-0.0267199189965,-1.6,-0.73944719928,-0.673214556792,2019-08-18 23:59:59+00:00,2019-08-15 22:00:00+00:00,0.00262036375063,2019-08-19,2019-08-29 22:00:00+00:00,-0.027653572455
2019-08-19,-0.00194678765542,-0.0296003601104,-0.024993449204,-0.0125683402467,-0.097703875199,0.014485505148,0.0165071147264,,-0.0151479628699,-0.0284713610743,,0.00126732040663,-0.38371255321,0.0111456932141,-0.0488667911319,-0.0429497411507,-0.0163222173702,-0.131718109873,0.0331085974695,0.03423075365,0.0269672328617,-0.0214931170213,-0.0361092427085,-0.0711546034693,-0.000605272989727,-0.457056191897,-0.015039268525,-0.0103339290889,-0.0070371572572,-0.00881446312327,-0.0636896405246,0.00909154301659,0.0114004091913,,-0.00894358338311,-0.0211219161047,,0.00313991380298,-0.310430394483,0.0159892660577,-0.0717631843016,-0.0882751984158,-0.0946982305395,0.0454284979901,0.0403514258525,0.0373954533997,-0.022173064458,-0.0257390117112,0.0100309763499,0.0408614896175,0.0435744128404,0.0261849617391,-0.00393553247349,3.00232656118,0.0261849617391,0,-0.0262497601856,-0.0310285345827,0.0192601447832,0.0518022454205,0.0231187145995,1.1,-0.81496470712,-0.579510591922,2019-08-25 23:59:59+00:00,2019-08-22 22:00:00+00:00,-0.00130116616924,2019-08-26,2019-09-06 05:00:00+00:00,-0.00194678765542
2019-08-26,0.00262036375063,0.000673576095217,-0.0264842795771,-0.0280060675227,-0.0850447866787,0.0141452916411,0.0167179160846,,-0.00597828737777,-0.0194001577491,,-7.91632266756e-05,-0.382095538266,0.0101283490152,0.0212740422293,-0.037579535221,-0.0506271483043,-0.0980580764507,0.0340421107195,0.0344053307286,0.0258526290468,-0.00208862427244,-0.0187247736316,-0.0584996966417,-0.0018519548475,-0.451529124729,-0.00488762151392,-0.0199268900389,-0.0153890239331,-0.00538498674113,-0.0720314969066,0.00842676675739,0.0111224223673,,-0.00999026979765,-0.0204123175874,,0.00169362839415,-0.313792526615,0.0224408106592,0.0384300767169,-0.0527358361946,-0.110133075017,0.0509120934487,0.0414820379985,0.00342954434447,0.0408249977442,-0.0100045657416,-0.0506966770638,0.0408653745802,0.0434941291009,0.0150159705291,-0.00141343857303,3.09305262288,0.0150159705291,0,0.00669880467072,-0.0273284321731,-0.0149359628737,-0.0275280898876,-0.0166082928483,-0.7,-0.878678814594,-0.477413385635,2019-09-01 23:59:59+00:00,2019-08-29 22:00:00+00:00,0.00724906138983,2019-09-02,2019-09-12 22:00:00+00:00,0.00262036375063
2019-09-02,-0.00130116616924,0.00131919758139,-0.028281162529,-0.0230996747989,-0.0643692423691,0.0138697915484,0.0160992077381,,-0.000152844705009,-0.0157455371107,,-0.00211881045002,-0.382899011808,-0.00131572602331,0.00881262299188,-0.04005416814,-0.0367213467348,-0.0539131980603,0.0338080623866,0.0324754316473,0.0258532999436,0.00685106296272,-0.0159057166145,-0.056671283161,-0.00586637295345,-0.452250287602,-0.00128660631518,-0.0061742278291,-0.016508156918,-0.00947800286308,-0.074825286678,0.008281187629,0.0110012217834,,-0.0071783152571,-0.0159178442272,,0.00162875205341,-0.314674837768,0.0042211117952,0.0266619224544,-0.0451012618472,-0.0649396040668,0.051539712798,0.0415442949642,-0.00523930305472,-0.00180975871025,-0.0239828231683,-0.0376361112997,0.0401756409361,0.0405461253717,-2.91197081296e-05,-0.00129782230171,2.95171577947,2.91197081296e-05,1,0.00392357703141,-0.00550771811038,-0.0186535352051,-0.00751010976314,-0.00155101102941,-0.4,-0.929666729448,-0.36840164516,2019-09-08 23:59:59+00:00,2019-09-06 05:00:00+00:00,0.0140003951307,2019-09-09,2019-09-19 22:00:00+00:00,-0.00130116616924
2019-09-09,0.00724906138983,0.00594789522058,0.0066214713158,-0.0260294113562,-0.0155062774954,0.0042401746111,0.0120113595251,,0.00545073643226,-0.00740174700999,,0.00284815840552,-0.378409355625,0.0144981227797,0.0131823967563,0.0344564389857,-0.0434691203209,0.0321456073886,0.00687810737549,0.0256404752268,0.0260727903048,0.0127942678631,-0.00395434541152,-0.040205716138,0.00614137071653,-0.444251098522,0,-0.00128660631518,-0.0212134963541,-0.00858970239153,-0.0631581623794,0.00681226077864,0.0109545916443,,-0.00186669941912,-0.0110371198622,,-0.000445053905486,-0.314674837768,0.00669701138609,0.0109181231813,0.0493481998982,-0.0911839926644,0.00842818980369,0.0344313546738,0.00703961319423,0.00180031013951,0.0426253078837,-0.0598328846318,0.0185558521026,0.0338385720531,0.0144981227797,-0.000359244755251,2.34040077973,0.0144981227797,0,0.00745850958542,-0.00669701138609,0.0202513443477,0.0362824990299,0.00655888614004,0.3,-0.967189977038,-0.254054223182,2019-09-15 23:59:59+00:00,2019-09-12 22:00:00+00:00,0.0299630616324,2019-09-16,2019-09-26 22:00:00+00:00,0.00724906138983
2019-09-16,0.0140003951307,0.0212494565206,0.022568654102,-0.002424795102,0.0160015594761,0.00657731600382,0.0116174195025,,0.0138591408046,0.00535702807248,,0.00441127433502,-0.369645636376,0.0253955059466,0.0398936287262,0.0487062517181,0.00575651056742,0.0584303852814,0.0110508994514,0.0263789885036,0.0265767167662,0.0261744680657,0.017127828842,-0.0141426572572,0.00768191790788,-0.429956837218,0.00260528431489,0.00260528431489,-0.00356894351422,-0.0106061007714,-0.0264272663292,0.00311701602943,0.00667948684442,,0.00163306152685,-0.00642781549078,,0.00114063076215,-0.312887043027,0.0408299642036,0.0475269755897,0.074188898044,-0.0140863003717,0.0169050836334,0.0365845145087,0.010093503495,0.0171331166893,0.015323357979,-0.0104156537322,0.00663188542071,0.0336705425203,0.0227902216317,0.0044435128529,3.9486625927,0.0227902216317,1,0.0153020024515,-0.0382246798887,0.00320790451162,-0.0434375585096,-0.0450414404115,-3.9,-0.990705095898,-0.136027250809,2019-09-22 23:59:59+00:00,2019-09-19 22:00:00+00:00,-0.00182891183509,2019-09-23,2019-10-03 22:00:00+00:00,0.0140003951307
2019-09-23,0.0299630616324,0.0439634567632,0.0499113519837,0.0234270724067,0.0399633754876,0.0132319346838,0.014077724266,,0.0315800037282,0.0327125355866,,0.00940373218919,-0.350472480936,0.0539345738183,0.0793300797649,0.0925124765213,0.0549329413003,0.0863186081663,0.0232820180707,0.029254936611,0.0287082148985,0.057734249512,0.0662114680783,0.0397321124833,0.0164882261945,-0.398367582919,0.00599154944647,0.00859683376136,0.00731022744618,-0.00807879648695,-0.00639185719101,0.00321359977867,0.00594863818531,,0.00580692803437,3.61395087356e-05,,0.00231923818393,-0.308757813882,0.0439374145372,0.0847673787408,0.0956855019221,0.0429496657274,0.0213800631419,0.0384867675306,0.0549440297438,0.0650375332389,0.0668378433784,0.0568332776367,0.0263369660417,0.0350479052728,0.0479430243719,0.00318560673891,4.91709507366,0.0479430243719,1,-0.00100945592546,-0.0379458650907,-0.0217908285344,-0.0213348991975,-0.0116118992039,-1.4,-0.99987150887,-0.0160301512775,2019-09-29 23:59:59+00:00,2019-09-26 22:00:00+00:00,-0.0151088196692,2019-09-30,2019-10-10 22:00:00+00:00,0.0299630616324
2019-09-30,-0.00182891183509,0.0281341497973,0.0493836063179,0.0211024437888,0.0200763726259,0.0134164674002,0.0133768615078,,0.0170794869652,0.0292034274187,,0.0108015652236,-0.351659323856,-0.0261023778602,0.0278321959581,0.0677258246844,0.0276716565443,0.0157829503568,0.0331597287737,0.0281827639663,0.0291863707417,0.0133864117232,0.0374428404746,0.0132339651332,0.0157173830667,-0.413868434959,0.02244455419,0.0284361036365,0.0310413879514,0.0145332310333,0.0243697948951,0.0100921131324,0.00824963938277,,0.0206150728307,0.0208018417429,,0.00588574738053,-0.293067771838,-0.0373602202811,0.00657719425611,0.0541041698458,0.0090029079986,0.0378875665417,0.0382663386391,-0.0419237495699,0.0130202801739,0.0301533968632,0.0061705736949,0.0395835627234,0.0326937499966,-0.0485469320502,-0.00367266021815,3.4158278721,0.0485469320502,0,0.0158213717097,0.0598047744711,-0.0180872947601,-0.0374,-0.0300369405923,-3.4,-0.994556455799,0.104199118177,2019-10-06 23:59:59+00:00,2019-10-03 22:00:00+00:00,0.00313026954359,2019-10-07,2019-10-18 05:00:00+00:00,-0.00182891183509
2019-10-07,-0.0151088196692,-0.0169377315043,0.0270257252588,0.0336471965746,0.0111751118497,0.0195176844602,0.0140191119782,,-0.00481783991041,0.0128924777494,,0.00589680732627,-0.361381357051,-0.0327919728205,-0.0588943506807,0.0204357290842,0.0548921680699,-0.0017874948709,0.0416577837099,0.0294303594273,0.0296244863945,-0.0241452873262,0.00411352180136,-0.0172556802041,0.00524643187651,-0.432777124328,0.00257433348211,0.0250188876721,0.0336157214335,0.0124022250794,0.0241377185704,0.00949679235186,0.00824770581012,,0.0146654872182,0.0215152101491,,0.00654718277603,-0.291245548034,-0.0642514244431,-0.101611644724,-0.0168442659834,0.0325039339148,0.0549262586,0.040614071338,-0.0686338848296,-0.1105576344,-0.0455201011607,-0.00289479327696,0.0549876235762,0.0374252169117,-0.0353663063026,-0.00600417285794,3.56787599228,0.0353663063026,0,0.0358419120091,0.0668257579252,-0.0300380141239,0.00457095366715,-0.0225385527877,-0.7,-0.974836916336,0.222919237727,2019-10-13 23:59:59+00:00,2019-10-10 22:00:00+00:00,-0.00110732876403,2019-10-14,2019-10-24 22:00:00+00:00,-0.0151088196692
2019-10-14,0.00313026954359,-0.0119785501256,0.0161555996717,0.0387242537737,0.00412658344624,0.0189204840487,0.013762609862,,-0.00567472128608,0.0157411399178,,0.00372147042206,-0.359379176516,0.0152286088297,-0.0175633639909,0.0102688319673,0.0589750836854,-0.00780478240699,0.0402953023059,0.0291116172772,0.0293462479081,-0.0116717578142,0.0201486633671,0.000478114302098,0.00316757586928,-0.424073001408,-0.00896806974248,-0.00639373626038,0.0220423673761,0.0184734238619,0.0160579492995,0.0129774632274,0.00876030560208,,0.000125032331446,0.0111407749341,,0.00427536497484,-0.297573291159,0.00290011668836,-0.0613513077548,-0.0547741134987,0.0194147845454,0.0473035861856,0.0390521609127,0.0028197097465,-0.0658141750831,-0.0527938949092,-0.0374705369302,0.0541547451212,0.036053110071,0.0241966785721,0.00700529134073,3.32274875451,0.0241966785721,0,0.0124088990832,-0.0118681864308,-0.0300257610505,-0.0304033092037,-0.0140521205927,-2.6,-0.94099849502,0.338410745058,2019-10-20 23:59:59+00:00,2019-10-18 05:00:00+00:00,0.00557482644814,2019-10-21,2019-10-31 23:00:00+00:00,0.00313026954359
2019-10-21,-0.00110732876403,0.00202294077956,-0.0149147907247,0.034996561259,0.0126234758057,0.00789585057934,0.0134503727286,,-0.00305536606919,0.0136246262076,,-0.00469973428162,-0.360088161768,0.00336301280925,0.0185916216389,-0.0403027290418,0.0522097474795,0.019388355344,0.0230491540077,0.0282681207991,0.0293451922821,0.00187239245319,0.0220400064195,0.00653938349382,-0.01156709421,-0.422132891055,-0.00557767033731,-0.0145457400798,0.0104731475923,0.0177833750385,0.00585859626739,0.0140771704288,0.00888754219154,,-0.00800752430059,0.00506255436589,,0.00216762564674,-0.301480289673,-0.00121297902267,0.00168713766568,-0.0999245070585,-0.00423900513646,0.0318207836674,0.038143820793,0.00404646486942,0.00686617461592,-0.103691459784,-0.0368536164053,0.0356115892081,0.03488957057,0.00894068314656,0.0126695663968,3.1802876321,0.00894068314656,0,-0.000683452060168,-0.00436469131464,-0.0219836276629,0.0164249146758,0.0277921741384,2.1,-0.893531284773,0.4490009389,2019-10-27 23:59:59+00:00,2019-10-24 22:00:00+00:00,-0.0144365959369,2019-10-28,2019-11-07 23:00:00+00:00,-0.00110732876403
2019-10-28,0.00557482644814,0.00446749768411,-0.00751105244151,0.0418725538764,0.0140871081301,0.00924258096955,0.0134849293164,,0.00441587077258,0.0181744697845,0.00623979392899,-0.00296138681269,-0.356510802013,0.0120560430082,0.0154190558174,-0.00214430817343,0.065581516511,0.0266862552667,0.0220811572925,0.0284105069571,0.029382541584,0.0145762230978,0.0322733186154,0.0214327488051,-0.00258886591002,-0.415123935094,-0.000906390111905,-0.00648406044922,-0.0128777967096,0.0181635912418,0.00148796099347,0.00508350289946,0.00884661590409,,-0.00571318697595,0.00403667642331,-0.00904117912714,-0.00333390771536,-0.302113134186,0.023753927725,0.0225409487023,-0.0388103590525,0.0152938107933,0.0379728658729,0.0388854183635,0.0315780847481,0.0356245496175,-0.0301896254656,-3.62286024857e-05,0.0428340085007,0.0361760071464,0.0129624331201,0.00422826279943,3.21109180881,0.0129624331201,0,-0.0195220417399,-0.0246603178369,-0.00854403656053,0.0430220356768,0.00838323353293,2.5,-0.833122768723,0.55308810531,2019-11-03 23:59:59+00:00,2019-10-31 23:00:00+00:00,0.00246941232754,2019-11-04,2019-11-15 06:00:00+00:00,0.00557482644814
2019-11-04,-0.0144365959369,-0.00886176948873,-0.00683882870917,0.0201868965497,-0.000845204589541,0.00892237565618,0.0141583295972,0.0148521838367,-0.00829595474112,0.00364660337957,-0.0055793623156,-0.00164469143964,-0.365733860584,-0.0280161713956,-0.0159601283874,0.00263149325147,0.0230672223357,-0.00248882302471,0.019763124125,0.0296138346454,0.0297771834296,-0.0140928720102,0.00394749968135,-0.00349061401188,0.000849321237844,-0.431282515495,-0.000857020478109,-0.00176341059001,-0.0163091506698,0.0173065707637,0.000798413845628,0.00394104933319,0.00885051348008,0.00996003237284,-0.00249138919165,0.00311478626602,-0.00796504136234,-0.00413870411712,-0.302710981301,-0.00863000710477,0.0151239206202,0.0168110582859,-3.32076975473e-05,0.0138799036948,0.0389219088757,-0.000616087141454,0.0309619976066,0.0378281722225,-0.00769192893817,0.014878810294,0.036055198898,-0.0271591509175,0.011611090931,3.34562385428,0.0271591509175,1,-0.0274000842542,0.00777298662667,-0.00519398099437,-0.0191146881288,-0.014814351794,-1.7,-0.760647863164,0.649164715819,2019-11-10 23:59:59+00:00,2019-11-07 23:00:00+00:00,-0.00478568486263,2019-11-11,2019-11-21 23:00:00+00:00,-0.0144365959369
2019-11-11,0.00246941232754,-0.0119671836093,-0.00749968592522,0.00865591374648,0.029277780193,0.00880826967802,0.0114782216715,0.0148839713637,-0.00398047819739,0.00388631605614,-0.00072138433915,-0.00412705841923,-0.364165660491,0.00467934649303,-0.0233368249026,-0.00791776908516,0.00235106288213,0.0622030078144,0.0177743954855,0.023535421983,0.0297850089321,-0.00751497101378,0.00395857701157,0.00393079443419,-0.00676428902624,-0.428615053205,0.000259478162044,-0.000597542316065,-0.00708160276528,0.0149607646108,-0.00364744742836,0.00259464114486,0.00874133779311,0.00991241442296,-0.000460622799119,0.0036581720294,-0.00564916989716,-0.00148982781222,-0.302530026552,0.0353008533594,0.0266708462547,0.049211794957,-0.00556231854168,0.0206631514238,0.0306696506571,0.0271785010519,0.0265624139104,0.0621869635279,0.00939306861866,0.01618430504,0.0323263494542,0.00441986833099,-0.00171445042768,2.69211995006,0.00441986833099,1,-0.0224991545588,-0.0350413751974,-0.020792062586,0.033641025641,0.00983440137047,1.8,-0.677156245853,0.735839261457,2019-11-17 23:59:59+00:00,2019-11-15 06:00:00+00:00,-0.00350177835981,2019-11-18,2019-11-28 23:00:00+00:00,0.00246941232754
2019-11-18,-0.00478568486263,-0.00231627253509,-0.0111780420238,-0.0260928327486,0.0264388829858,0.00889302372926,0.0115912139565,0.0147984323813,-0.00596670879019,-0.00290595364092,-0.00267436081051,-0.00482827073563,-0.367201293679,-0.00957136972526,-0.00489202323223,-0.0208521516197,-0.0611548806615,0.041485944875,0.0176546346881,0.0237690599106,0.0296610080326,-0.011852090249,-0.00868625729951,-0.00202828069278,-0.00840426443376,-0.434057900483,0,0.000259478162044,-0.00150393242797,0.00896921516436,0.0113918210966,0.00059383018461,0.00753764458311,0.00991613103395,-8.45619435585e-05,0.00278123083586,-0.00360325297943,-0.0012522770375,-0.302530026552,0.0027850266893,0.0380858800487,0.0532098006689,-0.0467147063896,0.0198730303406,0.0305479243119,0.00288874998321,0.0300672510351,0.0610292486417,-0.0426622111419,0.0164664152967,0.0308058177647,-0.00957136972526,0.00569418104376,3.15296200114,0.00957136972526,0,-0.0124601197085,-0.0027850266893,-0.00834940636921,0.0168684262751,0.0326086956522,1.7,-0.583857153189,0.811856406435,2019-11-24 23:59:59+00:00,2019-11-21 23:00:00+00:00,0.0128830860438,2019-11-25,2019-12-05 23:00:00+00:00,-0.00478568486263
2019-11-25,-0.00350177835981,-0.00828746322243,-0.0202546468318,-0.0277656992733,0.0203167408754,0.00700275781873,0.0116893464697,0.0147248334293,-0.00439678904359,-0.00791645027478,-0.00361386944275,-0.00662648792912,-0.369413339188,-0.00700355671961,-0.0165749264449,-0.0399117513475,-0.0420560595209,0.0243540391402,0.0135305345362,0.0238272451787,0.0293897317859,-0.00884796597586,-0.0173949115126,-0.00609558964181,-0.011851325463,-0.438007660747,0,0,-0.000597542316065,-0.0134753390257,0.0162794426105,0.000487356410171,0.00734563700861,0.0098629704295,6.48653323627e-05,0.00153373897982,-0.00140908391172,-0.00140165039521,-0.302530026552,0.0189673688066,0.0217523954959,0.0484232417506,0.00961288269812,0.0191654388438,0.0304021816885,0.000808762812866,0.00369751279607,0.0302599267065,7.03012408458e-05,0.0131546400619,0.0308051337762,-0.00700355671961,-0.000368697192399,3.24328603016,0.00700355671961,0,-0.00781231953248,-0.0189673688066,0.00626723489596,-0.00956284153005,-0.00614542135686,-0.2,-0.48210186644,0.876115169584,2019-12-01 23:59:59+00:00,2019-11-28 23:00:00+00:00,-0.00836058402596,2019-12-02,2019-12-12 23:00:00+00:00,-0.00350177835981
2019-12-02,0.0128830860438,0.00938130768401,0.00706503514892,0.000226206439751,0.0345009930884,0.00805726285467,0.0120559780996,0.014464227808,0.0067256759981,0.00231968196179,0.0104950126445,-0.000887663758033,-0.361236881062,0.0256220320986,0.018618475379,0.0137264521468,0.0163579453983,0.0512917972621,0.0160410085455,0.0246827543442,0.0285603922113,0.013363503033,0.00421317576307,0.0198042916236,-0.000513909829619,-0.42342221858,0.000144139989007,0.000144139989007,0.000403618151051,-0.0159055325188,0.0177101889147,0.000125669341322,0.00731508262957,0.00984639382639,0.000108108887272,0.000325075115492,0.000994929121784,-0.00126141768645,-0.302429485992,0.0152218468795,0.0341892156861,0.0722750957348,0.0890861540207,0.013409573167,0.0305247300795,0.0200667871259,0.0208755499388,0.0509428009738,0.0887709731964,0.0129299857691,0.0311129248203,0.0254778921096,-0.0102658094946,3.3737664805,0.0254778921096,1,0.00555524497274,-0.0150777068905,0.0263130766455,0.0370443349754,0.0284070037958,2.6,-0.373364140702,0.927684870222,2019-12-08 23:59:59+00:00,2019-12-05 23:00:00+00:00,0.00814143269399,2019-12-09,2019-12-19 23:00:00+00:00,0.0128830860438
2019-12-09,-0.00836058402596,0.00452250201786,-0.00376496120457,-0.0112646471298,0.0188913476726,0.00944271799387,0.0123343024161,0.0120040007447,-0.000715272396916,-0.007445575599,0.00195140279457,-0.00239442089135,-0.366555051308,-0.0193330350978,0.00628899700088,-0.010285929444,-0.0182036985292,0.0174606393847,0.0195317315666,0.0252542936028,0.0249406126208,-0.00347952086822,-0.016304938712,-0.00158121429883,-0.00391460846752,-0.434462155461,0.00261186704584,0.00275600703485,0.00275600703485,-0.00432559573043,0.0203220559606,0.00128370974232,0.00731041431393,0.00969407910817,0.00203234318059,0.0013870440685,0.00531120553639,-0.000874233315177,-0.300605143121,-0.000401687091161,0.0148201597883,0.0365725552842,0.0857843502412,0.00939850126427,0.0305760726687,-0.00714535712686,0.012921429999,0.0166189427951,0.078805906323,0.011455475152,0.0312409189414,-0.0219449021436,0.00395086862777,3.45409144092,0.0219449021436,0,-0.0121876779709,0.003013554137,0.034469192845,-0.00665019950599,-0.0119657102036,-1.3,-0.259218860015,0.96581860751,2019-12-15 23:59:59+00:00,2019-12-12 23:00:00+00:00,0.0178812815073,2019-12-16,2019-12-28 06:00:00+00:00,-0.00836058402596
2019-12-16,0.00814143269399,-0.000219151331964,0.00916215635205,-0.00201588567177,0.0130323852359,0.00988993380505,0.0119383127794,0.011541563242,0.00514465454105,-0.000328101969991,0.00902019286939,0.00128804791602,-0.361376851512,0.0167525616038,-0.00258047349393,0.0160380018851,-0.00481414973459,0.00881769504196,0.0207817911151,0.0246754596032,0.0251009338918,0.00928729542145,-0.000361985943168,0.0127138068673,0.00333121623727,-0.424908144242,-0.000469696215838,0.00214217083,0.00228631081901,0.000782378391042,0.0172470754298,0.00138521190274,0.00732362322525,0.0070777832952,0.000989420655674,-0.000399196307001,0.00519740444793,-0.000755120405235,-0.300933569103,0.0271943106146,0.0267926235235,0.0609818392096,0.114191639879,0.011568079729,0.0294782443271,0.0275152530399,0.0203698959131,0.0412454458518,0.102274694494,0.0161882531515,0.0319466098169,0.0172222578197,0.00571181956911,3.36883670933,0.0172222578197,0,-0.0107626914361,-0.0276640068305,0.0122100220897,-0.0298393267024,-0.00210881484606,0,-0.141319227808,0.989964078061,2019-12-22 23:59:59+00:00,2019-12-19 23:00:00+00:00,,2019-12-23,2020-01-09 06:00:00+00:00,0.00814143269399
2019-12-23,0.0178812815073,0.0260227142013,0.0305452162191,0.0102905693874,0.000950605110755,0.0113819135394,0.00976912760426,0.0119698895789,0.0154646302797,0.0176323926324,0.0256006627979,0.00756318058472,-0.349854743191,0.0357625630145,0.0525151246184,0.0588041216192,0.0188923702718,-0.00935431576186,0.0239818183128,0.0217482034245,0.0255327854663,0.0306431520059,0.0368111302336,0.0464571269504,0.0154205931557,-0.403969202017,0,-0.000469696215838,0.00228631081901,0.00168876850295,0.0112555259834,0.00138521190274,0.00719295569682,0.00650377421819,0.00041769226378,-0.00125872469274,0.00500888498226,-0.000294231986275,-0.300933569103,0.0355133331529,0.0627076437676,0.0775278035559,0.125951045306,0.0155986458315,0.0286185808863,0.0250350580494,0.0525503110893,0.0654717410884,0.0957316677949,0.0159785078061,0.0289142789043,0.0357625630145,-0.00380378214138,3.02312167895,0.0357625630145,0,0.0107275049651,-0.0355133331529,-0.00121506682868,0.0634858044164,0.025238497766,2.7,-0.0213728230102,0.999771575129,2019-12-29 23:59:59+00:00,2019-12-28 06:00:00+00:00,,2019-12-30,2020-01-09 23:00:00+00:00,0.0178812815073
2019-12-30,,,,,,,,,,,,,,0.01307167974,0.0488342427545,0.0462537692606,0.0599802214074,0.0298197418383,0.0228720462448,0.0206229577107,0.0242012172994,0.0320263295337,0.047965106508,0.0583020719128,0.00926961601989,-0.39612693417,,,,,,,,,,,,,,-0.002499420041,0.0330139131119,0.0598065366354,0.13208163237,0.019260757673,0.0259458952838,0.00884961527698,0.0338846733264,0.0542545692395,0.105197370213,0.0160968478236,0.0257719959235,,-0.0134883617591,,,,0.00422206446298,,0.0702394672813,-0.0153874675565,0.0178445229682,1.2,0.120128619955,0.992758336489,2020-01-05 23:59:59+00:00,2020-01-09 06:00:00+00:00,,2020-01-06,2020-01-16 23:00:00+00:00,
2020-01-06,,,,,,,,,,,,,,-0.00333257683473,0.00973910290523,0.0622542275236,0.0519682980796,0.0592791378241,0.0160487476365,0.0178828632464,0.0239789428152,0.0128725169608,0.0396707092606,0.0523957393884,0.0110036232021,-0.398136037955,,,,,,,,,,,,,,-0.00994305603604,-0.012442476077,0.0502651676905,0.0868377229748,0.0221674841045,0.0161111417997,0.00735581314401,0.016205428421,0.0687557395103,0.0853746823054,0.0105582358066,0.0129098400314,,0.00175054252217,,,,-0.0106883899787,,0.0398594077176,-0.000188288457918,-0.0223340855176,-1.5,0.238517377822,0.971138229335,2020-01-12 23:59:59+00:00,2020-01-09 23:00:00+00:00,-0.0254520377296,2020-01-13,2020-01-24 06:00:00+00:00,
2020-01-13,,,0.0246154808623,0.0337776372144,0.0214922664265,,,,,,,0.004500618952,-0.345461760412,-0.0288016998294,-0.0321342766641,0.0166999660904,0.0327379679754,0.015248829165,0.0272075448431,0.0197644698504,0.0243949892094,-0.0198773973951,0.00896708546043,0.0222191435236,0.00300200466374,-0.415223488115,,,0.0325309956343,0.0348173064533,0.027735703688,,,,,,,0.00599923324026,-0.277818299191,-0.00176496589426,-0.0117080219303,0.0213058911816,0.0822877303912,0.0204608418722,0.0163492657368,-0.0147250432506,-0.00736923010655,0.0265154432198,0.0677608890717,0.0163323556735,0.0146943121185,,0.0024773807467,,,,-0.0140766565789,,0.0587630348795,-0.0197740112994,0.00449783985323,-0.8,0.353451610506,0.935452809623,2020-01-19 23:59:59+00:00,2020-01-16 23:00:00+00:00,-0.0305359448696,2020-01-20,2020-01-30 23:00:00+00:00,
2020-01-20,-0.0254520377296,,-0.0187178383745,0.0118273778446,-0.00285244253901,,,,,,,-0.00446004093678,-0.361910872692,-0.0539535065099,-0.0827552063393,-0.0730161034341,-0.0142119818148,-0.0420676901541,0.0293805821203,0.0249483447425,0.0262323022218,-0.0547340624962,-0.0409977818049,-0.0306434358184,-0.0150180496928,-0.445938197844,0.00304943105077,,0.035580426685,0.0378667375041,0.0363628050761,,,,,,,0.00609796781925,-0.275612694678,-0.0578462093094,-0.0596111752037,-0.0720536512807,0.00547415227518,0.0268109326845,0.0249592541777,-0.0428512271249,-0.0575762703754,-0.0413708419544,0.0241008991339,0.024204624912,0.0208169870271,-0.0570029375606,0.00877828575422,,0.0570029375606,0,-0.011102279385,0.0608956403602,-0.00804912342669,-0.0482228626321,-0.00683438402168,-1.7,0.463266687928,0.886218920954,2020-01-26 23:59:59+00:00,2020-01-24 06:00:00+00:00,-0.0416559321418,2020-01-27,2020-02-06 23:00:00+00:00,-0.0254520377296
2020-01-27,-0.0305359448696,-0.0559879825991,,-0.0315916530688,-0.0389632138567,,,,,,,,-0.381101041021,-0.0517638098493,-0.105717316359,-0.137851593023,-0.0915978237628,-0.105887543012,0.0236667941181,0.0278041333758,0.0280276389508,-0.0716287215715,-0.0821954271515,-0.0768507778093,-0.0263177026396,-0.47388888961,-0.00930807988982,-0.00625864883905,,0.0284145176252,0.0279611152982,,,,,,,,-0.28232406614,-0.0302765541487,-0.0881227634581,-0.0998307853884,-0.040024248753,0.0249885754077,0.026218472362,-0.0373250364754,-0.0801762636003,-0.0875454937068,-0.0332909244674,0.0229801909815,0.0226236176954,-0.0424557299595,-0.00334928977921,,0.0424557299595,1,-0.0144387733739,0.0209684742588,-0.00882659070366,0.00504642712959,-0.0553479266773,-3.3,0.56637212241,0.824149633839,2020-02-02 23:59:59+00:00,2020-01-30 23:00:00+00:00,-0.0242238429398,2020-02-03,2020-02-13 23:00:00+00:00,-0.0305359448696
2020-02-03,-0.0416559321418,-0.0721918770113,,-0.0648870011846,-0.0661825500616,,,,-0.0521253757761,,,,-0.406352271039,-0.0679329048052,-0.119696714654,-0.202451920994,-0.14019769347,-0.145804276421,0.016209002279,0.0320598235574,0.0307556249697,-0.0882334346376,-0.133501968829,-0.13288203538,-0.0393972666776,-0.508442204793,-0.0153789594783,-0.0246870393682,,0.010423691101,0.0134391762979,,,,-0.0153520185405,,,,-0.29327673902,-0.0600982330521,-0.0903747872008,-0.149985962404,-0.0997207947139,0.0274093606491,0.0313175760215,-0.0635316524524,-0.100856688928,-0.158432959303,-0.0896772197929,0.0200601855065,0.0289226456489,-0.0525539453268,-0.00524624915671,,0.0525539453268,1,-0.00440125235278,0.0447192735738,-0.0104458123484,-0.00060253062864,0.00301431801055,0.2,0.661274604227,0.750143918062,2020-02-09 23:59:59+00:00,2020-02-06 23:00:00+00:00,0.002203976025,2020-02-10,2020-02-21 06:00:00+00:00,-0.0416559321418
2020-02-10,-0.0242238429398,-0.0658797750816,-0.121867757681,-0.0972522768184,-0.0928758053289,0.00794405044685,,,-0.0462189624024,,,-0.0233226467026,-0.420559923673,-0.0295293917863,-0.0974622965915,-0.203179612951,-0.18647964686,-0.1800130147,0.0158834151415,0.0320503601427,0.0291411631572,-0.0683103311923,-0.147838229878,-0.154690891484,-0.0369477482607,-0.52274538606,-0.0189182940933,-0.0342972535716,-0.0405559024107,-0.00802490677639,-0.00573859595738,0.00964638657596,,,-0.0240476089082,,,-0.00969754514441,-0.306521062499,-0.0703327800904,-0.130431013143,-0.218553776601,-0.197247885419,0.0171261293274,0.0343500801627,-0.0453423421622,-0.108873994615,-0.189050258215,-0.162534814995,0.011351722884,0.0294944171667,-0.010611097693,0.0108284595355,,0.010611097693,1,0.0158129503759,0.0514144859971,-0.0140538276259,-0.0279340836013,0.00300525920361,0.6,0.746599629698,0.665273622605,2020-02-16 23:59:59+00:00,2020-02-13 23:00:00+00:00,0.00717727760087,2020-02-17,2020-02-27 23:00:00+00:00,-0.0242238429398
2020-02-17,0.002203976025,-0.0220198669148,-0.0942117439261,-0.112929582301,-0.0858861444413,0.0186221151266,,,-0.021001804851,,,-0.016946309486,-0.419281443285,0.0245906003051,-0.00493879148121,-0.124635506136,-0.19765160957,-0.14585104467,0.0403631507714,0.0337837650755,0.0295469424962,-0.013868173616,-0.117311536036,-0.130459219514,-0.0199395654055,-0.510863921146,-0.0201826482551,-0.0391009423484,-0.0637879817165,-0.0282075550315,-0.0259212442125,0.00487056584642,,,-0.0282427620966,,,-0.0139530535666,-0.320377008785,0.0133551228983,-0.0569776571921,-0.147352444393,-0.219406095674,0.037529281425,0.0348068567116,0.00932886835101,-0.0360134738112,-0.136870162739,-0.178241004693,0.0310323735618,0.0297655422827,0.0447732485602,-0.00384105048648,,0.0447732485602,0,0.0152617319541,-0.0335377711534,-0.0044964665562,0.00310109572049,0.0118601747815,1.4,0.821111408578,0.570767951713,2020-02-23 23:59:59+00:00,2020-02-21 06:00:00+00:00,-0.0488324180361,2020-02-24,2020-03-12 05:00:00+00:00,0.002203976025
2020-02-24,0.00717727760087,0.00938125362587,-0.0564985214557,,-0.0752070884806,0.0229518433666,,,0.000384067915316,,,-0.00833946971156,-0.415098471778,0.0222674414578,0.0468580417629,-0.0506042548286,-0.188455847852,-0.116580046493,0.0445241636841,0.0350402106871,0.0298734576703,0.0217055929544,-0.0896206134916,-0.107932322398,-0.00368336782309,-0.499849940655,-0.00791288625607,-0.0280955345112,-0.0623927880828,,-0.0338341304685,0.00551217755945,,,-0.0207058803936,,,-0.0129955716,-0.325733567343,0.0582061585751,0.0715612814734,-0.0588697316691,-0.158700517057,0.0612601078686,0.0389336474939,0.0401418766069,0.049470744958,-0.0594032496567,-0.146948743364,0.0479875344261,0.032661215299,0.0301803277139,-0.00539282214122,,0.0301803277139,0,-0.0178744351491,-0.0661190448312,-0.0150440652407,-0.00123660346249,-0.0124614435534,-1.5,0.883730762406,0.467995661922,2020-03-01 23:59:59+00:00,2020-02-27 23:00:00+00:00,-0.011340866363,2020-03-02,2020-03-12 23:00:00+00:00,0.00717727760087
2020-03-02,-0.0488324180361,-0.0416551404352,-0.06367500735,,-0.136922592561,0.025911025979,,,-0.0321376170972,,,-0.00538624471746,-0.442974462483,-0.0976648360722,-0.0753973946144,-0.0803361860956,-0.282788107089,-0.239866914664,0.0574382742824,0.0410643050452,0.0351036757865,-0.0550493639378,-0.159864094471,-0.185677955822,-0.00163274539594,-0.546387487907,0,-0.00791288625607,-0.0470138286044,,-0.0339782704575,0.00957914211326,,,-0.00902731823389,,,-0.00913974403899,-0.325733567343,-0.0780297519673,-0.0198235933922,-0.0768012505843,-0.226787212989,0.0661489489163,0.0429899001834,-0.0899535727497,-0.0498116961428,-0.085825169954,-0.244258129257,0.0577479619728,0.039082827603,-0.0976648360722,-0.00564597679575,,0.0976648360722,0,-0.00771126332252,0.0780297519673,-0.0289444797504,-0.0408584399505,-0.0194902548726,-1,0.933550754601,0.358445237914,2020-03-08 23:59:59+00:00,2020-03-12 05:00:00+00:00,,2020-03-09,2020-03-19 23:00:00+00:00,-0.0488324180361
2020-03-09,-0.011340866363,-0.0601732843991,-0.0507920307732,-0.172659788454,-0.139902874898,0.0253287289303,,,-0.0309728722558,,,-0.0019362480858,-0.449255928706,-0.0120466622028,-0.109711498275,-0.0628534565121,-0.266033069463,-0.232580541769,0.057144377381,0.041100977067,0.0348307186829,-0.0520106740002,-0.155809536771,-0.189408593843,0.00217744677725,-0.55181922179,-0.0106350705232,-0.0106350705232,-0.0387306050344,-0.0792865074451,-0.0472252080266,0.00832752149886,,,-0.00992664534464,,,-0.00604994294886,-0.332866441864,-0.0674901585578,-0.145519910525,-0.0739586290518,-0.292512405652,0.0654278487984,0.0452401320995,-0.0593770029145,-0.149330575664,-0.0998598307062,-0.288910088921,0.060062953975,0.040953869244,-0.00141159167955,-9.52180977342e-05,,0.00141159167955,1,0.0473303407117,0.0568550880346,-0.0476261304141,0.0122633390706,0.000382262996942,-0.5,0.969849825926,0.243703334306,2020-03-15 23:59:59+00:00,2020-03-12 23:00:00+00:00,-0.119802971172,2020-03-16,2020-03-26 23:00:00+00:00,-0.011340866363
2020-03-16,-0.134138868386,-0.145479734749,-0.187134875185,-0.281346619111,-0.282183175978,0.0627245413142,,,-0.113989902261,,,-0.025077320644,-0.518391591933,-0.23525212904,-0.247298791243,-0.322696185857,-0.447331691993,-0.484585232412,0.114731190689,0.0715496087932,0.0558934782799,-0.193178805756,-0.310718045552,-0.349566951193,-0.0433982593557,-0.645770664146,-0.0330256077325,-0.0436606782558,-0.0515735645119,-0.115361546228,-0.0797811195433,0.0141592269201,,,-0.0297932698282,,,-0.00675638193232,-0.35453908711,-0.396726626008,-0.464216784566,-0.484040377958,-0.631392822351,0.193949963049,0.112351612507,-0.341611147819,-0.400988150733,-0.450799846876,-0.587670009615,0.162400425709,0.096716135363,-0.202226521307,0.016664226344,,0.202226521307,1,0.106359018779,0.363701018275,-0.0229579884429,-0.00403825717322,0.00751496624634,0,0.992102245058,0.12543179561,2020-03-22 23:59:59+00:00,2020-03-19 23:00:00+00:00,-0.0163280821539,2020-03-23,2020-04-02 22:00:00+00:00,-0.134138868386
2020-03-23,-0.119802971172,-0.253941839558,-0.314115123957,-0.370613645413,-0.419867428657,0.0582870209681,,,-0.152573086227,,,-0.0462312864772,-0.572767491562,-0.160832091984,-0.396084221024,-0.505795719299,-0.556399974127,-0.681179887411,0.0947571297049,0.0754932021485,0.0604734966824,-0.225479585178,-0.386064805594,-0.434210062695,-0.0740504769469,-0.69839673768,-0.0787738503598,-0.111799458092,-0.122434528616,-0.184827316698,-0.158554969903,0.0349359487363,,,-0.0763177032896,,,-0.0184120960075,-0.403433448764,-0.274320315328,-0.671046941336,-0.816566851861,-0.87543658353,0.159783039348,0.124580128728,-0.24406032031,-0.585671468129,-0.735002043793,-0.79440529345,0.132694999773,0.10824787405,-0.0820582416239,0.0137914762388,,0.0820582416239,1,0.0832282283268,0.195546464968,-0.00541879795396,0.0324370465216,0.00113780025284,0.9,0.999985722936,0.00534358719969,2020-03-29 23:59:59+00:00,2020-03-26 23:00:00+00:00,-0.0361764112343,2020-03-30,2020-04-09 22:00:00+00:00,-0.119802971172
2020-03-30,-0.0163280821539,-0.136131053326,-0.281610788075,-0.345285795425,,0.0656126269356,,,-0.105668057646,,,,-0.579686736335,0.0334624624178,-0.127369629566,-0.374668420809,-0.455004606904,-0.660789104733,0.125673224546,0.0771602542181,0.0616090912157,-0.118946647607,-0.334756418294,-0.403146065375,-0.0428371740689,-0.688133592444,-0.0661186267256,-0.144892477085,-0.188553155341,-0.235566983946,,0.0310521856152,,,-0.094817047973,,,,-0.441601883653,-0.0675745389601,-0.341894854288,-0.806111638854,-0.882912889438,0.162594482716,0.122708276539,-0.306855082253,-0.550915402564,-0.951903553297,-1.03772872325,0.125723496278,0.124036146656,0.0995810891434,0.00484230927626,,0.0995810891434,0,0.340317544671,0.00145591223444,-0.0176307034602,0.0264572137247,-0.0593509281475,-5,0.99338608057,-0.114822014132,2020-04-05 23:59:59+00:00,2020-04-02 22:00:00+00:00,-0.0112556504219,2020-04-06,2020-04-16 22:00:00+00:00,-0.0163280821539
2020-04-06,-0.0361764112343,-0.0525044933882,-0.306446332946,-0.35723836372,,0.0590027913636,,,-0.0651560733591,-0.256974728475,,,-0.594620409805,-0.0488527093898,-0.0153902469721,-0.411474467996,-0.474327924508,-0.706309237288,0.118868330773,0.0758468730148,0.0617782583443,-0.0606531946045,-0.333113954184,-0.420067900456,-0.0485371372076,-0.703002950083,-0.0235001130788,-0.0896187398044,-0.201418197897,-0.240148802931,,0.0263161279473,,,-0.0699700425563,-0.176050422904,,,-0.454571314125,-0.213857212648,-0.281431751608,-0.952478692944,-1.026437322,0.136797857895,0.125966245389,0.149856062962,-0.156999019291,-0.74267048742,-0.842530318126,0.227296160808,0.138901230871,-0.025352596311,0.010295266864,,0.025352596311,1,-0.198708772352,0.19035709957,0.00389372423271,0.00322190898107,-0.0848436031682,-6.7,0.97239890274,-0.233324610683,2020-04-12 23:59:59+00:00,2020-04-09 22:00:00+00:00,,2020-04-13,2020-04-30 05:00:00+00:00,-0.0361764112343
2020-04-13,-0.0112556504219,-0.0474320616562,-0.183563114982,-0.370697990166,-0.490361771822,0.0504345327104,0.0428401644082,,-0.0304748217991,-0.238036071091,,-0.00817064245146,-0.599157638131,-0.00126956014089,-0.0501222695307,-0.177491899097,-0.500188084954,-0.678777097599,0.0846543041618,0.0769948408843,0.0614335163082,-0.0170708656043,-0.299073631058,-0.408393863189,0.0078406481181,-0.703379766453,-0.0212417407028,-0.0447418537816,-0.189634330867,-0.241207895379,-0.301946446045,0.0293834664539,0.024033582428,,-0.0440834853292,-0.175331273011,,-0.024181933021,-0.466034983652,0.141472046842,-0.0723851658066,-0.414280020095,-0.898320398052,0.184986681858,0.140332058753,0.118121138289,0.267977201252,-0.282938201312,-0.733738048188,0.238132608667,0.148684541733,0.019972180562,0.00361179394653,3.20350233315,0.019972180562,1,-0.11939069843,-0.162713787545,0.05117173495,-0.0110397430751,-0.071072319202,-6.5,0.937328153605,-0.348447890595,2020-04-19 23:59:59+00:00,2020-04-16 22:00:00+00:00,,2020-04-20,2020-04-30 22:00:00+00:00,-0.0112556504219
2020-04-20,,,,,,,,,,,,,,-0.0628362040382,-0.0641057641791,-0.0794960111511,-0.58529173045,-0.687659795128,0.0442584077867,0.0770509619775,0.0615602470116,-0.0589659034708,-0.307059838564,-0.431368180508,0.0330229045297,-0.721444745058,,,,,,,,,,,,,,-0.117128639812,0.0243434070295,-0.257088344579,-1.07365519644,0.150012310372,0.14034336748,-0.193073684108,-0.0749525458185,-0.231951565109,-0.966953608903,0.226860125612,0.152172964367,,-0.000994842750398,,,,0.130237480069,,0.0610523704691,0.0162370610919,-0.0165021713383,-1.5,0.888681774293,-0.458524485758,2020-04-26 23:59:59+00:00,2020-04-30 05:00:00+00:00,,2020-04-27,2020-05-07 22:00:00+00:00,
2020-04-27,,-0.170038690411,-0.217470752067,-0.499081540142,-0.604412479634,,,,,,,-0.00787442035261,-0.661836486228,-0.243658505117,-0.306494709155,-0.356616978686,-0.731285399495,-0.879554490396,0.106320486078,0.0934515603419,0.0740531503716,-0.199190074714,-0.422915576239,-0.541125514246,-0.0214962069488,-0.781680860153,,-0.0335826716663,-0.0783245254479,-0.266877680789,-0.329270468872,,,,,,,0.00574736624356,-0.483669196208,-0.342056103988,-0.4591847438,-0.531569909607,-1.33768154846,0.204799985172,0.155238628596,-1.80054546824,-1.99361915235,-1.72564195109,-2.67754550439,0.925777301832,0.499229499025,,0.025284668442,,,,1.55688696312,,0.0372004675628,-0.0049930097863,0.0244861913937,2,0.827164326226,-0.561960120845,2020-05-03 23:59:59+00:00,2020-04-30 22:00:00+00:00,0.0820490432052,2020-05-04,2020-05-14 22:00:00+00:00,
2020-05-04,-0.0642921672642,,-0.245586508097,-0.552032841043,-0.627048714756,,,,,,,-0.0131621105045,-0.68289359507,-0.0929580710251,-0.336616576142,-0.400722340321,-0.812196808317,-0.904579656615,0.102982315468,0.0937150699071,0.0747978632071,-0.198176071163,-0.440875301705,-0.568974354563,-0.0305975345714,-0.801060677634,-0.0356262635033,,-0.0904506758724,-0.291868873769,-0.349517772897,,,,,,,0.00427331356243,-0.501740318861,0.180141604452,-0.161914499536,-0.137571092507,-1.09004978545,0.24389573104,0.175140046493,1.55325587462,-0.247289593619,-0.322242139438,-1.06491262686,1.37596485504,0.701272979114,-0.0573318075218,-0.0114152813712,,0.0573318075218,1,-1.64621394564,-0.215767867955,0.0670413884428,0.0200722601365,0.016848209388,0.9,0.75366678672,-0.657256703728,2020-05-10 23:59:59+00:00,2020-05-07 22:00:00+00:00,0.00894113666966,2020-05-11,2020-05-21 22:00:00+00:00,-0.0642921672642
2020-05-11,0.0820490432052,0.017756875941,-0.15228181447,-0.335844929452,-0.520775828611,,,,,,,0.00198922550649,-0.655778129104,0.19818563741,0.105227566385,-0.20126714277,-0.378759041867,-0.676864627419,0.183584213018,0.119546771533,0.0879360103873,0.0339102925859,-0.281882006374,-0.459692488246,0.00174972410891,-0.757455426216,-0.0340875509999,-0.0697138145031,-0.103296486169,-0.292930817036,-0.364687029803,,,,,,,0.00222872690407,-0.518438553334,0.324165206258,0.50430681071,0.0451220669093,-0.369157953185,0.298745474115,0.210390115684,0.401042580063,1.95429845468,-0.039320697664,-0.322258898976,1.39669775595,0.714607189188,0.23227318841,0.00764675496034,,0.23227318841,0,-0.202856942653,-0.358252757257,0.0231764472903,-0.0373868555687,-0.0456997533909,-2.6,0.669253644676,-0.743034022834,2020-05-17 23:59:59+00:00,2020-05-14 22:00:00+00:00,0.0631376805645,2020-05-18,2020-05-29 05:00:00+00:00,0.0820490432052
2020-05-18,0.00894113666966,0.0909901798748,,-0.20710082161,-0.514038667967,,,,0.0315178680439,,,,-0.652686593989,0.0257244397129,0.223910077123,-0.112706499019,-0.19220251017,-0.675730788011,0.18688166936,0.119607757347,0.0885815431661,0.0955150828441,-0.220514066925,-0.430131463058,0.0238026666307,-0.751135158812,-0.00784216637361,-0.0419297173735,,-0.22199913305,-0.352346547922,,,,-0.03179041306,,,,-0.522200269039,0.178602697915,0.502767904173,0.340853404637,0.0837650600578,0.292910748476,0.220253478748,0.117820918032,0.518863498095,0.271573904475,0.0396223393659,1.39174310591,0.716100436042,0.0335666060865,-0.0443809017553,,0.0335666060865,0,-0.0920964783187,-0.186444864289,0.0247159695744,-0.0179885527392,0.0419930549948,1.5,0.575147483235,-0.818049737197,2020-05-24 23:59:59+00:00,2020-05-21 22:00:00+00:00,0.0046218557974,2020-05-25,2020-06-04 22:00:00+00:00,0.00894113666966
2020-05-25,0.0631376805645,0.0720788172342,0.0898356931752,-0.127635058892,-0.458078265003,0.06561053257,,,0.0734122232268,,,0.0576957129094,-0.630050969688,0.126275361129,0.151999800842,0.257227367227,-0.0993896114589,-0.57172286834,0.126470660443,0.128160772891,0.0937664119877,0.161130687435,-0.0666221287047,-0.337104667743,0.108285523987,-0.717639307873,0,-0.00784216637361,-0.0775559808767,-0.155880506325,-0.344433661666,0.018156347057,,,-0.0125149365521,,,0.00710590183203,-0.522200269039,0.185910783533,0.364513481448,0.868820292158,0.337250382551,0.071376108801,0.228274906116,0.226124179452,0.343945097484,2.29824355217,0.572601601072,0.662815213075,0.719907758117,0.126275361129,-0.0297776479537,,0.126275361129,0,-0.0998488183233,-0.185910783533,0.034596303012,-0.00499583680266,0.00682011935209,1.9,0.472711272708,-0.881217369697,2020-05-31 23:59:59+00:00,2020-05-29 05:00:00+00:00,0.0514281532627,2020-06-01,2020-06-11 22:00:00+00:00,0.0631376805645
2020-06-01,0.0046218557974,0.0677595363619,0.158749716237,-0.0868367918601,-0.404623991169,0.0388130114463,,,0.0373333676082,,,0.0708123514568,-0.628337161181,-0.0165820902729,0.109693270856,0.333603347979,-0.067118992342,-0.490640122541,0.0971886958011,0.127300448628,0.0931920414987,0.0564737181881,-0.038989287368,-0.329923644674,0.121142384883,-0.722282832289,0.0258258018676,0.0258258018676,-0.0161039155058,-0.106554591378,-0.318607859798,0.0246684597888,,,0.0175044421672,,,0.0204823180311,-0.509699987731,-0.00644381645029,0.179466967083,0.682234871256,0.544663778749,0.135677610491,0.228198544643,0.0323745222066,0.258498701659,0.777362199754,0.455120060316,0.158980267716,0.719944603703,-0.0424078921405,-0.0160369588509,,0.0424078921405,0,-0.0489566124795,0.0322696183179,0.0604526340772,-0.0138075313808,0.0243245323686,0.5,0.363428630231,-0.931622042852,2020-06-07 23:59:59+00:00,2020-06-04 22:00:00+00:00,0.0342209836809,2020-06-08,2020-06-18 22:00:00+00:00,0.0046218557974
2020-06-08,0.0514281532627,0.0560500090601,0.128128826294,-0.0241529881755,-0.341854971544,0.0295988631491,,,0.0573605046169,,,0.0583287428462,-0.608723195546,0.0956141093746,0.0790320191017,0.231031819944,0.0297646771735,-0.382979350963,0.0650136185721,0.132506839954,0.0962991646447,0.0967251426269,0.0991543809746,-0.244465484607,0.08721790506,-0.694418254301,0.00724219715081,0.0330679990185,0.0252258326449,-0.0780706535246,-0.300730592124,0.0143971684363,,,0.0184000693637,,,0.0294395806323,-0.506136249307,0.129125460903,0.122681644453,0.487195125901,0.53231719281,0.0891382407367,0.232453758056,0.0877960137455,0.120170535952,0.464115633436,0.424794935772,0.0814848302376,0.720544602263,0.0883719122238,0.010242342198,,0.0883719122238,1,0.00781809562908,-0.121883263752,0.00899799725699,0.0101824352991,0.0133012700083,1.3,0.248882332053,-0.9685337293,2020-06-14 23:59:59+00:00,2020-06-11 22:00:00+00:00,0.0435236561319,2020-06-15,2020-06-25 22:00:00+00:00,0.0514281532627
2020-06-15,0.0342209836809,0.0856491369436,0.153408673306,,-0.173495119476,0.0254303209368,,,0.0531976118443,,,0.0516979467477,-0.595101575083,0.0598996138902,0.155513723265,0.265206994121,0.152500495102,-0.0878276080329,0.061554222084,0.118894330895,0.0973893189924,0.0904762906266,0.176702151085,-0.178239707224,0.0730577183789,-0.675554705896,0.00854235347164,0.0157845506225,0.0416103524901,,-0.25916263092,0.0109474183551,,,0.0164985656387,,,0.0303381751164,-0.501899420099,0.0294803600528,0.158605820956,0.338072788039,0.678926192675,0.0886444508201,0.203345879991,0.0146290876603,0.102425101406,0.360923803065,0.63249770754,0.0958051956694,0.713846144337,0.0513572604186,-0.000225131824823,,0.0513572604186,1,0.0452705262299,-0.0209380065811,-0.00772341308885,-0.0554388912222,0.00860278849006,0.7,0.13073138967,-0.991417825014,2020-06-21 23:59:59+00:00,2020-06-18 22:00:00+00:00,0.00445454343836,2020-06-22,2020-07-02 22:00:00+00:00,0.0342209836809
2020-06-22,0.0435236561319,0.0777446398128,0.133794648873,0.223630342048,-0.0101684921728,0.020464187006,,,0.0634245944487,,,0.0342308539238,-0.577089789113,0.0736955835699,0.13359519746,0.212627216562,0.469854583789,0.146700067521,0.0487628379866,0.111105177769,0.09856652153,0.111401095547,0.250075295645,-0.0936028608203,0.041872183562,-0.650741435527,0.0133517286938,0.0218940821654,0.0549620811839,-0.0225938996929,-0.167037051866,0.00847455665722,,,0.0161659417648,,,0.0265895242857,-0.495204320176,0.0355467047459,0.0650270647987,0.187708709251,1.05652900141,0.0578472914629,0.184342998966,0.0125424750416,0.027171562702,0.147342098654,2.44558565082,0.0351195581536,0.709710330669,0.0603438548762,0.018196314951,,0.0603438548762,1,0.0611531085283,-0.0221949760521,0.00142717127775,0.0140062249889,0.0176470588235,0.8,0.0106870218179,-0.999942892152,2020-06-28 23:59:59+00:00,2020-06-25 22:00:00+00:00,0.0170889438501,2020-06-29,2020-07-09 22:00:00+00:00,0.0435236561319
2020-06-29,0.00445454343836,0.0479781995702,0.133627336514,0.292377052751,0.0106141334195,0.0205427684477,,,0.0336455758189,,,0.032590362327,-0.575201715076,-0.00672493181898,0.066970651751,0.222484375016,0.556087722995,0.106512673284,0.0440887783147,0.110995713436,0.0983726277358,0.0463484808837,0.229828368892,-0.0759784398049,0.0474278111936,-0.653082295676,0.0156340186957,0.0289857473895,0.0447702980119,0.0286663825061,-0.0852844064451,0.00395885194117,,,0.0206463437264,,,0.0177529134603,-0.487250320602,0.0180542645027,0.0536009692486,0.212206790204,0.89444166146,0.0512317301259,0.181878686989,0.0224322929549,0.0349747679966,0.137399869402,0.914762069156,0.0358840291997,0.702456435333,-0.0223589505147,0.00429963163041,,0.0223589505147,0,-0.0291572247739,-0.00242024580701,-0.0033940018315,0.0138127603596,0.0139450867052,0.9,-0.109512129666,-0.993985459379,2020-07-05 23:59:59+00:00,2020-07-02 22:00:00+00:00,0.0227171160119,2020-07-06,2020-07-16 22:00:00+00:00,0.00445454343836
2020-07-06,0.0170889438501,0.0215434872885,0.0992881271012,0.227416953396,0.0638794885038,0.0174425368999,,,0.0259704653842,,,0.0199082249673,-0.567879978849,0.0183539518128,0.0116290199938,0.145224217454,0.376256037398,0.173719334487,0.0370970650378,0.109674569233,0.0986228494613,0.0286832978501,0.233653429964,-0.03427588397,0.0229430286338,-0.646656193053,0.0158239358874,0.0314579545831,0.0533520367485,0.0785778693934,-0.0459603574789,0.00338870639964,,,0.0231456664387,,,0.0168734213009,-0.479072067119,0.0144771326981,0.0325313972009,0.0975584619995,0.584753587901,0.00981139317492,0.165415458415,0.0158728472429,0.0383051401978,0.0654767028998,0.529592336336,0.00426924181787,0.701964932353,0.00253001592543,-0.00946561598495,,0.00253001592543,1,0.00248110456993,0.00134680318924,0.0180041004554,0.0285467128028,0.0223758284045,2,-0.228125181163,-0.973631810142,2020-07-12 23:59:59+00:00,2020-07-09 22:00:00+00:00,0.000316384188948,2020-07-13,2020-07-23 22:00:00+00:00,0.0170889438501
2020-07-13,0.0227171160119,0.039806059862,0.0877842594322,0.241192932738,0.0978522549376,0.0162863123627,,,0.0268998014576,,,0.0144189683244,-0.55795110753,0.0367430744856,0.0550970262984,0.122067678049,0.38727467217,0.211731969113,0.0338528940634,0.109758635556,0.0992375350955,0.0354388589851,0.256225609433,0.0253879760944,0.0142298449652,-0.6334317904,0.00869115753817,0.0245150934255,0.053500840815,0.0951111933051,-0.0160274592379,0.00331860282008,,,0.0183881055643,,,0.0146080916836,-0.474524868803,0.0177601256778,0.032237258376,0.0858382276246,0.423911015663,0.00953036882542,0.163847450249,0.0148091809025,0.0306820281453,0.0656567961419,0.426580599207,0.00424565841293,0.701674946126,0.0280519169474,0.000278044446911,,0.0280519169474,1,0.0219338935831,-0.00906896813967,-0.00255553925827,0.0218671152229,-0.00264863734579,0.6,-0.343434221059,-0.939176732999,2020-07-19 23:59:59+00:00,2020-07-16 22:00:00+00:00,0.0177568507585,2020-07-20,2020-07-30 22:00:00+00:00,0.0227171160119
2020-07-20,0.000316384188948,0.0230335002008,0.0445769874893,0.178371636362,,0.0105081787925,,,0.0158510308983,0.138610199598,,,-0.557811228123,-0.0111072386534,0.0256358358322,0.037264855826,0.249892072388,0.263460934498,0.0224228243711,0.107566884138,0.098971371598,0.0145015758052,0.215446774703,0.0353987547031,-0.0109500117741,-0.637480822576,0.0117400070313,0.0204311645694,0.0518891191525,0.106851200336,,0.00341873760263,,,0.0171649069823,0.0585334527963,,,-0.468319432408,0.00795711082174,0.0257172364996,0.0582486337004,0.245957342952,0.00469239393855,0.15674538536,0.00316002830482,0.0179692092073,0.0562743494051,0.203616448059,0.00801565269662,0.698372803987,-0.0228472456846,0.00143844240206,,0.0228472456846,0,-0.0142672669582,0.00378289620951,0.00607435141876,-0.0199588477366,-0.00719826682508,-0.2,-0.45376919082,-0.891119252099,2020-07-26 23:59:59+00:00,2020-07-23 22:00:00+00:00,-0.00766313702567,2020-07-27,2020-08-06 22:00:00+00:00,0.000316384188948
2020-07-27,0.0177568507585,0.0180732349475,0.0578792948094,0.191506631323,0.285964180296,0.00976391345234,0.0359587308543,,0.0192330920638,0.133866917471,,-0.00752742093578,-0.549889221301,0.0288375303289,0.0177302916756,0.0728273179739,0.29531169299,0.535956969944,0.0209438966046,0.0727741743573,0.0990788836035,0.0253823142094,0.202978022519,0.0839074929935,-0.023020629733,-0.626874469298,0.00667617118815,0.0184161782194,0.042931271645,0.0877015696569,0.0359713906478,0.00398156886521,0.0185215507277,,0.013080079787,0.0625466864989,,0.00796578786141,-0.464757966672,0.00377133317344,0.0117284439952,0.0439657023712,0.256172492576,0.0063061413331,0.103089543501,0.0187532965713,0.0219133248761,0.0525953530214,0.189995222424,0.00686447958484,0.424282382544,0.0221613591408,0.00401657731526,3.92894992851,0.0221613591408,1,0.0100842337576,0.00290483801471,0.00282770135426,0.00419903422213,0.0273827960017,1.6,-0.557532072999,-0.830155399656,2020-08-02 23:59:59+00:00,2020-07-30 22:00:00+00:00,-0.00252545720126,2020-08-03,2020-08-13 22:00:00+00:00,0.0177568507585
2020-08-03,-0.00766313702567,0.0100937137329,0.0331272139337,0.132415341035,0.342593210534,0.0143276399666,0.0269313308655,,0.00318674044308,0.0976521882241,,-0.0180715204038,-0.553325299491,-0.016279145865,0.012558384464,0.0381942202962,0.18341843775,0.612635895104,0.0271129637056,0.0635098005494,0.0984537210107,-0.000620220759736,0.136169476604,0.0814431741075,-0.0375772830109,-0.632899460328,0.000952871813617,0.00762904300177,0.0280602075712,0.0814122443197,0.0725505259647,0.00454603851866,0.0145570562797,,0.00698219018041,0.0575050793603,,0.00143424220321,-0.464247706557,-0.00792703938964,-0.0041557062162,0.0215615302834,0.119119992283,0.0106391366672,0.101973944162,-0.0158981208599,0.0028551757114,0.0208243849187,0.0863010878185,0.0155490647655,0.117943843874,-0.0172320176786,-0.00255272809609,4.36251923535,0.0172320176786,0,-0.000381025005068,0.00887991120326,0.00891886134562,0.0263432991846,0.00287769784173,0.1,-0.653220035838,-0.75716813508,2020-08-09 23:59:59+00:00,2020-08-06 22:00:00+00:00,-0.00212191388479,2020-08-10,2020-08-20 22:00:00+00:00,-0.00766313702567
2020-08-10,-0.00252545720126,-0.0101885942269,0.00788464072057,0.0956689001527,0.258018710128,0.0110297410236,0.0221459381167,,-0.00130570145014,0.0743067066017,,-0.0178764329066,-0.554451934097,-0.00160187450784,-0.0178810203728,-0.000150728697219,0.121916949352,0.412848383186,0.020186999267,0.0455401615216,0.0983984017757,-0.002182300928,0.101831651303,0.0934320355391,-0.0317952501117,-0.633487038585,-0.00344903989467,-0.00249616808106,0.0159200101384,0.0694208509534,0.10318903707,0.00662925805337,0.00903071097817,,-0.000445551826447,0.0455538774909,,-0.00395761570156,-0.46609235463,0.0258520905492,0.0179250511596,0.0296534951548,0.115491722779,0.0140104087742,0.0684518080805,0.0214465875584,0.00554846669854,0.0274617915747,0.0931185877166,0.0171837207538,0.0652139807425,0.00184716538683,0.00352573243423,5.04225186475,0.00184716538683,1,-0.0230484620663,-0.0293011304439,-0.012901648544,-0.0244448971277,0.00143472022956,1.4,-0.73944719928,-0.673214556792,2020-08-16 23:59:59+00:00,2020-08-13 22:00:00+00:00,-0.00046706490183,2020-08-17,2020-08-27 22:00:00+00:00,-0.00252545720126
2020-08-17,-0.00212191388479,-0.00464737108605,0.00544634264683,0.0500233301361,0.246955659573,0.0112174597316,0.0228027860995,,-0.00476938097534,0.0530275330316,,-0.0176350035363,-0.555396346389,-0.00424382776958,-0.00584570227742,0.00671268218656,0.0439775380126,0.382880115704,0.0192000416328,0.0466167827475,0.0981533238708,-0.00805633949634,0.068479830649,0.10453937775,-0.0277741460459,-0.63503916067,0,-0.00344903989467,0.0041800031071,0.0560691222596,0.111031203443,0.00420345080967,0.00810307726407,,-0.00148635764714,0.0367908893718,,-0.00749586102657,-0.46609235463,0.0040947702725,0.0299468608217,0.0257911546055,0.0840397883059,0.0140932930002,0.0569905936662,0.0121468663888,0.0335934539473,0.0364486296587,0.0927229790638,0.017125158969,0.0617375027372,-0.00424382776958,-0.0132006689977,5.75226287071,0.00424382776958,0,-0.0163906941584,-0.0040947702725,0.00085559089246,-0.00981415744414,-0.0116659844454,-0.1,-0.81496470712,-0.579510591922,2020-08-23 23:59:59+00:00,2020-08-20 22:00:00+00:00,0.00368915982632,2020-08-24,2020-09-03 22:00:00+00:00,-0.00212191388479
2020-08-24,-0.00046706490183,-0.00258897878662,-0.0127775730135,0.0451017217959,0.183350914107,0.00310943072375,0.0190586929579,,-0.00204258035634,0.0384508251065,,-0.0172983097232,-0.555603956664,-0.000934129803659,-0.00517795757324,-0.023058977946,0.0497683400279,0.255670624771,0.00715379033987,0.0369474159695,0.0979415218931,-0.0032217914531,0.0480665875157,0.121196068409,-0.0254317156227,-0.635379922284,0,0,-0.00249616808106,0.0404351035639,0.111031203443,0.00193615831963,0.00810307726407,,-0.000863003251315,0.0281735689609,,-0.00916490382361,-0.46609235463,0.00568679468313,0.00978156495562,0.0277066161152,0.0716723184863,0.0140042990121,0.0349231913935,0.015330127351,0.0274769937399,0.0330254604384,0.0856208134598,0.0165589379002,0.0233479810743,-0.00093412980366,-0.00824677949139,4.55911447603,0.00093412980366,0,-0.0162642571547,-0.00568679468313,0.0078062168531,0.0801349641501,0.0155311658729,1.1,-0.878678814594,-0.477413385635,2020-08-30 23:59:59+00:00,2020-08-27 22:00:00+00:00,-0.0271906896073,2020-08-31,2020-09-11 05:00:00+00:00,-0.00046706490183
2020-08-31,0.00368915982632,0.00322209492449,-0.00142527616156,0.0317019377721,0.182418218136,0.00284022589608,0.0190990752207,,0.00200371907312,0.0285382434964,,-0.0143884896662,-0.553961480819,0.00839903067829,0.00746490087463,0.00161919859721,0.0398134188934,0.280651745722,0.00551775739099,0.0355273442251,0.0964347625283,0.00477692454171,0.0362894889118,0.142259470848,-0.0211837961755,-0.632304570156,-0.00102071102566,-0.00102071102566,-0.00446975092033,0.0235904566509,0.0841846905502,0.0016271712541,0.00661520774606,,-0.000765337905585,0.0206140184001,,-0.00759318315702,-0.466637042019,0.010349898053,0.0160366927361,0.0459835535578,0.0675450838412,0.00993203492699,0.0341109212877,0.00480983439124,0.0201399617423,0.0537334156895,0.0745578006082,0.00692410769276,0.0233473343317,0.00941974170395,-0.0223668144425,5.36974435941,0.00941974170395,0,0.00358919628706,-0.0113706090786,-0.00934735902229,-0.066966028895,-0.0573681348559,-5.3,-0.929666729448,-0.36840164516,2020-09-06 23:59:59+00:00,2020-09-03 22:00:00+00:00,-0.0464559894855,2020-09-07,2020-09-17 22:00:00+00:00,0.00368915982632
2020-09-07,-0.0271906896073,-0.023501529781,-0.0260905085676,-0.0182058678471,0.103799375266,0.0139938737831,0.0187143109377,,-0.0185498367207,-0.00659291490122,,-0.0145071944701,-0.565926174462,-0.0527962558424,-0.0443972251641,-0.0495751827374,-0.0497259114346,0.132241380505,0.02746176939,0.033547672575,0.0968321879151,-0.0352116134416,-0.0261252831226,0.096539178471,-0.0225662095693,-0.651213947774,-0.00158512337224,-0.0026058343979,-0.0026058343979,0.0133141757405,0.0753573700271,0.000786738812188,0.00697332937912,,-0.00169832214886,0.0132324425813,,-0.00644817937079,-0.467481818395,-0.0497849581633,-0.0394350601104,-0.0296534951548,0,0.0283721505627,0.0212213532992,-0.0257168488578,-0.0209070144666,0.00656997927327,0.0340317708479,0.0187639622042,0.0143815500845,-0.0512111324702,0.0163758423135,4.81016464113,0.0512111324702,1,-0.0270794069846,0.0481998347911,-0.00943555655701,-0.0797237915882,-0.0785261032593,-4.9,-0.967189977038,-0.254054223182,2020-09-13 23:59:59+00:00,2020-09-11 05:00:00+00:00,0.00810649113805,2020-09-14,2020-09-24 22:00:00+00:00,-0.0271906896073
2020-09-14,-0.0464559894855,-0.0736466790929,-0.0704245841684,-0.0649782415215,0.0231224020996,0.0236037786271,0.0223186300479,,-0.0468113360577,-0.053265616748,,-0.0193847923574,-0.585630273247,-0.0836853312229,-0.136481587065,-0.129016686191,-0.122304004004,-0.0113435646082,0.0435919307471,0.0390042121724,0.0867435942266,-0.0847032359648,-0.10360276205,0.0126046047092,-0.0313815896547,-0.679214276522,-0.0092266477481,-0.0108117711203,-0.011832482146,-0.0076524790389,0.0575883688074,0.00423019256208,0.00804882745943,,-0.0079469739219,-0.000393237405435,,-0.00738799506014,-0.472372578719,-0.0875604446443,-0.137345402808,-0.121308710072,-0.0955175554661,0.0469250564351,0.0331971557046,-0.112898588051,-0.138615436908,-0.118475475166,-0.0820268455075,0.0581850073945,0.0365215422506,-0.0744586834748,0.00776395273821,4.84534760142,0.0744586834748,1,0.0292132568277,0.0783337968962,0.0196821064005,0.00113688040018,0.0554816495813,4,-0.990705095898,-0.136027250809,2020-09-20 23:59:59+00:00,2020-09-17 22:00:00+00:00,-0.0119588720495,2020-09-21,2020-10-01 22:00:00+00:00,-0.0464559894855
2020-09-21,0.00810649113805,-0.0383494983475,-0.0618510281285,-0.074628601142,-0.0122947628942,0.0259514305261,0.0186600292809,,-0.024094200639,-0.0446920874608,,-0.0145170060403,-0.582257536669,0.037490137053,-0.0461951941699,-0.0905924193341,-0.11365139728,-0.0475490111252,0.0554225789586,0.0342374019392,0.0809073496019,-0.0278377662274,-0.0661031047722,0.0472906386264,-0.0189904885931,-0.666959698167,-0.0212771547769,-0.030503802525,-0.0331096369229,-0.035605805004,0.0229594853367,0.0094399999449,0.0102729917397,,-0.0208289905133,-0.0231064375259,,-0.0100435234874,-0.483480398569,0.0329124695393,-0.0546479751051,-0.0940830352154,-0.0663764191002,0.0551447192627,0.032968475414,0.056664795189,-0.0562337928616,-0.0771408073282,-0.0441153468898,0.0710722753748,0.0397904720028,0.0587672918299,0.0134022920239,3.33243424821,0.0587672918299,0,-0.019174658136,-0.0541896243162,-0.0187612238297,0.0152168975698,-0.00874851720047,-1,-0.99987150887,-0.0160301512775,2020-09-27 23:59:59+00:00,2020-09-24 22:00:00+00:00,0.00073880494853,2020-09-28,2020-10-08 22:00:00+00:00,0.00810649113805
2020-09-28,-0.0119588720495,-0.00385238091145,-0.0774990600043,-0.0789243361659,-0.0287081783821,0.0231278785904,0.0188187913085,,-0.0165915277015,-0.0540479923998,,-0.0171664435871,-0.58722351242,-0.0130810446737,0.0244090923793,-0.112072494686,-0.110453296089,-0.0539051239799,0.052368064004,0.0343301145397,0.0807398355717,-0.0123753528067,-0.0746058613204,0.0315784048542,-0.0238715756731,-0.671287843187,-0.0108366994253,-0.0321138542022,-0.0429256253225,-0.0473953762428,-0.00351123278425,0.00810643134131,0.00991221693089,,-0.0209846114115,-0.0333828455563,,-0.0104613115011,-0.489047546999,0.00293901754539,0.0358514870847,-0.101493915723,-0.0555103621652,0.0537338759342,0.0325295001369,0.00569744652599,0.062362241715,-0.0762531951935,-0.0225197795039,0.0711738949462,0.0393559365786,-0.00224434524848,0.0115361434912,3.46306499485,0.00224434524848,1,-0.0187784911997,-0.0137757169706,-0.0180968728331,-0.0250559284116,0.0224382946896,1,-0.994556455799,0.104199118177,2020-10-04 23:59:59+00:00,2020-10-01 22:00:00+00:00,0.0244220149394,2020-10-05,2020-10-16 05:00:00+00:00,-0.0119588720495
2020-10-05,0.00073880494853,-0.011220067101,-0.0495695654484,-0.0756600740161,-0.0450583172836,0.0241740160531,0.0179478419414,,-0.00340415817574,-0.0501610490269,,-0.00892636695568,-0.586918438427,0.00855687601521,-0.00452416865853,-0.0507193628285,-0.100294545566,-0.0637021997775,0.0516719313026,0.0338998554292,0.0800751082166,0.00918725346754,-0.062224879694,0.0361237415426,-0.00777967149346,-0.668463025445,-0.00707926611815,-0.0179159655434,-0.0484197680684,-0.0510256024663,-0.0264144347898,0.00630555105504,0.00878455562465,,-0.0160272207994,-0.0383011314243,,-0.0100730624179,-0.492651942099,-0.0221560915137,-0.0192170739684,-0.0738650490734,-0.103518544228,0.0512691621547,0.0326169117146,-0.020007776543,-0.014310330017,-0.0705441228786,-0.0639741436053,0.071053134809,0.0394907894602,0.0156361421334,-0.00462151903652,3.85858981236,0.0156361421334,0,0.0285646525582,0.0150768253956,-0.00556848308038,0.0399265718219,0.0133869787857,1.3,-0.974836916336,0.222919237727,2020-10-11 23:59:59+00:00,2020-10-08 22:00:00+00:00,0.00300211522107,2020-10-12,2020-10-22 22:00:00+00:00,0.00073880494853
2020-10-12,0.0244220149394,0.025160819888,0.0213084389765,-0.0491161451918,-0.0433534183561,0.0151898877856,0.0181600813825,,0.0157668135956,-0.0234389460105,,0.00866198807921,-0.57670595726,0.0488440298789,0.0574009058941,0.0818099982733,-0.0472066879174,-0.0516012443842,0.0280616258355,0.0352767835381,0.0805391845055,0.0381000848627,-0.0113172129002,0.0812933695508,0.0244218260594,-0.651867424815,0,-0.00707926611815,-0.0391931203203,-0.0510256024663,-0.0351055923279,0.00887397333958,0.00821256933565,,-0.00625606588858,-0.0357525063001,,-0.007097849901,-0.492651942099,0.026304968728,0.00414887721424,0.0400003642989,-0.0813083457727,0.0249980329909,0.0331800932112,0.0302119467172,0.0102041701742,0.0725664118892,-0.045909063277,0.0328631593315,0.0402501539718,0.0488440298789,-0.00793386895741,4.29493951977,0.0488440298789,0,0.0186320831617,-0.026304968728,-0.0421721111085,-0.0580317740512,-0.0199234822782,-2,-0.94099849502,0.338410745058,2020-10-18 23:59:59+00:00,2020-10-16 05:00:00+00:00,-0.0111357002052,2020-10-19,2020-10-29 23:00:00+00:00,0.0244220149394
2020-10-19,0.00300211522107,0.0274241301605,0.0162040630595,-0.0456469650689,-0.0406676873239,0.0150926587899,0.0182202579139,,0.0146667987109,-0.0174299967697,0.0349523876224,0.00717929940519,-0.575433270351,0.00410823544793,0.0529522653268,0.0484280966683,-0.0421643226658,-0.0363857702829,0.0262083356554,0.0352726359787,0.079305869323,0.0296885396971,-0.00442986079113,0.0766118485785,0.0149059295734,-0.650434272381,0.00189599499421,0.00189599499421,-0.0160199705492,-0.0491296074721,-0.044949604365,0.00597173889036,0.00715601286065,,-0.000351958594236,-0.0306105662606,-0.00976043868841,-0.00054733076307,-0.491689100237,0.00631223266065,0.0326172013886,0.0134001274203,-0.0806829077952,0.0198866372431,0.0331352130197,0.00352716528521,0.0337391120024,0.0194287819854,-0.0577120253428,0.0205232002552,0.0402530530396,0.00221224045372,0.00433125996102,4.92840192766,0.00221224045372,1,0.000581070162717,-0.00441623766644,-0.0232876129589,-0.0323260716796,-0.0405833394712,-2.2,-0.893531284773,0.4490009389,2020-10-25 23:59:59+00:00,2020-10-22 22:00:00+00:00,-0.0160664389501,2020-10-26,2020-11-05 23:00:00+00:00,0.00300211522107
2020-10-26,-0.0111357002052,-0.00813358498416,0.0170272349038,-0.0604718251005,-0.0695602382877,0.0148044529247,0.0171936268589,0.0309355848007,-0.000801405868243,-0.0230506187106,0.015711002671,0.00960759628655,-0.580134891662,-0.0222714004105,-0.0181631649625,0.0392377409316,-0.0728347537546,-0.0874947010223,0.0293652412348,0.0342871303104,0.0608637642182,-0.00265179779411,-0.0196438527565,0.0377123955227,0.01653979685,-0.658133535738,0,0.00189599499421,-0.00518327112394,-0.0481088964464,-0.0516257755532,0.00395787109878,0.00658492302692,0.0140456885225,0.000947997213117,-0.0267655550365,-0.00916503983288,0.0026753957231,-0.491689100237,-0.00782335922474,-0.00151112656409,0.00263775065015,-0.0988561650729,0.0206732804165,0.033070854554,0.00237753343953,0.00590469872474,0.016108868899,-0.0601443262945,0.0205450114995,0.0398560846336,-0.0222714004105,0.00114084131756,5.20612375369,0.0222714004105,0,-0.02464893385,0.00782335922474,-0.0279431803334,-0.00121036068748,0.0277905727008,1.7,-0.833122768723,0.55308810531,2020-11-01 23:59:59+00:00,2020-10-29 23:00:00+00:00,0.0108258968535,2020-11-02,2020-11-13 06:00:00+00:00,-0.0111357002052
2020-11-02,-0.0160664389501,-0.0272021391553,0.00022199100522,-0.0493475744432,-0.0779635402121,0.0181435890339,0.0174439481368,0.027682246689,-0.0167803429785,-0.0328218229191,-0.00933246280159,0.00605269315224,-0.586826727857,-0.0321328779001,-0.0544042783106,-0.00145201298377,-0.0521713758122,-0.103348433057,0.036196808728,0.0349309584548,0.0575363102074,-0.0338510746015,-0.0430359078784,-0.0103666226526,0.00758687622002,-0.66894407211,0,0,0.00189599499421,-0.0465237730742,-0.0525786473668,0.000947997497104,0.00653062409146,0.012094440862,0.000473774038324,-0.0228161913999,-0.00991113022789,0.00451851008446,-0.491689100237,-0.0784138741226,-0.0862372333473,-0.0536200319587,-0.127485081032,0.0455447007843,0.038910764777,-0.0800509532261,-0.0776734197866,-0.0439343077841,-0.114478430663,0.0478067448063,0.0453511561977,-0.0321328779001,-0.00676843343948,5.34797440355,0.0321328779001,0,0.047918075326,0.0784138741226,-0.0101390275751,0.036112457586,0.0122497759187,0.7,-0.760647863164,0.649164715819,2020-11-08 23:59:59+00:00,2020-11-05 23:00:00+00:00,0.0344483118043,2020-11-09,2020-11-19 23:00:00+00:00,-0.0160664389501
2020-11-09,0.0108258968535,-0.00524054209658,-0.0133741270807,0.00793431189577,-0.0646121861574,0.0124315485665,0.0180479619852,0.0234925914799,-0.00274192566282,-0.0173617373801,-0.00528691824261,0.00162663639577,-0.582329457058,0.0309894983206,-0.0011433795795,-0.019306544542,0.0625034537313,-0.070757060229,0.0283582913067,0.0365562725715,0.0446848390419,0.00142180721428,-0.00738972877225,0.00930144475046,0.000616214651338,-0.658524195494,-0.00933770461367,-0.00933770461367,-0.00744170961946,-0.0466348299398,-0.0584673120858,0.00506434477351,0.00668820172569,0.010040988271,-0.0069869172506,-0.0275380270543,-0.0207290734444,0.00263705814019,-0.49641346558,0.0190750734129,-0.0593388007096,-0.0608499272737,-0.0208495629748,0.0435429477606,0.0384314158062,0.0104500844352,-0.0696008687909,-0.0636961700662,0.00887024182305,0.0428996985888,0.0448835541806,0.0403272029343,-0.0152760077289,5.46496787967,0.0403272029343,0,0.0205394138854,-0.0284127780266,-0.0346279196089,-0.00888888888889,-0.0077479338843,-0.8,-0.677156245853,0.735839261457,2020-11-15 23:59:59+00:00,2020-11-13 06:00:00+00:00,0.0182350711251,2020-11-16,2020-11-26 23:00:00+00:00,0.0108258968535
2020-11-16,0.0344483118043,0.0452742086578,0.0180720695025,0.034276132562,-0.0280419604683,0.023125531233,0.0211178749319,0.0240830096521,0.0274619237374,0.0193462946719,0.0216224327089,0.0066750912578,-0.567690719672,0.0688966236086,0.0998861219293,0.0454818436187,0.093909940287,0.00238339114922,0.0473232900536,0.0419818915305,0.0459545945851,0.0602051627792,0.0632016110031,0.0671011867201,0.011187123124,-0.634168278822,0,-0.00933770461367,-0.00933770461367,-0.0253576751629,-0.0584673120858,0.00466885230683,0.00668820172569,0.00985838344133,-0.00466881838296,-0.023138222417,-0.0226141065462,0.00216305939164,-0.49641346558,0.080385095714,0.0994601691269,0.0132229357796,0.0266230631999,0.0658074239365,0.0459541619385,0.075323345065,0.0857734295002,0.0081000097136,0.027528791699,0.0637186937897,0.05028310115,0.0688966236086,0.000355687792951,6.2760689918,0.0688966236086,0,-0.00642672145633,-0.080385095714,-0.0349389439275,0.00896860986547,0.0293002156615,2.9,-0.583857153189,0.811856406435,2020-11-22 23:59:59+00:00,2020-11-19 23:00:00+00:00,0.045137748246,2020-11-23,2020-12-03 23:00:00+00:00,0.0344483118043
2020-11-23,0.0182350711251,0.0526833829294,0.0474428408328,0.0644700757366,-0.00933982444138,0.0210699527111,0.0218663626205,0.0214704683506,0.0338385901165,0.0388831109744,0.0338154703176,0.0125791582422,-0.559735215045,0.0232861485292,0.0921827721379,0.0910393925584,0.13027713349,0.0266036694821,0.0416726031382,0.0424628435304,0.0400182941586,0.0601551423009,0.0858636184957,0.0810723626661,0.0207134120256,-0.625549507484,0.0131839937209,0.0131839937209,0.00384628910724,-0.0013369820167,-0.0452833183649,0.00926124420926,0.00824530800473,0.0100866598026,0.00756526163122,-0.00667038751657,-0.0120375883128,0.00444490445872,-0.489730224775,0.0268165648696,0.107201660584,0.047862859874,0.0505006105241,0.0661331296355,0.0467214021636,0.0208832765042,0.0962066215691,0.0266057527782,0.0427146216772,0.0644207792725,0.0504716896907,0.0101021548083,0.00561297948968,5.14931573087,0.0101021548083,1,0.00240287202505,-0.0136325711487,-0.01000187405,0.0778947368421,0.0304891265082,1.3,-0.48210186644,0.876115169584,2020-11-29 23:59:59+00:00,2020-11-26 23:00:00+00:00,0.0115533677909,2020-11-30,2020-12-10 23:00:00+00:00,0.0182350711251
2020-11-30,0.045137748246,0.063372819371,0.108647028029,0.108869019034,0.0321087639783,0.0155217716947,0.0253128175237,0.0227465336144,0.0522797918362,0.0839867263796,0.0729313769259,0.0246918520858,-0.539407327738,0.0781215104303,0.10140765896,0.201293780889,0.199841767905,0.0963261492341,0.0272183289956,0.0474431573227,0.0416957123644,0.0893765969272,0.164436784731,0.152638625891,0.042913741435,-0.59512389431,0.0121539860616,0.0253379797825,0.0160002751689,0.0178962701631,-0.0321086212776,0.010719570789,0.00931365809895,0.00913503458767,0.0157749234382,0.00802015182861,-0.00190467410286,0.00646996273664,-0.483490571519,0.0764735022246,0.103290067094,0.202750236221,0.149130204262,0.0322285182234,0.0516501660353,0.0671605743351,0.0880438508393,0.173817280339,0.129882972555,0.0325389654768,0.0540313463391,0.0659675243687,-0.00130057044877,5.09338687676,0.0659675243687,1,0.0109609360952,-0.064319516163,0.0227017780021,-0.00455729166667,-0.0175979807895,-0.5,-0.373364140702,0.927684870222,2020-12-06 23:59:59+00:00,2020-12-03 23:00:00+00:00,0.0222261913082,2020-12-07,2020-12-17 23:00:00+00:00,0.045137748246
2020-12-07,0.0115533677909,0.0566911160369,0.109374498966,0.0960003718855,0.0708528213765,0.0152687630268,0.0237629856051,0.0209958168017,0.0359444310134,0.0902922814846,0.0781863200421,0.0218934077126,-0.534055072441,0.00773649979889,0.0858580102292,0.178040782367,0.158734237825,0.156858904875,0.0342888865989,0.0438783590238,0.0382791793369,0.0508012395292,0.158301258291,0.148705991173,0.032444125986,-0.591979422481,0.0153702357829,0.0275242218445,0.0407082155654,0.033266505946,-0.0151532621224,0.00691596009268,0.0105526614589,0.0094549785273,0.0210052337249,0.0248655056584,0.0112514839966,0.0113426894392,-0.475490374864,0.0297515949321,0.106225097157,0.21342675774,0.152576830467,0.0290201107164,0.0496832342682,0.0216116242377,0.0887721985728,0.184978820142,0.121282650076,0.0290575958013,0.0535577757737,-0.00763373598402,-0.00217741832347,4.15764322124,0.00763373598402,1,-0.0138751244388,-0.0143813591492,0.0357989991088,0.0183126226292,0.0302597773337,1.7,-0.259218860015,0.96581860751,2020-12-13 23:59:59+00:00,2020-12-10 23:00:00+00:00,0.0309773662198,2020-12-14,2020-12-24 23:00:00+00:00,0.0115533677909
2020-12-14,0.0222261913082,0.0337795590991,0.0971523784701,0.115224447973,0.13953500217,0.014580487674,0.0182584868181,0.0204930717352,0.033880274809,0.102483738923,0.0954459728926,0.0135546329121,-0.523582944687,0.0303608555676,0.0380973553664,0.139505014326,0.184986857945,0.270905091666,0.0303394013874,0.0332535594625,0.037196529462,0.0463000932017,0.168537824981,0.171915023292,0.0140374003764,-0.579401598055,0.0140915270487,0.0294617628317,0.0547997426142,0.0454620380005,0.00816491267442,0.00136618722016,0.0110388673743,0.00966153559435,0.0213947482715,0.0387343116244,0.0230343287545,0.0130718654478,-0.468046911583,0.030799535951,0.060551130883,0.163841197977,0.177064133757,0.02373540935,0.0407359068769,0.0146160487477,0.0362276729854,0.124271523825,0.132371533538,0.0242658350865,0.0398433777316,0.0162693285188,0.00285789660764,3.01213396275,0.0162693285188,1,0.0157448068198,-0.0167080089022,0.0011052868451,-0.0143438235924,-0.0175256303685,-0.8,-0.141319227808,0.989964078061,2020-12-20 23:59:59+00:00,2020-12-17 23:00:00+00:00,0.00502696707865,2020-12-21,2020-12-31 23:00:00+00:00,0.0222261913082
2020-12-21,0.0309773662198,0.0532035575279,0.109894673565,0.157337514398,0.162405877252,0.0142043139284,0.0190681805188,0.0197133098497,0.0376189349546,0.122451782864,0.123107813041,0.0149809086026,-0.508593836145,0.0455142610343,0.0758751166018,0.161733126831,0.252772519389,0.278929215647,0.0295338915525,0.0336603727056,0.0356438967008,0.0520152222799,0.195575541376,0.214650695816,0.0189771881964,-0.559816042472,0.0164404714053,0.030531998454,0.0580562202986,0.0619025094058,0.0458825388566,0.00184323817986,0.00967402023161,0.00981766278947,0.023342789794,0.0521201869726,0.037232422189,0.0109846290087,-0.459229065887,0.0343555885578,0.0651551245087,0.171380221665,0.219243081539,0.0225053825334,0.040784281285,0.0410669794966,0.0556830282443,0.144455226817,0.171060979595,0.0235294325933,0.038737434773,0.029073789629,0.000569418106766,3.47910101475,0.029073789629,1,0.00444728153767,-0.0179151171525,-0.0153709861893,-0.00304083405734,-0.0119156736939,-1.1,-0.0213728230102,0.999771575129,2020-12-27 23:59:59+00:00,2020-12-24 23:00:00+00:00,,2020-12-28,2021-01-07 23:00:00+00:00,0.0309773662198
2020-12-28,0.00502696707865,0.0360043332984,0.0697838923975,0.178430920426,0.17939171638,0.0114732092832,0.0177923394384,0.0197120974917,0.0248384461769,0.112258007914,0.121954473628,0.00364661030091,-0.506117334105,-0.00270681646006,0.0428074445742,0.0809047999407,0.282198580829,0.289303443861,0.0217877115933,0.0328874365274,0.0355821017601,0.0282113607136,0.165489519355,0.19964415132,-0.00202791108106,-0.561005928526,0.0127607506174,0.0292012220226,0.0586629848543,0.0746632600232,0.0694799888992,0.00159213597936,0.00893978924775,0.00968085691073,0.0214055084911,0.0598009918306,0.0478501594274,0.00932113168287,-0.452284206285,-0.00871598092518,0.0256396076326,0.0861907385156,0.288940974737,0.0202717599381,0.0412515573212,-0.0049216143147,0.0361453651819,0.0723730381673,0.246190318507,0.0189907531203,0.0390568400506,-0.0154675670774,0.00602214190877,3.67835943966,0.0154675670774,0,0.00221479785465,0.0214767315425,0.0207810170948,0.0106753812636,0.0194805194805,1.4,0.0988831313727,0.995099053527,2021-01-03 23:59:59+00:00,2020-12-31 23:00:00+00:00,,2021-01-04,2021-01-14 23:00:00+00:00,0.00502696707865
2021-01-04,,,,,,,,,,,,,,0.000537925064619,-0.00216889139544,0.0737062252064,0.251747007573,0.28128449291,0.0234008106588,0.0332390756913,0.0355673826295,0.01030151964,0.141021534837,0.189551518288,-0.00321071238381,-0.560769719086,,,,,,,,,,,,,,0.00423959225115,-0.00447638867403,0.0606787358347,0.274105493575,0.0208357313308,0.0398205799565,0.00527595446411,0.000354340149404,0.0560373683937,0.241016188536,0.019724240626,0.0378315137493,,-0.00276661022655,,,,-0.00473802939949,,0.0420314545251,0.0314723000647,0.00622943935046,1.3,0.120128619955,0.992758336489,2021-01-10 23:59:59+00:00,2021-01-07 23:00:00+00:00,,2021-01-11,2021-01-23 06:00:00+00:00,
2021-01-11,,,,,,,,,,,,,,0.0284905281078,0.0290284531724,0.0718358977466,0.211340912073,0.260930991139,0.0230996054571,0.0323173413236,0.035340135049,0.0211057235681,0.150142763034,0.213143791549,-0.00211264026636,-0.548075847503,,,,,,,,,,,,,,0.0477964358255,0.0520360280766,0.0776756357092,0.241516833686,0.0261430176338,0.040613096642,0.0430127783703,0.0482887328344,0.0844340980163,0.208705621841,0.0245382331891,0.0383956475076,,0.00510345987645,,,,-0.0145222502625,,0.0302110226677,-0.0259143155695,0.0190595436839,1.3,0.238517377822,0.971138229335,2021-01-17 23:59:59+00:00,2021-01-14 23:00:00+00:00,0.0108872769184,2021-01-18,2021-01-28 23:00:00+00:00,
2021-01-18,,,0.0603762288103,0.170270902375,0.206578043003,,,,,,,-0.000796561489939,-0.478010625519,0.045341607398,0.0738321355058,0.0716632441104,0.233396370941,0.302164363089,0.0230310126635,0.0326418516327,0.0358463984415,0.0490904425233,0.175122182009,0.25511373067,-0.00532760151773,-0.527113231893,,,0.0490892135102,0.107145433809,0.110991722916,,,,,,,0.00373447853786,-0.432020690738,0.0381321040253,0.0859285398508,0.0814521511768,0.252832372842,0.0269189268492,0.0406729504443,0.0517004458895,0.0947132242598,0.0950675644092,0.239522791226,0.027782684899,0.0393062174639,,-0.00466777679884,,,,-0.00635883849144,,0.00280015930884,-0.0283201029822,0.00750853242321,0.5,0.353451610506,0.935452809623,2021-01-24 23:59:59+00:00,2021-01-23 06:00:00+00:00,0.00711370483083,2021-01-25,2021-02-04 23:00:00+00:00,
2021-01-25,0.0108872769184,,0.06623653865,0.136020431048,0.228601020126,,,,,,,-0.00102555919336,-0.472296533642,-0.00321726481905,0.042124342579,0.0711527957514,0.152057595692,0.321218498681,0.0231842735763,0.0308038516066,0.0357315992058,0.0272757902131,0.143051732141,0.238659856029,-0.00692091634528,-0.528632189101,0.0249918186558,,0.0613202815487,0.119983266403,0.135983541572,,,,,,,0.00486979795857,-0.417646990519,-0.00271223382972,0.0354198701956,0.0874558982722,0.173646636788,0.0248445396695,0.0403787438637,0.00143020212957,0.053130648019,0.101419380853,0.173792419021,0.025699829304,0.0393437855227,-0.0282090834749,0.000645813585377,,0.0282090834749,0,-0.00464746694862,0.0277040524855,-0.00497977539074,-0.00242879222786,-0.00264227642276,-0.8,0.463266687928,0.886218920954,2021-01-31 23:59:59+00:00,2021-01-28 23:00:00+00:00,0.0298158737248,2021-02-01,2021-02-11 23:00:00+00:00,0.0108872769184
2021-02-01,0.00711370483083,0.0180009817492,,0.131580768087,0.251781163907,,,,,,,,-0.468529223063,0.00587826064203,0.00266099582298,0.0764931313288,0.150199356535,0.359229637223,0.0219823907501,0.0264558974724,0.0353672038091,0.0140412183676,0.119898790659,0.232626580231,-0.00850976618494,-0.52585320646,0.00834914901964,0.0333409676755,,0.11296217964,0.144332690591,,,,,,,,-0.412764484438,-0.000941960797133,-0.00365419462685,0.0822743452239,0.142953081059,0.0261695316924,0.0279943388183,-0.00576168046219,-0.00433147833262,0.0903817459272,0.146419114321,0.0289601027218,0.02695328084,-0.0024708883776,0.00130721062969,,0.0024708883776,1,0.0116399411042,0.00929110981677,-5.52665999375e-05,0.0230190349712,-0.005434413423,0.6,0.56637212241,0.824149633839,2021-02-07 23:59:59+00:00,2021-02-04 23:00:00+00:00,0.0277371707237,2021-02-08,2021-02-19 06:00:00+00:00,0.00711370483083
2021-02-08,0.0298158737248,0.0369295785557,,0.139170450504,0.270771140779,,,,0.02889216659,,,,-0.452444356905,0.0572259051307,0.0631041657727,0.105228508352,0.177064406098,0.385466044033,0.0294805618336,0.027704535711,0.0364703685457,0.0457249973592,0.15223519283,0.287767500946,-0.00334410706845,-0.497928334284,0.00240584231897,0.0107549913386,,0.10127649491,0.156076237524,,,,0.0122010082257,,,,-0.411349987537,0.0536989670677,0.0527570062705,0.0881768764662,0.165852512175,0.0282965812905,0.0286236276459,0.0532371809837,0.0474755005215,0.100606148541,0.185040246557,0.0316858364947,0.0274646142442,0.0548200628117,-0.00222279620412,,0.0548200628117,1,0.003988724147,-0.0512931247487,-0.0106363379555,0.00822154911294,0.0103818045215,0.7,0.661274604227,0.750143918062,2021-02-14 23:59:59+00:00,2021-02-11 23:00:00+00:00,0.0362773461831,2021-02-15,2021-02-25 23:00:00+00:00,0.0298158737248
2021-02-15,0.0277371707237,0.0575530444485,0.0755540261977,0.135930255008,0.264059999698,0.0115523712166,,,0.0378569808211,,,-0.00142380111963,-0.437044120393,0.0387247523922,0.0959506575229,0.0986116533459,0.170274897456,0.355294172816,0.0282149538546,0.0253024989447,0.0366729216525,0.0599653213946,0.165616727995,0.318206112575,-0.00267740764941,-0.478104371606,0.0167495890552,0.0191554313741,0.0524963990496,0.10158561256,0.172825826579,0.00986015756407,,,0.0159279727765,,,-0.000170194589855,-0.401407306268,0.0487067361616,0.102405703229,0.0987515086024,0.180203659779,0.0306931241015,0.0252713458261,0.0552028922833,0.108440073267,0.104108594934,0.199176159344,0.0326963265552,0.0251410899939,0.021975163337,0.00101013239498,,0.021975163337,1,-0.0164781398911,-0.0319571471065,-0.0212406738421,-0.0184549356223,0.0017575880484,0.1,0.746599629698,0.665273622605,2021-02-21 23:59:59+00:00,2021-02-19 06:00:00+00:00,0.0288913302696,2021-02-22,2021-03-04 23:00:00+00:00,0.0277371707237
2021-02-22,0.0362773461831,0.0640145169068,0.100944095462,0.167180634112,0.282102274756,0.0126169199365,,,0.0490974067161,,,0.00353584888439,-0.416246616766,0.0460446550224,0.0847694074146,0.147873573187,0.219026368939,0.37805267931,0.0220788470289,0.0257821419517,0.0370752608143,0.0691331568312,0.185502736367,0.356357677805,0.00788741796532,-0.453512039431,0.0265100373438,0.043259626399,0.0540146177376,0.115334899286,0.186151870202,0.0104790656035,,,0.0291076673459,,,-0.000815720196541,-0.385326380402,0.0443180356439,0.0930247718055,0.145781778076,0.233237676348,0.0252178447425,0.0256031141723,0.0274636079685,0.0826665002518,0.130142000773,0.231561381627,0.0284884092723,0.025051082786,0.0195346176786,-0.014182021492,,0.0195346176786,1,0.0185810470539,-0.0178079983,-0.0315123918724,-0.208351552252,-0.174708144949,-14.5,0.821111408578,0.570767951713,2021-02-28 23:59:59+00:00,2021-02-25 23:00:00+00:00,0.00467878899898,2021-03-01,2021-03-11 23:00:00+00:00,0.0362773461831
2021-03-01,0.0288913302696,0.0651686764527,0.122721720901,,0.26585585678,0.00382694749231,,,0.0471997140618,,,0.0102299797038,-0.399135209553,0.0314657862,0.0775104412224,0.173461098745,0.249954230074,0.331396955079,0.0109913364171,0.0212326331934,0.0371728144079,0.0568849050074,0.191762248869,0.373973589601,0.0178732012187,-0.436042968389,0.0263168743391,0.052826911683,0.0719823430571,,0.20031475848,0.0113480150648,,,0.0375167755781,,,0.00258675818891,-0.368935357748,0.0302128470519,0.0745308826958,0.176936585925,0.259210931149,0.0101026524943,0.0215713493433,0.0348517399575,0.062315347926,0.170755421193,0.26113716712,0.0136759744265,0.022358902154,0.00514891186089,-0.000426485391839,,0.00514891186089,1,-0.0033859537575,-0.00389597271276,-0.0636414235668,-0.199668599834,-0.190269828291,-12.6,0.883730762406,0.467995661922,2021-03-07 23:59:59+00:00,2021-03-04 23:00:00+00:00,0.020672187132,2021-03-08,2021-03-18 23:00:00+00:00,0.0288913302696
2021-03-08,0.00467878899898,0.0335701192686,0.0975846361753,,0.258981277988,0.013678525904,,,0.0269957918976,,,0.00447452227556,-0.396317302927,-0.00831062618595,0.0231551600141,0.107924567429,0.21315307578,0.315349829095,0.0242689846587,0.022762268074,0.0348064962873,0.0207736823265,0.153534132754,0.336244807653,0.00272346269604,-0.440710383031,0.0176682041839,0.043985078523,0.087244704922,,0.202612726881,0.00532805447047,,,0.0332212957239,,,0.00622558185507,-0.357686497843,0.00124432860256,0.0314571756545,0.12448194746,0.212658823926,0.0214231969342,0.0226774281834,-0.000192622556697,0.0346591174008,0.117325617653,0.217931766193,0.0229126225853,0.0235086999958,-0.0259788303699,-0.00514128366714,,0.0259788303699,0,-0.00811800362925,0.0164238755813,-0.0384905871493,0.27812284334,0.243057659295,13,0.933550754601,0.358445237914,2021-03-14 23:59:59+00:00,2021-03-11 23:00:00+00:00,-0.00667522821921,2021-03-15,2021-03-25 23:00:00+00:00,0.00467878899898
2021-03-15,0.020672187132,0.025350976131,0.0905196525837,0.166073678781,0.257427273812,0.013558924763,,,0.025191454266,,,0.00282781516042,-0.38370797913,0.0333855382669,0.025074912081,0.102585353303,0.201197006649,0.318374511794,0.0235437744935,0.0228451590013,0.0280136204219,0.0289573066758,0.163586927322,0.349674071593,0.00115599126478,-0.421723009853,0.00795883599714,0.025627040181,0.078453951864,0.130950350914,0.196480035829,0.0087960753312,,,0.021410446028,,,0.00449963905607,-0.352554032889,0.0330246128338,0.0342689414363,0.108799824132,0.207551332735,0.0183460021441,0.0227356023071,0.0428926675358,0.0427000449791,0.105015392905,0.20912398784,0.0187230106709,0.0238355552386,0.0254267022698,-0.00135059961203,,0.0254267022698,1,-0.00950712926888,-0.0250657768366,0.00185465336165,0.141468682505,0.0912266450041,7.1,0.969849825926,0.243703334306,2021-03-21 23:59:59+00:00,2021-03-18 23:00:00+00:00,-0.0228475134536,2021-03-22,2021-04-01 22:00:00+00:00,0.020672187132
2021-03-22,-0.00667522821921,0.0139969589128,0.0475670781814,0.148511173644,0.219774679373,0.0159461729177,,,0.00646764574227,,,-0.00501397502177,-0.387808168942,-0.030702976286,0.00268256198097,0.025837721995,0.173711295182,0.242157274474,0.0313556595503,0.0264894037507,0.0297109523085,-0.008463787347,0.107725300206,0.282641502232,-0.0121680521531,-0.439208039805,0.0173525198475,0.0253113558447,0.0692964343677,0.123311052105,0.197392084271,0.00749883047625,,,0.0215197359965,,,0.00214010210952,-0.341221171411,-0.0303893257436,0.00263528709011,0.0340924627446,0.179874240821,0.0296531428836,0.0271485768337,-0.0280733323235,0.0148193352124,0.0494784526132,0.179620453387,0.0328153646907,0.0277248425969,-0.0480554961335,0.00476164427831,,0.0480554961335,0,-0.00262964396251,0.0477418455912,0.0276303658156,0.0882213812677,0.0711680190575,5.5,0.992102245058,0.12543179561,2021-03-28 23:59:59+00:00,2021-03-25 23:00:00+00:00,-5.40807888898e-05,2021-03-29,2021-04-08 22:00:00+00:00,-0.00667522821921
2021-03-29,-0.0228475134536,-0.0295227416729,-0.00417176554185,0.118549955359,0.19190019884,0.0183616177862,,,-0.0152544985311,,,-0.0158044951424,-0.401636655231,-0.0497815208477,-0.0804844971337,-0.0554095850527,0.118051513693,0.195082570086,0.0357630056286,0.0322418437976,0.0321215720607,-0.043766615574,0.0390021406456,0.198751267607,-0.0288587478083,-0.466441627792,0.00408649394045,0.021439013788,0.047066053969,0.119048397026,0.188717827594,0.00681944592676,,,0.0137512631317,,,-0.00275024247654,-0.338523567603,-0.056117972599,-0.0865072983427,-0.0522383569064,0.124698229019,0.0386553139564,0.0337032790876,-0.0531414603719,-0.0812147926954,-0.0385147477163,0.132240673477,0.0411545800695,0.0340260968189,-0.0538680147882,0.00375467485232,,0.0538680147882,0,0.00335993952417,0.0602044665395,0.0179579380161,0.0297761356227,0.0383626381263,2.3,0.999985722936,0.00534358719969,2021-04-04 23:59:59+00:00,2021-04-01 22:00:00+00:00,,2021-04-05,2021-04-15 22:00:00+00:00,-0.0228475134536
2021-04-05,-5.40807888898e-05,-0.0229015942425,-0.00890463532971,0.0886800008456,,0.0180193105284,,,-0.0131348038186,,,,-0.401669014318,0.00495906982578,-0.044822451022,-0.042139889041,0.0657846783877,0.199503714847,0.0370410427659,0.0320995156041,0.0321744091517,-0.028972077226,0.0292159956695,0.183774171077,-0.0258814118639,-0.463789102976,-0.00506723140356,-0.000980737463106,0.0243306183816,0.111575323304,,0.00928860474998,,,0.00255078571935,,,,-0.34186694377,0.0185687298369,-0.0375492427622,-0.0349139556721,0.0895679917879,0.0416469873788,0.0335116249782,0.0117736207869,-0.041367839585,-0.0265485043727,0.09077711328,0.0424826242985,0.0338784855633,0.0100263012293,0.00381457402862,,0.0100263012293,0,-0.00681455096113,-0.0236359612404,0.01007668552,-0.0208948923596,0.00689378221003,0.1,0.99338608057,-0.114822014132,2021-04-11 23:59:59+00:00,2021-04-08 22:00:00+00:00,,2021-04-12,2021-04-22 22:00:00+00:00,-5.40807888898e-05
2021-04-12,,,,,,,,,,,,,,-0.00037261890111,0.00458645092467,-0.0758980462091,0.0266873070944,0.170640567838,0.0258552085953,0.0321128029873,0.0317624081704,-0.0103979142543,0.0162159626612,0.16475209212,-0.0321007090783,-0.463988868071,,,,,,,,,,,,,,-0.022961945067,-0.00439321523018,-0.0909005135729,0.0178993105592,0.0309788141308,0.033898360831,-0.0218660801719,-0.010092459385,-0.0913072520804,0.0137081408248,0.0267370955547,0.0346612776041,,0.00330271181151,,,,0.0214934612708,,-0.0143115282349,0.000862254796292,0.000465301781441,1,0.97239890274,-0.233324610683,2021-04-18 23:59:59+00:00,2021-04-15 22:00:00+00:00,0.00362017564879,2021-04-19,2021-04-29 22:00:00+00:00,
2021-04-19,,0.0162389805316,-0.00666261371089,0.0409044644705,0.152735836851,,,,,,,-0.0134145639547,-0.391873409029,0.0338325738478,0.0334599549467,-0.0113624960752,0.0144752259198,0.159131534288,0.0347145383099,0.0312989852204,0.0318297122854,0.0266580462293,0.0388276466084,0.184548521089,-0.0150815112717,-0.445543972082,,-0.000981993883424,-0.00196273134653,0.0673337030212,0.146340139415,,,,,,,-0.0117476166378,-0.342512909186,0.0386754578806,0.0157135128135,-0.0218357299487,0.0122567327959,0.0424180259022,0.0339337081987,0.0425217017233,0.0206556215514,-0.0207122180336,0.0287662345796,0.0413988910578,0.0338930990312,,-0.00121821022645,,,,-0.00868912787547,,-0.00747922823844,-0.0189532629765,-0.0190020596638,0,0.937328153605,-0.348447890595,2021-04-25 23:59:59+00:00,2021-04-22 22:00:00+00:00,0.0120167923391,2021-04-26,2021-05-06 22:00:00+00:00,
2021-04-26,0.00362017564879,,0.0198050753916,0.0156333098497,0.145468735582,,,,,,,-0.00623863388917,-0.389667894186,0.00613246673997,0.0399650405878,0.0445514915125,-0.0108580935403,0.168481265847,0.0153923419365,0.0310203584012,0.0308745430099,0.0214790373979,0.0323480642102,0.171050422695,-0.00182222449474,-0.442133341832,0.00110788455761,,-0.00494134072937,0.0421247132397,0.122456205316,,,,,,,-0.0106550432836,-0.34178408574,0.0101208277572,0.0487962856377,0.0444030704075,-0.00783528649882,0.0256733498683,0.0336572205792,0.00412544498466,0.046647146708,0.036554687323,-0.00196006039328,0.0265065823961,0.0338290262361,0.00502458218235,-4.82100737802e-05,,0.00502458218235,1,0.00200702175531,-0.00901294319955,-0.0234705845173,0.0155872667398,0.0171351168303,0.4,0.888681774293,-0.458524485758,2021-05-02 23:59:59+00:00,2021-04-29 22:00:00+00:00,0.0199534325953,2021-05-03,2021-05-13 22:00:00+00:00,0.00362017564879
2021-05-03,0.0120167923391,0.0156369679879,0.0318759485195,0.0229713131898,0.15037182309,,,,,,,-0.00359807618474,-0.382289415982,0.0240335846781,0.0301660514181,0.0636260063648,0.0214861173238,0.186636589883,0.0157896069967,0.0310835785596,0.0290784776487,0.0297219949861,0.0430148827391,0.176699014008,0.00154984083096,-0.428563392172,0,0.00110788455761,0.00012589067419,0.0244565090558,0.114107056297,,,,,,,-0.00874599320043,-0.34178408574,0.0244895390113,0.0346103667685,0.050323879582,0.01540992391,0.0264076215322,0.0335222208156,0.0205332949755,0.0246587399601,0.0453143615115,0.0187658571389,0.0271508639433,0.0334272038825,0.0240335846781,0.00298506988221,,0.0240335846781,0,0.00350028970268,-0.0244895390113,-0.0208271904149,-0.0276696930393,0.0149820215741,1.1,0.827164326226,-0.561960120845,2021-05-09 23:59:59+00:00,2021-05-06 22:00:00+00:00,0.0173894934463,2021-05-10,2021-05-20 22:00:00+00:00,0.0120167923391
2021-05-10,0.0199534325953,0.0319702249344,,0.0222525586531,0.14050938196,,,,0.0220206537318,,,,-0.369840180027,0.0384613306075,0.0624949152856,0.102459955873,0.0265619096644,0.16787201536,0.0143134750808,0.0293121759981,0.029217791973,0.042926523802,0.0701234740378,0.198875587171,0.0127017570176,-0.406157053095,0.00144553458315,0.00144553458315,,0.0179432076418,0.113146748561,,,,0.00136163717006,,,,-0.340831923847,0.0261761098681,0.0506656488795,0.0994619345172,0.00856142094435,0.0116901574141,0.0316858672851,0.0253256854425,0.045858980418,0.092506127126,0.00119887504561,0.0157984711337,0.0315816310716,0.0370157960243,-0.00310901930704,,0.0370157960243,1,0.0131356451649,-0.024730575285,-0.0127356723686,0.0349044019564,-0.0146296660762,-0.4,0.75366678672,-0.657256703728,2021-05-16 23:59:59+00:00,2021-05-13 22:00:00+00:00,-0.00297451220964,2021-05-17,2021-05-27 22:00:00+00:00,0.0199534325953
2021-05-17,0.0173894934463,0.0373429260416,0.0529798940295,0.0463172803186,0.130161704683,0.00721862479192,,,0.0261816845168,,,0.0032325346856,-0.358786186851,0.0226458348644,0.0611071654719,0.09127321689,0.0799107208147,0.151793097832,0.0132240702161,0.0284591020408,0.0275640628178,0.0425587897779,0.081805114587,0.203751651687,0.0111419120816,-0.392555556431,0.0121331520283,0.0135786866114,0.014686571169,0.0127238398225,0.108530311534,0.00567469568609,,,0.00985458170074,,,-0.00467684271036,-0.33278542136,-0.000116387337189,0.026059722531,0.0606700892995,0.0388343593508,0.0124787287736,0.0299160135127,-0.00052240985777,0.0248032755848,0.0494620155449,0.0287497975113,0.0124990134094,0.028963606385,0.0105126828361,0.00251146870493,,0.0105126828361,1,0.0231682447221,0.0122495393654,-0.0172892225057,-0.0219119226638,0.00639147802929,0.2,0.669253644676,-0.743034022834,2021-05-23 23:59:59+00:00,2021-05-20 22:00:00+00:00,0.0076056670141,2021-05-24,2021-06-04 05:00:00+00:00,0.0173894934463
2021-05-24,-0.00297451220964,0.0144149812367,0.0463852061711,0.0661902815626,0.0909098462904,0.0102613861601,,,0.0114079664026,,,0.00460323644351,-0.360690651336,-0.00993074329138,0.012715091573,0.0752100068586,0.119761498371,0.0958176995184,0.020446714167,0.0270242449986,0.0281453788026,0.0133106830725,0.0631117070607,0.171587254925,0.011431909444,-0.398558077187,0.0039817188721,0.0161148709003,0.0175604054835,0.0126190647541,0.0860019930623,0.00541802772732,,,0.00942975040774,,,-0.00222543655699,-0.330123464416,-0.0183539884346,-0.0184703757717,0.0321952731077,0.0765983435153,0.0213125532935,0.0287818159807,-0.0147393905415,-0.0152618003993,0.0305971800187,0.0671518673417,0.0186769219002,0.0289811885374,-0.0139124621635,-0.000825295887533,,0.0139124621635,0,0.00480864725012,0.0223357073067,-0.0228093417616,0.0245991653855,0.00813707329981,0.7,0.575147483235,-0.818049737197,2021-05-30 23:59:59+00:00,2021-05-27 22:00:00+00:00,0.0143344605469,2021-05-31,2021-06-10 22:00:00+00:00,-0.00297451220964
2021-05-31,0.0076056670141,0.00463115480446,0.0419740808461,0.0738500293656,0.0696241830349,0.0104366658557,,,0.00856707848256,,,0.00513781382423,-0.355809739545,0.0127268607005,0.00279611740917,0.063903282881,0.127529289246,0.0770787740189,0.0202632100424,0.0261164343548,0.0253632171038,0.0102437355424,0.0701529775053,0.168707048993,0.0100466842573,-0.390854693649,0.00248447332766,0.00646619219976,0.0200448788112,0.0201707694854,0.0621695920508,0.00486073895704,,,0.00688562884766,,,0.000228943391188,-0.328457104874,0.0225643987082,0.00421041027362,0.0302701328046,0.0805940123866,0.0208338908141,0.0282795070546,0.0350041867316,0.0202647961901,0.0450680717749,0.0903824332864,0.0229232284237,0.0289943528482,0.0102423873729,-0.00182907422979,,0.0102423873729,1,-0.022277326031,-0.0200799253805,0.0288188903178,0.0304394426581,0.0234923551414,1.7,0.472711272708,-0.881217369697,2021-06-06 23:59:59+00:00,2021-06-04 05:00:00+00:00,0.0101396805847,2021-06-07,2021-06-17 22:00:00+00:00,0.0076056670141
2021-06-07,0.0143344605469,0.021940127561,0.0363551087977,,0.0792798545828,0.009021116915,,,0.01386981628,,,0.0029903268469,-0.346509119239,0.0286689210939,0.0413957817944,0.0541108733674,0.156570829241,0.114058321299,0.0169640488962,0.0264479888718,0.0254321045937,0.0255851996591,0.0913116734457,0.183584069876,0.00475400131887,-0.373138415041,0,0.00248447332766,0.018599344228,,0.0445013878669,0.00525217953504,,,0.00223667177237,,,0.00122665237493,-0.328457104874,0.0234543475729,0.0460187462811,0.0275483705093,0.127010305027,0.0200533685214,0.028790973918,0.0347007041399,0.0697048908715,0.0544430904722,0.146949217598,0.0252054357702,0.030078889271,0.0286689210939,8.05231792584e-06,,0.0286689210939,0,-0.00603178304606,-0.0234543475729,0.033222391229,0.0230913251508,0.0210296851959,2.6,0.363428630231,-0.931622042852,2021-06-13 23:59:59+00:00,2021-06-10 22:00:00+00:00,-0.00282987535477,2021-06-14,2021-06-24 22:00:00+00:00,0.0143344605469
2021-06-14,0.0101396805847,0.0244741411316,0.0291052959361,0.0820851899656,0.0687473480355,0.00737573074942,,,0.0167344926498,,,0.00198806644283,-0.339849222892,0.0117667878455,0.0404357089393,0.0432318263485,0.134505043238,0.0924395708772,0.0158504392803,0.0254316380149,0.0252882302244,0.0264572109672,0.0960088016129,0.179293536111,0.00369722036579,-0.365718700267,0.0085125733239,0.0085125733239,0.0149787655237,0.0296653366927,0.0450551251937,0.00357769680725,,,0.00702137803717,,,0.00027891251986,-0.322716146242,0.0112302225872,0.0346845701601,0.0388949804337,0.0995650697331,0.0195281030331,0.0276553240433,0.0197263237263,0.0544270278662,0.0746918240563,0.124153839601,0.023388688809,0.0284548201592,0.00325421452155,0.00117938920826,,0.00325421452155,1,-0.00795953588086,-0.00271764926329,-0.00745550745551,0.0280601870679,0.0258712715856,1.3,0.248882332053,-0.9685337293,2021-06-20 23:59:59+00:00,2021-06-17 22:00:00+00:00,0.01765009031,2021-06-21,2021-07-01 22:00:00+00:00,0.0101396805847
2021-06-21,-0.00282987535477,0.0073098052299,0.0292499327909,0.075635138962,0.0725927008999,0.00730877565477,,,0.00650731636076,,,0.00172842928236,-0.341714726491,-0.0153374751427,-0.00357068729729,0.0378250944971,0.113035101356,0.10780507202,0.0182564236777,0.0238346779095,0.0252441004083,0.00144035263483,0.070246057738,0.14622596283,0.00116357577655,-0.375372750309,0.00967772443319,0.0181902977571,0.0206747710848,0.0382351765683,0.0373803297793,0.0046702363489,,,0.0115526268869,,,0.00229328278816,-0.316129760535,0.022855291787,0.0340855143742,0.0801042606553,0.112299533763,0.00587558869043,0.0260940538548,0.0202466360651,0.0399729597914,0.109677850663,0.140275030682,0.00858639126261,0.0267676085021,-0.0250151995759,-0.00094401659367,,0.0250151995759,0,-0.0355841112078,-0.0131775673538,0.0128789714445,0.0110759493671,-0.0137724184367,-0.4,0.13073138967,-0.991417825014,2021-06-27 23:59:59+00:00,2021-06-24 22:00:00+00:00,0.00526126140376,2021-06-28,2021-07-09 05:00:00+00:00,-0.00282987535477
2021-06-28,0.01765009031,0.0148202149552,0.0392943560868,0.0812684369329,0.113090304664,0.00897797599565,,,0.0144192465206,,,0.00112433481681,-0.329992789647,0.0253392795341,0.0100018043914,0.0504375133307,0.114340796212,0.182925872402,0.0200141273122,0.0165856017927,0.0251245761672,0.0143289826805,0.0824324988673,0.159143308495,-0.00146184262135,-0.359342911231,0.00996090108582,0.019638625519,0.0281511988429,0.0481960776541,0.0432547369247,0.00473354363973,,,0.0144861381141,,,0.00371051225498,-0.309283757147,0.0309216911395,0.0537769829266,0.0884615530866,0.118731685891,0.00813179093438,0.0183667673916,0.0267270959685,0.0469737320336,0.1014007599,0.146468831675,0.0070000504607,0.0193172509124,0.0153783784483,-0.000920998412157,,0.0153783784483,1,-0.00138781643442,-0.0209607900537,-0.00629961216427,-0.0162363067293,0.0116062562066,0.7,0.0106870218179,-0.999942892152,2021-07-04 23:59:59+00:00,2021-07-01 22:00:00+00:00,0.000591266245054,2021-07-05,2021-07-15 22:00:00+00:00,0.01765009031
2021-07-05,0.00526126140376,0.0229113517137,0.0302211569436,0.0665762657413,0.118405646856,0.00859647785702,,,0.0120892828596,,,-0.00155283744534,-0.326458417095,-0.00425308813655,0.0210861913976,0.0175155041003,0.0716263774677,0.17371371444,0.0178621113439,0.0171930394312,0.0252486322638,0.00561523244521,0.0637742837363,0.138481148223,-0.00898371739339,-0.362061896155,0.0147756109441,0.0247365120299,0.042926809787,0.061526154015,0.0630975792723,0.00276783515824,,,0.0185708019942,,,0.00587804250272,-0.299002231814,0.0112617069847,0.0421833981242,0.0762689124984,0.103817283008,0.00961288260171,0.018341433424,0.00791589472888,0.0346429906974,0.0746159504888,0.129059040961,0.00783513775968,0.0194113001515,-0.0190286990806,0.000672537609448,,0.0190286990806,0,-0.0121689828654,0.00351390395941,0.0117890805101,-0.0123284947306,-0.0112890361372,-0.7,-0.109512129666,-0.993985459379,2021-07-11 23:59:59+00:00,2021-07-09 05:00:00+00:00,0.00687261194136,2021-07-12,2021-07-22 22:00:00+00:00,0.00526126140376
2021-07-12,0.000591266245055,0.00585252764881,0.020672742604,0.0497780385401,,0.00895774856594,,,0.00746915186144,0.0454343975507,,,-0.326060056935,-0.00973499098687,-0.0139880791234,-0.00398627473204,0.0392455516164,0.164351342354,0.0181310363991,0.0179937651013,0.0255042064767,-0.00313560744138,0.0406874805391,0.113704587207,-0.0136389796333,-0.368242086987,0.010917523477,0.025693134421,0.0453317599401,0.0603105254637,,0.00235561623016,,,0.0181355226325,0.0499362992099,,,-0.291307142999,-0.00165360878659,0.00960809819808,0.0633850811246,0.102280061558,0.0141851881028,0.015508970573,-0.00980925423584,-0.00189335950696,0.0450803725267,0.119772196583,0.0160736512353,0.0176966939231,-0.0206525144638,0.00196696679901,,0.0206525144638,0,7.42632489746e-05,0.0125711322636,0.0263677789635,-0.00825447956513,-0.00136518771331,-0.4,-0.228125181163,-0.973631810142,2021-07-18 23:59:59+00:00,2021-07-15 22:00:00+00:00,-0.0142774292967,2021-07-19,2021-07-29 22:00:00+00:00,0.000591266245054
2021-07-19,0.00687261194136,0.00746387818642,0.0303752299001,0.0596251626911,0.109630544511,0.0072139980202,0.00765558857658,,0.00677804750621,0.0438674030972,,-0.000839311333498,-0.321412376677,0.00698916220005,-0.00274582878682,0.0183403626107,0.0561654571079,0.137507930706,0.0154886416298,0.0168641998594,0.024646554654,-0.000701575896184,0.0372440334713,0.109233948225,-0.00599244247858,-0.363811162273,0.00675606168268,0.0176735851597,0.0424100971895,0.0630848682743,0.0817531583154,0.00330256625651,0.00505744309881,,0.0142450678682,0.0503493406763,,0.00431381981158,-0.286502959938,-0.00439665299451,-0.00605026178109,0.0361331363431,0.116237396998,0.016110463693,0.014728761841,-0.00214286283741,-0.0119521170732,0.0226908736242,0.132368724287,0.015801829447,0.0164726832808,0.000233100517368,-0.00227702573474,3.33387161424,0.000233100517368,1,0.00913202503745,0.0111527146772,-0.00947670865268,-0.00487210718636,-0.00534393835829,-0.4,-0.343434221059,-0.939176732999,2021-07-25 23:59:59+00:00,2021-07-22 22:00:00+00:00,0.0232857893723,2021-07-26,2021-08-05 22:00:00+00:00,0.00687261194136
2021-07-26,-0.0142774292967,-0.0074048173553,-0.00155228970649,0.0377420663803,0.0917329395655,0.00963510679263,0.00987952716024,,-0.00711130601731,0.0219786514268,,-0.0074444523932,-0.331032028135,-0.0322162415879,-0.0252270793879,-0.0392151585113,0.0112223548194,0.0991592223785,0.0164836914783,0.0206382301062,0.0259562854108,-0.0229292148106,-0.00291161665375,0.0637493337806,-0.0174314221185,-0.383980146731,0.00366138299461,0.0104174446773,0.0361105790983,0.0642617779412,0.0843066567524,0.00485000384295,0.00488614645153,,0.00885956433522,0.0473353930447,,0.00254251733209,-0.283885785694,-0.0486305463022,-0.0530271992967,-0.0434191010986,0.045042451988,0.0260928883822,0.022422704204,-0.0490607369244,-0.0512035997618,-0.0530969592688,0.0483038006311,0.024937313781,0.023797327707,-0.0358776245826,0.00199284469837,4.22296125375,0.0358776245826,0,0.0168444953365,0.0522919292968,-0.0219007092199,-0.0332517339861,-0.00824639220341,-0.3,-0.45376919082,-0.891119252099,2021-08-01 23:59:59+00:00,2021-07-29 22:00:00+00:00,-0.0133711497586,2021-08-02,2021-08-12 22:00:00+00:00,-0.0142774292967
2021-08-02,0.0232857893723,0.00900836007559,0.016472238262,0.0466933952056,0.103001936599,0.015554438877,0.0108023154829,,0.0120792181476,0.0378815555621,,-0.0038051663267,-0.315271798279,0.0465715787445,0.0143553371566,0.0116095083698,0.02912501247,0.121697216445,0.033250170102,0.0229485661298,0.0268894801217,0.020635950395,0.0350921058466,0.101929200619,-0.00645894724948,-0.35461259068,0,0.00366138299461,0.0213349681543,0.0642617779412,0.0843066567524,0.0046349109027,0.00488614645153,,0.00351683965126,0.0405575415772,,-0.00115138540393,-0.283885785694,0.0480235019297,-0.000607044372469,-0.00665730615356,0.0696116063449,0.0395059987829,0.0247249924165,0.0430581698737,-0.00600256705072,-0.017954684124,0.0566612663649,0.0377764589824,0.0254859307252,0.0465715787445,-0.000384407808966,4.69569847302,0.0465715787445,0,0.00351340887083,-0.0480235019297,0.00603283253089,0.0291200675248,0.00283464566929,0.2,-0.557532072999,-0.830155399656,2021-08-08 23:59:59+00:00,2021-08-05 22:00:00+00:00,-0.00473804329849,2021-08-09,2021-08-19 22:00:00+00:00,0.0232857893723
2021-08-09,-0.0133711497586,0.00991463961364,0.00250982225833,0.0231825648623,0.0696773542447,0.017986278222,0.0116317796861,,-0.00198794327159,0.0186950462409,,-0.00473234091578,-0.324366463045,-0.0306319059438,0.0159396728007,-0.00928740658719,-0.0132736813192,0.0526039798936,0.0372934142468,0.0236380117136,0.0264775669626,-0.00786326287976,-9.07902312397e-05,0.06006541226,-0.00636831163861,-0.374082317314,0.00388960642656,0.00388960642656,0.0143070511039,0.0596388110439,0.0867507285958,0.00276924810643,0.0047202830061,,0.00383632507841,0.0376841298952,,-0.00309637019294,-0.281094959154,-0.0472205225564,0.00080297937335,-0.0522242199233,0.0111608612013,0.0456013625258,0.0286629660871,-0.0457021534809,-0.00264398360717,-0.053847583369,-0.00876721084231,0.0433180102486,0.0293604542085,-0.0345215123704,0.000729793098646,5.00669239336,0.0345215123704,0,0.015070247537,0.0511101289829,0.0127356858675,0.00164035267583,0.0173994974874,0.5,-0.653220035838,-0.75716813508,2021-08-15 23:59:59+00:00,2021-08-12 22:00:00+00:00,-0.0233639455465,2021-08-16,2021-08-26 22:00:00+00:00,-0.0133711497586
2021-08-16,-0.00473804329849,-0.0181091930571,-0.00910083298152,0.0212743969186,0.0475498174999,0.017574634979,0.0113400788498,,-0.00444520778178,0.010221164468,,-0.0059328865146,-0.327560072293,-0.00947608659698,-0.0401079925408,-0.0257526553842,-0.00741229277347,0.0204820584323,0.03682892085,0.0232067143497,0.0259575356774,-0.0108806992419,-0.0110488658899,0.0433988307603,-0.00801370680238,-0.379985553515,0,0.00388960642656,0.00755098942118,0.0499610866107,0.0746175765676,0.00218177322967,0.00475015481654,,0.00194480076137,0.0317625110074,,-0.00385206622683,-0.281094959154,-0.0162677806568,-0.0634883032132,-0.0640953475857,-0.0279622112426,0.0452347647048,0.0291939476469,-0.0169193060505,-0.0626214595313,-0.0686240265821,-0.0459331529579,0.0426559780663,0.0299648786368,-0.00947608659698,-0.00305024892998,4.88443657295,0.00947608659698,0,0.00744321945349,0.0162677806568,-0.0191942267865,-0.00757420675537,-0.0117923072174,0.4,-0.73944719928,-0.673214556792,2021-08-22 23:59:59+00:00,2021-08-19 22:00:00+00:00,0.0181105607649,2021-08-23,2021-09-02 22:00:00+00:00,-0.00473804329849
2021-08-23,-0.0233639455465,-0.028101988845,-0.0181873492314,-0.0197396389379,0.027160384163,0.0200552879173,0.0135319735864,,-0.0230761044425,-0.0151113829669,,-0.00663609762808,-0.343088809474,-0.045226952725,-0.054703039322,-0.0387633665213,-0.0779785250326,-0.0148141510013,0.0402775761952,0.026496643777,0.0265776822077,-0.0457045456147,-0.0537529367479,-0.00570714617613,-0.00855129155329,-0.407402257395,-0.00150093836808,-0.00150093836808,0.00238866805848,0.0384992471568,0.0691349193274,0.00230618157459,0.00514613908348,,-0.000154554413888,0.0247901700839,,-0.00472090370287,-0.282173181938,-0.0433488384323,-0.0596166190892,-0.0588136397158,-0.102232740814,0.0440266431261,0.0314265838174,-0.0492819876147,-0.0662012936652,-0.0688452772724,-0.121942236541,0.0427112475252,0.033109457875,-0.0437260143569,0.00315874388513,5.14783909027,0.0437260143569,1,0.00405503488975,0.0418479000643,0.00468022116766,0.0288778877888,0.00412345370486,0.2,-0.81496470712,-0.579510591922,2021-08-29 23:59:59+00:00,2021-08-26 22:00:00+00:00,0.0173394226411,2021-08-30,2021-09-10 05:00:00+00:00,-0.0233639455465
2021-08-30,0.0181105607649,-0.00525338478165,-0.0233625778388,-0.00689033957676,0.0376652779138,0.0176885137125,0.0141866555798,,0.00066014376699,3.62410793369e-05,,-0.00873797352998,-0.331083395187,0.0419614606316,-0.00326549209343,-0.0433734846342,-0.0317639762645,0.0144204489297,0.0381402522179,0.0289029152735,0.0271000829398,0.00628914018079,-0.0142734475096,0.033299344633,-0.0119526364608,-0.38200690364,-0.00574033910179,-0.00724127746988,-0.00335167104331,0.017983297111,0.0609101068979,0.00398015587828,0.0059641181681,,-0.00504738572128,0.0142269116341,,-0.00552331059913,-0.286281947155,0.0422510971357,-0.00109774129664,-0.0645860445098,-0.0712433506634,0.0412951012197,0.0330039393986,0.0383345842067,-0.010947403408,-0.0735688629393,-0.0915235470633,0.0404973661737,0.0334051121698,0.0477017997333,-0.00337247871752,4.84532149388,0.0477017997333,0,0.00362687642483,-0.0479914362375,-0.0125091182227,-0.0356856455493,-0.008337481334,-1.1,-0.878678814594,-0.477413385635,2021-09-05 23:59:59+00:00,2021-09-02 22:00:00+00:00,-0.000698678056461,2021-09-06,2021-09-16 22:00:00+00:00,0.0181105607649
2021-09-06,0.0173394226411,0.035449983406,0.00734799456098,0.00985781681931,0.040670240008,0.0198617953076,0.0144112393898,,0.0162684888335,0.0143632425495,,-0.00129148136037,-0.319383626984,0.0356653272168,0.0776267878484,0.0229237485264,0.0136363419392,0.0214168550526,0.0409742954065,0.0295174574926,0.02769794999,0.0367012183025,0.0198192574872,0.0652587034933,0.00408348674294,-0.359568214525,-0.000986481934585,-0.00672682103638,-0.00822775940446,0.0060792916994,0.0599236249633,0.00253334096871,0.00603455926474,,-0.00398360889617,0.00865435881998,,-0.00666644946368,-0.286985669958,0.0277939346801,0.0700450318158,0.0104284127266,-0.0417958071967,0.0394724906194,0.0332578987496,0.0228180149985,0.0611525992052,-0.00504869445998,-0.058896277829,0.0395761167302,0.0325691667186,0.0366518091514,-0.00395226560818,4.89059193984,0.0366518091514,0,0.0128473122183,-0.0287804166147,-0.0229727851851,-0.129937629938,-0.10264776007,-9.4,-0.929666729448,-0.36840164516,2021-09-12 23:59:59+00:00,2021-09-10 05:00:00+00:00,0.0165473716353,2021-09-13,2021-09-23 22:00:00+00:00,0.0173394226411
2021-09-13,-0.000698678056461,0.0166407445847,0.011387359803,0.00228652682149,0.0298318813669,0.0195157380974,0.0142847818176,,0.0126475996652,0.0113370540309,,0.00055207984561,-0.319858992625,-0.00692056676487,0.028744760452,0.0254792683585,-0.000273387025686,0.00272950044232,0.0406769917026,0.029438510246,0.0271810696341,0.0229277529416,0.0125708700478,0.0540186550952,0.00615985551715,-0.363985064275,0.00552321065195,0.00453672871736,-0.00270454875251,0.00484644066867,0.0569342622914,0.00464953995978,0.00592947722984,,0.00221240996788,0.00988027707015,,-0.00505569582593,-0.283036646009,-0.0137830506748,0.0140108840052,0.0129131427086,-0.0511822048771,0.0390941810668,0.0334353560387,-0.00242520886971,0.0203928061288,0.00944540272078,-0.0591786238613,0.0383079373323,0.0320522465477,-0.0124437774168,-0.00156895921907,4.96393613955,0.0124437774168,0,-0.00449535789516,0.0193062613268,-0.0126435404908,-0.00692951015532,0.00594322472381,0.2,-0.967189977038,-0.254054223182,2021-09-19 23:59:59+00:00,2021-09-16 22:00:00+00:00,0.0095120207467,2021-09-20,2021-09-30 22:00:00+00:00,-0.000698678056461
2021-09-20,0.0165473716353,0.0158486935788,0.0512986769848,0.0331113277534,0.0492091283569,0.00903812448668,0.0147101213616,,0.0164611855704,0.0243209881296,,0.00903935168029,-0.308510814291,0.0273397203227,0.0204191535578,0.0980459414062,0.059282574885,0.0454066959078,0.0217935972167,0.0299356369828,0.0266237209998,0.0260941403638,0.0369513978737,0.0768596033728,0.0210186625894,-0.346356714766,0.00575502294786,0.0112782335998,0.00455141256343,0.00694008062191,0.0530115608061,0.00554893219657,0.00573397828278,,0.00684461529637,0.0116280083575,,-0.00293995922884,-0.278898609628,0.028877240903,0.0150941902282,0.085139222044,0.0263255823281,0.0242854809827,0.03380900453,0.0384705203409,0.0360453114712,0.0971979106764,0.028352633404,0.0192717951782,0.033439249202,0.0215846973748,0.00393366126372,5.2198344103,0.0215846973748,1,-0.0111308000182,-0.0231222179552,-0.0193635943198,0.0717035611165,0.0667269062348,5.4,-0.990705095898,-0.136027250809,2021-09-26 23:59:59+00:00,2021-09-23 22:00:00+00:00,0.028347396712,2021-09-27,2021-10-07 22:00:00+00:00,0.0165473716353
2021-09-27,0.0095120207467,0.026059392382,0.0427001369666,0.0193375591279,0.0410710587936,0.00835887454612,0.0142364578245,,0.0152880898046,0.0308113166297,,0.00751572202676,-0.301901972922,0.0124847909205,0.0398245112432,0.0685692716951,0.0251957870609,0.0325522072941,0.0186887119788,0.0293606674974,0.0240958696035,0.0214028887983,0.0472695616887,0.0815954866926,0.0146383019781,-0.33814496066,0.00653925057293,0.0122942735208,0.0168310022382,0.0134793311948,0.0495899102932,0.00349000623752,0.00551580635421,,0.00918270869215,0.0144207818679,,0.000393142075447,-0.27416769549,0.0159523751147,0.0448296160177,0.0588405000229,-0.0057455444869,0.0198771015169,0.0329513804346,0.00683962963272,0.0453101499736,0.0657029561024,-0.00786590683696,0.0180192980366,0.0325656850036,0.00594554034753,-0.000643240364482,5.32204061775,0.00594554034753,1,0.00564516128774,-0.00941312454173,0.00296885026635,0.0435563538392,0.00443083338763,0.6,-0.99987150887,-0.0160301512775,2021-10-03 23:59:59+00:00,2021-09-30 22:00:00+00:00,0.0480008303474,2021-10-04,2021-10-15 05:00:00+00:00,0.0095120207467
2021-10-04,0.028347396712,0.0378594174587,0.0537081110375,0.0610561055985,0.0641571941019,0.0122095154189,0.0158670111711,,0.0304111179172,0.055101772203,,0.00849185898231,-0.281829554929,0.0412551522032,0.0537399431236,0.0741590966815,0.0970828452079,0.0780604476338,0.0206423451038,0.0311465219684,0.0249322144211,0.044554693731,0.0845413789104,0.116377873723,0.0125351243524,-0.310268969756,0.0154396412209,0.0219788917938,0.0332571253936,0.0250293659892,0.05025394057,0.00477009317727,0.00562770919854,,0.0163668184778,0.0262187371491,,0.00444859361225,-0.262874145288,0.034475824703,0.0504281998176,0.0655223900458,0.0759508027724,0.0215532858245,0.0342221907993,0.038751689992,0.0455913196247,0.0816366310959,0.0765879366359,0.0213557306902,0.0343718822333,0.0258155109823,0.00296977242502,5.53351059183,0.0258155109823,1,0.00250346221117,-0.0190361834821,-0.00305256423104,0.0279690189329,0.0213428478754,1.5,-0.994556455799,0.104199118177,2021-10-10 23:59:59+00:00,2021-10-07 22:00:00+00:00,0.0345696430136,2021-10-11,2021-10-21 22:00:00+00:00,0.028347396712
2021-10-11,0.0480008303474,0.0763482270594,0.102407619441,0.113794979244,0.111566758204,0.0168336818234,0.0197569160793,,0.0533664428879,0.0971202747437,0.131838259311,0.0170198465369,-0.246516017857,0.0641031012077,0.105358253411,0.145182764654,0.170662033013,0.151898539828,0.0219470323829,0.0345803101518,0.0270117348658,0.0733224448948,0.142025092985,0.175691936071,0.0246111880998,-0.264607175487,0.031898559487,0.0473382007079,0.0596324742287,0.0569279254762,0.0712349765801,0.0121487270925,0.00949695128648,,0.0336136769439,0.0535775110322,0.0892658772786,0.0094285049741,-0.238981853383,0.0506440495289,0.0851198742318,0.12994949025,0.142862632958,0.0143765787721,0.0367740882198,0.0452348896976,0.0839865796895,0.129296729663,0.138742132384,0.0172746357086,0.0362681201166,0.0322045417206,0.000514220930482,3.64081780468,0.0322045417206,1,0.0188682115101,-0.0187454900418,-0.000185570358228,-0.015069066555,-0.0433816056911,-2.9,-0.974836916336,0.222919237727,2021-10-17 23:59:59+00:00,2021-10-15 05:00:00+00:00,0.0162122030391,2021-10-18,2021-10-28 22:00:00+00:00,0.0480008303474
2021-10-18,0.0345696430136,0.082570473361,0.12042989082,0.171728567805,0.139263789276,0.0159932665045,0.0210108136653,0.0155364373365,0.0577030251903,0.122956827589,0.16013053409,0.0193948735298,-0.220012882973,0.0343570421376,0.0984601433452,0.152200086469,0.250246027875,0.179266419766,0.0212622900635,0.0350998059757,0.0270287547092,0.068928790343,0.164566668769,0.201520276052,0.0242602970198,-0.238902208384,0.0347822438897,0.0666808033767,0.0886596951705,0.0932111077339,0.099261158787,0.0134577303622,0.0125129909096,0.0093757595637,0.0464436632092,0.0822863452062,0.119776988997,0.0145294500398,-0.212046209045,0.0223785562622,0.0730226057911,0.123450805609,0.208590027653,0.0152605694788,0.0369097691904,0.0351194313156,0.0803543210131,0.125945640638,0.223143551314,0.0169555066149,0.0370998831906,-0.000425201752106,0.00594682755639,2.80484509132,0.000425201752106,1,-0.000762389178004,0.0124036876275,-0.0302613160927,-0.0614109647259,-0.00471416240621,-2,-0.94099849502,0.338410745058,2021-10-24 23:59:59+00:00,2021-10-21 22:00:00+00:00,0.000204248897316,2021-10-25,2021-11-04 23:00:00+00:00,0.0345696430136
2021-10-25,0.0162122030391,0.0507818460527,0.127130073112,0.169830210079,0.169753421612,0.0132292162464,0.0196462179521,0.0155397170491,0.0415733383667,0.12587851517,0.166915707683,0.0187245627694,-0.20726451311,0.0043902727485,0.038747314886,0.144105568297,0.212674839992,0.215872934102,0.0246256797094,0.0324713688808,0.0270465100335,0.0363029789908,0.149607052385,0.19185727244,0.0194207817587,-0.235553435857,0.0280341333297,0.0628163772194,0.110154577927,0.126985580165,0.123633909122,0.00852662458304,0.0136428141161,0.0101577468485,0.0468180808757,0.102082836413,0.142115593989,0.0180283437801,-0.189644062184,0.0132188691947,0.0355974254569,0.120717299689,0.179557799712,0.0161840859464,0.0327885790735,0.0262901551728,0.0614095864884,0.145396166178,0.21109912228,0.00790409500014,0.0330962251828,-0.0236438605812,-0.00382816572797,2.37993339725,0.0236438605812,1,-0.0218998824243,0.014815264135,-0.00344514091583,0.0371292732624,0.00386924616411,0.4,-0.893531284773,0.4490009389,2021-10-31 23:59:59+00:00,2021-10-28 22:00:00+00:00,-0.00899468534859,2021-11-01,2021-11-11 23:00:00+00:00,0.0162122030391
2021-11-01,0.000204248897316,0.0164164519364,0.0989869252974,0.152695036335,0.146671881137,0.0209158180345,0.0196878016358,0.015652403335,0.0168271626041,0.112956200145,0.155691523566,0.0134642789292,-0.207102581224,-0.0139001824758,-0.00950990972731,0.0889502336179,0.163109330299,0.155401172882,0.0342737386414,0.0321507215809,0.0273988011917,0.000247178958136,0.119683499995,0.162683677957,0.0102836220289,-0.246105872289,0.0143086802704,0.0423428136002,0.109023616977,0.14228074237,0.137942589393,0.00906341152288,0.0133863924962,0.0100945249294,0.0335627816068,0.105713281537,0.148377391349,0.0166449358294,-0.177965585623,-0.0102662048913,0.00295266430347,0.0759752700945,0.14149766014,0.0251839405325,0.031491470321,0.00439876396573,0.0306889191386,0.111043240152,0.192679871248,0.0173919597273,0.0319749473998,-0.0282088627462,-0.00217861503188,2.40156711548,0.0282088627462,0,-0.0182989464415,0.0245748851617,0.0172852547174,0.0550098231827,-0.00166135034556,1.2,-0.833122768723,0.55308810531,2021-11-07 23:59:59+00:00,2021-11-04 23:00:00+00:00,-0.000531962735533,2021-11-08,2021-11-18 23:00:00+00:00,0.000204248897316
2021-11-08,-0.00899468534859,-0.00879043645127,0.0419914096014,0.144399029043,0.151048345547,0.0191313199364,0.01926396306,0.0159140766191,-0.00261070428202,0.090024761861,0.135436347741,-0.00112125110328,-0.214202465539,-0.0267456455492,-0.040645828025,-0.00189851313899,0.143284251515,0.159287433277,0.0265036122061,0.0317371610294,0.0277342967759,-0.0256997271615,0.07683723957,0.122665780381,-0.0127275077676,-0.266002003957,0.00875627485206,0.0230649551225,0.0858813323419,0.145513806571,0.142809257818,0.0120170294542,0.013250117447,0.00999005075156,0.0207556704563,0.102844670545,0.147985217982,0.010485005561,-0.170736020516,-0.0191318741284,-0.0293980790196,0.00619934643727,0.136148836687,0.0194709516942,0.0281715663909,-0.0248273957775,-0.0204286318118,0.0409809546766,0.17027768434,0.0267110199413,0.0293075004647,-0.0355019204013,0.00142379048754,2.39505544768,0.0355019204013,0,-0.00191824977173,0.0278881489804,-0.0205550573465,0.00724187875026,0.0228316581242,0.4,-0.760647863164,0.649164715819,2021-11-14 23:59:59+00:00,2021-11-11 23:00:00+00:00,-0.0168569694085,2021-11-15,2021-11-25 23:00:00+00:00,-0.00899468534859
2021-11-15,-0.000531962735533,-0.00952664808412,0.00688980385231,0.127319694672,0.15525442611,0.0105229470616,0.0189998565294,0.0159012803979,-0.00484398741983,0.0764723192271,0.12581248597,-0.0102201971993,-0.214620369381,-0.0019432209568,-0.028688866506,-0.0381987762333,0.114001310236,0.166820298917,0.0137454065633,0.0313740671245,0.0276392860986,-0.0182985329023,0.0612659651338,0.112298641285,-0.0223820247442,-0.267426939315,0.000879295485735,0.00963557033779,0.051978383938,0.140638079108,0.143688553304,0.011440547383,0.0131914819018,0.0100845273317,0.00860543859247,0.0914115713402,0.139122319898,0.00194163034573,-0.170006531771,0.0104634736408,-0.00866840048756,-0.0057157361841,0.117735069425,0.0157847916671,0.0270299325557,0.00173469057292,-0.0230927052046,0.00759621393398,0.133541854572,0.0209404274024,0.0281808334251,-0.00282251644254,0.00128777336544,2.37817776504,0.00282251644254,0,-0.00367791152972,-0.00958417815509,-0.00661799548627,-0.00534100246508,0.00201744110374,1.2,-0.677156245853,0.735839261457,2021-11-21 23:59:59+00:00,2021-11-18 23:00:00+00:00,-0.00381431052923,2021-11-22,2021-12-02 23:00:00+00:00,-0.000531962735533
2021-11-22,-0.0168569694085,-0.017388932144,-0.0261793685953,0.100950704517,0.161761402248,0.00804252549702,0.0180544085352,0.0164993770885,-0.015087770949,0.0457610916917,0.0989390596229,-0.0189880269372,-0.22774852843,-0.0347997081519,-0.0367429291087,-0.0773887571337,0.0667168111632,0.17724754349,0.0144462854646,0.0298629538342,0.0286671764903,-0.0334395854714,0.0120092335147,0.0676430810935,-0.0329816157057,-0.292481788859,0.00108576933492,0.00196506482066,0.0250300199432,0.13518459787,0.146275261007,0.00649967336045,0.013004525292,0.0101510109449,0.00343988887249,0.0802425209203,0.130748904353,-0.00499443816858,-0.1691048609,-0.0213315566356,-0.0108680829948,-0.0402661620144,0.0804511376743,0.0144983011513,0.0237446043682,-0.0365186426372,-0.0347839520643,-0.0552125838761,0.0901835823019,0.0200853326451,0.0259261281867,-0.0358854774868,0.000989142578052,2.29617436925,0.0358854774868,0,0.00171893448533,0.0224173259706,-0.0159113877997,-0.0119785212722,0.0157822952523,0.7,-0.583857153189,0.811856406435,2021-11-28 23:59:59+00:00,2021-11-25 23:00:00+00:00,-0.0543954132015,2021-11-29,2021-12-09 23:00:00+00:00,-0.0168569694085
2021-11-29,-0.00381431052923,-0.0206712799377,-0.0301979280218,0.0687889972756,0.139836530954,0.00711606204585,0.0184994371369,0.0166413738651,-0.0114028828748,0.0309978237298,0.0873093052651,-0.0183061382327,-0.230688524755,-0.00575364714231,-0.0405533552942,-0.0692422218002,0.0197080118177,0.129532435716,0.015964632645,0.029011341858,0.0287291368428,-0.0221410698305,-0.00317063441793,0.0557389555663,-0.0272745889667,-0.296540910418,-0.00187497391615,-0.000789204581228,0.00884636575656,0.117869982733,0.150140626192,0.00456710649814,0.0126222063608,0.0102857642356,-0.000643625983173,0.0658941561238,0.119385451305,-0.00933768749874,-0.170661308008,-0.0171996233446,-0.0385311799802,-0.0471995804677,0.0287756896268,0.014937928693,0.0235671179219,-0.0152908438067,-0.0518094864439,-0.0749021916485,0.0361410485032,0.0161683365298,0.0261587611607,-0.00387867322617,-0.0010344000062,2.29825458198,0.00387867322617,1,0.00953719666434,0.0153246494284,0.0177460831273,0.0183946488294,-0.000575447570332,0.2,-0.48210186644,0.876115169584,2021-12-05 23:59:59+00:00,2021-12-02 23:00:00+00:00,0.0170414953123,2021-12-06,2021-12-16 23:00:00+00:00,-0.00381431052923
2021-12-06,-0.0543954132015,-0.0582097237307,-0.0755986558747,-0.0336072462733,0.0681016951116,0.0246918417812,0.0256780905205,0.0204289202482,-0.0462100146693,-0.0283900935497,0.025558214505,-0.0241382559003,-0.271417756455,-0.105907049281,-0.111660696423,-0.148403625532,-0.150302138671,-0.0120399407815,0.0481604759119,0.0421541790603,0.0356775074849,-0.0883359263982,-0.102594013698,-0.0506777093323,-0.036174757092,-0.367232742478,-0.0028837771223,-0.00475875103844,-0.00279368621779,0.0830876461241,0.148243331005,0.00198599954736,0.0127890970014,0.01039179896,-0.00282643026116,0.0509862606064,0.107229312296,-0.0121017547087,-0.173049490806,-0.122317341077,-0.139516964422,-0.150385047417,-0.144185700979,0.058217875087,0.0427592073542,-0.15100625858,-0.166297102386,-0.20108105445,-0.160100099774,0.0689563215164,0.0515826310954,-0.103023272158,-0.0278888292988,3.29584514143,0.103023272158,1,0.0450992092989,0.119433563955,0.0220622068665,0.00923645320197,0.00985221674877,1,-0.373364140702,0.927684870222,2021-12-12 23:59:59+00:00,2021-12-09 23:00:00+00:00,-0.00471784958726,2021-12-13,2021-12-23 23:00:00+00:00,-0.0543954132015
2021-12-13,0.0170414953123,-0.0373539178892,-0.0580251978269,-0.0511353939746,0.0858418684804,0.0300346967499,0.025807331963,0.0205538696166,-0.0155519710666,-0.0178327654149,0.0386329586859,-0.0211095201091,-0.258895227313,0.0505065256389,-0.0554005236418,-0.095953878936,-0.134152655169,0.0453871516222,0.0650885285378,0.0444216561079,0.0369588422494,-0.0173859765668,-0.0591362874752,-0.0032974413908,-0.0274797890896,-0.3344530402,-0.0164235350143,-0.0193073121366,-0.0200965167178,0.0318818672201,0.126296585338,0.00778407774552,0.0149036909153,0.0114409579502,-0.0141621204583,0.0242022077566,0.0816070992408,-0.0147392511286,-0.186520021795,0.0519775672617,-0.0703397738157,-0.108870953796,-0.11458668998,0.0717654527687,0.0450950047759,0.0640431824513,-0.0869630761282,-0.138772562572,-0.131176348638,0.0888019978798,0.0547911216299,0.0669300606532,0.0268472500362,2.98038089889,0.0669300606532,0,-0.0135366568124,-0.068401102276,-0.0225258668352,-0.0213544844417,-0.0072853975293,0,-0.259218860015,0.96581860751,2021-12-19 23:59:59+00:00,2021-12-16 23:00:00+00:00,0.010853517188,2021-12-20,2021-12-30 23:00:00+00:00,0.0170414953123
2021-12-20,-0.00471784958726,0.012323645725,-0.0458860780057,-0.072065446601,0.0645766472578,0.0303298399309,0.0257984426738,0.0205839266223,-0.00878472048011,-0.027030879242,0.0293427527883,-0.0164389539059,-0.262383413321,-0.0027511823058,0.0477553433331,-0.0639053530899,-0.141294110224,0.0152962489937,0.0652863235821,0.0438557997108,0.0368068216989,-0.00398350556779,-0.0627480806741,-0.00826877107731,-0.0171529728105,-0.336281564764,-0.00668451686872,-0.023108051883,-0.0278668029215,-0.00283678297833,0.113857045522,0.00663594478442,0.0155638538546,0.0117366705921,-0.0139079852023,0.00888203937202,0.0676208174514,-0.0157249350013,-0.191939608592,-0.0138137504548,0.0381638168069,-0.101353147615,-0.14161930963,0.0720687889881,0.044597574297,-0.00182458751794,0.0622185949334,-0.104078507453,-0.159291091329,0.0902468364066,0.053719421105,0.00393333456293,0.00371169388583,2.81761718552,0.00393333456293,1,-0.000926594787861,0.00712923358611,0.00319979314469,0.00831255195345,0.00944479897894,-0.2,-0.141319227808,0.989964078061,2021-12-26 23:59:59+00:00,2021-12-23 23:00:00+00:00,,2021-12-27,2022-01-06 23:00:00+00:00,-0.00471784958726
2021-12-27,0.010853517188,0.00613566760077,-0.0312182502884,-0.0614161783103,0.0659181436992,0.0323815054836,0.0258208088024,0.020451343307,0.0100556975416,-0.0211377780233,0.0363670778735,-0.0128751890105,-0.254334076227,0.0217196532299,0.0189684709241,-0.0364320527177,-0.105674274518,0.0245311113032,0.0681045787586,0.0441281797997,0.0367230800002,0.0275886283905,-0.0438757227799,0.0113195805834,-0.0109950217412,-0.321708138532,-1.26188538296e-05,-0.00669713572255,-0.0260044478592,-0.0171580821026,0.107305176095,0.0071571356176,0.015746704579,0.0117791532447,-0.00747427845318,0.000965459453933,0.0612795364959,-0.0147553562798,-0.191949805324,0.0020044429486,-0.0118093075062,-0.0821490813219,-0.12934866179,0.0734187056758,0.0443389191618,0.00617610097122,0.00435151345328,-0.0826115626749,-0.157513754323,0.0917237248837,0.0537121370944,0.0217322720837,-0.00753106169196,2.80219758875,0.0217322720837,0,0.0155435522587,-0.00201706180243,-0.0139020893407,0.0171063478978,-0.00727019850803,0.1,-0.0213728230102,0.999771575129,2022-01-02 23:59:59+00:00,2021-12-30 23:00:00+00:00,,2022-01-03,2022-01-13 23:00:00+00:00,0.010853517188
2022-01-03,,,,,,,,,,,,,,0.0381174436432,0.0598370968731,0.107592440206,-0.0408111853255,0.0213934027432,0.0230154128439,0.0439029150488,0.0373600681414,0.0392226628763,-0.0083309462969,0.0466089464558,0.0252524636867,-0.295354307187,,,,,,,,,,,,,,0.0465261656018,0.0485306085504,0.0866944253573,-0.0636906220594,0.0325689434391,0.0452688659969,0.0599205448367,0.066096645808,0.128315240741,-0.0727658137092,0.0347240262797,0.0553017252043,,0.000530837857058,,,,-0.0218031011936,,0.0360865161564,0.00607902735562,0.0104438642298,0.1,0.120128619955,0.992758336489,2022-01-09 23:59:59+00:00,2022-01-06 23:00:00+00:00,0.0392856432298,2022-01-10,2022-01-21 06:00:00+00:00,
2022-01-10,,0.0340753582696,0.0402110258704,-0.0178141719565,0.0236452749094,,,,,,,0.00823388916687,-0.228487375837,0.0268826759732,0.0650001196164,0.0839685905405,-0.0119852883955,-0.0158270224913,0.017245763427,0.0405781131865,0.0375182985855,0.0450749151613,0.0199643734538,0.069499905918,0.0222096109037,-0.276154632284,,0.00315059692279,-0.00354653879976,-0.0236430555176,0.06311757231,,,,,,,-0.00574183256994,-0.189399950193,0.0389077264378,0.0854338920396,0.0736245845334,-0.0352463692625,0.0289723310154,0.0442693229131,0.02352193485,0.0834424796867,0.08779399314,-0.0509785694321,0.0274364729728,0.0541718865794,,0.0107160545427,,,,0.00336074112321,,0.020000630686,-0.0356495468278,-0.0185290224995,-1.4,0.238517377822,0.971138229335,2022-01-16 23:59:59+00:00,2022-01-13 23:00:00+00:00,0.0241512908795,2022-01-17,2022-01-27 23:00:00+00:00,
2022-01-17,0.0392856432298,,0.0842145186874,0.0383284406817,0.0283612751255,,,,,,,0.0188719931237,-0.19757477103,0.0644010362381,0.0912837122113,0.151120809084,0.0872154559945,0.0142169716093,0.0190217406123,0.0435218406015,0.0392741680785,0.0726710371836,0.0865289903153,0.131907445272,0.0366865890704,-0.228004419467,0.0141702502214,,0.0173082282904,-0.0105585746311,0.0425055786418,,,,,,,0.00105739717707,-0.177831776268,0.0551689078245,0.0940766342622,0.142607242813,0.0412540951976,0.02339455078,0.0466110892071,0.0459126652755,0.0694346001255,0.135531245933,0.0314527384807,0.023788586286,0.0548440800661,0.0502307860167,-0.00761069837648,,0.0502307860167,1,0.0184883709626,-0.0409986576031,-0.0110601856504,-0.0125313283208,-0.00770564438451,-0.3,0.353451610506,0.935452809623,2022-01-23 23:59:59+00:00,2022-01-21 06:00:00+00:00,0.0214992081647,2022-01-24,2022-02-03 23:00:00+00:00,0.0392856432298
2022-01-24,0.0241512908795,0.0634369341093,0.0975122923789,0.0662940420905,0.0363003629659,,,,,,,0.021585737482,-0.177959249274,0.0341043713412,0.0985054075793,0.163505527196,0.127073474478,0.0439310702019,0.016357516464,0.0444791449156,0.0387455735028,0.0652985658357,0.120060388218,0.159228971517,0.0374970687065,-0.201221890727,0.0141982104179,0.0283684606393,0.0315190575621,0.00551460970294,0.0286696557299,,,,,,,0.00567440625745,-0.166075195121,0.0469591400215,0.102128047846,0.187561939886,0.105412858564,0.00664314586271,0.0482530063539,0.0527045974566,0.0986172627321,0.182059742419,0.0994481797439,0.0157380969411,0.0563598011289,0.0199061609233,-0.000875087426166,,0.0199061609233,1,-0.0186002261154,-0.0327609296036,-0.0218675753408,0.00592216582064,0.00284734355789,-0.4,0.463266687928,0.886218920954,2022-01-30 23:59:59+00:00,2022-01-27 23:00:00+00:00,0.0221775062439,2022-01-31,2022-02-10 23:00:00+00:00,0.0241512908795
2022-01-31,0.0214992081647,0.0456504990442,,0.142188663457,0.0575953222333,,,,0.0382391252879,,,,-0.160094675057,0.0215790400843,0.0556834114255,0.146967123637,0.254559563843,0.079410292762,0.0191407157132,0.0444189826354,0.0381065241299,0.0495006992494,0.136852396732,0.173328832379,0.0306332968506,-0.183797703403,0.0214193762451,0.035617586663,,0.0298177630703,0.0357803517046,,,,0.0268920153674,,,,-0.148020374745,0.0107764231607,0.0577355631823,0.151812197445,0.238506622802,0.0192957324433,0.048098584948,0.0117143081069,0.0644189055635,0.133853505689,0.26216874643,0.0191229671073,0.0564197874428,0.000159663839184,-0.00352722564643,,0.000159663839184,1,0.00986473197739,0.0106429530844,-0.0192562762676,-0.0323801513877,-0.0160676259921,-1,0.56637212241,0.824149633839,2022-02-06 23:59:59+00:00,2022-02-03 23:00:00+00:00,0.0243453359087,2022-02-07,2022-02-17 23:00:00+00:00,0.0214992081647
2022-02-07,0.0221775062439,0.0436767144086,0.107113648518,0.147324674388,0.0887675138258,0.00841369766763,,,0.0336581955198,,,0.0199501418352,-0.141259583775,0.0267213820776,0.0483004221619,0.146805829741,0.230774420282,0.132877320389,0.0191685587418,0.0435910428302,0.0373716168007,0.0396688044288,0.154734988851,0.191117137,0.0264801250977,-0.161693639652,0.0176336304103,0.0390530066554,0.0674214672947,0.0638749284949,0.0446577072628,0.00344993756183,,,0.0276535252092,,,0.0134201585727,-0.132863639523,0.0289799282796,0.0397563514403,0.141884399286,0.21550898382,0.0197647925289,0.0479120615618,0.0300924505666,0.0418067586735,0.140424021406,0.228218014546,0.0182464752245,0.0562354274822,0.00908775166736,-0.0121803067288,,0.00908775166736,1,-0.00337106848896,-0.0113462978693,-0.00757674509548,0.0210777922642,0.0215766002099,1.5,0.661274604227,0.750143918062,2022-02-13 23:59:59+00:00,2022-02-10 23:00:00+00:00,0.00194345513092,2022-02-14,2022-02-25 06:00:00+00:00,0.0221775062439
2022-02-14,0.0243453359087,0.0465228421526,0.0921733411969,0.176387859884,0.11364481247,0.00142088701353,,,0.0350008164053,,,0.0143014266477,-0.120096696334,0.0313144464863,0.0580358285639,0.113719239989,0.264840049074,0.166134987832,0.00548858052313,0.0437930823992,0.0373234574556,0.0426825090248,0.174983282686,0.212771555925,0.0156501955487,-0.135027196585,0.0173762253312,0.0350098557414,0.0706274424044,0.0879356706948,0.0611546371082,0.00295511313137,,,0.0273524532289,,,0.0129526577466,-0.117664412562,0.0386924084062,0.0676723366858,0.125407899868,0.268015142681,0.0155611214435,0.0486180233667,0.0112980503702,0.0413905009368,0.1058094065,0.241340652434,0.0195728851967,0.0562231633333,0.0139382211551,0.0182526092625,,0.0139382211551,1,0.0200163961161,-0.021316183075,-0.012740735876,-0.0519259416897,-0.0433331193426,-2.9,0.746599629698,0.665273622605,2022-02-20 23:59:59+00:00,2022-02-17 23:00:00+00:00,0.00334601524166,2022-02-21,2022-03-03 23:00:00+00:00,0.0243453359087
2022-02-21,0.00194345513092,0.0262887910396,0.0699655054483,0.167477797827,0.132445237009,0.0104361095099,,,0.0191597886857,,,0.00730328120749,-0.118384980962,-0.00904569804928,0.022268748437,0.0705691705989,0.234074697795,0.191888997935,0.0182309670916,0.042007479913,0.0357129319145,0.0154205235632,0.146473020533,0.184943608419,0.00288160050091,-0.142816197798,0.0129326083111,0.0303088336423,0.0693618402976,0.10088089786,0.0730014760844,0.00347150026617,,,0.0228909805556,,,0.0117249619141,-0.106179406543,0.014045290405,0.0527376988112,0.0924940502515,0.280055990137,0.0130582395072,0.0476266172929,0.0248288015131,0.0361268518834,0.0779336105568,0.259993352976,0.00946016223726,0.0547532818826,-0.0219783063604,0.000398281883477,,0.0219783063604,0,-0.0338744995624,-0.00111268209386,-0.0048560642597,0.0534231200898,0.0230841497786,2.1,0.821111408578,0.570767951713,2022-02-27 23:59:59+00:00,2022-02-25 06:00:00+00:00,0.113956264921,2022-02-28,2022-03-10 23:00:00+00:00,0.00194345513092
2022-02-28,0.00334601524166,0.00528947037258,0.0518123125252,,0.13960556278,0.0119496313367,,,0.00954421343935,,,0.00221418868666,-0.115430142961,-0.00147367857781,-0.0105193766271,0.0475164519368,0.194483575574,0.196168966499,0.0201177359517,0.0418497789849,0.035376562384,0.00213722765633,0.127105077615,0.168417970836,-0.00321080751573,-0.144078480876,0.00816570906113,0.0210983173723,0.0561081731137,,0.0830421590617,0.00446383683492,,,0.0169716201045,,,0.00763918488906,-0.0988508469023,0.0158857480899,0.0299310384949,0.0976033751807,0.249415572625,0.0116183930994,0.0467012244856,-0.00774858389037,0.0170802176228,0.0584707185596,0.192324224249,0.0168819946288,0.0544738740862,-0.00963938763894,-0.015008745152,,0.00963938763894,0,0.00627490531256,-0.00772003902875,-0.00479620314511,0.00426166631153,0.00996982815165,0.3,0.883730762406,0.467995661922,2022-03-06 23:59:59+00:00,2022-03-03 23:00:00+00:00,0.111352509989,2022-03-07,2022-03-17 23:00:00+00:00,0.00334601524166
2022-03-07,0.113956264921,0.117302280162,0.143591071202,0.25070471972,0.307957240903,0.0530380354048,,,0.0901550094584,,,0.0122087492695,-0.00865981040478,0.199225038869,0.197751360292,0.220020108729,0.36682593847,0.501301054649,0.0977292091986,0.0525359833658,0.0508249535632,0.153412671453,0.320494381834,0.396370788781,0.0164434075937,0,0.0286874909722,0.0368532000333,0.0671620336756,0.13458350097,0.114613427156,0.00877784740844,,,0.0290789691233,,,0.00797409094535,-0.0726247569358,0.141208362563,0.157094110653,0.209831809464,0.351716208751,0.0602195545074,0.0377940328009,0.147250255639,0.139501671748,0.175628523632,0.316052545037,0.0701794107662,0.0406837565243,0.170537547897,0.00887133180394,,0.170537547897,1,0.0519747832306,-0.112520871591,-0.0439112036539,-0.0154890727774,-0.00136381348227,1.6,0.933550754601,0.358445237914,2022-03-13 23:59:59+00:00,2022-03-10 23:00:00+00:00,0.0165617504579,2022-03-14,2022-03-24 23:00:00+00:00,0.113956264921
2022-03-14,0.111352509989,0.22530877491,0.230598245283,0.322771586479,0.40226825558,0.0635255773936,,,0.146625885638,,,0.026705849353,0,0.0972610025269,0.296486041396,0.285966664769,0.399685904759,0.548055531537,0.0979627170016,0.0549660038587,0.0527836451211,0.178110396622,0.389735082185,0.499286248351,0.0293335483818,0,0.125444017452,0.154131508424,0.175229825796,0.2458572682,0.256480979622,0.0551263151097,,,0.114375950469,,,0.0240781503242,0,0.0663643259454,0.207572688508,0.237503727003,0.362911626871,0.0596982621348,0.0384824964548,0.0598940042248,0.207144259864,0.224224477486,0.330033883987,0.0667764564015,0.0404610154107,-0.0281830149246,0.00975473712636,,0.0281830149246,1,0.0373669983022,0.0590796915061,0.00291550309992,0.0657327586207,0.0145672107693,1.1,0.969849825926,0.243703334306,2022-03-20 23:59:59+00:00,2022-03-17 23:00:00+00:00,0.0798409126822,2022-03-21,2022-03-31 22:00:00+00:00,0.111352509989
2022-03-21,0.0165617504579,0.127914260447,0.24521654061,0.315182046058,0.423547855625,0.0595486110801,,,0.0962924977267,,,0.0287235308736,0,-0.131257384216,-0.033996381689,0.163754978603,0.234324149201,0.419549329627,0.141040263885,0.0724804194143,0.0607968138288,-0.00560390461342,0.180851651102,0.291824529602,0.00866571929471,-0.123007978564,0.164380885132,0.289824902583,0.326678102617,0.396039942914,0.427546381623,0.0752047918942,,,0.203353696251,,,0.0487813424524,0,-0.109598184383,-0.0432338584378,0.113860252215,0.206354302467,0.105462639783,0.0548724500358,-0.121372236579,-0.0614782323537,0.0780234393947,0.155957049951,0.113342071651,0.0590217120882,-0.295638269348,0.00555312614389,,0.295638269348,0,-0.00988514763747,0.273979069515,-0.0181338983941,0.00687563195147,0.0177552720979,0.7,0.992102245058,0.12543179561,2022-03-27 23:59:59+00:00,2022-03-24 23:00:00+00:00,-0.0254147432469,2022-03-28,2022-04-07 22:00:00+00:00,0.0165617504579
2022-03-28,0.0798409126822,0.0964026631402,0.32171143805,0.373523750575,0.492535251119,0.0453126633098,,,0.0977649091835,,,0.0425405325034,0,0.194508792681,0.0632514084646,0.359737449861,0.407253901798,0.592338469078,0.154768355786,0.0851241166685,0.0700631537174,0.106912947666,0.366980992125,0.52677609075,0.0443698648439,0,-0.0348269673161,0.129553917816,0.283685426239,0.339793599353,0.39273203316,0.0906896014558,,,0.0843500015062,,,0.0407112001629,-0.0342274879896,0.120269984514,0.0106718001306,0.218244488639,0.31584786382,0.113890286981,0.0593809173414,0.124032070278,0.00265983369925,0.209804093563,0.268274812122,0.121628758083,0.0644459065089,0.229335759997,0.00732572529947,,0.229335759997,0,0.0704767224029,-0.15509695183,0.0124403620636,0.0241012251456,0.00220430784734,1,0.999985722936,0.00534358719969,2022-04-03 23:59:59+00:00,2022-03-31 22:00:00+00:00,-0.0211349122359,2022-04-04,2022-04-14 22:00:00+00:00,0.0798409126822
2022-04-04,-0.0254147432469,0.0544261694353,0.182340429882,0.325931501085,,0.0615958480174,,,0.024526650232,0.249545541947,,,-0.0250945073005,-0.0783900269519,0.116118765729,0.0821223840396,0.302142492768,0.475830998483,0.151636460863,0.0918415734119,0.0727436360639,0.00321840808787,0.219040205796,0.382259753736,-0.0160717884887,-0.0753962641683,0.027560540458,-0.00726642685809,0.282558475725,0.349720509401,,0.090866119287,,,0.0431023139368,0.27858203575,,,-0.00724009020817,-0.105164559016,0.0151054254981,-0.0281284329398,0.181703376524,0.117958519886,0.0715527756407,-0.0901411396549,0.0338909306229,-0.0275873017308,0.148041221901,0.11781005371,0.0726344211392,-0.10595056741,-0.0604529199304,,0.10595056741,0,0.0117511127029,0.132725099474,0.00679115652251,-0.0111786624828,0.00219945956137,0.4,0.99338608057,-0.114822014132,2022-04-10 23:59:59+00:00,2022-04-07 22:00:00+00:00,-0.000499298642604,2022-04-11,2022-04-21 22:00:00+00:00,-0.0254147432469
2022-04-11,-0.0211349122359,-0.0465496554829,0.0498530076573,0.28045125294,0.411910237367,0.0487173001871,0.0445006546287,,-0.00898521730003,0.185739549093,,-0.01922215096,-0.0454828376174,-0.0387131892809,-0.117103216233,-0.0538518077682,0.232114857001,0.410235133228,0.143736882754,0.0941919459741,0.0729948914847,-0.0218188640247,0.138197202489,0.307967803572,-0.0450195006519,-0.110506621731,-0.00355663519092,0.0240039052671,0.153557823083,0.328787648879,0.413585341505,0.0877709610974,0.0533193785312,,0.00232371013831,0.233108215321,,0.00657519873189,-0.0107647034423,-0.0739420544209,-0.179106613437,-0.168434813306,0.0690689136973,0.109409127433,0.0767599391167,-0.0460929233114,-0.136234062966,-0.133574229267,0.0906502482193,0.109399326972,0.0751936249709,-0.03515655409,0.0640793616949,1.76652808117,0.03515655409,1,0.00737973403046,0.07038541923,-0.0253891042073,-0.0769535898453,-0.0266491096062,-2.5,0.97239890274,-0.233324610683,2022-04-17 23:59:59+00:00,2022-04-14 22:00:00+00:00,,2022-04-18,2022-04-28 22:00:00+00:00,-0.0211349122359
2022-04-18,-0.000499298642604,-0.0216342108785,0.0327919585568,0.278008499166,0.372125295494,0.0489849847406,0.0452953579858,,-0.0173300408437,0.152499696049,,-0.0204270330911,-0.0459593077806,0.0231697381808,-0.0155434511001,0.100575314629,0.264330293231,0.369003835171,0.120395689387,0.0936866584694,0.0729101869101,-0.0223032591076,0.133534208885,0.317040823286,-0.00324108174064,-0.0896566819626,-0.024168335466,-0.0277249706569,-0.034991397515,0.291686705102,0.375246755817,0.0274660982598,0.0553964108681,,-0.0130134387425,0.169775567478,,-0.0376129844416,-0.0343862771006,0.0199771907457,-0.0539648636752,-0.0388594381771,0.075000814038,0.101675062866,0.0760026766826,0.0224056574218,-0.0236872658896,0.0102036647333,0.088227104128,0.0932915178103,0.0747646528805,0.0473380736468,-0.0166191768125,1.69117395563,0.0473380736468,0,0.000764080759003,-0.0441455262117,-0.0239140387257,0.0348087666523,0.0124975842299,1,0.937328153605,-0.348447890595,2022-04-24 23:59:59+00:00,2022-04-21 22:00:00+00:00,,2022-04-25,2022-05-05 22:00:00+00:00,-0.000499298642604
2022-04-25,,,,,,,,,,,,,,0.0789295524932,0.102099290674,-0.0150039255588,0.344733524302,0.413829016323,0.0691716197305,0.0947337351984,0.0739451092122,0.0622404007011,0.188621877763,0.397078329573,-0.0355839826453,-0.0148919275042,,,,,,,,,,,,,,0.0125285034682,0.0325056942139,-0.146600919223,0.0716435694163,0.0624769452277,0.075450570125,0.0248993289498,0.0473049863716,-0.0889290765946,0.120875016968,0.0559609314264,0.0740472920788,,0.0113786072825,,,,0.0540302235434,,-0.0133259759967,-0.00705980066445,-0.00209963733537,-0.7,0.888681774293,-0.458524485758,2022-05-01 23:59:59+00:00,2022-04-28 22:00:00+00:00,0.00428582990853,2022-05-02,2022-05-12 22:00:00+00:00,
2022-05-02,,0.12448823772,0.102854026842,0.285194456724,0.45096303417,,,,,,,-0.00897595745654,0,0.163803182267,0.24273273476,0.22718928366,0.3093116677,0.556053158506,0.0860100031328,0.101426810451,0.0789590635634,0.176503767095,0.338676912703,0.598157510861,0.0140240010299,0,,0.00624374068006,-0.0214812299769,0.261077245748,0.345872909834,,,,,,,-0.031975915943,-0.0283383742971,-0.0268120720778,-0.0142835686096,-0.0682484322848,-0.0963768652246,0.0431196167384,0.0762936112323,-0.0113117909733,0.0135875379765,-0.0100997279131,-0.0376870296439,0.0334115904794,0.0743991432684,,-0.0564658072161,,,,0.17511497324,,-0.0218481442127,-0.0131744040151,-0.0138995154297,-1.9,0.827164326226,-0.561960120845,2022-05-08 23:59:59+00:00,2022-05-05 22:00:00+00:00,-0.000714709990596,2022-05-09,2022-05-19 22:00:00+00:00,
2022-05-09,0.00428582990853,,0.128274768986,0.178127776643,0.433071357835,,,,,,,-0.00124448912539,0,-0.0154722587992,0.148330923468,0.250430214142,0.196578406373,0.513859517629,0.0778005169188,0.102650990764,0.078697256033,0.0885978290872,0.266523334073,0.529532893125,0.0230798983332,-0.0153531783419,0.0240439186162,,0.00611932383029,0.159677146913,0.35228319804,,,,,,,-0.025568876584,-0.00469269296688,0.0564952909347,0.0296832188569,0.0621889130708,-0.106245900235,0.0341554848153,0.0772114408747,0.0366565170133,0.02534472604,0.0726497124116,-0.0609245168554,0.0206086692345,0.0745474850653,-0.0395161774154,0.151701537609,,0.0395161774154,0,-0.0521287758125,-0.0324513723185,-0.00870004383374,0.0345412163594,0.0148713306608,1.6,0.75366678672,-0.657256703728,2022-05-15 23:59:59+00:00,2022-05-12 22:00:00+00:00,-0.0582247584474,2022-05-16,2022-05-26 22:00:00+00:00,0.00428582990853
2022-05-16,-0.000714709990596,0.00357111991793,0.128059357638,0.160851316195,0.408011311935,,,,,,,0.000629353876018,-0.000714454646247,-0.0231804928855,-0.0386527516847,0.204079983075,0.304655297704,0.459364578257,0.0883665150519,0.104116572311,0.0790959411368,0.0138838994205,0.195584183972,0.455579687755,0.0156842589798,-0.0379152665488,0.0217510729043,0.0457949915205,0.0520387322006,0.0170473346856,0.356658045613,,,,,,,-0.0144255512278,0,-0.0232585740182,0.0332367169165,0.0189531483069,-0.0199062898702,0.0388103264339,0.0774099989444,-0.0159673847713,0.020689132242,0.0342766702185,0.0444803349518,0.0261589263467,0.0749946887347,-0.0449315657898,0.138790820357,,0.0449315657898,0,-0.00721310811423,0.0450096469225,0.011871689625,-0.000409668168783,0.0152268093782,1.8,0.669253644676,-0.743034022834,2022-05-22 23:59:59+00:00,2022-05-19 22:00:00+00:00,-0.0251514595521,2022-05-23,2022-06-03 05:00:00+00:00,-0.000714709990596
2022-05-23,-0.0582247584474,-0.058939468438,,0.0227856450651,0.347843098357,,,,-0.0423379903137,,,,-0.0572361656026,-0.112418121044,-0.13559861393,0.0127323095378,-0.00227161602107,0.355992155262,0.115766308536,0.111475942562,0.0827850066089,-0.0965111005381,0.0427875802809,0.273923214765,-0.0242009345588,-0.140213238934,-0.00403139585043,0.0177196770539,,0.0478429061513,0.339694041452,,,,0.0137945980617,,,,-0.00402328068299,0.049892358214,0.0266337841958,0.0563170030527,-0.09028391617,0.0452692411106,0.0782651565028,0.0661455930743,0.050178208303,0.075522934343,-0.0134061422517,0.0394796374148,0.0764751524988,-0.108386725194,-0.0635094954375,,0.108386725194,1,-0.178563714119,-0.0539237540644,0.015741374069,0.0547131147541,0.0209601506119,1.4,0.575147483235,-0.818049737197,2022-05-29 23:59:59+00:00,2022-05-26 22:00:00+00:00,0.0347698022575,2022-05-30,2022-06-09 22:00:00+00:00,-0.0582247584474
2022-05-30,-0.0251514595521,-0.0833762179995,-0.0798050980816,0.02304892876,0.319345623563,0.0285737883516,,,-0.0476528065826,,,-0.0445163224868,-0.0806523421402,-0.036359057883,-0.148777178927,-0.187429930612,0.0397593530479,0.321106775957,0.0445497712293,0.112642290496,0.0833970356815,-0.0878138963538,-0.0153643725482,0.205435249854,-0.0715580038805,-0.170912790222,-0.0139438612211,-0.0179752570715,0.027819734449,0.00633850447212,0.31758447117,0.0188716560567,,,-0.00705256264663,,,-0.0174746410931,-0.0178146658009,0.0410656599292,0.0909580181432,0.12419473506,0.0559463027749,0.0367524690445,0.0787047436921,0.0106581134648,0.0768037065391,0.0974928387811,0.087393110868,0.0351723332481,0.0761985689859,-0.0224151966619,-0.162161077677,,0.0224151966619,1,-0.0470171713478,-0.0550095211503,-0.00494757811842,-0.0316689333592,-0.014506115926,-0.6,0.472711272708,-0.881217369697,2022-06-05 23:59:59+00:00,2022-06-03 05:00:00+00:00,0.0484889332773,2022-06-06,2022-06-16 22:00:00+00:00,-0.0251514595521
2022-06-06,0.0347698022575,0.00961834270543,-0.0493211257326,0.0789536432534,0.2401591609,0.0392599244878,,,-0.00151334868272,,,-0.0308040630408,-0.0481245910743,0.072304210353,0.03594515247,-0.0996534614599,0.150776752682,0.194185947441,0.0758119296225,0.101171300837,0.0798938346268,0.00643765960591,0.0434708736032,0.264243448048,-0.0398507459373,-0.108745911832,-0.00276460583806,-0.0167084670592,0.00101120999469,0.00713053382498,0.286132374359,0.0151787131621,,,-0.0100415675089,,,-0.0217573801444,-0.0205262711229,0.0533118740655,0.0943775339947,0.121011318191,0.183200231261,0.0360454261211,0.0700755343055,0.0260512441932,0.036709357658,0.086887565961,0.159537278373,0.0343273325819,0.0654481485492,0.0750688161911,-0.0300202304951,,0.0750688161911,0,0.0462529661598,-0.0560764799036,0.0243627340402,0.00341091492777,0.0220794611115,1.6,0.363428630231,-0.931622042852,2022-06-12 23:59:59+00:00,2022-06-09 22:00:00+00:00,0.029479358203,2022-06-13,2022-06-30 05:00:00+00:00,0.0347698022575
2022-06-13,0.0484889332773,0.0832587355348,-0.000117482464702,0.127941875173,0.177295584188,0.050275344397,,,0.0481274842846,,,-0.0136674924768,-0.000831846279192,0.0451899299304,0.117494140283,-0.031283038644,0.172796944431,0.142114874844,0.0836364882582,0.0986395181111,0.0798373812979,0.0618442581734,0.0796951093995,0.289970858702,-0.0187526731105,-0.0675463094712,0.0517879366242,0.0490233307862,0.0310480737146,0.0830868059152,0.212476293532,0.0297731485467,,,0.0343353291097,,,-0.00858231184304,0,0.0261880629401,0.0794999370057,0.170457955149,0.189411103456,0.012105477715,0.0680599325114,0.034272418183,0.0603236623762,0.137127368915,0.171404039134,0.0233889005833,0.064081173234,-0.00659800669384,-0.00261861753472,,0.00659800669384,1,0.0109175117473,0.0255998736841,0.00665235263892,-0.0113977204559,-0.00408860682248,-0.5,0.248882332053,-0.9685337293,2022-06-19 23:59:59+00:00,2022-06-16 22:00:00+00:00,5.72380089004e-05,2022-06-20,2022-06-30 22:00:00+00:00,0.0484889332773
2022-06-20,0.029479358203,0.0779682914803,0.0875866341858,,0.190213191933,0.0323722600131,,,0.0555957784605,,,0.00726487455159,0,0.0111970531415,0.0563869830719,0.0923321355419,0.10506444508,0.284569312201,0.0468546613748,0.0889654932214,0.0796793564818,0.0489645809655,0.0696038550436,0.272231855999,0.00119308679306,-0.0570469044441,0.0477616632646,0.0995495998888,0.0828411328296,,0.0958570716647,0.0339095750817,,,0.0620341623799,,,0.0133366623101,0,-0.0183305328163,0.00785753012383,0.102235064119,0.158552067171,0.0312909216433,0.0596477937993,-0.03355515201,0.000717266172997,0.037426623831,0.112949558174,0.0302358591649,0.0534356861114,-0.0365646101231,-0.000530089257238,,0.0365646101231,1,0.0447522051515,0.0660921960809,0.00121229798831,0.021642394822,-0.00349264705882,0.3,0.13073138967,-0.991417825014,2022-06-26 23:59:59+00:00,2022-06-30 05:00:00+00:00,,2022-06-27,2022-07-08 05:00:00+00:00,0.029479358203
2022-06-27,5.72380089006e-05,0.0295365962119,0.112795331747,0.0329902336652,0.11042951726,0.0203997950944,,,0.0267523079644,,,0.0197042546859,0,-0.0226016037687,-0.0114045506272,0.106089589656,-0.0813403409559,0.0674589157522,0.0412006668049,0.0727636715709,0.080270568348,-0.000276863025815,0.0402417650908,0.215707234175,0.0213332500485,-0.0781201154341,0.0227160797865,0.070477743051,0.119501073837,0.147320808286,0.153400118767,0.0252764944948,,,0.05418464172,,,0.0180752593233,0,-0.0682485061382,-0.0865790389545,-0.00707910194882,0.117115633111,0.0532582048742,0.0532199083946,-0.0764708473624,-0.110025999372,-0.0497023369962,0.0477905017849,0.0523113248387,0.0467286564179,-0.0453176835552,0.00109685755606,,0.0453176835552,0,0.0538692435937,0.0909645859247,0.0232970994701,0.0168283508216,0.0247801758593,1,0.0106870218179,-0.999942892152,2022-07-03 23:59:59+00:00,2022-06-30 22:00:00+00:00,-0.0653088032603,2022-07-04,2022-07-14 22:00:00+00:00,5.72380089004e-05
2022-07-04,-0.0296823340537,-0.0296250960448,0.0483431954355,-0.000977930297058,0.106161926453,0.0342392917823,,,-0.0148611347724,,,0.00391949682404,-0.0292461399829,-0.0656600097292,-0.0882616134979,-0.031874630426,-0.131528091886,0.0801889329749,0.0473834539353,0.0716218552804,0.0821694014666,-0.0566592253328,-0.0314590040773,0.117576761163,-0.0141370370661,-0.136706325328,0.00629534162184,0.0290114214083,0.128561021297,0.129572231292,0.132134919931,0.0215006543726,,,0.0279526597107,,,0.0219760307142,0,0.029567444603,-0.0386810615352,-0.0308235314113,0.0901877867792,0.0458853386975,0.0443222313015,0.0281451284575,-0.0483257189049,-0.0476084527319,0.0392791132291,0.0528325797019,0.0395260851861,-0.0719553513511,-0.0132165347789,,0.0719553513511,0,-0.0938051381868,-0.0232721029812,-0.0112632449889,0.0473130841121,-0.0136805472219,-0.5,-0.109512129666,-0.993985459379,2022-07-10 23:59:59+00:00,2022-07-08 05:00:00+00:00,0.00277525754672,2022-07-11,2022-07-21 22:00:00+00:00,-0.0296823340537
2022-07-11,-0.0653088032603,-0.094991137314,-0.065454541102,-0.0655720235667,0.0619880354287,0.0405965611709,,,-0.0625125746381,,,-0.0211319456931,-0.0906190060093,-0.115903379858,-0.181563389588,-0.192967940215,-0.224250978859,0.00299874239744,0.054990545686,0.0785202247427,0.0864474635708,-0.120585032668,-0.137626230736,-0.0174605508415,-0.0484726575458,-0.231184092762,-0.0147142266622,-0.00841888504037,0.0620588580107,0.0931069317253,0.12097732846,0.026397670899,,,-0.00226534708226,,,0.0062087661596,-0.0146065014408,-0.0573040925834,-0.0277366479804,-0.114315686935,0.056142268214,0.0442901070998,0.0419997934367,-0.0714052266419,-0.0432600981844,-0.153286097557,-0.0161587286415,0.048271580474,0.0427482732071,-0.101189153196,0.0155229880683,,0.101189153196,1,-0.0444981532165,0.0425898659212,0.0240068385297,-0.0457334076966,0.0122885995863,0.4,-0.228125181163,-0.973631810142,2022-07-17 23:59:59+00:00,2022-07-14 22:00:00+00:00,-0.0251797787842,2022-07-18,2022-07-28 22:00:00+00:00,-0.0653088032603
2022-07-18,0.00277525754672,-0.0625335457136,-0.0921586417584,-0.00457200757259,0.065262591618,0.0317840749229,,,-0.0380823878308,,,-0.0280598597948,-0.0880917342499,0.0311309640653,-0.0847724157931,-0.173034029291,-0.0807018937491,0.0109599682819,0.0625555911,0.0787447670948,0.0859455019313,-0.0521674462586,-0.11102057956,0.00126862931321,-0.044101581806,-0.20687367228,-0.0255804489718,-0.040294675634,-0.0112832542257,0.0715578786039,0.119565214954,0.021561474025,,,-0.0247736446436,,,-0.0120181377837,-0.0394936403745,-0.0343398284174,-0.0916439210008,-0.130324982536,-0.0280899184174,0.0437756589318,0.0433161336338,-0.0334127078982,-0.10481793454,-0.153143653445,-0.115717029614,0.0482763211298,0.0434469978486,0.0567114130371,-0.00204417464951,,0.0567114130371,0,0.0645436719635,0.00875937944559,-0.0113793133749,-0.0198714202221,-0.0192908653846,-1.2,-0.343434221059,-0.939176732999,2022-07-24 23:59:59+00:00,2022-07-21 22:00:00+00:00,-0.00987270104215,2022-07-25,2022-08-04 22:00:00+00:00,0.00277525754672
2022-07-25,-0.0251797787842,-0.0224045212375,-0.117395658551,-0.00460032680478,,0.0279438060552,,,-0.0337772102672,-0.0599105417435,,,-0.110766709204,-0.0388463395522,-0.00771537548689,-0.189278765074,-0.0831891754182,-0.106815923763,0.0612818424262,0.0757295623205,0.0864729275388,-0.0428195438663,-0.138503978709,-0.046221234661,-0.0391030817484,-0.237092972243,-0.0115132180163,-0.0370936669882,-0.0455125520285,0.0739885218087,,0.0132313422481,,,-0.0249950739281,0.022177741805,,,-0.0504887435354,0.0334418224584,-0.000898005959013,-0.0286346539394,-0.0357137558882,0.0456456871299,0.0440757579583,0.0229531248119,-0.0104595830863,-0.0537196812707,-0.103422018267,0.0476538162041,0.0433529102836,-0.0273331215359,0.000187028338817,,0.0273331215359,1,-0.0617994643641,-0.0449550404747,-0.00696839335869,-0.00437288809382,-0.0178932532631,-1.5,-0.45376919082,-0.891119252099,2022-07-31 23:59:59+00:00,2022-07-28 22:00:00+00:00,-0.0487625486113,2022-08-01,2022-08-11 22:00:00+00:00,-0.0251797787842
2022-08-01,-0.00987270104215,-0.0350524798264,-0.09758602554,-0.0492428301044,-0.0942781259285,0.0295729337292,0.0337546331254,,-0.0192230896783,-0.0625094464968,,-0.017144342852,-0.119502649022,0.00453023644564,-0.0343161031065,-0.1190885189,-0.150963149326,-0.266088869585,0.0642567057244,0.0558568840233,0.086460511201,-0.00832558283843,-0.116666074286,-0.050695948233,-0.00930375514146,-0.233628982599,-0.0242756385299,-0.0357888565463,-0.0760835321803,0.0524774891168,0.0775326177277,0.00696545484845,0.025688331589,,-0.0301387295254,-0.00801690125048,,-0.0249849305626,-0.0732612091857,-0.0382255596024,-0.00478373714395,-0.0964276581448,-0.127251189556,0.0396566868047,0.0448633486449,-0.0261206662025,-0.00316754139062,-0.107985475931,-0.155593928663,0.0387686936818,0.043829101062,0.0288058749756,-0.00961087606507,2.1743222018,0.0288058749756,0,0.0306509026482,0.0139499210724,-0.0214815080019,-0.0151726891595,-0.0108566793536,-1.2,-0.557532072999,-0.830155399656,2022-08-07 23:59:59+00:00,2022-08-04 22:00:00+00:00,-0.0135012340751,2022-08-08,2022-08-18 22:00:00+00:00,-0.00987270104215
2022-08-08,-0.0487625486113,-0.0586352496535,-0.081039770891,-0.146494311993,-0.147326504448,0.0221744490386,0.0354095306047,,-0.0471169983454,-0.0972856879496,,-0.00892713468826,-0.161407936439,-0.0786873667845,-0.0741571303389,-0.0818725058258,-0.274840446041,-0.32930397757,0.0483550168077,0.0580925925062,0.0881559888872,-0.0650880723612,-0.16300702912,-0.127493307249,0.00486294874125,-0.291621154843,-0.0188377304381,-0.043113368968,-0.0802070359562,-0.0181481779455,0.0346509686734,0.00639760680691,0.0259253449014,,-0.0289420646888,-0.0290050395678,,-0.0227172181178,-0.0905554610691,-0.0635848171696,-0.101810376772,-0.102708382731,-0.217024069666,0.0414911585589,0.0454818569152,-0.0578224393951,-0.0839431055976,-0.0944026886839,-0.247688786241,0.0338674464173,0.0446272780635,-0.0598496363464,0.0164456956991,2.24067807194,0.0598496363464,1,-0.0208649273895,0.0447470867315,0.019812666935,0.038313399554,0.0459219075254,3.3,-0.653220035838,-0.75716813508,2022-08-14 23:59:59+00:00,2022-08-11 22:00:00+00:00,0.019291791918,2022-08-15,2022-08-25 22:00:00+00:00,-0.0487625486113
2022-08-15,-0.0135012340751,-0.0622637826864,-0.0973162625128,-0.189474904271,-0.160113028533,0.0175494275001,0.0352673123013,,-0.0367568414133,-0.0986692822796,,-0.012012678818,-0.172653876321,0.0030675731651,-0.0756197936194,-0.109935896726,-0.282969926017,-0.303055911519,0.0396198497735,0.0586272496909,0.0880195650848,-0.0359510548452,-0.140792915377,-0.129055020607,-0.00417198098769,-0.289444814572,-0.0300700413152,-0.0489077717533,-0.0846966282996,-0.0959798825253,-0.0171701455461,0.00790671816782,0.0267180698216,,-0.0376699436039,-0.0565840742524,,-0.0198533766483,-0.11749542313,0.0202721385161,-0.0433126786535,-0.0480964157975,-0.178421398333,0.0463868557806,0.0456572784958,0.00682712288116,-0.0509953165139,-0.0541628579045,-0.20730651135,0.0358969611148,0.0448093445997,0.0331376144803,-0.0084992127993,2.1942099812,0.0331376144803,0,-0.00375954971607,-0.0503421798313,0.00687057135169,0.0109332292073,-0.00952897895181,-0.8,-0.73944719928,-0.673214556792,2022-08-21 23:59:59+00:00,2022-08-18 22:00:00+00:00,0.0482452921298,2022-08-22,2022-09-01 22:00:00+00:00,-0.0135012340751
2022-08-22,0.019291791918,0.00579055784292,-0.0528446918105,-0.170240350362,-0.0825964781674,0.0278781429723,0.0333600079892,,-0.00473446181454,-0.0754854923814,,-0.00685759770899,-0.156537934181,0.0554725883302,0.0585401614953,-0.0156169688436,-0.204895733918,-0.135165202145,0.0554913517765,0.0557858315656,0.0884862989747,0.0231409289365,-0.0825069779174,-0.0857903983203,0.00649308103101,-0.248914717348,-0.0168890044942,-0.0469590458094,-0.0900724147775,-0.135584966806,-0.0300277541899,0.00592600471477,0.0270625332141,,-0.0322083868008,-0.0703615532011,,-0.020208276449,-0.132274890347,-0.0786818741561,-0.05840973564,-0.160220112412,-0.188854766351,0.0435446062362,0.0473681344053,-0.0304422164675,-0.0236150935863,-0.107558199184,-0.161277880455,0.0265007565793,0.0391438901299,0.0723615928244,-0.00151637263663,2.06129152185,0.0723615928244,0,0.0859148047977,0.0617928696619,-0.00589723489168,0.00424874468907,-0.0102295561103,0.3,-0.81496470712,-0.579510591922,2022-08-28 23:59:59+00:00,2022-08-25 22:00:00+00:00,-0.00294506832471,2022-08-29,2022-09-09 05:00:00+00:00,0.019291791918
2022-08-29,0.0482452921298,0.0675370840478,0.00527330136145,-0.0923127241785,-0.00919972648548,0.041844549585,0.036018474945,,0.0430271600579,-0.029118878441,,0.00202599660848,-0.114847257289,0.0942551535408,0.149727741871,0.0741079482515,-0.0449805706481,-0.00455099072107,0.0748094395183,0.0621225428922,0.090033085503,0.102141437386,0.00853487127594,-0.00585255328172,0.0188770632722,-0.174677385603,0.00223543071889,-0.0146535737753,-0.0635613455286,-0.139644877709,-0.0138484622499,0.0134076089679,0.0268541445538,,-0.0143576848519,-0.0673489640232,,-0.0148250700552,-0.130332981288,0.0219438451655,-0.0567380289905,-0.100050707644,-0.196478365789,0.0536153653687,0.0458587553653,0.0285387028537,-0.00190351361382,-0.0528988301277,-0.160884306058,0.038434613962,0.0404292142081,0.0920197228219,-0.00503862133746,2.31324552239,0.0920197228219,1,0.0657164506871,-0.0197084144466,0.00100363818843,-0.0540384615385,-0.00104583205168,-1.1,-0.878678814594,-0.477413385635,2022-09-04 23:59:59+00:00,2022-09-01 22:00:00+00:00,-0.0175931031466,2022-09-05,2022-09-15 22:00:00+00:00,0.0482452921298
2022-09-05,-0.00294506832471,0.0453002238051,0.0510907816481,-0.0299489892429,-0.0469145970677,0.027314045256,0.0344055530884,,0.0266651185218,-0.028499245785,,0.0163815105711,-0.117450257705,-0.0536462766639,0.0406088768769,0.0991490383722,0.0172765325464,-0.130501477738,0.0642675192134,0.0596182945104,0.0823491025398,0.0194443867165,-0.0342449399884,-0.059881597998,0.0348258348037,-0.21778621856,0.0477561400145,0.0499915707334,0.00303252492394,-0.0771745110322,0.0366722836026,0.0340234863255,0.0300527988569,,0.0330463742867,-0.0243721131883,,-0.00206281366153,-0.0877933618872,-0.0367438091064,-0.0147999639409,-0.0732096995808,-0.175918082312,0.0486261991826,0.0415429753563,-0.0397543469153,-0.0112156440616,-0.034830737648,-0.129233426332,0.0319630450064,0.0390894965251,-0.101402416678,0.0153079041052,1.9837190897,0.101402416678,0,-0.0138919297486,0.0844999491209,0.000850446708324,0.0227688554584,-0.0190294371228,-1.8,-0.929666729448,-0.36840164516,2022-09-11 23:59:59+00:00,2022-09-09 05:00:00+00:00,-0.0302087069614,2022-09-12,2022-09-22 22:00:00+00:00,-0.00294506832471
2022-09-12,-0.0175931031466,-0.0205381714713,0.0469989125765,-0.0503173499363,-0.112996633492,0.0286690757206,0.0307549176179,,-0.00278534651955,-0.0369823352254,,0.0204417768742,-0.132841261614,-0.0356470538261,-0.08929333049,0.060434411381,-0.049501485345,-0.211338461494,0.0711730238028,0.0575579678543,0.0803285906602,-0.0302423366473,-0.0520731711373,-0.0905292571089,0.0313654075756,-0.245178704026,0.00046084753284,0.0482169875473,0.033563413772,-0.0511332145276,-0.0146548054887,0.027625297747,0.0262094144436,,0.0247829884398,-0.0228392823037,,0.0095181461729,-0.0873728768263,-0.0525062044286,-0.089250013535,-0.145988042526,-0.194084458323,0.0426272664398,0.0399038353428,-0.0624919330526,-0.102246279968,-0.104149793582,-0.158312651486,0.038794505726,0.0372498772087,-0.036107901359,-0.00552204991439,2.19599609835,0.036107901359,0,0.0268448792265,0.0529670519615,0.0377366928739,-0.00238521168754,0.00583840793521,0.6,-0.967189977038,-0.254054223182,2022-09-18 23:59:59+00:00,2022-09-15 22:00:00+00:00,-0.0254492800148,2022-09-19,2022-09-29 22:00:00+00:00,-0.0175931031466
2022-09-19,-0.0302087069614,-0.047801810108,-0.00250158630292,-0.0553462781135,-0.172684698656,0.0344325447372,0.0289859716114,,-0.0318729033596,-0.052806627744,,0.0126580417824,-0.158645290366,-0.0537936428681,-0.0894406966942,-0.0488318198173,-0.0644487886609,-0.276329157504,0.0714849372752,0.0577966470342,0.0767239231349,-0.0703424128432,-0.0815183405231,-0.138394763464,0.00904813408445,-0.284710479657,-0.00662377105476,-0.00616292352192,0.0438286472114,-0.046243767566,-0.069040239808,0.0248293858423,0.0217097538212,,0.00702713035896,-0.0240815551454,,0.0162679494804,-0.0933979336214,0.0107350510674,-0.0417711533613,-0.0565711173022,-0.216791229714,0.0360726574431,0.0411851978948,0.022582801476,-0.0399091315767,-0.0511247756383,-0.158682974822,0.0453014150161,0.0395516360316,-0.0471698718133,0.00571724146939,2.6621206942,0.0471698718133,1,-0.076376444344,-0.0173588221221,0.0106016204103,0.0432357043236,0.0207839221071,2.1,-0.990705095898,-0.136027250809,2022-09-25 23:59:59+00:00,2022-09-22 22:00:00+00:00,-0.00850821641403,2022-09-26,2022-10-06 22:00:00+00:00,-0.0302087069614
2022-09-26,-0.0254492800148,-0.0556579869762,-0.0761961584476,-0.0709228570861,-0.19819121668,0.0119297791929,0.028870728913,,-0.0382332546067,-0.0620037446818,,-0.00380356140576,-0.179787000265,-0.0207843983915,-0.0745780412596,-0.16387137175,-0.0897634234981,-0.274511952127,0.0159261426186,0.0577953191334,0.0657620129828,-0.0509994530694,-0.0803076763528,-0.149769505398,-0.0198515389276,-0.299423907472,-0.0301141616381,-0.0367379326929,0.0114790548544,-0.0520822906742,-0.121870481233,0.0326530049082,0.0209578307505,,-0.0255634698437,-0.0440067847402,,0.0122444161161,-0.120292508558,-0.0298257787776,-0.0190907277103,-0.108340741245,-0.208391448889,0.0269406654141,0.039080036833,-0.0442485773553,-0.0216657758794,-0.123912055847,-0.176810885975,0.0370361081456,0.0367812071477,0.00932976324659,-0.00553397201089,2.75756409418,0.00932976324659,1,0.0234641789638,-0.000288382860483,-0.0246567164179,-0.0530939648587,-0.0369306022623,-3,-0.99987150887,-0.0160301512775,2022-10-02 23:59:59+00:00,2022-09-29 22:00:00+00:00,0.0680645409635,2022-10-03,2022-10-14 05:00:00+00:00,-0.0254492800148
2022-10-03,-0.00850821641403,-0.0339574964289,-0.0817593065369,-0.0306685248889,-0.17701709904,0.0095042587486,0.0285842436236,,-0.0266111729437,-0.0568843897581,,-0.00682312670806,-0.186735946484,0.0075359975526,-0.0132484008389,-0.102689097533,-0.00354005916094,-0.201315944845,0.0259293157582,0.0566482364286,0.0642222511602,-0.018445690749,-0.0583823735036,-0.139687897954,-0.0101864324721,-0.294124424388,-0.0245524303807,-0.0546665920188,-0.0608295155407,-0.0577969906168,-0.152718253235,0.0144765765056,0.0207813727085,,-0.0348078041509,-0.0560168986443,,-0.00345982094401,-0.141628468853,-0.0164098320817,-0.0462356108594,-0.0880067642206,-0.161216463801,0.0264241357879,0.0360699079389,-0.0414152547422,-0.0856638320975,-0.125572963674,-0.160403701322,0.0371763466065,0.0342035325604,0.0320884279333,-0.0166293943273,2.7257829134,0.0320884279333,0,0.0489512522948,-0.00814259829895,-0.0301069439222,0.0463896732553,0.0133324868262,0.7,-0.994556455799,0.104199118177,2022-10-09 23:59:59+00:00,2022-10-06 22:00:00+00:00,0.071734897157,2022-10-10,2022-10-20 22:00:00+00:00,-0.00850821641403
2022-10-10,0.0680645409635,0.0595563245495,0.00389833757325,0.0508972501497,-0.0436437548163,0.0456858988227,0.0321922831613,,0.0408939423715,0.0130529037491,,0.00433179630226,-0.129454186431,0.138635361124,0.146171358676,0.0715933174167,0.132027728798,0.053222796137,0.0843028292682,0.0627123669929,0.0696494702154,0.105977373775,0.0769964538691,-0.0138043499932,0.0138042681129,-0.189157083222,-0.0025062791967,-0.0270587095774,-0.0637966422702,-0.0302332284982,-0.14051030577,0.0134454137896,0.0209115625451,,-0.0217122122779,-0.0479768666533,,-0.00514067550836,-0.143777093912,0.0812160135177,0.064806181436,0.0457154537257,-0.1002725888,0.049489615626,0.0449948106515,0.0968801813066,0.0554649265644,0.033799150685,-0.0703506428967,0.0665415076702,0.0452703197059,0.14114164032,0.0390954400515,2.99878921379,0.14114164032,0,0.0417551798171,-0.0837222927144,-0.0437538317285,-0.0626445643793,-0.0174174550467,-1.4,-0.974836916336,0.222919237727,2022-10-16 23:59:59+00:00,2022-10-14 05:00:00+00:00,0.00628171368992,2022-10-17,2022-10-27 22:00:00+00:00,0.0680645409635
2022-10-17,0.071734897157,0.139799438121,0.105841941692,0.103340355389,0.025315884794,0.0506560415984,0.038374831542,,0.0877627151145,0.086120990167,,0.0245131096695,-0.0647112697655,0.102134329901,0.240769691025,0.227521290186,0.178689470369,0.124226161973,0.0757154383242,0.0681219408205,0.0722743323564,0.153052657764,0.180158465518,0.0864721928262,0.0473244639332,-0.101965330986,0.041335464413,0.0388291852163,-0.0158374068024,0.027991240409,-0.0735943923848,0.0324647540104,0.0248392505731,,0.023738741975,-0.00198265438543,,0.00170175540591,-0.107643058685,-0.000380380808035,0.0808356327097,0.0346000218503,-0.0219710954518,0.0498522979474,0.0447038155252,0.00848782720493,0.105368008512,0.019704176414,-0.0314205992243,0.0659138554528,0.0451215354931,0.0607988654879,0.0675491855244,2.74240151564,0.0607988654879,1,0.0936465026961,0.0417158452211,0.00116911646851,0.032901501131,-0.00848052030861,-0.4,-0.94099849502,0.338410745058,2022-10-23 23:59:59+00:00,2022-10-20 22:00:00+00:00,0.037677988447,2022-10-24,2022-11-03 23:00:00+00:00,0.071734897157
2022-10-24,0.00628171368992,0.0780166108469,0.137572935396,0.0613767769488,0.0567773772681,0.0414686578102,0.037503661931,,0.0574248816723,0.0879166555372,0.0393911267032,0.03002574329,-0.0588175618323,-0.0322800781331,0.0698542517679,0.216025610444,0.0521542386947,0.130792423392,0.0797563232805,0.0677565138756,0.0710161650349,0.0590006532954,0.130488698909,0.0509534033777,0.0439454469655,-0.130491076668,0.0448435055129,0.0861789699259,0.0591202603486,0.070599315203,-0.0172376688556,0.0339355397875,0.028396031492,,0.0544882080817,0.0452497957151,0.0245784054954,0.0161060396145,-0.0667158436554,-0.0386561109884,-0.0390364917964,0.0257696896396,-0.0825710516058,0.0522613426953,0.043115476212,-0.0415134466816,-0.0330256194767,0.0224393070877,-0.10147274876,0.0652444676984,0.0448678924871,-0.077123583646,0.0441155188308,2.38604214299,0.077123583646,0,0.00923336854855,0.0834996165013,0.00160094926874,-0.00895878956799,-0.00733118971061,-0.6,-0.893531284773,0.4490009389,2022-10-30 23:59:59+00:00,2022-10-27 22:00:00+00:00,-0.0200495629642,2022-10-31,2022-11-10 23:00:00+00:00,0.00628171368992
2022-10-31,0.037677988447,0.0439597021369,0.183759140257,0.101999833721,0.104328066757,0.0305281975664,0.0383092393103,0.036221965687,0.0496586325871,0.120046553195,0.0788525923446,0.03791454916,-0.0226791649137,0.0611102200178,0.0288301418848,0.269599832909,0.166910735376,0.187372406964,0.073613018905,0.0691740119691,0.0641152589762,0.0555343065366,0.183041668138,0.121125614185,0.0529866961532,-0.0756980385494,0.0142457568762,0.0590892623891,0.0979184476054,0.0370889320647,0.0212837265506,0.0225962978822,0.0278053666918,0.026319601421,0.043587778771,0.05842888211,0.0353846507662,0.0228424021667,-0.0533253520806,0.0214949867763,-0.0171611242121,0.0636745084976,-0.024332255723,0.0501295127858,0.0438395928184,0.0290277039684,-0.0124857427132,0.0928822657983,-0.0326906978759,0.0573498264129,0.0462017895496,0.0468644631416,-0.0949774343481,2.4877040836,0.0468644631416,1,0.0320825160495,-0.00724922990016,0.00401478040938,0.0279228605866,0.0263021508163,1.7,-0.833122768723,0.55308810531,2022-11-06 23:59:59+00:00,2022-11-03 23:00:00+00:00,-0.0186035963753,2022-11-07,2022-11-17 23:00:00+00:00,0.037677988447
2022-11-07,-0.0200495629642,0.0176284254828,0.0956450363298,0.099543373903,0.133041052404,0.039665173397,0.0354860272277,0.0364309880477,0.00523946005702,0.0863853283885,0.0580566102663,0.0136773319744,-0.0420788926395,-0.0391238202686,0.0219863997492,0.0918406515171,0.163433968934,0.22693595348,0.0698328498962,0.0655099315409,0.0644657165475,-0.00707449894415,0.117790163174,0.0829502520034,0.00550355107314,-0.111161996084,-0.000975305659736,0.0132704512165,0.0994494211424,0.0356527788722,0.0391461513289,0.0219917149069,0.0271427085185,0.0260053677438,0.0174659702245,0.0541055835415,0.0314560941557,0.0218511128757,-0.0542481991205,0.0329514226197,0.0544464093961,0.0154099175996,0.0611253713253,0.0315325436408,0.0426046087156,0.0143048437707,0.0433325477391,0.0103069282624,0.0441060789474,0.0306381430381,0.0442221257908,-0.0381485146089,0.0866855347007,2.41344809226,0.0381485146089,1,-0.0534286640393,-0.0339267282794,-0.0048790080911,0.0170021496971,0.015591465724,1.5,-0.760647863164,0.649164715819,2022-11-13 23:59:59+00:00,2022-11-10 23:00:00+00:00,-0.0580603746572,2022-11-14,2022-11-24 23:00:00+00:00,-0.0200495629642
2022-11-14,-0.0186035963753,-0.0386531593395,0.00530654279746,0.111148484489,0.127938690104,0.0270809260325,0.0357972762022,0.0366027536239,-0.0145752401021,0.0559592990253,0.0399131291207,-0.00851480200096,-0.0597349281833,-0.0265623601684,-0.0656861804371,-0.0368560385523,0.190665251634,0.197306020146,0.0471632018654,0.066559312974,0.0645094934722,-0.024246562899,0.0724114914114,0.0593559917192,-0.0243913958032,-0.134460825451,-0.0106448325821,-0.0116201382419,0.0474691241472,0.0316317173448,0.058571360062,0.0242543179707,0.0256641944212,0.025838512946,-0.00491755563692,0.0382059345668,0.0189126690286,0.00736179180126,-0.0642621755947,-0.00054108050933,0.0324103421104,0.0152492178983,0.0498492397486,0.0315398358293,0.0419632994387,-0.00817820786075,0.00612663590996,-0.00635910680327,0.0133450696107,0.0306994893136,0.0441090119582,-0.0159175275863,0.131877189629,2.59336874219,0.0159175275863,1,-0.0183841523077,-0.0101037520728,0.0105398868844,-0.0205611068409,0.0039157188141,0.8,-0.677156245853,0.735839261457,2022-11-20 23:59:59+00:00,2022-11-17 23:00:00+00:00,-0.0843964823123,2022-11-21,2022-12-01 23:00:00+00:00,-0.0186035963753
2022-11-21,-0.0580603746572,-0.0766639710324,-0.0590355455496,0.0785373898468,0.0505865235291,0.0394437058025,0.0402475966632,0.036592529146,-0.0568268791401,-0.00735721638345,-0.0175391895007,-0.0186501574281,-0.112772482078,-0.0983107040047,-0.124873064173,-0.102886664424,0.11313894602,0.0435227278115,0.0658008849322,0.0722255564278,0.063614819969,-0.0938993882233,-0.0310867142716,-0.0364192767749,-0.0290695682453,-0.21550364027,-0.0178100453096,-0.0284548778917,-0.0151844266753,0.0439358336733,0.0576503192466,0.0138655602288,0.0257293670871,0.0260984623001,-0.0188144070434,0.0154164751465,-0.000122278347604,-0.00823074661087,-0.0807801788318,-0.0424374385478,-0.0429785190572,0.0114678903389,0.0372375799784,0.0332474637659,0.037767145344,-0.0509302196765,-0.0591084275372,-0.0157758797981,0.00666342728959,0.0348606125268,0.0454304352211,-0.0805006586951,-0.0410867270826,2.80701616822,0.0805006586951,1,-0.0473804843283,0.0246273932382,0.015998808005,0.00274671375319,0.0159732540862,1,-0.583857153189,0.811856406435,2022-11-27 23:59:59+00:00,2022-11-24 23:00:00+00:00,-0.0395739091433,2022-11-28,2022-12-08 23:00:00+00:00,-0.0580603746572
2022-11-28,-0.0843964823123,-0.142456856969,-0.181110016309,0.00264912394859,-0.082055250913,0.031841496004,0.0446397658283,0.0398419988566,-0.0941863906378,-0.0821869413606,-0.0940466970829,-0.0389655616993,-0.184578652996,-0.125427086769,-0.223737790773,-0.28942397121,-0.0198241383008,-0.176159512498,0.0472286005491,0.0748358824806,0.0677194530972,-0.143246305814,-0.134338937969,-0.14446628916,-0.058805261072,-0.307980008154,-0.043365877856,-0.0611759231656,-0.0727960614075,0.025122386198,0.0120490106718,0.0181406001267,0.0289598817324,0.0273814779047,-0.0434897869263,-0.0285470246415,-0.0424926076085,-0.0191258623266,-0.119790971242,-0.0637815445786,-0.106218983126,-0.073808641016,-0.0101341325184,0.0431786280774,0.040300130301,-0.0649353307932,-0.11586555047,-0.10973891456,-0.0168566487614,0.036839013552,0.0467452509803,-0.0820612089125,-0.101161548413,2.58403328918,0.0820612089125,1,-0.0604917559753,0.0204156667226,0.0325111593844,0.0391312854627,0.0138939670932,1.3,-0.48210186644,0.876115169584,2022-12-04 23:59:59+00:00,2022-12-01 23:00:00+00:00,-0.0733964450821,2022-12-05,2022-12-15 23:00:00+00:00,-0.0843964823123
2022-12-05,-0.0395739091433,-0.123970391456,-0.200634362488,-0.104989326158,-0.118684091732,0.0279429452173,0.0455561204942,0.0396521557485,-0.0850870935254,-0.110189856945,-0.123914162953,-0.0410290451042,-0.216217890087,-0.0400039321274,-0.165431018896,-0.290304083069,-0.198463431552,-0.162517167961,0.0470237777402,0.0743206534436,0.0660224901289,-0.115535079958,-0.158787884546,-0.169071515576,-0.0600747001549,-0.335117114562,-0.0391438861591,-0.0825097640151,-0.110964641907,-0.0115152207644,-0.0748510155018,0.0159694022233,0.0272272604509,0.0284339912686,-0.0546984109398,-0.0605921444969,-0.0779783640498,-0.0219833900535,-0.15358013926,-0.0159372430443,-0.0797187876229,-0.12269730668,-0.10728738908,0.0280455156051,0.0395722551534,0.00701770587992,-0.0579176249133,-0.11702605245,-0.106719124188,0.0341703648557,0.0463976690526,-0.000860045968372,-0.0514087903427,2.72954100677,0.000860045968372,1,-0.0470216380074,-0.0232066431148,0.05467473901,0.00395405761627,-0.00318547902392,0.3,-0.373364140702,0.927684870222,2022-12-11 23:59:59+00:00,2022-12-08 23:00:00+00:00,0.0191302737524,2022-12-12,2022-12-22 23:00:00+00:00,-0.0395739091433
2022-12-12,-0.0733964450821,-0.112970354225,-0.255427211195,-0.250120668397,-0.174487433667,0.0194605645079,0.0489245886427,0.0401094460761,-0.0937815287728,-0.163011100516,-0.17733329711,-0.0504346925166,-0.271684294487,-0.121365220615,-0.161369152742,-0.385106943515,-0.421962982068,-0.24823533475,0.0393697874506,0.0801213339153,0.0683638894398,-0.137244663803,-0.242700312212,-0.251680361456,-0.0771817101289,-0.411106299749,-0.0254276695495,-0.0645715557086,-0.125747478874,-0.078278354727,-0.100739532584,0.0118813602995,0.0276775529354,0.0266238888373,-0.0490756961211,-0.0772883824368,-0.0973104516936,-0.0236876749044,-0.174831295084,-0.0791923891447,-0.095129632189,-0.201348615315,-0.186099397417,0.0274416691139,0.0426057088699,-0.0818014714386,-0.0747837655587,-0.190649316028,-0.197008422832,0.038576430461,0.0484666672746,-0.0959375510652,-0.0219943664526,2.89470819165,0.0959375510652,1,-0.0395637491762,0.0537647195952,0.0114808050031,-0.0307576894224,-0.0276756104914,-3.3,-0.259218860015,0.96581860751,2022-12-18 23:59:59+00:00,2022-12-15 23:00:00+00:00,-0.00595356710662,2022-12-19,2022-12-30 06:00:00+00:00,-0.0733964450821
2022-12-19,0.0191302737524,-0.0542661713297,-0.178236562785,-0.237272108335,-0.125148452953,0.0465467433795,0.0494250238785,0.0397407326358,-0.0326951942573,-0.139314818533,-0.15195478466,-0.034932336623,-0.25761729186,0.0908189243176,-0.0305462962972,-0.195977315193,-0.298863979617,-0.103622767564,0.101173259729,0.0848044533339,0.0714238570764,-0.00430616190953,-0.164886788904,-0.168422690903,-0.041023346678,-0.355119765424,-0.0525583768128,-0.0779860463623,-0.160495810377,-0.175680237053,-0.146674138342,0.0112851857258,0.0303271779665,0.026018779494,-0.0608867412172,-0.115118191112,-0.136682562056,-0.028841326568,-0.217080814401,0.028189971443,-0.0510024177017,-0.130721205325,-0.119253314986,0.0487038046177,0.0436051969904,0.0278043122293,-0.0539971592093,-0.111914784123,-0.127690663921,0.0535386967928,0.0487967748552,0.14337730113,-0.00727800000411,2.79622644748,0.14337730113,0,0.0630146120882,-0.0807483482557,-0.00201379700593,-0.0127708978328,-0.00930174872876,-1.3,-0.141319227808,0.989964078061,2022-12-25 23:59:59+00:00,2022-12-22 23:00:00+00:00,0.0393653771943,2022-12-26,2023-01-06 06:00:00+00:00,0.0191302737524
2022-12-26,-0.00595356710662,0.0131767066458,-0.0997936475796,-0.280903663888,-0.105652740045,0.0402693090181,0.0492001868302,0.0396885317625,-0.013551569448,-0.138102595354,-0.147170725782,-0.0168212780453,-0.262023986339,0.00465875767498,0.0954776819925,-0.0658914707497,-0.35531544196,-0.0781796114979,0.088532839328,0.0847776866663,0.0715019480088,0.0176780197815,-0.156560629557,-0.153030202348,-0.0104590514184,-0.352108415554,-0.0165658918882,-0.069124268701,-0.13369582441,-0.206491885817,-0.133125868592,0.0157795076334,0.0298552329069,0.0252758063547,-0.0447623140106,-0.121279281018,-0.142734331094,-0.0231835046722,-0.229943731975,-0.00153579420823,0.0266541772347,-0.0684754549543,-0.14228409597,0.0452778142336,0.0432096216997,0.0282692280335,0.0560735402628,-0.0187102252959,-0.128449139856,0.0523623268672,0.0488860057809,0.0212246495632,-0.00752837785045,2.83953059084,0.0212246495632,0,-0.0236104703585,-0.01503009768,0.00235972950662,-0.00333202665621,0.0108287431147,1.1,-0.0213728230102,0.999771575129,2023-01-01 23:59:59+00:00,2022-12-30 06:00:00+00:00,-0.039209021317,2023-01-02,2023-01-12 23:00:00+00:00,-0.00595356710662
2023-01-02,0.0393653771943,0.0334118100876,-0.0208543612421,-0.22148872373,-0.0577791464368,0.0490895688572,0.0509305044931,0.0407325606673,0.0316313753439,-0.0998044926821,-0.104846544391,-0.000769040584619,-0.232393908826,0.0811112805507,0.0857700382257,0.0552237419285,-0.235080341141,-0.00460432849976,0.0980066702264,0.0881465869607,0.0730025776867,0.0875415019818,-0.0849999958878,-0.073988101198,0.0141601145975,-0.297367036663,-0.00238052616221,-0.0189464180504,-0.0969324644127,-0.207897106319,-0.110953964374,0.0211350369962,0.0296017313609,0.0251114493226,-0.0233501602192,-0.116376637328,-0.136200321479,-0.0156981957667,-0.23177469088,0.0160398863662,0.014504092158,-0.0364983255437,-0.159195632224,0.0482794423643,0.0435758108851,0.0258288189886,0.0540980470221,0.000100887812838,-0.116925164638,0.0545613877739,0.0483723181415,0.0834918067129,-0.0468202517124,2.97765047036,0.0834918067129,0,0.0552824615621,-0.0184204125284,-0.0118706951053,-0.206489675516,-0.144219456313,-12.4,0.120128619955,0.992758336489,2023-01-08 23:59:59+00:00,2023-01-06 06:00:00+00:00,0.0191905775969,2023-01-09,2023-01-20 06:00:00+00:00,0.0393653771943
2023-01-09,-0.039209021317,0.000156355877285,0.0133330625231,-0.242094148672,-0.165052708717,0.0338819025949,0.0467197267286,0.0395958784537,-0.0112826356097,-0.12394959331,-0.132601453969,0.0160296278398,-0.261908590431,-0.0823709263376,-0.00125964578691,0.0942180362056,-0.29088890731,-0.225610615961,0.0804456976039,0.0800464918376,0.0712947943128,-0.0205022606192,-0.143294546345,-0.141912423028,0.0409091718176,-0.352924015667,0.00395288370368,0.00157235754148,-0.0675519111595,-0.193299390034,-0.104494801473,0.0252803531509,0.0297651102234,0.0252419903449,-0.0023918398583,-0.10615818006,-0.12467338252,-0.00884991613807,-0.228731975787,-0.0456262057815,-0.0295863194153,-0.00293214218055,-0.204280757496,0.0323208518763,0.0363011903143,-0.0655646884929,-0.0397358695043,0.0163376707585,-0.17431164527,0.0464447895471,0.0415514661136,-0.0863238100413,0.0173744003946,2.68918213488,0.0863238100413,0,-0.0168062378447,0.0495790894852,-0.00899945279286,0.12614622057,0.0601302460203,4.5,0.238517377822,0.971138229335,2023-01-15 23:59:59+00:00,2023-01-12 23:00:00+00:00,0.0213797358825,2023-01-16,2023-01-26 23:00:00+00:00,-0.039209021317
2023-01-16,0.0191905775969,-0.0200184437201,0.0133933663675,-0.164843196418,-0.217597028277,0.0338912866797,0.0406904538473,0.039904674705,0.00450733412984,-0.0918098213804,-0.109373359626,0.0200865745363,-0.247607404855,0.0436885772854,-0.0386823490522,0.0470876891735,-0.14888962602,-0.284056368577,0.0700953934023,0.0742042148699,0.0716027104595,0.0113394278129,-0.0843282313283,-0.0982043287727,0.0336224121839,-0.324027560055,-0.00530742209168,-0.001354538388,-0.0203009564384,-0.180796766816,-0.151137687978,0.00858016102445,0.0258745403727,0.0250351994585,-0.0025979919052,-0.100856243158,-0.121896843262,0.00655073688871,-0.23281457711,0.0286934843569,-0.0169327214247,-0.00242862926668,-0.133149834591,0.032471673589,0.038099307862,0.0373779584011,-0.0281867300918,0.0259113169303,-0.0860034671922,0.0482848085464,0.0435358548571,0.0489959993771,-0.00271767409064,2.86773585405,0.0489959993771,0,0.00631061888434,-0.0340009064485,-0.0164718474974,0.0125440140845,0.0137874547812,1.2,0.353451610506,0.935452809623,2023-01-22 23:59:59+00:00,2023-01-20 06:00:00+00:00,0.0141493948101,2023-01-23,2023-02-02 23:00:00+00:00,0.0191905775969
2023-01-23,0.0213797358825,0.0405703134793,0.0407266693566,-0.059066978223,-0.202499006085,0.0341452107426,0.0416073745262,0.0401187871625,0.0158140744664,-0.0570785529438,-0.0851043701458,0.0257585139611,-0.231348261115,0.0450964535683,0.0887850308537,0.0875253850668,0.0216339143171,-0.206679836875,0.0716268524837,0.0763695809315,0.0719609300244,0.0350482990694,-0.025605251019,-0.0538991017366,0.0377797952571,-0.292845791029,-0.00233698180333,-0.00764440389501,-0.00607204635354,-0.139767870763,-0.198318175294,0.00390320256808,0.0199168155506,0.0250577966806,-0.00341622784698,-0.0891687961638,-0.116787928924,0.013737232665,-0.234605382128,0.0480065053648,0.0766999897217,0.0471136703064,-0.0213617846479,0.0404641599777,0.0406089417559,0.0412162303821,0.0785941887832,0.0388583192789,0.0201480939831,0.0506104516359,0.0447373463262,0.0474334353716,0.012121501377,3.83423477024,0.0474334353716,0,0.00388022318615,-0.0503434871682,-0.00437910811301,-0.00195609650076,0.00861778765233,0.8,0.463266687928,0.886218920954,2023-01-29 23:59:59+00:00,2023-01-26 23:00:00+00:00,-0.0587749247321,2023-01-30,2023-02-09 23:00:00+00:00,0.0213797358825
2023-01-30,0.0141493948101,0.0355291306926,0.0155106869725,-0.0053436742696,-0.226027599722,0.0288835521156,0.0395591025576,0.0402927982652,0.0262211472887,-0.0254598627511,-0.0677613329365,0.0212644101833,-0.220394995895,0.0180679622614,0.0631644158297,0.0244820667775,0.079705808706,-0.249722094632,0.0602880855483,0.0736368489236,0.0720658843018,0.047246207343,0.0141152663005,-0.0343477830405,0.0253299085891,-0.279952831457,0.0102308273588,0.00789384555551,0.0065393071675,-0.0903931572452,-0.202333104812,0.00690976836736,0.0194468191592,0.0250910787473,0.00518285422263,-0.0649597520453,-0.101586060873,0.0171989117774,-0.226734568115,0.0156507998861,0.0636573052509,0.0467245838263,0.0102262582825,0.0404509666532,0.0403144697048,-0.000174274582493,0.0410419557997,0.0128552257078,0.0129561135207,0.0495086994475,0.0436242492574,0.00783713490258,-0.0149409087509,3.78638079266,0.00783713490258,1,0.0182422368439,-0.00541997252725,0.0201266591481,0.0217770034843,-0.00133502436419,-0.4,0.56637212241,0.824149633839,2023-02-05 23:59:59+00:00,2023-02-02 23:00:00+00:00,-0.0353633036537,2023-02-06,2023-02-16 23:00:00+00:00,0.0141493948101
2023-02-06,-0.0587749247321,-0.0446255299219,-0.0040552164426,0.00927784608047,-0.26475296149,0.0386262317196,0.0412003281737,0.0407759040939,-0.0314044874675,-0.0609684570947,-0.116770679536,0.0193518083116,-0.264895650171,-0.130260227853,-0.112192265592,-0.0234072347378,0.0708108014678,-0.340858502216,0.083864147029,0.0797733345198,0.0749035830052,-0.0756255347735,-0.0842716360905,-0.148937561575,0.0203680761014,-0.367894384147,0.0127103783888,0.0229412057476,0.0152968018526,-0.0522551093069,-0.188647420763,0.00896949875432,0.0206364373689,0.0252561563999,0.0141225198961,-0.0384568318599,-0.084929948763,0.0183355405219,-0.216843344446,-0.0488064615643,-0.0331556616782,0.0435443280435,0.0406121858629,0.0419560551974,0.0400884048951,-0.0487241852192,-0.0488984598017,0.0296957289815,0.0460333997401,0.041831036875,0.0445629687644,-0.142970606242,0.00683052253127,3.86546706811,0.142970606242,0,-0.0815360426337,0.0615168399531,0.0249340930351,-0.00596760443308,0.0300113628768,2.2,0.661274604227,0.750143918062,2023-02-12 23:59:59+00:00,2023-02-09 23:00:00+00:00,-0.0224943349711,2023-02-13,2023-02-24 06:00:00+00:00,-0.0587749247321
2023-02-13,-0.0353633036537,-0.0941382283858,-0.0586090976932,-0.0452157313256,-0.281512668768,0.0387453090466,0.0414023185625,0.0411802168453,-0.0516793505398,-0.0725711865806,-0.142793035185,0.00700254625118,-0.290437091921,-0.0537284185526,-0.183988646406,-0.120824230576,-0.0737365414023,-0.3680245606,0.0786659342444,0.0801380330639,0.0755034341496,-0.098628037703,-0.105612204624,-0.188772473272,-0.00189647605932,-0.400960178828,-0.0169981887548,-0.00428781036603,0.00360603518947,-0.0166949212489,-0.195000776936,0.0136305120921,0.02061245597,0.0248799698299,-0.0038637892285,-0.0396265316068,-0.0957795870597,0.0159015685617,-0.230043085433,0.0180006071648,-0.0308058543995,0.0328514508514,0.0304228215848,0.0407670626339,0.040867979341,0.012986183588,-0.0357380016312,0.00530395416843,0.0312152710987,0.037569767214,0.0450879757667,-0.0367302297978,0.00725894213137,3.88765635323,0.0367302297978,1,-0.0667146021405,-0.0349987959196,-0.0106619538342,-0.0332332761578,-0.024853990915,-1.4,0.746599629698,0.665273622605,2023-02-19 23:59:59+00:00,2023-02-16 23:00:00+00:00,-0.0162693143597,2023-02-20,2023-03-02 23:00:00+00:00,-0.0353633036537
2023-02-20,-0.0224943349711,-0.0578576386248,-0.102483168547,-0.0617564991901,-0.245946629082,0.0304716017684,0.0399456515053,0.0409723252441,-0.0489821385995,-0.0752135095578,-0.155990070316,-0.00670182066884,-0.306220058487,-0.0110659947043,-0.0647944132568,-0.176986678848,-0.0894612937816,-0.2807798513,0.0644781779547,0.0773934350969,0.0744366524648,-0.0683471038126,-0.0955048365433,-0.191015652491,-0.0226482196121,-0.407552607155,-0.033922675238,-0.0509208639928,-0.0279796582452,-0.0340517045987,-0.211113406864,0.0224365367544,0.0212694595696,0.0254172471938,-0.0304661763143,-0.0558100805951,-0.121037638361,0.00924457827442,-0.255724037844,0.0104377850957,0.0284383922605,-0.00471726941775,0.0423964008887,0.0319083285148,0.0401002464723,0.0128706524927,0.0258568360807,-0.023041623721,0.015816695558,0.0293009792257,0.0437281068169,0.0228566805337,-0.00626919084371,3.63854080555,0.0228566805337,1,-0.023936647197,-0.0443604603336,0.0226272046429,0.0423597249945,-0.00113129699874,-0.6,0.821111408578,0.570767951713,2023-02-26 23:59:59+00:00,2023-02-24 06:00:00+00:00,0.0136513439974,2023-02-27,2023-03-09 23:00:00+00:00,-0.0224943349711
2023-02-27,-0.0162693143597,-0.0387636493308,-0.132901877717,-0.117391190744,-0.177819461129,0.0187972820991,0.0347737367642,0.0393831334461,-0.0321497262969,-0.0775734023983,-0.161664539943,-0.0195470493423,-0.317416059864,-0.0254439383977,-0.036509933102,-0.220498579508,-0.19601651273,-0.180796702929,0.0531332107984,0.0709121263758,0.0714277522381,-0.0378579140599,-0.106214446744,-0.200942335714,-0.04121720619,-0.422436644875,-0.0070946903217,-0.0410173655597,-0.0453051759257,-0.0387658687582,-0.17484221933,0.0194802029796,0.0197384262434,0.0253635644381,-0.0264611733339,-0.0493871277146,-0.122041320052,0.0021231075055,-0.260985758101,-0.0289029797029,-0.0184651946073,-0.0492710490068,-0.00254646518053,0.0318512850321,0.0370273119324,-0.04015351338,-0.0272828608872,-0.0630208625184,-0.0501656368106,0.0333053461357,0.0413852201796,-0.018349248076,-0.00934161982731,3.59241071657,0.018349248076,1,0.0147095749822,0.0218082893812,0.00146799524337,-0.0193617021277,-0.0020652898068,-0.1,0.883730762406,0.467995661922,2023-03-05 23:59:59+00:00,2023-03-02 23:00:00+00:00,-0.0134179059352,2023-03-06,2023-03-16 23:00:00+00:00,-0.0162693143597
2023-03-06,0.0136513439974,-0.00261797036228,-0.0604756089871,-0.0645308254297,-0.124594207989,0.0207628138201,0.034603679198,0.0396356608036,-0.0036101914487,-0.0558836184444,-0.14242111059,-0.00553473240148,-0.308033978381,0.0416400498658,0.016196111468,-0.0485983017888,-0.0720055365266,-0.0991527209357,0.0400001592446,0.0720151044951,0.0717415480083,0.0157356888876,-0.0611975076032,-0.158906877147,-0.00452244306753,-0.397879138308,-0.0143373618709,-0.0214320521926,-0.0723529161854,-0.0570561143328,-0.150035695042,0.0113555386235,0.0181854152017,0.0228751475424,-0.0227263683497,-0.0518557390083,-0.127212656879,-0.00654702173544,-0.271505678556,0.024688436885,-0.0042145428179,0.0242238494426,0.067768177486,0.0240220152297,0.0376657130061,0.0276956469409,-0.0124578664391,0.0133989696416,0.0430946986232,0.0298259677638,0.0422045511821,0.0559774117367,-0.000101493475019,3.95982955939,0.0559774117367,0,0.0139444029249,-0.0390257987559,0.00113009155379,-0.0182252115426,-0.000801121570198,0.2,0.933550754601,0.358445237914,2023-03-12 23:59:59+00:00,2023-03-09 23:00:00+00:00,-0.0148781783336,2023-03-13,2023-03-23 23:00:00+00:00,0.0136513439974
2023-03-13,-0.0134179059352,0.000233438062261,-0.0385302112686,-0.0971393089617,-0.0646156688418,0.01597853553,0.0289179030731,0.0396094059966,-0.00730624100467,-0.0639901479817,-0.146347138617,-0.00466211675239,-0.317256700192,-0.0268358118704,0.0148042379954,-0.0217056951066,-0.142529925682,-0.00462331219134,0.0321772201593,0.0638875014026,0.071636600062,-0.00576666377761,-0.0857581458824,-0.173691255901,-0.00507078437731,-0.413822655054,0,-0.0143373618709,-0.0553547274306,-0.0517486922411,-0.124608025492,0.0146128483335,0.0179330738909,0.0228679834153,-0.00894526081921,-0.0425892630734,-0.119743886074,-0.00425344912747,-0.271505678556,-0.0115194822992,0.0131689545858,-0.00529624002149,0.0275552108299,0.0236610400031,0.0298369509112,-0.00294482543873,0.0247508215022,-0.00253203938503,0.0027719147834,0.0291666269494,0.0347430113335,-0.0268358118704,0.00722048103591,3.56235297074,0.0268358118704,0,-0.0238909864316,0.0115194822992,-0.0207522167327,-0.0214364640884,0.0287966860426,2.2,0.969849825926,0.243703334306,2023-03-19 23:59:59+00:00,2023-03-16 23:00:00+00:00,-0.0183942663516,2023-03-20,2023-03-30 22:00:00+00:00,-0.0134179059352
2023-03-20,-0.0148781783336,-0.0282960842688,-0.0309140546311,-0.133397223178,-0.0986241209278,0.0143007048713,0.0280821611045,0.0393976386756,-0.0144001389364,-0.0709823356255,-0.152075197073,-0.000142042817172,-0.327339484041,-0.0280774861403,-0.0549132980106,-0.0387171865426,-0.215703865391,-0.123519722649,0.0342298049818,0.057985372948,0.0711798881335,-0.0239822487571,-0.103006798232,-0.190187870837,-0.000177779508791,-0.430052133664,-0.00167887052699,-0.00167887052699,-0.0231109227196,-0.0510905809648,-0.0737285192065,0.00645973413247,0.0125027613395,0.0229061890825,-0.00485277102219,-0.0387878785261,-0.113835040337,-0.000106306125553,-0.272727700106,-0.0999335620869,-0.111453044386,-0.115667587204,-0.120384856622,0.052343636267,0.0404795871886,-0.105058745992,-0.108003571431,-0.12046143787,-0.143503061591,0.0571478378101,0.0452271329271,-0.0263986156133,0.00228014981602,4.63743439861,0.0263986156133,1,0.0769812598517,0.0982546915599,-0.027674059224,0.0169376693767,-0.00142875698143,0.4,0.992102245058,0.12543179561,2023-03-26 23:59:59+00:00,2023-03-23 23:00:00+00:00,-0.00255922956534,2023-03-27,2023-04-06 22:00:00+00:00,-0.0148781783336
2023-03-27,-0.0183942663516,-0.0332724446853,-0.033039006623,-0.16594088434,-0.111064820173,0.0147559550477,0.0282334462937,0.0393011740521,-0.0244364415683,-0.0803352585094,-0.161029096788,0.000283696049852,-0.339599478258,-0.0106017136968,-0.0386791998371,-0.0238749618417,-0.244373541349,-0.138780194021,0.0327225338368,0.0578290762809,0.0711389474116,-0.0286084182423,-0.103352950928,-0.192699758521,0.00470665907965,-0.436062640631,-0.0261868190064,-0.0278656895334,-0.0422030514043,-0.08750822733,-0.0833494463247,0.0122318389784,0.0134502178179,0.0227703450564,-0.0203396698534,-0.0577328924623,-0.129756184419,-0.00413926697995,-0.291525447389,-0.00983777083549,-0.109771332922,-0.0966023783366,-0.145873427343,0.0532062373524,0.0404729740643,-0.00385800726131,-0.108916753253,-0.0841659317511,-0.14718679427,0.057899249186,0.0440688506565,0.0155851053096,0.01279602536,4.29917031035,0.0155851053096,1,-0.0067437064355,-0.016349048171,0.00241404786859,0.0288696424606,0.0284209157128,1.7,0.999985722936,0.00534358719969,2023-04-02 23:59:59+00:00,2023-03-30 22:00:00+00:00,-0.00482281307181,2023-04-03,2023-04-13 22:00:00+00:00,-0.0183942663516
2023-04-03,-0.00255922956534,-0.020953495917,-0.0492495801858,-0.109725189173,-0.152989426932,0.00682931899183,0.0244453125198,0.0393174408403,-0.0148313287117,-0.0718592177646,-0.156806001785,-0.000543977590104,-0.341287433944,0.00535533335536,-0.00524638034146,-0.0601596783521,-0.108757980141,-0.214536141216,0.0157563239209,0.0512519558844,0.0711207586674,-0.0083802954812,-0.0833279575403,-0.182109331994,0.00146286050554,-0.433034466878,-0.010473792486,-0.0366606114925,-0.0383394820195,-0.110692398205,-0.0914427126485,0.0119831750743,0.0134353864658,0.0225352232658,-0.0212759098252,-0.0611020198112,-0.132376567131,-0.00255081568575,-0.298907138205,0.0494031410891,0.0395653702537,-0.0718876741325,-0.0476638246899,0.0615491889068,0.042993304428,0.0622895566803,0.058431549419,-0.0495720220118,-0.0361730523701,0.0691050862965,0.0474552359423,0.0158291258414,-0.0256953442034,3.81441513422,0.0158291258414,0,-0.0569342233249,-0.0598769335752,-0.0311270707815,0.0230951867041,-0.0125213431986,-0.7,0.99338608057,-0.114822014132,2023-04-09 23:59:59+00:00,2023-04-06 22:00:00+00:00,-0.00586767238321,2023-04-10,2023-04-20 22:00:00+00:00,-0.00255922956534
2023-04-10,-0.00482281307181,-0.00738204263715,-0.0406544873224,-0.079184698591,-0.118603218687,0.00766641098502,0.0230491858381,0.0361391515618,-0.00949773052459,-0.0679858854079,-0.151885261699,-0.0010402973162,-0.344456633148,0.00385261081319,0.00920794416855,-0.0294712556686,-0.0511769507751,-0.128312604066,0.0155683978947,0.0474561205605,0.0645843332298,0.00291249263517,-0.070784430566,-0.167792514203,0.00250238639559,-0.430845956301,-0.0134982369568,-0.0239720294428,-0.0518377189763,-0.107192446407,-0.108893833309,0.0101436934223,0.0131141204704,0.0225353478745,-0.021834971515,-0.0660342353819,-0.137252935863,-0.00458298102799,-0.308307071793,0.0974709029968,0.146874044086,0.0371027111636,0.0318064711421,0.0850109660631,0.0492611480708,0.0885816501239,0.150871206804,0.0419544535509,0.0394224141658,0.0862919036302,0.0503758046934,0.01735084777,0.0222260529395,3.6184281088,0.01735084777,0,-0.0847290393107,-0.110969139954,-0.00536041255716,-0.0331223628692,-0.00192122958694,-0.3,0.97239890274,-0.233324610683,2023-04-16 23:59:59+00:00,2023-04-13 22:00:00+00:00,-0.0294100817913,2023-04-17,2023-04-27 22:00:00+00:00,-0.00482281307181
2023-04-17,-0.00586767238321,-0.010690485455,-0.031643981372,-0.0625580360031,-0.143661468667,0.00712395972376,0.0214782847879,0.0320091272925,-0.00743693637808,-0.0631223458826,-0.144779167769,0.00313988686219,-0.348291883856,-0.00873883055893,-0.00488621974573,-0.0101326000872,-0.0488497866298,-0.18074001191,0.00829896182543,0.0446713037724,0.0601438407325,-0.00329071017457,-0.0657554381246,-0.159249073993,0.0113699278174,-0.435798027879,-0.00299651420749,-0.0164947511643,-0.0531553626568,-0.0762662853764,-0.106582925425,0.00966537069924,0.0131747101407,0.0201922053821,-0.0116057340977,-0.0612661762636,-0.131386393279,-0.00509015409305,-0.31037663719,0.0139962560089,0.111467159006,0.151032529259,0.0353649420554,0.0466591112008,0.0488935660379,0.015305997366,0.10388764749,0.162319196909,0.0418577590391,0.0423830743112,0.0496077513884,-0.00574231635144,0.00134824446414,3.3904285458,0.00574231635144,1,-0.0240448279249,-0.0169927702164,-0.00315709902619,0.0364390137465,0.0166185434713,1.7,0.937328153605,-0.348447890595,2023-04-23 23:59:59+00:00,2023-04-20 22:00:00+00:00,-0.0376648894035,2023-04-24,2023-05-04 22:00:00+00:00,-0.00586767238321
2023-04-24,-0.0294100817913,-0.0352777541745,-0.0426597968117,-0.0756988034347,-0.194451286341,0.012572815994,0.0196271169361,0.0318742899543,-0.0259747398991,-0.076401792741,-0.156436048561,0.00429284205409,-0.367179567305,-0.0550077474475,-0.0637465780065,-0.0545386338379,-0.0784135956796,-0.280844212926,0.0282967960435,0.0422138593247,0.0605255072946,-0.043998767676,-0.0958166237598,-0.188646353791,0.00796874253481,-0.465995350131,-0.00381241613512,-0.00680893034261,-0.0307809597855,-0.0729840111898,-0.108058359757,0.005116948076,0.0131262719343,0.0169009851307,-0.00773141377164,-0.0570981507413,-0.124242892271,0.000616941573378,-0.313000763117,-0.0300566211398,-0.0160603651309,0.130813678955,0.0342113006185,0.0540446984346,0.0480985114968,-0.0328802185241,-0.0175742211581,0.133296985646,0.0491310538949,0.0535414429518,0.0493081177821,-0.0511953313124,-0.00457104399848,3.21573740042,0.0511953313124,1,-0.0221275289234,0.0262442050047,-0.00514764921046,-0.0170526315789,-0.000694269123959,0.3,0.888681774293,-0.458524485758,2023-04-30 23:59:59+00:00,2023-04-27 22:00:00+00:00,-0.0388483771266,2023-05-01,2023-05-11 22:00:00+00:00,-0.0294100817913
2023-05-01,-0.0376648894035,-0.0670749711948,-0.0777654566499,-0.127015036836,-0.246265570555,0.0166274807461,0.0184493715551,0.0302518599585,-0.0438462670382,-0.093217498131,-0.172000250456,-0.000497858735172,-0.390571388414,-0.0544402311114,-0.109447978559,-0.114334198305,-0.174493876657,-0.353352406299,0.0306198388132,0.0413159987805,0.058639855063,-0.0691322284196,-0.119133770037,-0.212369247735,-0.00140259524551,-0.494289528187,-0.0208895476956,-0.0247019638307,-0.041196714995,-0.0795361970145,-0.139178734811,0.00852050245892,0.0122727233205,0.0161232565207,-0.0182132472723,-0.0666909404583,-0.130674015637,0.000406877775169,-0.327203010726,-0.03884451354,-0.0689011346798,0.0425660243259,-0.0293216498065,0.0623319132095,0.0489915504884,-0.0373471380277,-0.0702273565518,0.0336602909381,-0.0159117310737,0.0585196433875,0.0503186007692,-0.0335506834158,-0.00436796968316,3.36621558933,0.0335506834158,1,-0.0170930930837,0.0179549658444,-0.0106714015406,-0.0199186121225,-0.00618960399166,-0.6,0.827164326226,-0.561960120845,2023-05-07 23:59:59+00:00,2023-05-04 22:00:00+00:00,-0.0001119168219,2023-05-08,2023-05-18 22:00:00+00:00,-0.0376648894035
2023-05-08,-0.0388483771266,-0.0765132665301,-0.111791020705,-0.152445508027,-0.226339022949,0.015307021393,0.0154479503615,0.0305221425,-0.0545670816448,-0.112646681828,-0.187773058819,-0.0105370611031,-0.41379272494,-0.0484644568271,-0.102904687938,-0.166651265945,-0.196122521614,-0.271556635273,0.0221479921402,0.0285732018401,0.0587698134323,-0.0760220145093,-0.143556892007,-0.230877149506,-0.0207738445422,-0.518214083568,-0.0292322974262,-0.0501218451218,-0.0569307754644,-0.108768494441,-0.181121410626,0.012963226594,0.0110566980918,0.0162228677281,-0.0329938087379,-0.0808535954426,-0.143271912137,-0.000300277664097,-0.346585731459,-0.0869510676025,-0.125795581142,-0.141855946273,-0.10475323511,0.0413839851178,0.0528773943165,-0.0698693351249,-0.107216473153,-0.124790694311,-0.0828362407599,0.0351128451737,0.0521936651744,-0.0192321594009,-0.00664364255598,2.5840099452,0.0192321594009,1,0.0214048782978,0.0577187701763,-0.037798101937,0.00655594405594,0.00063552589768,0.3,0.75366678672,-0.657256703728,2023-05-14 23:59:59+00:00,2023-05-11 22:00:00+00:00,-0.00103157615047,2023-05-15,2023-05-25 22:00:00+00:00,-0.0388483771266
2023-05-15,-0.0001119168219,-0.0389602939485,-0.106035265143,-0.137679246515,-0.191087636118,0.0180917695099,0.0151245724355,0.0307436783928,-0.0290032969279,-0.0998091973729,-0.172242899991,-0.0118097673537,-0.413858327724,0.0311159387115,-0.0173485181156,-0.126796496675,-0.136929096762,-0.186712278009,0.041981179783,0.0300963453947,0.0597324442294,-0.0150916045404,-0.103988349784,-0.188199927965,-0.0173366412449,-0.502987191539,-0.0313397723553,-0.0605720697815,-0.0852740336122,-0.138429396269,-0.195462994227,0.0125126743968,0.0120582003296,0.0165448368415,-0.0428679753528,-0.095838254971,-0.156843714181,-0.00628289346255,-0.366746026302,0.0194103540876,-0.0675407135148,-0.136441848195,0.0145906810648,0.0435715971126,0.0529345326856,0.0121511572039,-0.0577181779209,-0.127945534473,0.0343736624361,0.0337282134785,0.0521694367933,0.0624557110667,-0.00036064354874,2.49571651287,0.0624557110667,0,0.0189647815075,-0.0507501264429,0.000753629195595,0.0542770299609,0.0155604953954,1,0.669253644676,-0.743034022834,2023-05-21 23:59:59+00:00,2023-05-18 22:00:00+00:00,-0.00501288658416,2023-05-22,2023-06-02 05:00:00+00:00,-0.0001119168219
2023-05-22,-0.00103157615047,-0.00114349297237,-0.0776567595025,-0.120316556314,-0.169624877297,0.021765981866,0.0153721366099,0.029804382722,-0.0106304219114,-0.0890890272017,-0.159320497851,-0.00636612239125,-0.41446266573,0.00972992566681,0.0408458643783,-0.0620588235602,-0.116597457398,-0.165916357638,0.0424758403447,0.0308298968049,0.0578930610709,0.0106262218594,-0.0837185989336,-0.165445217489,-0.0027519091487,-0.498127690905,-0.0117930779677,-0.043132850323,-0.0932546954448,-0.12403565523,-0.173333396956,0.00890784072877,0.0106494312975,0.0165462996988,-0.0317084745192,-0.0946608706136,-0.154018205569,-0.0099803356338,-0.37417017695,-0.00432057155594,0.0150897825317,-0.110705798611,0.0201078803443,0.0461911611755,0.0526877158609,-0.00579179075665,0.00635936644727,-0.100857106705,0.0324398789407,0.0361233496877,0.0518737927508,0.0215230036346,-0.00160108554893,2.89470876285,0.0215230036346,0,0.0155217164235,-0.00747250641181,-0.00528084493519,0.00391268533773,0.00494058786742,-0.3,0.575147483235,-0.818049737197,2023-05-28 23:59:59+00:00,2023-05-25 22:00:00+00:00,-0.0122586258948,2023-05-29,2023-06-08 22:00:00+00:00,-0.00103157615047
2023-05-29,-0.00501288658416,-0.00604446273463,-0.0450047566832,-0.122770213333,-0.158368449521,0.0185206648637,0.0154921270409,0.0263857361734,-0.00429735515891,-0.0826691811684,-0.15263035364,0.000930999253929,-0.417390553262,-0.00907819256734,0.000651733099468,-0.0166967850162,-0.131030983321,-0.149550611807,0.0337855718404,0.0306022228266,0.0535230265247,0.00573277154599,-0.0816520621929,-0.162559916394,0.0073296969619,-0.502663166263,-0.000947580600978,-0.0127406585687,-0.0733127283502,-0.114509443345,-0.167186287236,0.0145257714254,0.0110773952216,0.0156844180295,-0.0144959280596,-0.0839198885717,-0.143464937004,-0.00546769845404,-0.374762920269,0.00959057234764,0.0052700007917,-0.0622707127231,-0.0197046883972,0.0485746367418,0.0525029629688,0.0138388442045,0.00804705344787,-0.0496711244731,-0.016010833535,0.0393176292506,0.0511605710775,-0.00813061196636,0.0077300603361,2.76233355234,0.00813061196636,1,-0.0229170367719,-0.0105381529486,0.009321296086,0.0338461538462,0.00597423610679,1.4,0.472711272708,-0.881217369697,2023-06-04 23:59:59+00:00,2023-06-02 05:00:00+00:00,0.0145515114628,2023-06-05,2023-06-15 22:00:00+00:00,-0.00501288658416
2023-06-05,-0.0122586258948,-0.0172715124789,-0.0184150054513,-0.130206026156,-0.184278419414,0.0055287584206,0.0134197179095,0.0258201852835,-0.0119131690255,-0.0808818880821,-0.15308743166,0.00957151166899,-0.424488947342,-0.0275401328959,-0.0366183254633,0.00422753891502,-0.16242372703,-0.218730794569,0.0251613299481,0.0263038159842,0.0533241972936,-0.0225958867917,-0.0913304203218,-0.175642187503,0.0178823304648,-0.516173003525,0.00302288110637,0.0020753005054,-0.0410575498176,-0.097988325282,-0.149826044258,0.0153824915532,0.0119003550332,0.0150571378452,-0.0011670571423,-0.0705279031132,-0.130829106852,0.00126069287316,-0.372870043384,-0.0345455886732,-0.0249550163256,-0.00986523379389,-0.151721180067,0.0234980513352,0.0522677593107,-0.0387994071812,-0.0249605629766,-0.0186011965294,-0.14339189084,0.0244376890616,0.0511692327769,-0.0305630140023,0.00242035815247,2.2101530381,0.0305630140023,0,0.0112592742852,0.0375684697796,0.0475730613087,0.0402777777778,0.0298175069595,2.7,0.363428630231,-0.931622042852,2023-06-11 23:59:59+00:00,2023-06-08 22:00:00+00:00,0.0161524673786,2023-06-12,2023-06-23 05:00:00+00:00,-0.0122586258948
2023-06-12,0.0145515114628,0.00229288556806,-0.00375157716657,-0.10978684231,-0.156309002016,0.0113239420864,0.0156139465023,0.0230511233074,0.00351549169584,-0.0559515153538,-0.133593906154,0.0110858750942,-0.416053163815,0.0300184988225,0.00247836592655,0.00313009902602,-0.123666397649,-0.161876483876,0.0247265366578,0.0290806198483,0.0490218897622,0.00639717932245,-0.0516371814527,-0.145463022538,0.0132345619777,-0.501429054943,-0.000915475896806,0.00210740520957,-0.0106332533592,-0.0959072869714,-0.150741520155,0.00636877759071,0.0118289657187,0.0149191186128,0.000587455749014,-0.0604592908186,-0.122332405893,0.0089371882106,-0.373443903026,0.0290126721445,-0.00553291652873,-0.000262915737021,-0.136704763932,0.0267442328805,0.0533481080409,0.0241783307814,-0.0146210763997,-0.00657402295187,-0.134519557425,0.0277142543446,0.051940976293,0.0309339747193,0.00288149880935,2.45821674719,0.0309339747193,0,0.00584016804105,-0.0299281480413,0.0190009934575,-0.0486362769407,-0.0036643239022,-2.1,0.248882332053,-0.9685337293,2023-06-18 23:59:59+00:00,2023-06-15 22:00:00+00:00,0.0142368418119,2023-06-19,2023-06-29 22:00:00+00:00,0.0145515114628
2023-06-19,0.0161524673786,0.0307039788415,0.0134324663625,-0.06422429314,-0.125278356303,0.01417678667,0.0174098326304,0.0229153620678,0.0163986762423,-0.0310348207467,-0.11193837417,0.0129949132293,-0.406544393277,0.0187306123734,0.0487491111958,0.0121307857326,-0.0499280378277,-0.115068385362,0.0261790604684,0.0298717453968,0.0451921421962,0.0222654220948,-0.0248671830102,-0.121377856201,0.0118841106918,-0.492002508936,0.0135743223839,0.0126588464871,0.0147341469925,-0.0785205484523,-0.135488327244,0.00685230548986,0.0135289095114,0.0129906243823,0.0105146771879,-0.0373863808493,-0.103196276948,0.0141057157669,-0.36488084118,-0.0222278639923,0.00678480815219,-0.0181702081734,-0.128876006784,0.0290898077288,0.0458425995609,-0.0303603866648,-0.00618205588336,-0.03114261886,-0.131999725565,0.0314154244863,0.0435099991131,0.00515628998946,0.00256169923554,2.20783039027,0.00515628998946,1,0.0490909990381,0.0358021863762,0.00381189945017,0.0178428227747,-0.00699385023514,-0.6,0.13073138967,-0.991417825014,2023-06-25 23:59:59+00:00,2023-06-23 05:00:00+00:00,-0.00402207265976,2023-06-26,2023-07-07 05:00:00+00:00,0.0161524673786
2023-06-26,0.0142368418119,0.0303893091905,0.0326821947586,-0.0123225619246,-0.0926472481398,0.0136452531223,0.0183679470379,0.0233470803636,0.0224985767492,-0.009874336373,-0.092097613417,0.015297260085,-0.398035030182,0.0263031743918,0.0450337867651,0.0475121526917,0.0308153676755,-0.0781634972738,0.0266952608222,0.0314057699712,0.0456541852936,0.0368872904414,0.00742954460313,-0.0903143961471,0.0178906148863,-0.478463280588,0.00217050923198,0.0157448316159,0.0178522368254,-0.0554604915247,-0.107130999006,0.00630538539374,0.0130530068695,0.0130187934408,0.008194002855,-0.0271309624765,-0.0946810907908,0.0127039052837,-0.363500812041,0.0116275717628,-0.0106002922295,-0.0161332087582,-0.0784039214814,0.0294354723551,0.0458690088989,0.0140604632095,-0.0162999234553,-0.0309209998551,-0.0805921243281,0.031466428264,0.0436678887034,0.0241326651598,0.00368859068836,2.40583372486,0.0241326651598,1,0.0122427111823,-0.00945706253083,0.00107622847543,-0.0724837502462,-0.0131147540984,-0.9,0.0106870218179,-0.999942892152,2023-07-02 23:59:59+00:00,2023-06-29 22:00:00+00:00,0.00831962674755,2023-07-03,2023-07-13 22:00:00+00:00,0.0142368418119
2023-07-03,-0.00402207265976,0.0102147691521,0.0409187479936,0.0225037425423,-0.0941100912342,0.00953812415497,0.0183420964442,0.0212992086416,0.00810396116136,-0.00641098686714,-0.0868396895451,0.0174689247856,-0.400451314536,-0.0235273015636,0.0027758728282,0.051524984024,0.055752522939,-0.107046132193,0.0247226685366,0.0315558171058,0.0419117069289,6.06640667262e-05,-0.00750793771945,-0.099798061088,0.021115563867,-0.490590413512,0.0154831562441,0.017653665476,0.0303125119631,-0.0107450378545,-0.0811740502757,0.0081614432246,0.0145790550649,0.0137415531381,0.0161589833383,-0.0055595391282,-0.0743876351109,0.0138222857043,-0.353569107003,-0.0229567632231,-0.0113291914603,-0.00454438330815,-0.014409617102,0.025773782742,0.0438578962857,-0.014896282433,-0.000835819223503,-0.00701787510686,-0.0256190716362,0.0252562069668,0.0397372750975,-0.0390104578077,0.00729747944591,2.16431398684,0.0390104578077,0,-0.00863101913062,0.0384399194672,-0.00913373714066,0.0299426629858,-0.0137812230835,-1.1,-0.109512129666,-0.993985459379,2023-07-09 23:59:59+00:00,2023-07-07 05:00:00+00:00,0.0203441687904,2023-07-10,2023-07-20 22:00:00+00:00,-0.00402207265976
2023-07-10,0.00831962674755,0.00429755408779,0.0346868632783,0.0309352861117,-0.0809676514149,0.00909557591857,0.0188417593404,0.0206782984395,0.00779456979403,0.00844429991949,-0.0719512655157,0.0148999966976,-0.395442486357,0.0223186018634,-0.00120869970024,0.0438250870649,0.0469551860909,-0.0885801411426,0.0231961718602,0.0325453426778,0.0398979250225,0.0115427598808,0.0222841278565,-0.0715188580023,0.0177701287772,-0.479093281047,-0.00567934836824,0.00980380787582,0.0255486394917,0.0149153861325,-0.0733551616872,0.00996281785281,0.0144152142116,0.0135733849756,0.00400681828329,-0.00543346420421,-0.0730700144218,0.0120298646181,-0.357230007635,0.0405794090145,0.0176226457913,0.00702235356181,0.00675943782479,0.030499461274,0.0347187717766,0.0343771896521,0.0194809072191,0.0031809837638,-0.00339303918806,0.028986263634,0.0310135609038,0.0279979502316,-0.00868027119826,2.25755126832,0.0279979502316,0,-0.0120585877887,-0.0462587573827,0.042473051885,0.0486597938144,0.0392389270119,2.6,-0.228125181163,-0.973631810142,2023-07-16 23:59:59+00:00,2023-07-13 22:00:00+00:00,0.0162000677255,2023-07-17,2023-07-27 22:00:00+00:00,0.00831962674755
2023-07-17,0.0203441687904,0.028663795538,0.0388785646901,0.0523110310526,-0.0547558102412,0.0103935946326,0.0202345763621,0.0207393981469,0.0185208085209,0.0337765985809,-0.0452443973273,0.0139316265757,-0.383017304807,0.0401405424425,0.0624591443058,0.065235017134,0.0773658028666,-0.0397007681411,0.0276337485305,0.0350328631193,0.0397185105955,0.0357536669641,0.0676934978007,-0.0245481170744,0.0193626595251,-0.457758471971,0.000547795138322,-0.00513155322992,0.0125221122461,0.0272562592386,-0.0698108523413,0.00890306110709,0.0145026849699,0.0136511060837,0.00142731244041,0.000649860091784,-0.0661360490458,0.00850059362625,-0.3568778049,0.0408031944062,0.0813826034207,0.0700534119603,0.0518832037869,0.0302596121405,0.0369183236072,0.046379444269,0.0807566339211,0.0799208146976,0.0487781958376,0.0268055076404,0.0340823687109,0.0395927473042,-0.00199366466174,2.41544567411,0.0395927473042,1,-0.00623890182656,-0.0402553992679,0.000110000761544,-0.010617381046,-0.00444204333994,0.6,-0.343434221059,-0.939176732999,2023-07-23 23:59:59+00:00,2023-07-20 22:00:00+00:00,0.0414856441414,2023-07-24,2023-08-03 22:00:00+00:00,0.0203441687904
2023-07-24,0.0162000677255,0.0365442365159,0.0408417906037,0.0735239853623,-0.00914566072441,0.0107192613373,0.0194399563572,0.0204727394383,0.0245446240413,0.0514409782404,-0.0214044554087,0.0109139600143,-0.372940743245,0.0178031004519,0.0579436428944,0.0567349431941,0.104247095886,0.0331100797583,0.026926777233,0.0316959900737,0.0385905679611,0.0392493660159,0.0839205997172,0.00375002563984,0.0116368065864,-0.448018447519,0.0145970349991,0.0151448301375,0.0249486380133,0.0428008748387,-0.0514014012071,0.0104840831862,0.0155298729643,0.0142620806194,0.00983135550761,0.0195637760062,-0.0463960795157,0.0101911134423,-0.347421276985,-0.00384263278451,0.0369605616217,0.054583207413,0.0384499986548,0.032189730667,0.0362543102887,0.00543746283531,0.0518169071044,0.0712978143235,0.0403768144684,0.0277696757253,0.0332611460681,0.00320606545275,-0.00170449584071,2.04083763653,0.00320606545275,1,0.0123656376166,0.0184396677836,-0.00207286325871,-0.0498807631161,-0.00645161290323,-0.9,-0.45376919082,-0.891119252099,2023-07-30 23:59:59+00:00,2023-07-27 22:00:00+00:00,0.0515852561052,2023-07-31,2023-08-10 22:00:00+00:00,0.0162000677255
2023-07-31,0.0414856441414,0.0576857118669,0.0863495074049,0.127268255398,0.0700048728205,0.0141720723004,0.0192933843243,0.0222697641888,0.044864805144,0.0897664648967,0.027819499634,0.0162023866343,-0.346379643217,0.078943297635,0.0967463980868,0.159205542393,0.210730526417,0.166493608505,0.0278195170205,0.0332615229365,0.0420256728505,0.0799289630591,0.156946815903,0.095605009338,0.026994184944,-0.402677048786,0.00402799064787,0.018625025647,0.0134934724171,0.0438059843802,-0.0264838628636,0.00849185428041,0.0147852975086,0.0140273501703,0.0104742558513,0.0258467942668,-0.0361521356246,0.00541058832455,-0.344787394927,0.0499158993095,0.0460732665249,0.127455869946,0.122911486637,0.0241985002593,0.0376440467893,0.0524565155836,0.0578939784189,0.13865061234,0.131632737233,0.0208813950106,0.0349482449197,0.0749153069871,-0.00686047767451,2.24948286866,0.0749153069871,1,0.0264867820514,-0.0458879086616,-0.00674867951403,0.0167329010667,0.00236679208642,-0.7,-0.557532072999,-0.830155399656,2023-08-06 23:59:59+00:00,2023-08-03 22:00:00+00:00,0.0347965961429,2023-08-07,2023-08-17 22:00:00+00:00,0.0414856441414
2023-08-07,0.0515852561052,0.0930709002466,0.129615136763,0.164302000041,0.160438506052,0.0169155135488,0.0182929731178,0.0224793146668,0.0645831948025,0.132638517496,0.085308540589,0.0200623606481,-0.311777666562,0.0657004744226,0.144643772058,0.202587414952,0.246412502017,0.280658539754,0.0271808446023,0.0307094478615,0.0362449994759,0.0953493248416,0.207429656022,0.169527193951,0.0290577352953,-0.362114756299,0.0374700377878,0.0414980284357,0.0566428585732,0.0821914980648,0.0402184723504,0.0166483091626,0.016078622477,0.0160668037084,0.0341198115448,0.0615861583993,0.00650984455583,0.0110669860009,-0.319770794251,0.0245910154719,0.0745069147814,0.111467476403,0.118489829965,0.0235918910671,0.0268394459416,0.0213320894057,0.0737886049893,0.125605512094,0.128786495857,0.0219330553526,0.027362474994,0.0282304366348,0.00114822519077,1.90983637243,0.0282304366348,1,0.0443683850169,0.0128790223159,-0.0145621537647,0.0102859493931,0.00375370830054,1.1,-0.653220035838,-0.75716813508,2023-08-13 23:59:59+00:00,2023-08-10 22:00:00+00:00,0.00821267680676,2023-08-14,2023-08-24 22:00:00+00:00,0.0515852561052
2023-08-14,0.0347965961429,0.0863818522481,0.144067564115,0.182946128805,0.195347019017,0.0149049975646,0.0188657641544,0.0225916493836,0.0629772208674,0.154266667289,0.123531923718,0.0209901972582,-0.287408346089,0.0249912141198,0.0906916885424,0.187438086629,0.252673103763,0.274533815163,0.030038024069,0.0305978902436,0.0348062434105,0.0716417847231,0.210314641127,0.194491642009,0.0257415358756,-0.345972360708,0.044601978166,0.0820720159538,0.100697041601,0.113219153847,0.116160222872,0.0190408751617,0.0163194850669,0.0186286576296,0.0539945185158,0.0997091594164,0.0559459696005,0.0162388586408,-0.288744451247,0.0253907954641,0.049981810936,0.0960550774609,0.166108489421,0.0219782384062,0.0270536721335,0.0199958012239,0.0413278906296,0.0992218690485,0.179142683746,0.0197897053194,0.0274920427356,-0.0196107640462,-0.00130243298711,1.87481500201,0.0196107640462,1,0.00499541289589,0.0192111827019,0.00256394709261,-0.0370596619833,0.0100729838953,0.9,-0.73944719928,-0.673214556792,2023-08-20 23:59:59+00:00,2023-08-17 22:00:00+00:00,0.0166237705999,2023-08-21,2023-08-31 22:00:00+00:00,0.0347965961429
2023-08-21,0.00821267680676,0.0430092729496,0.136080173196,0.1769219638,0.204591271974,0.0185373055975,0.0183779621763,0.0221582412042,0.0364130253261,0.144823246934,0.13110371529,0.0182822531472,-0.281531963755,-0.0131310642181,0.0118601499017,0.156503921959,0.213238865153,0.251672825278,0.0417221476531,0.0319346706168,0.0348428584825,0.0186415264064,0.170593203961,0.174532491547,0.0197665323915,-0.354504300324,0.0295564178316,0.0741583959976,0.115656424433,0.140605062447,0.157509718671,0.0176922261993,0.0159685679436,0.0185803741987,0.05435816679,0.118495445847,0.0883478952867,0.0167979739029,-0.267408531585,-0.0226151863722,0.00277560909182,0.0772825238732,0.131865731286,0.0303276940035,0.0283638089846,-0.0257866334184,-0.00579083219452,0.0679977727948,0.139295587118,0.0322262952621,0.0290227673721,-0.0426874820498,-0.00423532881632,1.99972038878,0.0426874820498,0,0.0126555692003,0.0521716042039,0.00816464062622,0.0712624233453,0.00179147259047,-0.2,-0.81496470712,-0.579510591922,2023-08-27 23:59:59+00:00,2023-08-24 22:00:00+00:00,0.000512637158693,2023-08-28,2023-09-08 05:00:00+00:00,0.00821267680676
2023-08-28,0.0166237705999,0.0248364474067,0.111218299655,0.19756780706,0.226227929158,0.0193499527591,0.0172896335816,0.0220510893692,0.0253535940803,0.143287504486,0.146736181507,0.0104024265169,-0.269488489308,0.0314862810747,0.0183552168566,0.109046905399,0.268252447792,0.29223729892,0.0323115922009,0.0308891348254,0.0347530758357,0.0234377317378,0.180244545263,0.204634778053,0.00478193412516,-0.333856688826,0.00176126012508,0.0313176779567,0.113389693911,0.126883166328,0.160218559397,0.0187591612208,0.0158006863827,0.018537840328,0.027142601588,0.106350394285,0.0905862082568,0.0160229189086,-0.266117110514,-0.0135070643014,-0.0361222506736,0.0138595602624,0.141315430208,0.0251348106833,0.0290815298445,-0.011883297078,-0.0376699304964,0.00365796013324,0.142308572473,0.0235067944037,0.0295667132031,0.0297250209497,0.00223320028769,1.95479989143,0.0297250209497,1,0.0433695781527,0.0152683244264,0.0105837789661,-0.00848795894197,-0.0103123509776,-1.2,-0.878678814594,-0.477413385635,2023-09-03 23:59:59+00:00,2023-08-31 22:00:00+00:00,0.0194006333424,2023-09-04,2023-09-14 22:00:00+00:00,0.0166237705999
2023-09-04,0.000512637158693,0.0171364077586,0.0601456807082,0.189760817471,0.238999192212,0.0147251257189,0.0157589251435,0.0219381961338,0.0107476370804,0.122870046935,0.144634493462,-0.00334813307001,-0.269113905959,-0.00799319236116,0.0234930887136,0.0353532386153,0.237940653567,0.311784239455,0.0226553877372,0.028645655128,0.0340437515052,0.00641655340997,0.143266997023,0.190183484853,-0.0151450933812,-0.339160076716,0.00901846667855,0.0107797268036,0.0849381228012,0.141580981374,0.166214144969,0.0195254696364,0.0155926927653,0.0183941279382,0.0150308887176,0.101882841697,0.099709525167,0.00844882724114,-0.259468677856,0.0331004974692,0.0195934331678,0.0223690422597,0.133836518663,0.0277436440456,0.0268253623023,0.031121719931,0.0192384228531,0.0134475906586,0.139053102752,0.0266417423537,0.0266761652923,-0.0170116590397,0.000550108942707,1.8370026625,0.0170116590397,0,-0.0391149122922,-0.0240820307906,0.00575799462361,-0.00119450527573,0.00120460157803,-0.2,-0.929666729448,-0.36840164516,2023-09-10 23:59:59+00:00,2023-09-08 05:00:00+00:00,0.0312635717403,2023-09-11,2023-09-21 22:00:00+00:00,0.000512637158693
2023-09-11,0.0194006333424,0.0199132705011,0.0447497179078,0.188817282023,0.243848314091,0.00855980659881,0.0157179729971,0.0219534850149,0.0190583222455,0.123457328614,0.162683589265,-0.00757013314548,-0.254795811876,0.0323451432443,0.0243519508831,0.0427071677398,0.230145254369,0.314110883876,0.0246166245652,0.0286937313204,0.0339070205262,0.0283287505318,0.152627925927,0.22115618807,-0.0134855837479,-0.317435669187,0.00645612344046,0.015474590119,0.0467922680757,0.147489309677,0.173585744307,0.0122789665073,0.0151815294653,0.0184288233165,0.00981514163984,0.094145448328,0.105769194652,-0.00165468254311,-0.254672249723,0.0417036933017,0.0748041907709,0.0386819400973,0.134737017558,0.0324276388594,0.0276715950119,0.05503326168,0.086154981611,0.0484850511146,0.147706920163,0.0374863731228,0.0290406378282,0.0258890198039,0.0066132870413,1.88991771009,0.0258890198039,1,-0.0226881184357,-0.0352475698612,0.0331444663665,-0.001195933825,0.0106478974914,0.6,-0.967189977038,-0.254054223182,2023-09-17 23:59:59+00:00,2023-09-14 22:00:00+00:00,0.00756966721723,2023-09-18,2023-09-28 22:00:00+00:00,0.0194006333424
2023-09-18,0.0312635717403,0.0506642050827,0.0678006128413,0.203880786038,0.258959418453,0.0126646129359,0.0160642066096,0.0222821384656,0.0336108172167,0.13602588623,0.192721368948,-0.0029698020553,-0.23113005683,0.0471966995927,0.079541842837,0.103034931551,0.25953885351,0.342576971096,0.0236288276199,0.0293239186603,0.0341068422287,0.050312569397,0.17660997662,0.267473588068,-0.000593341812024,-0.284448567429,0.015330443888,0.0217865673284,0.0325662941321,0.148222718565,0.175341865811,0.00565679354897,0.0151914751184,0.0186351549197,0.0170611703169,0.0959837152495,0.120960345138,-0.00534626229857,-0.24315801078,0.027804472034,0.0695081653357,0.0891015985036,0.166384122377,0.0245329486261,0.0256089577875,0.0224214847241,0.0774547464041,0.0966931692572,0.164690942052,0.0277113985214,0.0256338057824,0.0318662557047,-0.00164866667632,1.93016071652,0.0318662557047,1,0.0247752148686,-0.012474028146,-0.0233977785576,-0.0456994611854,-0.0295238095238,-1.8,-0.990705095898,-0.136027250809,2023-09-24 23:59:59+00:00,2023-09-21 22:00:00+00:00,-0.00036247933512,2023-09-25,2023-10-05 22:00:00+00:00,0.0312635717403
2023-09-25,0.00756966721723,0.0388332389576,0.0587465094586,0.169964809113,0.252292243859,0.0135224511744,0.0163643854145,0.0217608584642,0.0262201044662,0.122616697305,0.193643134277,-0.00472046831677,-0.225287883469,-0.0136041758804,0.0335925237124,0.0579444745955,0.166991379995,0.302669620824,0.0299071392559,0.0313484430835,0.0341799899282,0.0212283264282,0.134263346223,0.238371808954,-0.00879615987602,-0.294117139376,0.0287435103148,0.0440739542028,0.0595485443218,0.172938238232,0.201914866893,0.00996190884351,0.0153289145554,0.0184799521096,0.0311207245962,0.110329319528,0.149037698832,-0.000644776757511,-0.221088050669,0.0105336638691,0.0383381359032,0.113142326674,0.127001886936,0.0131477651587,0.0256330425483,0.0126407586584,0.0350622433825,0.121217224994,0.124875185127,0.0181321922789,0.0256606960623,-0.0423476861952,-0.0123805209657,2.04491962236,0.0423476861952,0,-0.0262449345387,0.0182098464457,0.0033259238213,0.0313676286073,-0.0146589793916,-2.4,-0.99987150887,-0.0160301512775,2023-10-01 23:59:59+00:00,2023-09-28 22:00:00+00:00,-0.0358072770473,2023-10-02,2023-10-13 05:00:00+00:00,0.00756966721723
2023-10-02,-0.00036247933512,0.00720718788211,0.0578713929648,0.118017073673,0.255951837183,0.0138317534942,0.0159540937414,0.0217299730524,0.011265214413,0.100752100591,0.185083850656,-0.00522075461904,-0.225568649713,-0.0135946315738,-0.0271988074542,0.0523430353829,0.0876962739981,0.312602290813,0.0314042248468,0.0302129652684,0.0344536650356,-0.00533643706251,0.0936761494028,0.211077367854,-0.0109605712169,-0.303648422865,0.0128696729036,0.0416131832184,0.0633997505468,0.148337873348,0.199301383553,0.009374429995,0.0153467347078,0.0183330158738,0.0279867155608,0.107399015093,0.158144504595,0.000519061978783,-0.210998926047,0.00789604892072,0.0184297127898,0.0879378781256,0.110306920385,0.0158358744717,0.0228179512596,0.0127892210835,0.0254299797418,0.102884726146,0.116332316804,0.0200700365821,0.0236737733358,-0.0264643044774,-0.00639058390275,1.96856186555,0.0264643044774,0,-0.0263838526573,0.00497362398285,-0.0105693630064,-0.0492700729927,-0.0288204170557,-2.2,-0.994556455799,0.104199118177,2023-10-08 23:59:59+00:00,2023-10-05 22:00:00+00:00,-0.00394042558847,2023-10-09,2023-10-19 22:00:00+00:00,-0.00036247933512
2023-10-09,-0.0358072770473,-0.0361697563824,0.00266348257519,0.0474132004829,0.211824933388,0.0277802671315,0.0220891243929,0.0231624758508,-0.0249374484054,0.045726332954,0.137265472696,-0.0156283550015,-0.252808327867,-0.0714235851082,-0.085018216682,-0.0514256929697,-0.00871852522988,0.218860103842,0.04843412742,0.0401968384475,0.0378075057955,-0.0624463359347,0.00284547226151,0.121652680289,-0.0296918158456,-0.351649732067,-0.000190968986308,0.0126787039173,0.05675265812,0.103544926196,0.204789762935,0.0118555302693,0.0147858272263,0.0179917653986,0.0134237395518,0.0899965882023,0.151606627252,-0.00156489415729,-0.211149586396,-0.056871762972,-0.0489757140513,-0.0106375781481,0.0280443619492,0.0372044004319,0.0303293508906,-0.0671198610124,-0.054330639929,-0.0192683965465,0.0292166545682,0.041786496617,0.0336289313686,-0.0712326161219,0.0236981100687,2.71842213561,0.0712326161219,1,-0.00430372409578,0.0566807939857,-0.0154636137885,0.00810407336319,-0.0255736444046,-1.6,-0.974836916336,0.222919237727,2023-10-15 23:59:59+00:00,2023-10-13 05:00:00+00:00,0.00468703051809,2023-10-16,2023-10-26 22:00:00+00:00,-0.0358072770473
2023-10-16,-0.00394042558847,-0.0397477026357,-0.0325405147536,0.0352600980877,0.18754033901,0.0190647844756,0.0227354849955,0.0231292560592,-0.0209089476056,0.0275349867699,0.126688988448,-0.0225613086122,-0.255746787857,0.000215551683334,-0.0712080334249,-0.098406840879,0.00462809067157,0.178935113083,0.0318867056849,0.0397910199215,0.0377179247156,-0.0389446783765,-0.00946039580746,0.115637503752,-0.0383659496877,-0.351509964012,-0.00809640286028,-0.00828737184658,0.0333258113718,0.0658921055039,0.196145564936,0.0161219689492,0.0156931438303,0.0181104660727,-0.00296102037123,0.0654248627657,0.136394938728,-0.00675666753677,-0.21751065152,0.00163713228751,-0.0552346306845,-0.0368049178946,0.0522966806089,0.0319986082688,0.0292287587804,-0.00552962212089,-0.0726494831333,-0.0472195033915,0.0494736658657,0.0378663660935,0.0324540817669,0.00831195454361,0.00888693099986,2.53540558516,0.00831195454361,0,0.00574517380423,-0.00973353514779,-0.0272319978112,-0.00698117199069,0.012694862856,0.4,-0.94099849502,0.338410745058,2023-10-22 23:59:59+00:00,2023-10-19 22:00:00+00:00,-0.0198048439956,2023-10-23,2023-11-02 23:00:00+00:00,-0.00394042558847
2023-10-23,0.00468703051809,0.000746604929617,-0.0354231514528,0.0233233580059,0.176027301802,0.0183129077883,0.0228843751884,0.0220345974009,-0.00750823841847,0.019297466212,0.124457601723,-0.0223963495403,-0.25225026258,0.0289186571091,0.0291342087925,-0.0558840078895,0.00206046670596,0.19005066974,0.0421968487149,0.0400038986599,0.0358924468065,0.00351785757234,0.00594710426976,0.138315128362,-0.0285902842601,-0.332482707677,-0.019544596073,-0.0276409989332,-0.014962295016,0.0445862493058,0.162003933864,0.0136288952437,0.0184047448229,0.0186660634867,-0.0186424309725,0.0323941142437,0.109421294504,-0.0162024148205,-0.232655606652,0.0217780165536,0.0234151488411,-0.0255605652101,0.0875817614639,0.0346908806257,0.0291050661327,0.0345986890323,0.0290690669114,-0.0252615730175,0.095955651976,0.0437292775837,0.0331535409234,0.0484632531821,0.00483445922398,2.17344633671,0.0484632531821,0,-0.00568003192318,-0.0413226126266,-0.0148189816565,0.00830847890925,-0.0134450506625,-0.5,-0.893531284773,0.4490009389,2023-10-29 23:59:59+00:00,2023-10-26 22:00:00+00:00,-0.0164729839687,2023-10-30,2023-11-16 06:00:00+00:00,0.00468703051809
2023-10-30,-0.0198048439956,-0.0151178134775,-0.0548655161132,0.00300587685159,0.114736813665,0.0178823183576,0.0229607647213,0.02085198909,-0.013435998666,-0.00894904528439,0.094578413862,-0.0225422877718,-0.266913647171,-0.0396096879912,-0.0106910308821,-0.0818990643069,-0.0295560289241,0.0714976841138,0.0440822220417,0.0375564085758,0.0349564519939,-0.0151866917391,-0.0380560514666,0.0844431542829,-0.0259745879316,-0.358406062131,0,-0.019544596073,-0.0278319679196,0.0355677826273,0.157975943216,0.0092000875814,0.0185915195258,0.0179773918582,-0.0117999480082,0.0205507469903,0.103618975612,-0.0191099876119,-0.232655606652,-0.0288323282891,-0.00705431173555,-0.06228894242,0.0256489357056,0.0345093451029,0.0286671306045,-0.0326777410092,0.00192094802312,-0.0707285351102,0.0321561910357,0.0430113360392,0.0328383161723,-0.0396096879912,-0.0202694057993,2.01997413657,0.0396096879912,0,-0.00693194698199,0.0288323282891,-0.00706593985029,-0.0323262201563,0.004081901376,-0.2,-0.833122768723,0.55308810531,2023-11-05 23:59:59+00:00,2023-11-02 23:00:00+00:00,-0.035490083404,2023-11-06,2023-11-16 23:00:00+00:00,-0.0198048439956
2023-11-06,-0.0164729839687,-0.0362778279643,-0.0355312230347,-0.0328677404595,0.0466785735911,0.0113353327085,0.0199619031643,0.0192821871,-0.0209632314994,-0.0284634851651,0.068418052265,-0.0124734652657,-0.278890845964,-0.0250186039719,-0.0646282919631,-0.0354940831706,-0.0869197761403,-0.0192213942807,0.030090062778,0.0336650022014,0.0336901166499,-0.0311137247215,-0.0605081572073,0.0478423650593,-0.00739495200183,-0.37425871428,-0.00792736396552,-0.00792736396552,-0.0355683628988,0.0211842952213,0.112578541463,0.00804381676711,0.0176809218759,0.0167988440323,-0.0108241876816,0.00416537700645,0.088410157475,-0.0175519785295,-0.238714577382,-0.0183326485829,-0.047164976872,-0.0237498280309,-0.034387406179,0.0223855443154,0.0287674265448,-0.0383571957683,-0.0710349367775,-0.041965869866,-0.0612342664125,0.0332990073417,0.0345170055465,-0.0170912400064,0.0151231102751,1.90392212101,0.0170912400064,1,0.0133385917964,0.0104052846173,-0.029597016937,0.0262008733624,-0.00104911153367,-0.2,-0.760647863164,0.649164715819,2023-11-12 23:59:59+00:00,2023-11-16 06:00:00+00:00,,2023-11-13,2023-11-23 23:00:00+00:00,-0.0164729839687
2023-11-13,-0.035490083404,-0.0519630673727,-0.0670808808502,-0.0996213956039,-0.0236081059558,0.0165342490779,0.0203207779612,0.0210429188479,-0.0393552544953,-0.0607202891332,0.0247514571942,-0.0149542120621,-0.304034260002,-0.0666278767876,-0.0916464807595,-0.102337511642,-0.200744352521,-0.110840485188,0.0402168250423,0.0370788289195,0.0365758922093,-0.0708769422535,-0.114043460359,-0.0252475868116,-0.0170581867421,-0.414591948919,-0.00435229002042,-0.0122796539859,-0.0318242500589,0.00150156131289,0.0636242732766,0.0083781668752,0.0142726871207,0.0151612362716,-0.00721567855561,-0.00491305682415,0.0763016076773,-0.0128502373822,-0.242020712481,-0.054611537713,-0.0729441862959,-0.0799984980314,-0.116803415926,0.0317498099375,0.0318087221583,-0.0508825455996,-0.0892397413678,-0.0873187933447,-0.134538296736,0.0383799819191,0.0367183688022,-0.0622755867672,0.0298855534613,2.59770503626,0.0622755867672,1,-0.015745331188,0.0502592476926,-0.0131665447542,0.0112765957447,0.010764686577,0.9,-0.677156245853,0.735839261457,2023-11-19 23:59:59+00:00,2023-11-16 23:00:00+00:00,-0.0034447060083,2023-11-20,2023-11-30 23:00:00+00:00,-0.035490083404
2023-11-20,-0.0168422727366,-0.0523323561406,-0.0886101841049,-0.124033335558,-0.0486630554991,0.00901587554825,0.0204779023362,0.021496013064,-0.0342686075746,-0.0731236846149,0.00203002246773,-0.0184092340648,-0.31565774708,-0.00919259240703,-0.0758204691946,-0.140448761158,-0.196332769047,-0.106902013377,0.0244074580143,0.037054150337,0.0366929020013,-0.0462798622011,-0.115410928405,-0.0389785832407,-0.0268889584912,-0.419948707553,-0.0244919530662,-0.0288442430866,-0.0367716070521,-0.0517339020681,0.0095759023788,0.010702079573,0.0143617656059,0.0159709410026,-0.0223669387438,-0.0296793608708,0.0437733528152,-0.00992950963831,-0.260359611177,-0.0192453113612,-0.0738568490742,-0.121021825946,-0.146582391156,0.0169176498621,0.0316566027073,-0.0122210580514,-0.063103603651,-0.134138540428,-0.159400113446,0.016116347024,0.0362651250665,0.0152993606591,0.0320542525973,2.57987572544,0.0152993606591,1,0.00302846564438,-0.00524664170496,-0.00955160022143,0.0389227856091,0.00681862458601,0.9,-0.583857153189,0.811856406435,2023-11-26 23:59:59+00:00,2023-11-23 23:00:00+00:00,-0.0163338096544,2023-11-27,2023-12-07 23:00:00+00:00,-0.0168422727366
2023-11-27,-0.0034447060083,-0.0202869787449,-0.0722500461176,-0.127115562231,-0.0687315321073,0.0131835260872,0.0195499885631,0.0214660637443,-0.0199217409276,-0.0716177373295,-0.00697339513544,-0.0127754705981,-0.318011049406,0.0138339487109,0.00464135630387,-0.0870051244556,-0.168904188763,-0.124554345741,0.0339048348649,0.0357792128697,0.0366021012616,-0.0112662996466,-0.0948046330491,-0.031196651058,-0.0121701775954,-0.411868546319,-0.0207233607275,-0.0452153137936,-0.0574949677796,-0.0853269356991,-0.0129087184738,0.00974134047426,0.0155341424655,0.0167862623,-0.0286568846455,-0.0486771148182,0.0168884512212,-0.0133807636008,-0.27552971509,-0.00376648279548,-0.0230117941567,-0.0959559804525,-0.158244922873,0.0216116242744,0.0315178333566,0.000571443429665,-0.0116496146217,-0.10088935599,-0.1716178911,0.023560724263,0.036199707084,0.0345573094384,-0.00510314792792,2.30311456423,0.0345573094384,0,0.0132625052812,-0.016956877932,0.049421661409,0.0121506682868,0.0334107327141,2.8,-0.48210186644,0.876115169584,2023-12-03 23:59:59+00:00,2023-11-30 23:00:00+00:00,-0.0503084482484,2023-12-04,2023-12-14 23:00:00+00:00,-0.0034447060083
2023-12-04,-0.0163338096544,-0.0197785156627,-0.0721108718033,-0.107642094838,-0.0855779789204,0.0131893018543,0.0196913443014,0.021619481307,-0.018102009247,-0.080889123574,-0.0282548437454,-0.0114447964954,-0.329060045364,-0.0246220772274,-0.0107881285165,-0.0866085977112,-0.122102680882,-0.141183230607,0.0338926749458,0.0360141911339,0.0364980364363,-0.0137959847152,-0.107627359806,-0.0601185890156,-0.0107919009196,-0.426172742235,-0.00804554208142,-0.0287689028089,-0.0576131458955,-0.0931815087942,-0.0299727272337,0.00971541688329,0.0153373892758,0.0169950206733,-0.0224755965184,-0.0542113293793,0.00377959293145,-0.0120976920713,-0.281335086259,-0.00868746773314,-0.0124539505286,-0.0863107996028,-0.110060627634,0.0229497423153,0.0296181130822,-0.0200119454884,-0.0194405020587,-0.0825441057097,-0.124509975576,0.0218770036763,0.0349522726336,-0.016576535146,0.0211114726343,2.34797738448,0.016576535146,1,-0.00461013173905,0.000641925651726,0.0114372889924,0.0144057623049,0.0111721383098,0.7,-0.373364140702,0.927684870222,2023-12-10 23:59:59+00:00,2023-12-07 23:00:00+00:00,-0.020000271734,2023-12-11,2023-12-21 23:00:00+00:00,-0.0163338096544
2023-12-11,-0.0503084482484,-0.0666422579028,-0.0869292366477,-0.154010117498,-0.155287060511,0.0200340410915,0.0214397769703,0.0241726254996,-0.0460540944818,-0.115999968955,-0.0787076110436,-0.00978715066106,-0.361978999891,-0.0889182146946,-0.113540291922,-0.108898935618,-0.21123644726,-0.262446588546,0.0440599324363,0.0394329231642,0.0406569823821,-0.0736612339011,-0.167866114748,-0.141512999071,-0.00703653478561,-0.474993737195,-0.0116986818022,-0.0197442238836,-0.0649595376772,-0.0967837877361,-0.0481275324764,0.00765871974329,0.0152996048345,0.0172804238526,-0.017924200394,-0.061885418444,-0.0123384685712,-0.0125377665365,-0.289693531684,-0.062890392115,-0.0715778598481,-0.0945896540048,-0.174588152036,0.0269471164619,0.0297631346626,-0.0655227479673,-0.0855346934557,-0.0971843080774,-0.184503101422,0.0287645142307,0.033116666944,-0.0772195328924,0.0304995352929,2.57721335795,0.0772195328924,1,-0.0233954667273,0.0511917103128,0.0133339283324,-0.0163708086785,-0.00641935682983,-0.3,-0.259218860015,0.96581860751,2023-12-17 23:59:59+00:00,2023-12-14 23:00:00+00:00,0.0218891784251,2023-12-18,2023-12-29 06:00:00+00:00,-0.0503084482484
2023-12-18,-0.020000271734,-0.0703087199824,-0.0900872356451,-0.17869741975,-0.206550903986,0.0198383690976,0.0171067883313,0.0244483302526,-0.043873705259,-0.120048060477,-0.0985493102678,-0.00663327783547,-0.37461283209,-0.0185414733705,-0.107459688065,-0.118247816582,-0.258696577739,-0.328184761509,0.0430202410948,0.0338981669092,0.0407000739869,-0.0639688452363,-0.162716757966,-0.157674069048,-0.00431697249085,-0.484638437056,-0.0214590700975,-0.0331577518997,-0.0619266547086,-0.0986982617607,-0.0849170464619,0.0066536113436,0.0148825762004,0.017924781406,-0.023787491673,-0.0760181178945,-0.0364044710087,-0.00894958318008,-0.304773666458,-0.00533123458532,-0.0682216267003,-0.0806755772289,-0.201697403175,0.028554887384,0.0271801181253,-0.00840794613755,-0.0739306941049,-0.0933711961636,-0.227509736592,0.0293552011349,0.0311751895439,0.00291759672701,-0.0309840528839,2.27755523624,0.00291759672701,1,-0.010133527233,-0.0161278355122,0.0130792062639,-0.0228594345298,0.0250357209418,2.2,-0.141319227808,0.989964078061,2023-12-24 23:59:59+00:00,2023-12-21 23:00:00+00:00,-0.016584697114,2023-12-25,2024-01-05 06:00:00+00:00,-0.020000271734
2023-12-25,0.0218891784251,0.00188890669104,-0.0647533512118,-0.137003397329,-0.192231392778,0.0296008512336,0.0190892679233,0.0246465962886,-0.00647590078595,-0.0871886669572,-0.0804992628981,-0.00140130758927,-0.360772698818,0.0653434120975,0.046801938727,-0.066738353195,-0.153743477651,-0.249237173531,0.0632791207903,0.0422101263861,0.0423737952673,0.0167670344636,-0.0884388583922,-0.102410701253,0.00248750197289,-0.449838357557,-0.0215650552474,-0.0430241253449,-0.0627683492285,-0.120263317008,-0.135225612024,0.00688396165853,0.0109727971116,0.018586248294,-0.0295996681102,-0.0865302165648,-0.0591635346635,-0.00529011715143,-0.319605758505,0.0587845486915,0.0534533141062,-0.0181245457419,-0.114080526194,0.0497748060551,0.0337138365914,0.0434553726953,0.0350474265577,-0.050487266898,-0.151376622888,0.0447792005588,0.0347090738019,0.0869084673449,-0.0570757116361,3.84644676376,0.0869084673449,0,0.0218880394023,-0.0803496039389,0.00644213381555,0.0498666119434,0.00351515151515,0.9,-0.0213728230102,0.999771575129,2023-12-31 23:59:59+00:00,2023-12-29 06:00:00+00:00,0.000592407079984,2024-01-01,2024-01-11 23:00:00+00:00,0.0218891784251
2024-01-01,-0.016584697114,0.00530448131107,-0.0650042386713,-0.137115110475,-0.208453610557,0.0296015280223,0.0185914914065,0.0248975605155,-0.00651647050791,-0.0875981888255,-0.0970800439933,-0.000216166548094,-0.371286663546,-0.033169394228,0.0321740178695,-0.0752856701956,-0.161894267907,-0.268811936186,0.0637788426858,0.0423435148409,0.0426479509366,0.00287734318324,-0.0993368479921,-0.132935506448,0.00185642369615,-0.467787558281,0,-0.0215650552474,-0.0547228071471,-0.112335953043,-0.148095284928,0.010226697865,0.00912285718,0.0184029290118,-0.0161746645676,-0.0761682970728,-0.0608599064761,-0.00228875679234,-0.319605758505,-0.00841291259284,0.0503716360987,-0.0178499906016,-0.104160790204,0.049767352768,0.0331721907867,0.00391160554085,0.0473669782361,-0.0265637158688,-0.109107821578,0.0450599096879,0.0341765400523,-0.033169394228,-0.00269788083025,4.64096642523,0.033169394228,0,-0.0370809997689,0.00841291259284,0.0871593314041,0.0224784988272,0.00730764585095,0.2,0.120128619955,0.992758336489,2024-01-07 23:59:59+00:00,2024-01-05 06:00:00+00:00,0.0110861584014,2024-01-08,2024-01-19 06:00:00+00:00,-0.016584697114
2024-01-08,0.000592407079983,-0.015992290034,-0.014103383343,-0.101032619991,-0.172053926429,0.0191904817609,0.0181000100075,0.0248630522903,-0.00240646585421,-0.0748600763679,-0.0977673820597,0.0097090715819,-0.37091409897,0.00376213517427,-0.0294072590537,0.0173946796733,-0.0915042559449,-0.193626215903,0.0434060917137,0.0398988544415,0.0424436049171,0.00230762790415,-0.0823075933149,-0.130392705046,0.0192429942186,-0.465781532029,-0.0025773210143,-0.0025773210143,-0.0456014463592,-0.110560984036,-0.150481636956,0.0117233798223,0.00889998107628,0.0183613656588,-0.00734501487191,-0.067816195401,-0.0650577794295,0.000175148945242,-0.321357095034,-0.0332911069808,-0.0417040195737,0.0117492945325,-0.0828403594723,0.0392793781726,0.0312332764304,-0.014006358796,-0.0100947532551,0.0249526733026,-0.0722316347749,0.025915778609,0.030650525224,0.00633945618857,-0.00249671283305,4.48252322969,0.00633945618857,0,0.0177684939703,0.0307137859665,0.0518692145723,-0.0122347543491,-0.0096528568859,-0.6,0.238517377822,0.971138229335,2024-01-14 23:59:59+00:00,2024-01-11 23:00:00+00:00,0.00298829148105,2024-01-15,2024-01-25 23:00:00+00:00,0.000592407079984
2024-01-15,0.0110861584014,0.0116785654814,0.0169830467924,-0.0731041888527,-0.15702734244,0.0163843034146,0.0191900199834,0.0246481873361,0.00444905207387,-0.0529598859424,-0.0886704124104,0.0163247880396,-0.363901151526,0.0238544029858,0.02761653816,0.0597905560296,-0.0584572605521,-0.169987364601,0.0410667293288,0.0411634893745,0.041959823826,0.0114400243187,-0.0473925614402,-0.10967100985,0.0280235901305,-0.452884859749,-0.00168208618299,-0.00425940719729,-0.0258244624447,-0.0877511171533,-0.144067320278,0.010129131095,0.00927867955618,0.0183740548028,-0.00254860909862,-0.0589436692719,-0.0683263439667,0.0046259859487,-0.322497671345,0.0195781626943,-0.0137129442865,0.0366586918121,-0.0440168854168,0.0395054325391,0.0322839191178,-0.00640040933235,-0.0204067681283,0.0269602101078,-0.0664109860558,0.0255545179833,0.0306345001943,0.0255364891687,-0.0105133819595,4.43587401109,0.0255364891687,0,0.0302548123181,-0.0212602488773,0.0179026007871,-0.051287013741,0.00817290228841,-0.3,0.353451610506,0.935452809623,2024-01-21 23:59:59+00:00,2024-01-19 06:00:00+00:00,0.0220958787463,2024-01-22,2024-02-01 23:00:00+00:00,0.0110861584014
2024-01-22,0.00298829148105,0.0140744498824,-0.00191784015158,-0.0666711913633,-0.158726081477,0.0116378175342,0.0190717588536,0.0244614903326,0.00794246602537,-0.0380348730698,-0.0864938750267,0.0117302385372,-0.361997459779,0.00794294227847,0.0317973452642,0.0023900862105,-0.0643482669845,-0.190963079431,0.0241181613474,0.0397676547655,0.0418401040299,0.018885884344,-0.0246372038329,-0.102542741299,0.0152869892012,-0.448521851146,-0.00196635931636,-0.00364844549935,-0.00622576651365,-0.0689941157422,-0.126489083522,0.00110280314475,0.00922334390901,0.0182063086698,-0.00295836956273,-0.0515529723293,-0.0713153947826,0.00817348787326,-0.323828575414,0.0215517968868,0.0411299595811,-0.000574059992553,-0.0186986057345,0.0259921585587,0.0322648225693,0.0182620499493,0.011861640617,0.00176688736185,-0.0487203795361,0.0139662209141,0.0288104229824,0.00990930159484,0.00159136577032,4.31116349929,0.00990930159484,0,-0.0103191076709,-0.0235181562032,-0.0105155358322,-0.0820073439412,-0.0826878039993,-7.1,0.463266687928,0.886218920954,2024-01-28 23:59:59+00:00,2024-01-25 23:00:00+00:00,0.0129354940685,2024-01-29,2024-02-08 23:00:00+00:00,0.00298829148105
2024-01-29,0.0220958787463,0.0250841702273,0.0367627357087,-0.0282415029626,-0.116825358735,0.00970458506065,0.021112631781,0.0234415246329,0.0209680621133,-0.00723582178794,-0.066014362327,0.0181772499837,-0.34774333423,0.0352477389209,0.0431906811994,0.0708072193594,-0.00447845083613,-0.116105652519,0.0145517931953,0.0412505099033,0.0393439779449,0.0367399866164,0.0201161030418,-0.0688264453762,0.0266330088798,-0.428736853489,0.00894401857161,0.00697765925524,0.00271825205795,-0.0520045550891,-0.11754506495,0.00552228247332,0.0102823967105,0.018260507088,0.00531284919027,-0.0341637737835,-0.0643081781672,0.00972149108758,-0.317753759498,0.0271411808303,0.0486929777171,0.0349800334306,0.017130042829,0.028206531275,0.0334068024822,0.0401666320818,0.0584286820311,0.0380219139028,0.011458198034,0.0246481077251,0.0318076199736,0.0263037203493,-0.0129639372522,4.01137008174,0.0263037203493,1,-0.00491889316085,-0.0181971622587,-0.0190571188576,-0.0255555555556,-0.0280178057083,-2.6,0.56637212241,0.824149633839,2024-02-04 23:59:59+00:00,2024-02-01 23:00:00+00:00,0.0230859243547,2024-02-05,2024-02-15 23:00:00+00:00,0.0220958787463
2024-02-05,0.0129354940685,0.0350313728148,0.0491058226972,0.0350024393543,-0.0874168806974,0.00784309043575,0.0218077228914,0.0211473420706,0.0216025670832,0.012847305438,-0.0524205480227,0.0190008311126,-0.339251265861,0.00985773270105,0.045105471622,0.0769028168862,0.0942974965595,-0.0812293158463,0.012821727076,0.0412511701334,0.0369690577988,0.0271102012159,0.0371770888098,-0.0559938351392,0.0254741131328,-0.423077646441,0.016013255436,0.0249572740076,0.0213088285083,-0.024292617851,-0.0936044455486,0.00874831903202,0.0124202906594,0.0170148149513,0.0160698504334,-0.0112485161684,-0.0498571518061,0.0125275490923,-0.306740835124,0.00312951335583,0.0302706941862,0.0714006537673,0.0831499482998,0.010323252308,0.0333159203812,-0.00765058350231,0.0325160485795,0.0443776891965,0.069330362499,0.0227597059449,0.030512896572,-0.00615552273497,0.000485992547169,3.32100514065,0.00615552273497,1,0.0175083162034,0.0128837420802,-0.0246263236362,-0.00638540478905,-0.000538793103448,-0.5,0.661274604227,0.750143918062,2024-02-11 23:59:59+00:00,2024-02-08 23:00:00+00:00,0.0113079040929,2024-02-12,2024-02-23 06:00:00+00:00,0.0129354940685
2024-02-12,0.0230859243547,0.0360214184233,0.0611055886506,0.078088635443,-0.0288408729387,0.00938032360087,0.0214168446891,0.0204552547662,0.0295116155704,0.0389256173581,-0.028338877309,0.0174949258502,-0.323819831459,0.0288936939166,0.0387514266176,0.081942107817,0.141732663847,0.0142922548579,0.0136490123556,0.0379773189407,0.0370985898699,0.0356839705927,0.0663394417823,-0.0246252644686,0.0193861227344,-0.406165071765,0.0172781547929,0.0332914102289,0.0402690694842,0.0144446070395,-0.0719740007353,0.00882083765102,0.0141605625239,0.0149103476743,0.0233395695455,0.01182694622,-0.0329963278543,0.0156037289661,-0.294658516457,-0.0129697812604,-0.00984026790458,0.0388527098126,0.0755114016247,0.0182733819234,0.02999300847,-0.00975953857247,-0.0174101220748,0.0410185599564,0.0679787700641,0.0236643913718,0.0274571002776,0.0116155391237,-0.0141628170835,2.68171812798,0.0116155391237,1,0.038653232489,0.0302479360533,-0.015010895637,-0.0644939178334,-0.0200808625337,-1.8,0.746599629698,0.665273622605,2024-02-18 23:59:59+00:00,2024-02-15 23:00:00+00:00,-0.0143278879373,2024-02-19,2024-02-29 23:00:00+00:00,0.0230859243547
2024-02-19,0.0113079040929,0.0343938284476,0.0694252012624,0.0675073611109,-0.000690696109191,0.00609422732513,0.021237406049,0.0205260577352,0.0233529257815,0.0507990452251,-0.0154063274123,0.0174094307855,-0.316130256412,0.00584064406591,0.0347343379825,0.0798398096044,0.0822298958149,0.0293254913308,0.0143170977608,0.0378665317607,0.0370925211183,0.0213393811341,0.0700343699594,-0.0159164022102,0.0177041453757,-0.402686544785,0.0167751641199,0.0340533189128,0.0590105929204,0.0527848264068,-0.0307068835492,0.00390717557665,0.0141826134261,0.0140730858972,0.0253647492437,0.0314895316437,-0.0158429429125,0.0171147161954,-0.282726496323,0.0354119556035,0.0224421743431,0.0527128685292,0.0521388085367,0.0221660231674,0.0311636068809,0.0407335115396,0.0309739729671,0.0634900215466,0.0652569089084,0.028393729397,0.0297871588558,-0.010934520054,-0.000253894859482,2.66973800139,0.010934520054,1,-0.0348928674737,-0.0186367914836,-0.0318958451046,0.0233071638862,0.00220052262412,0,0.821111408578,0.570767951713,2024-02-25 23:59:59+00:00,2024-02-23 06:00:00+00:00,-0.00591297142877,2024-02-26,2024-03-07 23:00:00+00:00,0.0113079040929
2024-02-26,-0.0143278879373,-0.00301998384436,0.0330014345789,0.0697641702876,-0.0115738780382,0.01592869849,0.021593756533,0.0203052330547,0.0006029600077,0.0368123791242,-0.0263737369892,0.00914065695535,-0.325858804261,-0.049587867866,-0.0437472238001,-0.00499579718246,0.065811422177,-0.034096325246,0.0337582123706,0.0402603964183,0.0374845763275,-0.0268872408991,0.0210416768675,-0.0576895324722,0.00137384495408,-0.431583651373,0.0209320919915,0.0377072561114,0.0709986663403,0.0737169183982,0.0109485691697,0.00218440942213,0.0143926021662,0.0147015238823,0.028600432906,0.0523798576001,0.0050508635868,0.0169074689566,-0.267554221612,0.00677440600481,0.0421863616083,0.0323460937037,0.0673261271343,0.0201357129805,0.0311289681358,0.00696720341766,0.0477007149572,0.0302905928824,0.0683125067852,0.0233249573246,0.0298290570178,-0.0705199598574,0.00473179473386,2.79710359877,0.0705199598574,0,-0.0565550712836,0.0141576859866,-0.00419232065499,0.0282905777991,0.00686153423906,0.9,0.883730762406,0.467995661922,2024-03-03 23:59:59+00:00,2024-02-29 23:00:00+00:00,-0.0120474843083,2024-03-04,2024-03-14 23:00:00+00:00,-0.0143278879373
2024-03-04,-0.00591297142877,-0.020240859366,0.0141529690816,0.0632587917788,-0.0011530398125,0.01684244211,0.0211617888393,0.0202987501962,-0.00876021919892,0.0307941144298,-0.028838207029,0.00362693764059,-0.329833220007,-0.00687751288034,-0.0564653807463,-0.0217310427639,0.0551717741224,-0.0163517608989,0.032950245013,0.0397499556399,0.0374829632682,-0.0283996995504,0.0153492583122,-0.0583650837245,-0.00417493292951,-0.435479529799,-0.0049484299772,0.0159836620142,0.050036980927,0.0713458094353,0.0140456812739,0.0117849527449,0.0142582302612,0.0146108391778,0.0108984902378,0.0460098917609,0.000707700225506,0.0114288082107,-0.271169725348,-0.00900321546332,-0.00222880945851,0.0202133648846,0.0916140186519,0.0219622954251,0.0311390850115,0.0109356989254,0.0179029023431,0.0488768753102,0.0932545645066,0.0210187357289,0.0291822102195,-0.00192908290314,0.00914098781703,2.78766489577,0.00192908290314,1,-0.0178132118058,0.00405478548612,-0.0341007586201,0.0130566565633,0.0404797601199,3.4,0.933550754601,0.358445237914,2024-03-10 23:59:59+00:00,2024-03-07 23:00:00+00:00,0.00121208263423,2024-03-11,2024-03-21 23:00:00+00:00,-0.00591297142877
2024-03-11,-0.0120474843083,-0.017960455737,-0.0209804395814,0.0401251490692,0.0371079241276,0.011593352488,0.0154979486255,0.01982109094,-0.0155199175688,0.0155519187127,-0.0360051735414,-0.00809956559747,-0.337858603862,-0.0149242661785,-0.0218017790588,-0.0655490028589,0.0163931049581,0.0576421876172,0.0237271695393,0.0303342132254,0.0366835582551,-0.027018951207,-0.00398436660748,-0.0647292929321,-0.0208212651468,-0.443842026281,-0.00917070243803,-0.0141191324152,0.0235881236961,0.0638571931803,0.0165736606381,0.0151552791018,0.0140856130909,0.0146298301432,-0.00414335030225,0.0351046022185,-0.00721378969978,0.00462213395187,-0.277823056435,0.0161992617518,0.00719604628849,0.0493824078968,0.0882351177093,0.0185626649842,0.024099272066,-0.000653660522068,0.0102820384033,0.0579827533606,0.0990013133169,0.0181409090828,0.0205688629681,-0.00575356374045,0.00171364838492,2.15340714121,0.00575356374045,1,-0.0142706056564,-0.0253699641898,0.00758909494915,0.0499424626007,0.0255436206445,1.9,0.969849825926,0.243703334306,2024-03-17 23:59:59+00:00,2024-03-14 23:00:00+00:00,0.0015552613419,2024-03-18,2024-03-28 23:00:00+00:00,-0.0120474843083
2024-03-18,0.00121208263423,-0.010835401674,-0.0310762610401,0.0383489402224,0.0583202784959,0.0069624977863,0.0139283378664,0.0184802877834,-0.00659925608138,0.012298100046,-0.0290771731711,-0.0122552405289,-0.337055547187,0.0085776834296,-0.00634658274888,-0.0628119634952,0.0170278461093,0.0847613444173,0.0246050909865,0.0295447370987,0.0351125963795,-0.0027766899264,-0.00167375411145,-0.047144167223,-0.0222230942905,-0.439050960498,-0.00615351816114,-0.0153242205992,0.000659441415074,0.0596700343355,0.0318792125745,0.0139582506975,0.0125869709507,0.0142600741552,-0.0104139740849,0.0262065817326,-0.0112603258988,-0.00228738676734,-0.282253340476,-0.0130708523179,0.00312840943396,0.000899599975444,0.0536124685047,0.0136627401716,0.024578921643,0.0113032286978,0.0106495681757,0.0285524705188,0.0920424920654,0.00555310100576,0.0198906177374,0.0147312015907,-0.00445311621942,2.3470611121,0.0147312015907,0,-0.00272554526817,0.00691733415671,0.00529271064819,0.0280578693555,0.00811086984289,1,0.992102245058,0.12543179561,2024-03-24 23:59:59+00:00,2024-03-21 23:00:00+00:00,-0.0131922312186,2024-03-25,2024-04-04 22:00:00+00:00,0.00121208263423
2024-03-25,0.0015552613419,0.00276734397613,-0.0151931117609,0.017808322818,0.0379863614127,0.00648807701825,0.012916087002,0.0183446724931,-0.00124987670008,0.0109349208453,-0.0214621646935,-0.0067203057412,-0.336023693115,0.00914406987103,0.0177217533006,-0.00408002575819,-0.00907582294066,0.0285620021908,0.0118752251721,0.0237670118067,0.0352856661985,0.00742005529088,0.00530306738596,-0.0295286296054,-0.00321708353115,-0.433898080042,-0.00603354718724,-0.0121870653484,-0.0263061977636,0.0446924685767,0.0474107206346,0.00181238421899,0.01071526934,0.0128149217911,-0.00987670102196,0.0163409539143,-0.0137863212179,-0.0102235279513,-0.286570860736,0.0159394916823,0.00286863936443,0.0100646856529,0.0424107793566,0.0157381073731,0.0196718995765,0.0289200402347,0.0402232689325,0.0505053073359,0.0807959002183,0.0121990706199,0.0182262163094,0.0151776170583,-0.00551803176419,2.21784382723,0.0151776170583,0,-0.0197759703637,-0.0219730388695,-0.00999814380453,0.0264392324094,0.00931263858093,0.9,0.999985722936,0.00534358719969,2024-03-31 23:59:59+00:00,2024-03-28 23:00:00+00:00,0.0167206001375,2024-04-01,2024-04-11 22:00:00+00:00,0.0015552613419
2024-04-01,-0.0131922312186,-0.0116369698767,-0.0224723715507,-0.00831940246914,0.0413788273081,0.00809964925286,0.0125172393586,0.0183613974321,-0.00878808266309,-0.005407976226,-0.0277195574727,-0.00880107960369,-0.344725497768,-0.0317745861471,-0.022630516276,-0.0289770990249,-0.0507081417888,0.0299568102717,0.0198295288701,0.0235965872519,0.0355699026558,-0.0170360806414,-0.0282861864706,-0.0506186464649,-0.00954864477713,-0.451602962035,0.00539012370985,-0.00064342347739,-0.0159676440766,0.0340693368505,0.0528008443445,0.00642088467154,0.0106665645351,0.0125160768524,-0.000521752814529,0.0177196958284,-0.00466095743541,-0.00805351443025,-0.282715006988,-0.000908677936218,0.0150308137461,0.01815922318,0.0383725880646,0.0142093514475,0.0193431416768,-0.000694769621205,0.0282252706135,0.0388748387892,0.0877517140994,0.0139908113936,0.0183867352772,-0.0371647098569,0.00104467265321,2.21199385991,0.0371647098569,0,-0.0310798165259,0.00629880164607,-0.0108064804793,-0.0432073120066,-0.00219683655536,-0.1,0.99338608057,-0.114822014132,2024-04-07 23:59:59+00:00,2024-04-04 22:00:00+00:00,0.00113763572204,2024-04-08,2024-04-18 22:00:00+00:00,-0.0131922312186
2024-04-08,0.0167206001375,0.00352836891893,0.00629571289506,-0.0146847266863,0.0575070203656,0.0122146416979,0.0130279255329,0.0178828425099,0.00633347768356,0.00698397741216,-0.00674185747881,-0.00284968872744,-0.333676801836,0.0334895389168,0.00171495276977,0.0194367060704,-0.0461122967885,0.0596842140143,0.0270426688943,0.0251396076778,0.034149642039,0.0114927658178,0.000327446185812,-0.0129442156456,0.000268083131886,-0.432926409039,-4.83386417493e-05,0.0053417850681,-0.00684528028028,0.0167428434158,0.055329826717,0.00552602274465,0.0105579019105,0.0125176916539,0.00114811712447,0.0134003347849,-0.000891100970836,-0.00596746058676,-0.282749678733,0.0515613237325,0.0506526457963,0.0535212851607,0.102903693058,0.0280961348749,0.0193388686408,0.0428426150939,0.0421478454727,0.0823711144053,0.140353867766,0.019182057215,0.0191800066689,0.0335378775586,-0.00669606014945,2.38089224532,0.0335378775586,0,-0.00935307617711,-0.0516096623743,0.0142932221351,0.00716456795484,-0.00723406932126,-0.3,0.97239890274,-0.233324610683,2024-04-14 23:59:59+00:00,2024-04-11 22:00:00+00:00,-0.0189335998561,2024-04-15,2024-04-25 22:00:00+00:00,0.0167206001375
2024-04-15,0.00113763572204,0.0178582358596,0.00622126598287,-0.0248549950572,0.0475584976863,0.012215433527,0.0128954676233,0.0179158267403,0.00590765723773,0.0045121953436,-0.00119205460331,-0.00210302948015,-0.332918337417,-0.00666527383133,0.0268242650855,0.00419374880947,-0.0586182146857,0.0291645371972,0.0274154247852,0.0246102606392,0.0341330426259,0.00371816341262,-0.00849623103128,-0.0138777210575,-0.00119498873588,-0.436693541375,0.00894054527541,0.00889220663366,0.00824878315627,0.00890822457135,0.0659524581754,0.00654171755796,0.0104707234771,0.0127204287547,0.00804782720409,0.0173939320095,0.0112671532093,-0.00301107022442,-0.27630831803,0.0182951995638,0.0698565232964,0.0848873370424,0.0857869370179,0.0219599068401,0.0193024812468,0.00171240843437,0.0445550235283,0.0727802941418,0.101332764661,0.0212212993546,0.0186032904169,-0.0156058191067,0.00456869960428,2.35016334158,0.0156058191067,0,-0.0083776822657,-0.00935465428841,-0.023443870617,-0.00819142056478,0.00830059561526,-0.2,0.937328153605,-0.348447890595,2024-04-21 23:59:59+00:00,2024-04-18 22:00:00+00:00,-0.00909857107106,2024-04-22,2024-05-02 22:00:00+00:00,0.00113763572204
2024-04-22,-0.0189335998561,-0.0177959641341,-0.0142675952152,-0.0294607069761,0.0256366063491,0.0159425822221,0.0143425276578,0.0180450251957,-0.00944621196744,-0.016215885298,-0.0146377353885,-0.00553894544603,-0.345429777629,-0.0395479162392,-0.0462131900705,-0.0444982373007,-0.0485782630589,-0.0183263213204,0.032886744113,0.0270932341548,0.0340190552357,-0.0244956337573,-0.0456488546932,-0.0440018855393,-0.00971484230053,-0.458536371957,0.00168071652686,0.0106212618023,0.0159630468704,-0.0103431508932,0.0695995340186,0.00400454790418,0.0103140781723,0.0122902859532,0.00572296256686,0.0137622309204,0.0152837869916,-0.00136304859153,-0.275090974741,-0.0265871763373,-0.0082919767735,0.0423606690228,0.0524253546757,0.0329260864326,0.0218336711937,-0.0216896809915,-0.0199772725571,0.0221705729156,0.0726758802515,0.0269966874587,0.0210009226551,-0.041228632766,0.000320995438716,2.62656605237,0.041228632766,0,-0.0178582352477,0.0282678928642,0.0140386890265,0.0386872419039,-0.00263935147364,0.4,0.888681774293,-0.458524485758,2024-04-28 23:59:59+00:00,2024-04-25 22:00:00+00:00,-0.0223276152538,2024-04-29,2024-05-09 22:00:00+00:00,-0.0189335998561
2024-04-29,-0.00909857107106,-0.0280321709272,-0.0101739350676,-0.0326463066184,-0.00555784346823,0.0152343979681,0.0132640924803,0.0178172096325,-0.0159485987096,-0.0247187038478,-0.0187649927394,-0.00211595734627,-0.351358419335,-0.0140432810902,-0.0535911973293,-0.0267669322438,-0.0557440312688,-0.0676173413316,0.030266094062,0.0248955572384,0.0334348007924,-0.0317828108563,-0.0541677594386,-0.0503895735716,-0.00149039911238,-0.466087154909,-0.00415386105193,-0.00247314452507,0.00641906210859,-0.00954858196797,0.0565016543951,0.00546851492759,0.0105706836174,0.0122877033719,-4.80410503073e-05,0.00527127575452,0.0135561449704,-0.00274151558017,-0.278095900764,-0.0119242848732,-0.0385114612105,0.0313450620859,0.0495042852659,0.0346252447316,0.021758647787,-0.0020103837142,-0.0237000647057,0.0208549588226,0.0597297976119,0.0271058025033,0.0193111968012,-0.00988942003826,0.000495617612646,2.35492832925,0.00988942003826,1,-0.012032897376,0.00777042382123,-0.00627884235988,-0.0567064239381,-0.0144918404637,-1,0.827164326226,-0.561960120845,2024-05-05 23:59:59+00:00,2024-05-02 22:00:00+00:00,-0.00940006293927,2024-05-06,2024-05-16 22:00:00+00:00,-0.00909857107106
2024-05-06,-0.0223276152538,-0.0314261863248,-0.0492221504589,-0.0429264375639,-0.0408209527905,0.0105731861022,0.0138943169718,0.0180078347439,-0.0258522595206,-0.0433287547801,-0.0355607554385,-0.00916546432315,-0.365680554437,-0.0299633080685,-0.0440065891587,-0.0902197792292,-0.0707830731588,-0.107438382101,0.0149284402763,0.025334211088,0.0335548478045,-0.0390506823201,-0.0746771145498,-0.0715880096438,-0.0142904538764,-0.481847652516,-0.014691922439,-0.018845783491,-0.00822452168868,-0.015069801969,0.0257964765201,0.00998256171542,0.0111605086563,0.0124806680746,-0.0126231437576,-0.0113087540888,0.00147302705343,-0.00404047476987,-0.288624527529,-0.0322079050903,-0.0441321899635,-0.052424166737,0.00109711842375,0.0226130985508,0.0241674702775,-0.0329484603401,-0.0349588440544,-0.0549361166115,0.0274349977938,0.0164166892575,0.0220715262122,-0.0152713856295,0.00147598565793,2.26978376025,0.0152713856295,1,0.00298515227164,0.0175159826513,0.00483383685801,0.0610026619343,0.0196279010293,1,0.75366678672,-0.657256703728,2024-05-12 23:59:59+00:00,2024-05-09 22:00:00+00:00,-0.0102886431486,2024-05-13,2024-05-23 22:00:00+00:00,-0.0223276152538
2024-05-13,-0.00940006293927,-0.031727678193,-0.0597598491202,-0.0535385831374,-0.0733069400845,0.00671661853196,0.0114993807646,0.0169316877882,-0.0204126048054,-0.0469950247331,-0.0407932734586,-0.00930096688894,-0.371615260146,-0.00899970279663,-0.0389630108651,-0.0925542081945,-0.088360459385,-0.145331778814,0.0141241582622,0.0227508649556,0.0313040169085,-0.0251531508671,-0.0727357250988,-0.0753243667875,-0.0119591844475,-0.486489948671,-0.00980042308191,-0.0244923455209,-0.026965490046,-0.0187167068897,-0.00128210135475,0.00707568215477,0.010580090377,0.0125566296171,-0.0156762917716,-0.020856416549,-0.00541051487416,-0.00664274933037,-0.295562256262,-0.0329482859449,-0.0651561910353,-0.103667652246,-0.0187803152033,0.009751233799,0.0258372489276,-0.0182227264705,-0.0511711868106,-0.0748712515163,-0.00209095737447,0.0127896654516,0.0226856157089,0.000800720285284,-0.000510224815753,2.15014371346,0.000800720285284,1,0.00922302367385,0.023147862863,-0.000386564728116,0.0043905498641,0.0192500627038,1.9,0.669253644676,-0.743034022834,2024-05-19 23:59:59+00:00,2024-05-16 22:00:00+00:00,-0.00744617027158,2024-05-20,2024-05-31 05:00:00+00:00,-0.00940006293927
2024-05-20,-0.0102886431486,-0.0196887060879,-0.0511148924127,-0.0653824876279,-0.0949034873261,0.00638594036318,0.010349610137,0.0167798554078,-0.0179559537159,-0.049886916497,-0.0471213118234,-0.00547845484733,-0.378047341062,-0.00753210089739,-0.016531803694,-0.0605383928527,-0.105036630153,-0.158704523778,0.010271587288,0.0222131489859,0.0312968990797,-0.0176389572866,-0.0683501867499,-0.0777667413627,-0.00292655792259,-0.490343228326,-0.0130451853999,-0.0228456084818,-0.0416913919727,-0.0257283451023,-0.0311024508745,0.00464719485777,0.00982235727058,0.0119524202228,-0.0182820850596,-0.031271446632,-0.0159318026242,-0.00803035177207,-0.304692097522,-0.0162560740634,-0.0492043600083,-0.0933365499718,-0.050975880949,0.0108237288791,0.0240745653762,0.00437604815793,-0.0138466783125,-0.0488055223669,-0.0266349494513,0.0167865569786,0.02002029643,0.00551308450248,-0.00197251355841,2.26125838388,0.00551308450248,1,-0.0119081490553,0.00321088866353,0.00325699308211,0.0541215653622,0.0139649338665,1.3,0.575147483235,-0.818049737197,2024-05-26 23:59:59+00:00,2024-05-23 22:00:00+00:00,-0.00859960700174,2024-05-27,2024-06-06 22:00:00+00:00,-0.0102886431486
2024-05-27,-0.00744617027158,-0.0177348134202,-0.0494624916132,-0.0596364266809,-0.0880217696604,0.00674662129237,0.0101339531727,0.0167959851661,-0.0130458926612,-0.0505982229406,-0.0505733402016,-0.00559471754482,-0.382661306955,-0.000951398012534,-0.00848349890992,-0.0474465097751,-0.0742134420189,-0.110068053924,0.0125650223568,0.0192972068896,0.0310749861853,-0.00673147119247,-0.0614171524826,-0.0735526084332,-0.00339485406498,-0.490827884179,-0.0139409425306,-0.0269861279305,-0.0514784734514,-0.0450594113428,-0.0659754853966,0.002154012618,0.00737973732655,0.0116049628939,-0.0193347162497,-0.0398707787832,-0.0275020975379,-0.00779458102466,-0.314318091417,-0.0169296598275,-0.0331857338909,-0.0983419249261,-0.0669968628402,0.00923811801363,0.024200595885,-0.0147962010544,-0.0104201528965,-0.0615913397071,-0.0407363808845,0.0153554863181,0.0205080256647,0.0129895445181,-0.00106065529091,2.61453646646,0.0129895445181,1,0.0138448030419,0.00298871729684,0.0217912697869,-0.0067140600316,0.0364640213566,2.6,0.472711272708,-0.881217369697,2024-06-02 23:59:59+00:00,2024-05-31 05:00:00+00:00,,2024-06-03,2024-06-13 22:00:00+00:00,-0.00744617027158
2024-06-03,-0.00859960700174,-0.0160457772733,-0.0357344833612,-0.0849566338201,-0.0907084052333,0.00120799118739,0.0101423902112,0.0166333886612,-0.0127103977258,-0.0522117650308,-0.055412780928,-0.00195605120697,-0.387947415298,-0.00841874696677,-0.00937014497931,-0.0259019486733,-0.116121727903,-0.111609288011,0.00373184122367,0.0192913628325,0.0308386690401,-0.00865306184691,-0.0613508443789,-0.0768667714394,0.00210984267864,-0.49509648205,-0.00878046703671,-0.0227214095673,-0.0455670180491,-0.0537915397378,-0.0698075224561,0.00248886528725,0.00745045232627,0.0116208663275,-0.0167676872986,-0.0431996806415,-0.0339496894145,-0.00602194509258,-0.320312344133,0.00840797345779,-0.00852168636968,-0.057726046378,-0.110150213115,0.0170692978043,0.0244084652605,0.00756708391406,-0.00722911714033,-0.0210757954529,-0.0760119120644,0.0131194333415,0.0203888254239,0.000361720069937,0.00211999397554,2.58893997946,0.000361720069937,1,-0.0159858308808,-0.0171884404945,0.0268006840587,0.00616302186879,0.00357080138149,1.1,0.363428630231,-0.931622042852,2024-06-09 23:59:59+00:00,2024-06-06 22:00:00+00:00,,2024-06-10,2024-06-20 22:00:00+00:00,-0.00859960700174
2024-06-10,,,,,,,,,,,,,,,,,,,,,,,,,,,-0.00542723915693,-0.0142077061936,-0.0411938341241,-0.0681593241701,-0.066064059175,0.0039515935413,0.00736313693317,0.0114788447964,-0.0119308544384,-0.0435970360885,-0.0373736320687,-0.00521660782526,-0.323991179603,-0.055015824693,-0.0466078512352,-0.0797935851261,-0.183461237372,0.0261824002804,0.0275083724014,,,,,,,,,,,,,0.0495885855361,0.00719271747561,-0.00573009286702,-0.00565795613626,-0.4,0.248882332053,-0.9685337293,2024-06-16 23:59:59+00:00,2024-06-13 22:00:00+00:00,,2024-06-17,2024-06-27 22:00:00+00:00,
2024-06-17,,,,,,,,,,,,,,,,,,,,,,,,,,,-0.0174640213632,-0.0228912605202,-0.0456126700875,-0.0873040620602,-0.0773745623771,0.00534679121652,0.00812874800437,0.0112306587568,-0.017911164083,-0.0546565983097,-0.0524343173589,-0.00545127810825,-0.335694520932,0.0515557100097,-0.00346011468328,-0.011981801053,-0.105318351025,0.0447442685778,0.0320889748038,,,,,,,,,,,,,-0.0690197313729,-0.0139908888997,-0.0540540540541,-0.0165425001467,-1.5,0.13073138967,-0.991417825014,2024-06-23 23:59:59+00:00,2024-06-21 05:00:00+00:00,,2024-06-24,2024-07-04 22:00:00+00:00,
2024-06-24,,,,,,,,,,,,,,,,,,,,,,,,,,,0.0101062174871,-0.00735780387618,-0.0215655100698,-0.0730439835212,-0.0612347977028,0.0115095814314,0.00926794121431,0.010700532614,-0.00254270289761,-0.0406039402043,-0.0423186781868,-0.000681008463392,-0.32894686608,0.0531987671879,0.104754477198,0.0581466259624,-0.0401952989637,0.0507946110053,0.0354673533417,,,,,,,,,,,,,-0.0430925497009,-0.00309930943768,0.0298319327731,-0.0138980017894,-1.3,0.0106870218179,-0.999942892152,2024-06-30 23:59:59+00:00,2024-06-27 22:00:00+00:00,0.0194388268328,2024-07-01,2024-07-11 22:00:00+00:00,
2024-07-01,,,0.026619273487,-0.00911520987427,-0.0416167601957,,,,,,,0.00985610761756,-0.37143623733,,,0.0486106885187,0.0227087398454,-0.0340215004669,,,,,,,0.0147697106271,-0.469946446397,0.0174129014883,0.0275191189753,0.00462785845519,-0.0409391595939,-0.0492120199244,0.015646484895,0.0108283460701,0.0112651656334,0.0137902863513,-0.0200396143205,-0.0256274626579,0.00494250460798,-0.317159556166,0.0194696415502,0.0726684087381,0.0692082940548,0.0114822476768,0.0506506366599,0.0359073927059,,,0.03261514916,0.0115393537071,,,,,,,,,-0.00205674006186,-0.0126584366212,0.0416156670747,0.0157270747641,1.3,-0.109512129666,-0.993985459379,2024-07-07 23:59:59+00:00,2024-07-04 22:00:00+00:00,-0.0136334977974,2024-07-08,2024-07-18 22:00:00+00:00,
2024-07-08,0.0194388268328,,,0.0197236798978,-0.0388985335004,,,,,,,,-0.359098164879,0.0302728932923,,,0.0619813359343,-0.0372381460915,,,,,,,,-0.453654838863,0.00860476037338,0.0260176618617,0.0186598579855,-0.0225339761386,-0.0405589209092,0.0152461048401,0.0113314830998,0.0113703158838,0.017741566726,-0.00845029251602,-0.0177514390431,0.00778488148939,-0.311258525708,0.0149256502167,0.0343952917668,0.139149768964,0.0593561838384,0.0204065144066,0.0329050462128,0.0229350028015,,,0.0526970829791,,,0.0216681329189,0.00426566239366,,0.0216681329189,1,0.00733789049075,-0.00632088984329,0.0407924629159,0.00430865648257,0.0188780371606,1.9,-0.228125181163,-0.973631810142,2024-07-14 23:59:59+00:00,2024-07-11 22:00:00+00:00,-0.0125730299946,2024-07-15,2024-07-25 22:00:00+00:00,0.0194388268328
2024-07-15,-0.0136334977974,0.00580532903542,,0.016378825249,-0.0536696670198,,,,,,,,-0.367776605463,-0.0352304463204,-0.00495755302813,,0.0342829905113,-0.0658033185806,,,,,,,,-0.472567712096,0.00796345072559,0.016568211099,0.0440873300743,-0.00152534001319,-0.0415360154591,0.00435431014086,0.0112477514835,0.0114510286134,0.0146551150386,0.00274700261304,-0.0108067356892,0.0142169106308,-0.305751870025,-0.0139113578291,0.00101429238756,0.0736827011256,0.0617009000727,0.0274966153805,0.0324589742274,-0.0138415867961,0.00909341600545,,0.0344794480251,,,-0.043193897046,0.000881860952042,,0.043193897046,0,-0.0213888595243,0.0218748085547,0.0277180367862,0.0196957878315,-0.0105792273073,-1.7,-0.343434221059,-0.939176732999,2024-07-21 23:59:59+00:00,2024-07-18 22:00:00+00:00,-0.0130343355377,2024-07-22,2024-08-01 22:00:00+00:00,-0.0136334977974
2024-07-22,-0.0125730299946,-0.026206527792,,0.011251965526,-0.0473090971583,,,,-0.0113682749044,,,,-0.375675806659,-0.0244249163954,-0.0596553627157,,0.0108094721285,-0.0506803187368,,,,-0.0281861729982,,,,-0.485294147883,-0.000721143593824,0.00724230713176,0.0332599689934,0.0116944589236,-0.0439378755797,0.00740790682323,0.0111805119734,0.0114409903428,0.00558524786237,0.0055053806535,-0.01247102213,0.0116948288314,-0.306252342138,-0.0087706665787,-0.0226820244078,0.011713267359,0.0698598933215,0.0167131912703,0.0318174978792,-0.00555216481981,-0.0193937516159,,0.0437234842597,,,-0.0237037728015,0.00102724281714,,0.0237037728015,1,-0.0188727515755,0.00804952298487,-0.0214967282495,-0.0558424172882,-0.0307774102079,-2.1,-0.45376919082,-0.891119252099,2024-07-28 23:59:59+00:00,2024-07-25 22:00:00+00:00,-0.0193106333735,2024-07-29,2024-08-08 22:00:00+00:00,-0.0125730299946
2024-07-29,-0.0130343355377,-0.0256073655323,-0.0198020364969,0.00681723699004,-0.0512448616249,0.0162653524875,,,-0.0193864022984,,,-0.00100859669154,-0.383760652917,-0.0174358066401,-0.0418607230355,-0.0468182760636,0.00179241245511,-0.0540728442867,0.028926507837,,,-0.0339280794492,,,-0.00754511945539,-0.494190675149,-0.00863286443535,-0.00935400802918,0.00721420306979,0.011842061525,-0.0484168789632,0.0081546237089,0.0112749655339,0.0114712704025,-0.00484136048554,0.000668930594832,-0.0212562961767,0.00552792607231,-0.312215594611,-0.0418898230444,-0.0506604896231,-0.0496461972355,0.0195620968193,0.0233223537475,0.033547799841,-0.045916495234,-0.0514686600538,-0.0423752440483,-0.00976009488837,0.0283304289899,,-0.00880294220478,0.00366717013987,,0.00880294220478,1,0.0284806885939,0.033256958609,0.0122413476654,0.00870974275876,-0.0156640458341,-1.5,-0.557532072999,-0.830155399656,2024-08-04 23:59:59+00:00,2024-08-01 22:00:00+00:00,-0.0166421179724,2024-08-05,2024-08-15 22:00:00+00:00,-0.0130343355377
2024-08-05,-0.0193106333735,-0.0323449689112,-0.0585514967032,,-0.0482278797446,0.00314528049015,,,-0.0239889202425,,,-0.0109280372724,-0.395546463047,-0.0295579204112,-0.0469937270513,-0.106649089767,,-0.0536674566294,0.00757037678596,,,-0.0366425746074,,,-0.0225340065472,-0.508922552535,-0.00906334633572,-0.0176962107711,-0.0104539036393,0.00820595434618,-0.0427883028599,0.00802675038807,0.0109212282013,0.0111478792586,-0.0112583706051,-0.0050415868035,-0.029466463937,0.000677932002468,-0.318421059265,-0.0276959303893,-0.0695857534336,-0.0922677778414,0.046881991123,0.0148765654274,0.0332696765414,-0.0275020211177,-0.0734185163517,-0.0928122679675,,0.0176406017285,,-0.0204945740755,0.00441444450323,,0.0204945740755,1,-0.00205589929351,0.0186325840535,0.00748145403518,0.0112449799197,0.0156037151703,0.4,-0.653220035838,-0.75716813508,2024-08-11 23:59:59+00:00,2024-08-08 22:00:00+00:00,0.0023725300077,2024-08-12,2024-08-22 22:00:00+00:00,-0.0193106333735
2024-08-12,-0.0166421179724,-0.0359527513458,-0.0615601168782,,-0.0554699347778,0.00318452720366,,,-0.0252449437727,,,-0.0111231111597,-0.405522607781,-0.0235607686086,-0.0531186890198,-0.0949794120553,,-0.0682285224414,0.00496964760598,,,-0.0364924545197,,,-0.0184965051337,-0.520357477863,-0.00972346733616,-0.0187868136719,-0.0281408217011,0.0159465083732,-0.0427113471141,0.00423320204959,0.0109174262821,0.0106574984231,-0.0139366124402,-0.0113994302963,-0.0372570171929,-0.00374971718572,-0.325016253791,-0.0178250668768,-0.0455209972661,-0.0961814868891,-0.0224987857635,0.0141863764596,0.0324682403873,-0.0100888510684,-0.0375908721861,-0.0890595322399,,0.0183883756714,,-0.0138373012725,-0.00457428473097,,0.0138373012725,1,-0.0134719175402,0.00810159954066,-0.0130911765626,-0.053018268467,0.00396293134984,1,-0.73944719928,-0.673214556792,2024-08-18 23:59:59+00:00,2024-08-15 22:00:00+00:00,-0.0232968016359,2024-08-19,2024-08-29 22:00:00+00:00,-0.0166421179724
2024-08-19,0.0023725300077,-0.0142695879647,-0.0466145568759,,-0.0428087616214,0.0096980105392,,,-0.0114065318351,,,-0.00836065755579,-0.404110517878,0.0185661775856,-0.00499459102307,-0.0519883180744,,-0.0421302439584,0.021616309242,,,-0.0054126887276,,,-0.00975629152179,-0.511369168536,-0.0138211175702,-0.0235445849063,-0.0412407956774,-0.00798082668397,-0.0434872792844,0.00238319785581,0.0109771878727,0.0102169029651,-0.0174130167693,-0.0217077617577,-0.0477785905969,-0.00696502358978,-0.334281110684,0.0450118754901,0.0271868086133,-0.0423989448203,-0.0306856774613,0.0383675476961,0.0348825807386,0.0405138193863,0.0304249683179,-0.0429935480338,,0.0371740450859,,0.0323872951557,-0.00664237532485,,0.0323872951557,0,-0.0219476418007,-0.0588329930603,-0.0262600794463,0.0257915705599,0.0134815084715,0.8,-0.81496470712,-0.579510591922,2024-08-25 23:59:59+00:00,2024-08-22 22:00:00+00:00,-0.00388772353445,2024-08-26,2024-09-06 05:00:00+00:00,0.0023725300077
2024-08-26,-0.0232968016359,-0.0209242716282,-0.0568770229741,-0.076679059471,-0.0586593929858,0.0113941736777,,,-0.0203272151193,,,-0.00970699474461,-0.417832378594,-0.0392800523613,-0.0207138747757,-0.0738325637955,-0.120650839859,-0.0804588983072,0.0255185819287,,,-0.0258778003602,,,-0.0122689949252,-0.530190541002,-0.00731355091056,-0.0211346684807,-0.0399214821526,-0.0327072790828,-0.0368598876643,0.00275500740066,0.0105912028169,0.00901601628453,-0.0147878207677,-0.0261046834223,-0.050980264826,-0.00714499456397,-0.339132119002,-0.0358459547654,0.00916592072476,-0.0363550765413,-0.0860012737768,0.0368120273819,0.0360589510543,-0.062420529488,-0.0219067101017,-0.0594975822878,-0.101872826336,0.0428596452379,,-0.0319665014507,-0.00481821010006,,0.0319665014507,1,0.0231404771268,0.0285324038548,0.0022392130998,0.022485690924,0.0104859488286,1,-0.878678814594,-0.477413385635,2024-09-01 23:59:59+00:00,2024-08-29 22:00:00+00:00,-0.0343686778098,2024-09-02,2024-09-12 22:00:00+00:00,-0.0232968016359
2024-09-02,-0.00388772353445,-0.0271845251704,-0.0414541131351,-0.100005609838,-0.0539475095185,0.0117023284867,,,-0.0139465089655,,,-0.00621371985927,-0.420091291497,0.00796731028643,-0.0313127420748,-0.0363073330979,-0.142956422865,-0.064072841054,0.0269360830183,,,-0.00909174084935,,,-0.0041481531934,-0.526432472297,-0.0157427573553,-0.0230563082659,-0.0466008931722,-0.0570547968115,-0.043822177983,0.00382886984561,0.01108155593,0.00930739954562,-0.0188280329581,-0.0381389053188,-0.0617466550628,-0.00827928652513,-0.34945453685,0.0156491862221,-0.0201967685433,0.00699004006999,-0.0852777377714,0.0358767161341,0.0362657852101,0.022299652855,-0.040120876633,-0.00969590831509,-0.102508176283,0.0451414400769,,0.0237100676417,-0.00289245545773,,0.0237100676417,0,-0.0143323425686,-0.0313919435774,-0.00301415270624,0.0333866453419,0.00213472485769,0,-0.929666729448,-0.36840164516,2024-09-08 23:59:59+00:00,2024-09-06 05:00:00+00:00,-0.0206911577882,2024-09-09,2024-09-19 22:00:00+00:00,-0.00388772353445
2024-09-09,-0.0343686778098,-0.0382564013442,-0.0591806729724,-0.120740789851,,0.0170205979175,,,-0.0332211275858,,,,-0.439683381459,-0.0581952414544,-0.0502279311679,-0.0709418059436,-0.165921217999,,0.0368763911247,,,-0.0487670321858,,,,-0.553205268745,-0.0105421141652,-0.0262848715205,-0.0474195400012,-0.0755603617023,-0.0489370529912,0.00371163506414,0.0112501686294,0.00933952257082,-0.0175370780147,-0.0447179327577,-0.0675278211028,-0.00809049630867,-0.356276638524,-0.0714969984088,-0.0558478121868,-0.046681891462,-0.142863378351,0.0520349865361,0.0385613917772,-0.0867756854302,-0.0644760325752,-0.0863827426769,-0.175442274917,0.0624486231609,,-0.0476531272892,0.00309996222186,,0.0476531272892,1,0.0285804439759,0.0609548842436,0.0188078067066,0.0077384407042,-0.00834319526627,-0.5,-0.967189977038,-0.254054223182,2024-09-15 23:59:59+00:00,2024-09-12 22:00:00+00:00,-2.20394913052e-05,2024-09-16,2024-09-26 22:00:00+00:00,-0.0343686778098
2024-09-16,-0.0206911577882,-0.055059835598,-0.0822443607683,-0.128858917644,,0.0125983023486,,,-0.0334032057828,,,,-0.451157861513,-0.0247051079531,-0.0829003494074,-0.114213091482,-0.166201409557,,0.0279420320612,,,-0.0451770480135,,,,-0.564108147875,-0.0166772076233,-0.0272193217885,-0.0502756300544,-0.0915164257318,-0.0481502392513,0.00442259791344,0.0111721710308,0.00964069685926,-0.0216002555986,-0.0571561605368,-0.0786034109622,-0.0088650429558,-0.366923123101,-0.0427075420455,-0.114204540454,-0.134401308998,-0.176800253818,0.0362843238255,0.0365953224654,-0.0171860435413,-0.103961728972,-0.144082605605,-0.187076153638,0.0484046395299,,-0.00802790032972,0.00433600665947,,0.00802790032972,1,-0.00751906441176,0.0260303344221,0.00099981603385,-0.0293722403532,-0.0168267796408,-0.7,-0.990705095898,-0.136027250809,2024-09-22 23:59:59+00:00,2024-09-19 22:00:00+00:00,-0.000199205058656,2024-09-23,2024-10-03 22:00:00+00:00,-0.0206911577882
2024-09-23,-2.2039491305e-05,-0.0207131972795,-0.0589695986237,-0.115846621598,,0.0158649667986,,,-0.0190255979661,-0.080229011792,,,-0.451169957582,0.0196933226934,-0.0050117852597,-0.0552397164276,-0.129072280223,,0.0350498545459,,,-0.0125336731981,-0.0904939119638,,,-0.555438906062,-0.019737401676,-0.0364146092993,-0.0626994808198,-0.102620962972,-0.0779938584143,0.0038235513807,0.0111641312554,0.0100741119219,-0.0256013182649,-0.0702199562108,-0.0918975318947,-0.00967534263462,-0.379295910708,0.039192974287,-0.00351456775851,-0.0593623799453,-0.0957174564866,0.0511069732806,0.0347855487108,0.0471129376949,0.0299268941536,-0.0345491384216,-0.0940467207094,0.0584347851562,,0.0394307243693,0.00182045897429,,0.0394307243693,0,-0.0274196150015,-0.0589303759629,-0.0177949308019,-0.03125,-0.00752564180373,-1.2,-0.99987150887,-0.0160301512775,2024-09-29 23:59:59+00:00,2024-09-26 22:00:00+00:00,0.013378888097,2024-09-30,2024-10-10 22:00:00+00:00,-2.20394913052e-05
2024-09-30,-0.000199205058656,-0.000221244549961,-0.0552810801479,-0.096735193283,-0.135847863153,0.0167866091257,0.0138288421466,,-0.00535939531861,-0.0708486029603,,-0.0033704344098,-0.451279276414,0.0058632364489,0.0255565591423,-0.0573437902652,-0.0936511233631,-0.170027319838,0.0346273274393,0.0268227853568,,0.00804671389781,-0.0730556357308,,-0.00125692296338,-0.552824682837,-0.00626164656621,-0.0259990482422,-0.0532183700307,-0.0998192632029,-0.101668406469,0.00605502382713,0.00868171748079,0.00983328454108,-0.0186989958398,-0.0689419101202,-0.0924358637594,-0.00548394585622,-0.383170397345,-0.0123181698474,0.0268748044396,-0.0873297360147,-0.0803396959447,0.0473179344885,0.0336646190517,-0.0270317105407,0.0200812271542,-0.0838805018173,-0.0935764101324,0.0548231620796,0.0392326689049,0.0121248830151,-0.00268350346011,3.08921549229,0.0121248830151,0,0.0328949469896,0.00605652328115,-0.0104457334386,-0.0212331563904,-0.0404818687703,-3.3,-0.994556455799,0.104199118177,2024-10-06 23:59:59+00:00,2024-10-03 22:00:00+00:00,0.0271115381506,2024-10-07,2024-10-18 05:00:00+00:00,-0.000199205058656
2024-10-07,0.013378888097,0.0131796830383,-0.00753351424119,-0.0667141872136,-0.141907801889,0.0140590465124,0.0128013462732,,0.00996187511319,-0.0478178566436,,0.00903260620041,-0.443888674478,0.0322983263976,0.0381615628465,0.0331497775868,-0.0377920283568,-0.168001886733,0.0245017129259,0.0271000329068,,0.0323747552252,-0.0295539660088,,0.021210666453,-0.538145894368,-0.00554055020364,-0.0118021967699,-0.0482168060692,-0.0956363460704,-0.115813717046,0.00721999760923,0.00721387517755,0.00976345979729,-0.0122164835111,-0.0659173151409,-0.0921159444103,-0.00314545405222,-0.386578522563,0.02419655747,0.0118783876226,0.00836381986412,-0.0383180715979,0.0368770285866,0.0343761864047,0.0227253707978,-0.00430633974284,0.0256205544108,-0.0607621882662,0.0346315927125,0.0392168978244,0.0378388766012,-0.00205108036677,3.75613329959,0.0378388766012,0,0.00957295559976,-0.0297371076736,-0.0256829747527,0.0404672507301,-0.00643681091071,-0.9,-0.974836916336,0.222919237727,2024-10-13 23:59:59+00:00,2024-10-10 22:00:00+00:00,-0.016159215121,2024-10-14,2024-10-24 22:00:00+00:00,0.013378888097
2024-10-14,0.0271115381506,0.0404904262475,0.0402691816976,-0.0419751790707,-0.101162765941,0.0130213743175,0.0165264857136,,0.0272000739266,-0.0137480611039,,0.0178490466506,-0.428605400664,0.0483724052625,0.0806707316601,0.106227290802,-0.00798580067993,-0.0843990351497,0.0181127639297,0.0310038090302,,0.0547464322262,0.025619191375,,0.0330490561736,-0.515255737624,0.00585067103865,0.000310120835013,-0.0256889274072,-0.0759645574616,-0.117926496733,0.01046774479,0.00681484856494,0.0095914366327,4.3599575273e-05,-0.051859471762,-0.0812095991421,0.00264903712765,-0.382979075969,0.0446144776674,0.0688110351374,0.095685839577,-0.0387154694206,0.0256567507614,0.0376943824344,0.0522895681836,0.0750149389815,0.0950961661357,-0.0489864394688,0.0362406930043,0.0431343779488,0.0425217342238,0.00553204393778,4.54878196527,0.0425217342238,1,-0.00391716292115,-0.0387638066287,-0.0298195134711,-0.0469125902165,0.0105837075048,1,-0.94099849502,0.338410745058,2024-10-20 23:59:59+00:00,2024-10-18 05:00:00+00:00,0.00202415330102,2024-10-21,2024-10-31 23:00:00+00:00,0.0271115381506
2024-10-21,-0.016159215121,0.0109523230296,0.0241320060679,-0.0348375925558,-0.104748951068,0.0185256725867,0.0166426485851,,0.00468173569836,-0.0214905306717,,0.0140906131376,-0.437764487783,-0.0539954560038,-0.0056230507413,0.0325385121052,-0.0227012043225,-0.113969574758,0.0449750656741,0.0334197375499,,-0.00862399541652,-0.019443183704,,0.0169015183923,-0.540735635492,0.0216770257618,0.0275276968004,0.0157255000306,-0.0469739807892,-0.0955283273772,0.0130665842764,0.0107797972787,0.0109487219101,0.0179006018157,-0.0237888526183,-0.0559734425586,0.0112797078828,-0.369457877273,-0.0618416157398,-0.0172271380724,-0.00534875044979,-0.0647111303951,0.0467079417722,0.0406686943406,-0.0517885243318,0.000501043851818,-0.00380529589102,-0.0383544343126,0.0471161188864,0.0448329297904,-0.0756724817656,0.00425606586371,3.09993191467,0.0756724817656,0,-0.00220693167197,0.0835186415016,-0.00991485401682,0.054059739167,0.0208822596001,1.8,-0.893531284773,0.4490009389,2024-10-27 23:59:59+00:00,2024-10-24 22:00:00+00:00,-0.00550867765619,2024-10-28,2024-11-07 23:00:00+00:00,-0.016159215121
2024-10-28,0.00202415330102,-0.01413506182,0.0263553644276,-0.0289257157204,-0.0896904622289,0.0183084340218,0.0167907819364,,0.000169858041386,-0.0125191571424,,0.0134881074322,-0.436625284342,0.00404830660204,-0.0499471494018,0.0307235822583,-0.0266202080068,-0.0924854615159,0.0450147564978,0.0334864652952,,-0.0120410946927,-0.00818726835456,,0.014795161835,-0.538872624057,0,0.0216770257618,0.0219871465968,-0.0312312234339,-0.0868954629418,0.0117468129035,0.0109584956812,0.0109972867804,0.0122984211402,-0.0170881892015,-0.0509807217538,0.0121810530293,-0.369457877273,0.00142020737458,-0.0604214083652,0.00838962677215,-0.0789401092425,0.0461328912956,0.0396892204789,-0.00381983149773,-0.0556083558295,0.0194065831519,-0.0644739186654,0.0441706158604,0.0436090127134,0.00404830660204,0.000998445671186,3.05547502087,0.00404830660204,0,0.00786813809977,-0.00142020737458,-0.00858229604968,-0.0295350229495,-0.00192738124845,-0.4,-0.833122768723,0.55308810531,2024-11-03 23:59:59+00:00,2024-10-31 23:00:00+00:00,0.0158644842213,2024-11-04,2024-11-15 06:00:00+00:00,0.00202415330102
2024-11-04,-0.00550867765619,-0.00348452435517,0.0074677986744,-6.5715566791e-05,-0.0758885065116,0.0184088425859,0.0163717302539,,-0.0071614506864,-0.0120597781271,,0.00770452709257,-0.439720201773,-0.0110173553124,-0.00696904871035,-0.0125920994516,0.0205576781351,-0.0739448964171,0.0422434591474,0.0328395014734,,-0.0198319474799,-0.0133405443379,,0.00254004409225,-0.543925144389,0,0,0.0275276968004,-0.0206891092687,-0.0778321166061,0.0102417491132,0.0110821332879,0.0108669706214,0.00538983648196,-0.0110358783913,-0.0465191267597,0.0128690100929,-0.369457877273,-0.0282435609768,-0.0268233536022,-0.0440504916747,-0.0356866718105,0.0452011848159,0.0397125363423,-0.0414658776818,-0.0452857091795,-0.0447846653277,-0.0191641109169,0.0470773964013,0.0443006681463,-0.0110173553124,0.00178737640647,2.96301601907,0.0110173553124,0,0.0304485223694,0.0282435609768,0.0261115344403,0.047912811022,0.0175045162898,1.4,-0.760647863164,0.649164715819,2024-11-10 23:59:59+00:00,2024-11-07 23:00:00+00:00,-0.010802771049,2024-11-11,2024-11-21 23:00:00+00:00,-0.00550867765619
2024-11-11,0.0158644842213,0.0103558065651,-0.00377925525492,0.0364899264427,-0.043381904318,0.0134619726943,0.0170522749874,,0.00967911705018,0.00718622935032,,0.00239225574919,-0.430760771293,0.0349882322907,0.0239708769783,-0.0259762724235,0.0802510183789,-0.0153958955178,0.0370079491013,0.0341719075431,,0.0218939149168,0.0230395211646,,-0.00530976845065,-0.527685448934,-0.00325926384816,-0.00325926384816,0.0184177619136,-0.00727116549354,-0.0713679131181,0.0114849576727,0.0110454753303,0.01081831268,-0.00244245557219,-0.00869331878344,-0.0454051719831,0.010094279949,-0.371509634992,0.0407768206587,0.0125332596819,-0.0478881486833,0.0477976908937,0.0436406980157,0.0417424524389,0.045591779105,0.00412590142318,-0.0514824544064,0.0436137117293,0.0440910456559,0.0467969845097,0.0382474961388,0.00646137768227,3.09346705815,0.0382474961388,0,-0.0106035468143,-0.0440360845069,-0.0120370610229,-0.0249215070644,0.0107138484144,0.9,-0.677156245853,0.735839261457,2024-11-17 23:59:59+00:00,2024-11-15 06:00:00+00:00,0.0139445125239,2024-11-18,2024-11-28 23:00:00+00:00,0.0158644842213
2024-11-18,-0.010802771049,0.00506171317225,0.00157718881708,0.025709194885,-0.0565572053747,0.0115787530547,0.0170761656322,,-0.00156242295462,0.000827738354259,,0.00474485146386,-0.436877036565,-0.0314584137955,0.00352981849515,-0.0034392302152,0.02909928189,-0.0654204868989,0.0279798857852,0.0345766960467,,-0.00890756761153,-0.00350514523119,,0.00417253759227,-0.542312438323,0.00985287169752,0.00659360784936,0.00659360784936,0.0223191078799,-0.0476939238504,0.00568134272281,0.0114996621635,0.0110155729974,0.0057701856799,0.00490249395373,-0.0325285156582,0.00531716533545,-0.365286592989,-0.0369280186568,0.00384880200197,-0.0229745516003,-0.0283233020501,0.0350912424273,0.0400062637145,-0.0433522016524,0.00223957745253,-0.043046131727,-0.046851427618,0.041748419014,0.0458284205028,-0.041311285493,-0.000910747648411,3.00649610909,0.041311285493,0,0.0118937878569,0.0467808903543,-0.00099637285321,-0.0265647011471,-0.0170210188382,-1.2,-0.583857153189,0.811856406435,2024-11-24 23:59:59+00:00,2024-11-21 23:00:00+00:00,0.000427601402121,2024-11-25,2024-12-05 23:00:00+00:00,-0.010802771049
2024-11-25,0.0139445125239,0.00314174147487,0.0134975480399,0.0398529124675,-0.0193158912149,0.0135108688373,0.0167536278787,,0.00903370108222,0.016429174807,,0.00486022479574,-0.428969556505,0.0214010897284,-0.0100573240671,0.0139135529111,0.0446371351695,-0.00473934480927,0.0302478661415,0.0336515845499,,0.00900240577606,0.018429650729,,0.00384295321311,-0.532411862062,0.00648793531937,0.0163408070169,0.0130815431687,0.0350686897655,-0.0338924376205,0.00597253417206,0.0117690569727,0.0109700501962,0.00899806974258,0.0141635609136,-0.0235500278609,0.00587749637837,-0.361155225929,0.0263743219775,-0.0105536966793,0.00197956300265,0.0103691897748,0.0388104435857,0.0403127119926,0.0182234110458,-0.0251287906066,-0.0210028891834,-0.00159630603151,0.0443443160342,0.0437062052553,0.014913154409,-0.00526272691336,2.8590842532,0.014913154409,1,0.00317767868255,-0.0198863866581,0.00363951321511,0.0535455861071,0.00412866650234,0.3,-0.48210186644,0.876115169584,2024-12-01 23:59:59+00:00,2024-11-28 23:00:00+00:00,-0.00715563853847,2024-12-02,2024-12-12 23:00:00+00:00,0.0139445125239
2024-12-02,0.000427601402121,0.014372113926,0.0194338270982,0.0269016257726,-0.0150005662783,0.0124979409706,0.0167448208305,,0.00458588898532,0.018067446906,,0.00601234648828,-0.428725330875,-0.0175961428395,0.00380494688887,0.00733476538401,-0.00525733406763,-0.0303027979352,0.0314536133904,0.0338703267016,,-0.0103893097647,0.00304140212615,,0.00416467580256,-0.54056764414,0.0184513456438,0.0249392809631,0.0315328888125,0.0590605856129,0.000301665378594,0.00897527294066,0.0123932122013,0.0116474759093,0.0196556190209,0.0330251872148,-0.00367057004279,0.007860017174,-0.349258260204,-0.00904692013602,0.0173274018415,0.0211762038435,-0.0228742878312,0.0350797728345,0.0398522950681,-0.0168080853754,0.00141532567038,0.00365490312291,-0.0411297622048,0.0390268649992,0.0430215724275,-0.0360474884833,-0.000844725326334,2.73275349425,0.0360474884833,0,-0.000788057464063,0.0274982657798,0.0294899622549,0.0429748822606,0.0377416385394,2.8,-0.373364140702,0.927684870222,2024-12-08 23:59:59+00:00,2024-12-05 23:00:00+00:00,0.0104693314009,2024-12-09,2024-12-19 23:00:00+00:00,0.000427601402121
2024-12-09,-0.00715563853847,-0.00672803713635,-0.00358629566148,-0.0073655509164,0.012212472993,0.0109440991494,0.0136641312377,,-0.00168254511199,0.00985542481772,,-0.00183599491483,-0.432798575201,-0.022460739488,-0.0400568823275,-0.0501142063946,-0.0760904788181,0.00543170403116,0.0233373026192,0.03021113608,,-0.0201879878608,-0.0196371733845,,-0.0129463749857,-0.550771809068,0.00814946241105,0.0266008080548,0.0429416150717,0.0613593769853,0.0189932419548,0.00532424338315,0.0121471381769,0.0117760992704,0.0170130436493,0.0399107683324,0.00566314615641,0.00927438515601,-0.34393339694,-0.00261925163583,-0.0116661717719,-0.0222198684511,-0.0701080171344,0.0259779395274,0.0347610357786,-0.000631205514621,-0.0174392908901,-0.0425680814967,-0.094050535903,0.0260857934648,0.0358996196346,-0.030610201899,-0.000231113585641,2.48689434051,0.030610201899,0,-0.0218295339734,0.0107687140469,0.0273920406435,-0.0161806208843,-0.0148432879953,-0.9,-0.259218860015,0.96581860751,2024-12-15 23:59:59+00:00,2024-12-12 23:00:00+00:00,0.00618297825929,2024-12-16,2024-12-28 06:00:00+00:00,-0.00715563853847
2024-12-16,0.0104693314009,0.00331369286241,0.0176858067884,0.0192629956055,0.0433729621821,0.00961327892246,0.0122091105845,,0.00438343859773,0.0170945730364,,0.00108506999079,-0.426829162156,0.0209386628018,-0.00152207668622,0.00228287020265,-0.00115636001255,0.051075474786,0.0238693696927,0.0296960127862,,-2.61011944447e-05,-0.00271732387553,,-0.00335816512518,-0.5412664035,0,0.00814946241105,0.0330887433742,0.0396823512235,0.0356704495781,0.007642926225,0.0108872262962,0.0112967543119,0.00866607270572,0.0370039425857,0.0061518691381,0.00552830510676,-0.34393339694,0.000837826564867,-0.00178142507096,0.0155459767705,-0.00742857482975,0.0155412859589,0.0324623096212,0.0155260705289,0.0148948650143,0.0163101906847,-0.0267359410423,0.0162229893522,0.0358352780054,0.0209386628018,0.0045036983581,2.72735080797,0.0209386628018,0,0.00541259227284,-0.000837826564867,-0.0262084312029,-0.025817555938,-0.00288132540969,-0.6,-0.141319227808,0.989964078061,2024-12-22 23:59:59+00:00,2024-12-19 23:00:00+00:00,-0.00324449766007,2024-12-23,2025-01-03 06:00:00+00:00,0.0104693314009
2024-12-23,0.00618297825929,0.0166523096602,0.00992427252382,0.0234218205638,0.0495779799327,0.00762887780535,0.0121881465059,,0.00809755609513,0.0195206272701,-0.00768653171342,-0.0013326226331,-0.423274280775,0.0125000353303,0.0334386981321,-0.00661818419543,0.00729536871571,0.0438821874229,0.0215857781409,0.0294437386288,,0.0142568918145,0.00647038942506,-0.0224179145493,-0.00503009892754,-0.535496228775,-0.000134078811726,-0.000134078811726,0.0264667292431,0.0395482724118,0.0552737724424,0.00878942416725,0.00863951271551,0.0110895176776,0.00193252004681,0.0324368448522,0.00691229088986,0.00236485366135,-0.344021355673,-0.00322000467632,-0.00238217811145,-0.0140483498833,-0.0120687868806,0.00410034929149,0.0304875492315,0.00595604559202,0.0214821161209,0.00404282523087,-0.0169600639526,0.0136058491171,0.0331668526158,0.012634114142,-0.007069228347,3.40763790278,0.012634114142,0,0.00654398973828,0.00308592586459,-0.0143370995726,0.0349430702788,0.0123412196737,0.7,-0.0213728230102,0.999771575129,2024-12-29 23:59:59+00:00,2024-12-28 06:00:00+00:00,0.0261543258742,2024-12-30,2025-01-09 23:00:00+00:00,0.00618297825929
2024-12-30,-0.00324449766007,0.00293848059922,0.00625217346164,0.0256860005599,0.0465326873313,0.00816075220894,0.0123004481766,0.0146830352207,0.00326128349996,0.0126191490299,-0.00737296953725,-0.00201639412161,-0.425142433773,-0.00670741868973,0.00579261664057,0.00427053995435,0.0116053053384,0.0313115322843,0.01949011193,0.0295614151518,0.0287605265373,0.00639642145047,-0.00262227298696,-0.0235264838466,-0.0013409444179,-0.538601424486,0.000218423369599,8.4344557873e-05,0.00823380696892,0.0397666957814,0.0617538423782,0.00406327163687,0.00815577124949,0.0104495965489,9.67797451359e-05,0.0277732025374,0.00872340426208,-0.00269184382532,-0.343878058958,-0.00777467670253,-0.0109946813788,-0.0127761064498,0.00840009739364,0.00353879623717,0.0303756897802,0.00166787951864,0.00762392511066,0.022518790125,0.0261736932479,0.00714001891876,0.0322977583878,-0.00692584205933,0.00129742453822,3.62415645206,0.00692584205933,0,-0.00837529820837,0.00799310007213,0.0550055383347,0.0187784522003,0.00243815413892,0.2,0.120128619955,0.992758336489,2025-01-05 23:59:59+00:00,2025-01-03 06:00:00+00:00,0.01924977566,2025-01-06,2025-01-16 23:00:00+00:00,-0.00324449766007
2025-01-06,0.0261543258742,0.0229098282142,0.0395621378743,0.0359758422129,0.0593081251085,0.0122626935437,0.0135912162288,0.0151530491612,0.0196637930218,0.0346889136286,0.0223810287078,0.0053283709987,-0.409909080971,0.0523086517485,0.0456012330587,0.0790399311908,0.0289257247962,0.0513218576352,0.0245902102183,0.0316916740178,0.0301432576554,0.0394974823817,0.046704679361,0.0339750465033,0.015812147595,-0.513823896975,0,0.000218423369599,8.4344557873e-05,0.0430259596296,0.0672943925818,0.000145953639951,0.0077055266752,0.0102499607785,7.5690858153e-05,0.0225121764493,0.0106728112274,-0.0051554055976,-0.343878058958,0.0295697410444,0.0217950643419,0.0194128862304,-0.00280698222067,0.0168490408113,0.0307792326289,0.0367930403275,0.0384609198461,0.059943035967,0.0173749544704,0.0156498252765,0.0333302916035,0.0523086517485,0.00179781806947,4.11231613845,0.0523086517485,0,0.015515611421,-0.0295697410444,0.049411151896,-0.0310929063489,0.00266951414842,0.6,0.238517377822,0.971138229335,2025-01-12 23:59:59+00:00,2025-01-09 23:00:00+00:00,0.043610187106,2025-01-13,2025-01-24 06:00:00+00:00,0.0261543258742
2025-01-13,0.01924977566,0.0454041015343,0.0483425821335,0.0660283889219,0.051446362618,0.0131543059906,0.0126463141794,0.015610765109,0.0268884814988,0.0505250922017,0.0443863108867,0.0081282330243,-0.39843992801,0.0267501023865,0.079058754135,0.0848513707755,0.0871342409782,0.0296995547592,0.0248533337371,0.0296687040571,0.0300654813253,0.0449882674094,0.0724865774968,0.0644517750284,0.0189282615586,-0.500643128963,0.0117494489336,0.0117494489336,0.0118337934914,0.0449225368656,0.0731931704767,0.00586246731445,0.00791925060405,0.0104206610462,0.00889286842232,0.028818152176,0.024461082387,-0.00267179550997,-0.336123521154,0.035378406315,0.0649481473594,0.0539534659805,0.0694994427511,0.0221289487921,0.0297409815731,0.0268409126797,0.0636339530071,0.0712578781178,0.0875680688025,0.0167630288904,0.0307388241715,0.0150006534529,0.00497853746404,3.74592996362,0.0150006534529,1,-9.08102931955e-05,-0.0236289573814,0.0238641827855,-0.00403535741737,-0.015086971956,-1.6,0.353451610506,0.935452809623,2025-01-19 23:59:59+00:00,2025-01-16 23:00:00+00:00,0.0023201134015,2025-01-20,2025-01-30 23:00:00+00:00,0.01924977566
2025-01-20,0.043610187106,0.062859962766,0.0857697909802,0.095694063504,0.111215764845,0.0193895465667,0.0153079946471,0.0178096880963,0.049528692968,0.0876885542951,0.0906449377111,0.0128873889108,-0.371625335659,0.0754396092815,0.102189711668,0.147790944727,0.141172760531,0.159134620044,0.0352483867416,0.0309007466361,0.0333043591833,0.0848814270449,0.141583361827,0.145626672582,0.0247066115629,-0.461514471863,0.0117807649304,0.023530213864,0.0237486372336,0.0502153664766,0.0632969096454,0.00673013716411,0.00661671195559,0.0107517974694,0.014770676588,0.0359220697765,0.0379569363521,0.00106816625875,-0.328256298452,0.0579046968523,0.0932831031673,0.115078167509,0.101029817626,0.0272559141893,0.0278717883161,0.0536580766011,0.0804989892808,0.118959909127,0.123002734358,0.0217429561143,0.0299975244606,0.0636588443511,0.00299646053525,4.6694003673,0.0636588443511,1,0.0217815326804,-0.0461239319219,-0.0232549331515,-0.0912598880957,-0.067579744098,-5.8,0.463266687928,0.886218920954,2025-01-26 23:59:59+00:00,2025-01-24 06:00:00+00:00,-0.00927822655812,2025-01-27,2025-02-06 23:00:00+00:00,0.043610187106
2025-01-27,0.0023201134015,0.0459303005075,0.0913344020417,0.0975865755034,0.111511724945,0.0170913303698,0.0152976890439,0.0176050084804,0.0283596284051,0.0806522280361,0.0921870874429,0.0142557755146,-0.370165742624,-0.0220789424258,0.0533606668557,0.132419420991,0.136689960945,0.133007371017,0.0418196588889,0.0322961661879,0.0334235144896,0.0273858402474,0.104835458184,0.118694884039,0.0228735190156,-0.473273373102,0.0267191692288,0.0384999341592,0.0502493830928,0.0584831900617,0.0900160788742,0.0109468389892,0.00877580560934,0.0119482185241,0.0291086914645,0.0565304277408,0.0659279353799,0.00563803201364,-0.310065931245,-0.0353795119598,0.0225251848925,0.0874733322519,0.0746972258021,0.0400739692697,0.0303573011342,-0.0458697461825,0.00778833041863,0.0714222834258,0.0939410735507,0.0439017826781,0.0334000911165,-0.0487981116546,-0.00695372326532,3.67971761315,0.0487981116546,0,0.0237908037567,0.0620986811886,-0.0387296909535,0.00594479830149,-0.0214534209509,-2.4,0.56637212241,0.824149633839,2025-02-02 23:59:59+00:00,2025-01-30 23:00:00+00:00,-0.0113847804684,2025-02-03,2025-02-13 23:00:00+00:00,0.0023201134015
2025-02-03,-0.00927822655812,-0.00695811315662,0.0559018496094,0.0954639874837,0.107742176043,0.0229682135367,0.0156192921915,0.0172521093327,0.00494552244967,0.0617404199566,0.0806902729934,0.00568760270669,-0.375982461412,-0.0212738625022,-0.0433528049281,0.05883690674,0.137876837931,0.122750863827,0.0464805125903,0.0329766165447,0.0331534180156,-0.00848502468509,0.0712837479236,0.0929543834566,0.00526685254447,-0.484360531451,0.002717409386,0.0294365786148,0.0529667924788,0.0530511370366,0.0927334882602,0.00994592067574,0.00862825333978,0.0118085940635,0.0183560519671,0.0518141098043,0.0681789460947,0.00610835286891,-0.308188548277,-0.0323511249979,-0.0677306369576,0.0255524662096,0.0449653524401,0.0473978149065,0.0307532180243,-0.0324716271088,-0.0783413732913,0.0021576159895,0.0621006519565,0.0474584033067,0.0324523867038,-0.0239912718882,0.00898391663373,3.82149129782,0.0239912718882,0,0.0111977646066,0.0350685343838,-0.0441384095328,-0.0392570704939,0.0105339390348,1,0.661274604227,0.750143918062,2025-02-09 23:59:59+00:00,2025-02-06 23:00:00+00:00,0.012122557574,2025-02-10,2025-02-21 06:00:00+00:00,-0.00927822655812
2025-02-10,-0.0113847804684,-0.0206630070265,0.025267293481,0.0736098756145,0.0804929113539,0.02558203165,0.0163300282835,0.0170641027001,-0.0125504727596,0.0432065468844,0.066859420308,0.000125060958408,-0.383046476667,-0.00764637901422,-0.0289202415165,0.0244404253392,0.109291796115,0.0801162525219,0.0466916305394,0.0323381838649,0.0328101185021,-0.0218470974477,0.0564717618775,0.0818008577963,-5.26823207204e-05,-0.488288270634,-0.0151231819225,-0.0124057725365,0.0260941616227,0.0379279551141,0.0808695701858,0.0174982766214,0.0102870494105,0.0120421014973,-0.00336605942853,0.0296522891409,0.0517437343935,0.000302804237537,-0.318572223708,-0.0258176830259,-0.0581688080238,-0.0356436231313,0.0183098428493,0.0447220857521,0.029808546961,-0.0173371798964,-0.0498088070052,-0.0420204765866,0.0292374015312,0.0443350014476,0.0305310364683,0.00747680290828,0.00866568605796,3.14327649243,0.00747680290828,1,0.00969080088219,0.0106945011034,0.00113943281567,-0.00197715289982,0.00534236758095,0.5,0.746599629698,0.665273622605,2025-02-16 23:59:59+00:00,2025-02-13 23:00:00+00:00,-0.00453141738298,2025-02-17,2025-02-27 23:00:00+00:00,-0.0113847804684
2025-02-17,0.012122557574,0.000737777105644,-0.00622033605098,0.0795494549292,0.103418239977,0.0109295455465,0.0155616235597,0.0171923563515,0.00105357316555,0.0475698018413,0.0778218186465,-0.00951033324173,-0.375521905686,0.0232003909099,0.0155540118957,-0.0277987930324,0.119992151694,0.134775057227,0.0211627735367,0.030542604696,0.0329133740074,0.00822478624381,0.070046986185,0.104042274243,-0.0173170103525,-0.476277570747,0.0010447242381,-0.0140784576844,0.0153581209304,0.039106758164,0.0720614227264,0.0172446361575,0.0103179106384,0.0116893254459,-0.00610245076411,0.0250777968559,0.0518177666165,-0.00170365613097,-0.317859947592,0.0080839475452,-0.0177337354807,-0.0854643724384,0.0296137950708,0.0200347063934,0.0277333853421,0.00163645729726,-0.0157007225992,-0.0940420958904,0.0249178132364,0.0204182682201,0.0275954541929,0.0221556666718,0.0185886105745,2.95986715714,0.0221556666718,1,0.0215639336127,-0.0070392233071,-0.0172912363529,0.0396213955536,-0.000972069211328,-0.1,0.821111408578,0.570767951713,2025-02-23 23:59:59+00:00,2025-02-21 06:00:00+00:00,-0.0212472479782,2025-02-24,2025-03-06 23:00:00+00:00,0.012122557574
2025-02-24,-0.00453141738298,0.00759114019103,-0.0130718668355,0.0782625352063,0.08494231007,0.0106531753384,0.0158107469821,0.0164754767836,-0.000194998159202,0.036065438324,0.0701436721791,-0.0098019905604,-0.378345274815,-0.0117999595548,0.0114004313551,-0.0175198101614,0.114899610829,0.101574007944,0.0192510223507,0.0309287609557,0.031939268255,0.000803859085354,0.0492508886678,0.0868815599814,-0.0121933377668,-0.482421155916,0.0027371247889,0.003781849027,-0.00862392350951,0.0416254595833,0.0683106121959,0.00868111421231,0.0103417059837,0.0115711496545,-0.00122295268373,0.0225488304106,0.0532551440183,-0.00741064335399,-0.315990287566,0.000999342620973,0.00908329016617,-0.0490855178576,0.0383878143943,0.0198086674901,0.02684721909,-0.000949651230533,0.000686806066728,-0.0491220009385,0.0223002824873,0.0158673822641,0.0272608078011,-0.0145370843437,-0.0354079791119,2.99039352028,0.0145370843437,0,-0.0108503083243,0.00173778216793,0.0335266463059,0.09294939657,0.0205630513752,1.6,0.883730762406,0.467995661922,2025-03-02 23:59:59+00:00,2025-02-27 23:00:00+00:00,-0.0316217281665,2025-03-03,2025-03-13 23:00:00+00:00,-0.00453141738298
2025-03-03,-0.0212472479782,-0.0257786653612,-0.0250408882555,0.0308609613539,0.0632674606897,0.0140450156928,0.0175549824811,0.0170861442573,-0.0151029445444,0.00945555148683,0.0456605439869,-0.0111269498092,-0.391414393848,-0.0424944959564,-0.0542944555112,-0.0387404436155,0.0200964631244,0.0766756548273,0.0268734130669,0.0333124239528,0.033180215953,-0.0316618233907,-0.000111239802248,0.0397749872873,-0.0155832381983,-0.503954640427,0,0.0027371247889,-0.0113413328955,0.0416254595833,0.0498592665522,0.00826916913084,0.0096206418513,0.0110421761249,0.00162967379571,0.0186518292011,0.0511718393982,-0.0066706614202,-0.315990287566,-0.0244258518331,-0.0234265092121,-0.0411602446929,-0.0156077784832,0.0173779789043,0.0276662436715,-0.0304674294888,-0.0314170807194,-0.0471178033185,-0.044960187329,0.0150266435482,0.0282961767743,-0.0424944959564,0.00865138203243,3.46223903026,0.0424944959564,0,-0.0120270664675,0.0244258518331,-0.0109403014808,-0.113715614103,-0.0219919913557,-0.6,0.933550754601,0.358445237914,2025-03-09 23:59:59+00:00,2025-03-06 23:00:00+00:00,-0.0249114967634,2025-03-10,2025-03-20 23:00:00+00:00,-0.0212472479782
2025-03-10,-0.0316217281665,-0.0528689761447,-0.0452778359536,-0.0200105424727,0.0388013710617,0.0192037216649,0.0200809895452,0.0168601857852,-0.0350978989712,-0.0247581234419,0.0111527186338,-0.0143041798393,-0.41035783184,-0.051463129247,-0.0939576252033,-0.0825571938483,-0.058116768509,0.0476732650683,0.0338024184456,0.0362146339344,0.0327164657486,-0.061666338175,-0.0534861972771,-0.0143179628859,-0.0243064726981,-0.528836935114,-0.011780327086,-0.011780327086,-0.00799847805903,0.0180956835637,0.0299294770551,0.0066172878201,0.0104297824913,0.0111006305985,-0.00812941899533,0.00442866780805,0.0368832612547,-0.00430188698053,-0.324000869431,-0.0317712894677,-0.0561971413008,-0.0471138511346,-0.0827574742659,0.0192998896682,0.0290510368345,-0.0351577111412,-0.06562514063,-0.0649383345633,-0.10695881115,0.0192670869475,0.030039257469,-0.0396828021609,-0.0022569647369,3.47190001943,0.0396828021609,1,-0.0163054181058,0.0199909623817,-0.0130839082196,-0.0246994535519,0.0208617664262,0.6,0.969849825926,0.243703334306,2025-03-16 23:59:59+00:00,2025-03-13 23:00:00+00:00,-0.000634866484415,2025-03-17,2025-03-27 23:00:00+00:00,-0.0316217281665
2025-03-17,-0.0249114967634,-0.0565332249299,-0.0823118902911,-0.0885322263421,0.00342054289739,0.0115279924901,0.0213401825923,0.017105532951,-0.0394478365184,-0.048990368883,-0.0154328410757,-0.0208410912572,-0.424865249809,-0.0308321010764,-0.0822952303234,-0.136589685835,-0.164388478867,-0.00409749880987,0.0171260794468,0.0369951821847,0.0329381476585,-0.0588232761804,-0.0819577957063,-0.0458544966286,-0.0338322292425,-0.543142218167,-0.0189908924505,-0.0307712195365,-0.0280340947476,-0.0126759738172,0.0109385846047,0.0101725830438,0.0119920805897,0.0112634380223,-0.020009317627,-0.0152784820148,0.0155680240304,-0.00784995327187,-0.336717563342,-0.00540873405113,-0.0371800235188,-0.060606532731,-0.146070905169,0.0154704256514,0.0290491366505,-0.00850790472277,-0.043665615864,-0.0750826965833,-0.169124792474,0.0166158795636,0.0296375029407,-0.0118412086259,-0.00172486277036,3.08471054687,0.0118412086259,1,-0.0223241963536,-0.0135821583993,-0.0239125813172,0.0338413267593,-0.00286478227655,0.4,0.992102245058,0.12543179561,2025-03-23 23:59:59+00:00,2025-03-20 23:00:00+00:00,0.00810548690382,2025-03-24,2025-04-03 22:00:00+00:00,-0.0249114967634
2025-03-24,-0.000634866484415,-0.0255463632478,-0.0784153393925,-0.091487206228,-0.00339730184631,0.0133556929474,0.0212662227114,0.0171085656145,-0.0208903597638,-0.0493574283311,-0.0177353394743,-0.0193425039369,-0.425230267705,0.0208377444876,-0.00999435658884,-0.103951981792,-0.121471791954,0.00424021034738,0.0323396674945,0.0373068260519,0.0329637606815,-0.0130298844055,-0.0629130640215,-0.0274757666204,-0.0263141654748,-0.533522453424,-0.0221074774564,-0.0410983699069,-0.0528786969929,-0.0615026205024,-0.01103481404,0.00981718752813,0.0135839362604,0.0114526553172,-0.028798551771,-0.0360168130529,-0.00827694640752,-0.012370842399,-0.351220166212,0.00929385063496,0.00388511658383,-0.052312024717,-0.101397542575,0.0185968649094,0.0292347625318,0.0150329725306,0.00652506780782,-0.0591000728222,-0.108222073761,0.0230181013286,0.0299812336537,0.0429452219439,-0.0037236860571,2.74619073192,0.0429452219439,0,0.00580477195697,-0.0314013280913,-0.00366779052647,-0.0216778668979,0.00555449147673,0.1,0.999985722936,0.00534358719969,2025-03-30 23:59:59+00:00,2025-03-27 23:00:00+00:00,-0.00935270581875,2025-03-31,2025-04-10 22:00:00+00:00,-0.000634866484415
2025-03-31,0.00810548690382,0.00747062041941,-0.0490626045105,-0.074103492766,0.00795268271758,0.0190160769376,0.021366292966,0.0171476888283,-0.000519316617534,-0.04218002188,-0.0117372037689,-0.0128773959521,-0.420552547176,0.0250533073236,0.0458910518112,-0.0364041785122,-0.0751446221277,0.0360009363607,0.0379896296313,0.0378439289704,0.0332706047418,0.0215919046227,-0.0416441212287,-0.00528655459315,-0.011870347425,-0.521688021259,-0.00884233351598,-0.0309498109724,-0.0617210305089,-0.0730623634044,-0.0200955709256,0.00616403877455,0.0137559736993,0.0115353151796,-0.0223691805095,-0.0430754057524,-0.0185215009523,-0.0138844444791,-0.356931605442,0.0292051324431,0.038498983078,0.00131895955919,-0.0398412851337,0.0256745642322,0.0303683041922,0.0268006691556,0.0418336416862,-0.00183197417774,-0.0489497774963,0.0273975436454,0.0310768374931,0.0338956408396,-0.00707135084959,2.75089055177,0.0338956408396,0,-0.00174736183202,-0.0380474659591,0.00230845910355,0.0363394637713,-0.0121904761905,-1,0.99338608057,-0.114822014132,2025-04-06 23:59:59+00:00,2025-04-03 22:00:00+00:00,-0.0453966318204,2025-04-07,2025-04-17 22:00:00+00:00,0.00810548690382
2025-04-07,-0.00935270581875,-0.00124721891493,-0.0267935821628,-0.0720714181164,-0.0275543489754,0.0140793434891,0.020058472474,0.0171288732439,-0.00312232895034,-0.0491574834765,-0.0220879934737,-0.00457883023489,-0.42594668453,-0.0188913125437,0.00616199477992,-0.00383236180892,-0.0863895556572,-0.0351990279314,0.0280814778833,0.0351319348426,0.0329553020962,0.00343945705047,-0.0571352127314,-0.0244873429859,0.00174952708096,-0.53063914688,0.000185900906197,-0.00865643260978,-0.0497548025166,-0.0577532805757,-0.0199096700194,0.010144471127,0.0137578110719,0.0114478167664,-0.00983975053206,-0.0414784007435,-0.0200513308172,-0.0109071875507,-0.356812047332,0.00383929162884,0.0330444240719,0.0369295406557,-0.0101843104789,0.014632865311,0.0291786736922,-0.0103099634587,0.016490705697,0.0230157735048,-0.0419225610585,0.0181706215458,0.0290095917931,-0.0190772134499,0.000824763410079,2.55341356597,0.0190772134499,0,-0.00858134908503,-0.00365339072264,-0.0309179418282,-0.00406243318366,0.00443501735442,0.7,0.97239890274,-0.233324610683,2025-04-13 23:59:59+00:00,2025-04-10 22:00:00+00:00,-0.00739438826164,2025-04-14,2025-04-24 22:00:00+00:00,-0.00935270581875
2025-04-14,-0.0453966318204,-0.0547493376391,-0.0472787172197,-0.129590607511,-0.0922007564558,0.0234919133936,0.0222165289,0.018585666994,-0.0362531288842,-0.0851816046386,-0.0640900520331,-0.00472731342371,-0.451424101785,-0.0814326991872,-0.100324011731,-0.0544329599197,-0.191022645754,-0.143381829505,0.0493602715022,0.0400423158565,0.0351884227501,-0.0629125924055,-0.121820609877,-0.0970175793685,-0.00257886847954,-0.567345631944,-0.00936056445355,-0.00917466354735,-0.0401244745197,-0.0681585692673,-0.0410196834065,0.00916676576293,0.0132977411727,0.0116210978248,-0.00911654240822,-0.0474955069015,-0.0303277632785,-0.00687575836789,-0.362804559217,-0.121484475321,-0.117645183692,-0.0791462006143,-0.139752733345,0.0686695057431,0.0424054279328,-0.120609431711,-0.13091939517,-0.0890857534837,-0.164168450067,0.0673625232754,0.0417902536152,-0.0720721347337,0.00683619186369,3.01098542609,0.0720721347337,1,0.039176732524,0.112123910868,-0.0166633658018,0.00644053241735,-0.00403148397005,-0.4,0.937328153605,-0.348447890595,2025-04-20 23:59:59+00:00,2025-04-17 22:00:00+00:00,0.00094416259261,2025-04-21,2025-05-01 22:00:00+00:00,-0.0453966318204
2025-04-21,-0.00739438826164,-0.052791020082,-0.0540382389969,-0.132453578389,-0.143205331823,0.0226470775451,0.0162073013144,0.0183888605505,-0.0304784566933,-0.0820486886771,-0.0699046957875,-0.00249376499359,-0.455465524629,0.0166126008676,-0.0648200983196,-0.0586581035397,-0.162610085332,-0.202208837919,0.0484135642985,0.0319656552768,0.0339068131051,-0.0333042974288,-0.0931514276544,-0.0804621924541,0.000890000108852,-0.560098083983,-0.0314013773909,-0.0407619418444,-0.0494183744542,-0.102297071447,-0.0842018257278,0.0134330954073,0.0145867246401,0.0125146401491,-0.0279262716594,-0.0711468798552,-0.0595856933367,-0.00587753009603,-0.382502484174,0.0247966655261,-0.0966878097951,-0.0636433857232,-0.11595541044,0.0712470166625,0.0386264513535,0.0270635074006,-0.0935459243106,-0.0770552186137,-0.136155291436,0.0698075043371,0.0386426163777,0.0480139782585,0.00901728499667,2.19127081607,0.0480139782585,0,-0.010450906533,-0.056198042917,-0.0215415037856,-0.0132252559727,0.0208815214598,1.8,0.888681774293,-0.458524485758,2025-04-27 23:59:59+00:00,2025-04-24 22:00:00+00:00,-0.0214998805997,2025-04-28,2025-05-08 22:00:00+00:00,-0.00739438826164
2025-04-28,0.00094416259261,-0.00645022566903,-0.0611995633082,-0.110262167819,-0.144581282632,0.0205552026687,0.0161171955021,0.0183824335956,-0.0144729074667,-0.0709674163872,-0.0679039620578,-0.00417825370148,-0.454951152759,0.0194271359314,0.036039736799,-0.0642842749319,-0.100688453444,-0.160702759562,0.0469341428804,0.0333044872959,0.0341436283693,0.0020538828908,-0.063752417361,-0.0614731347006,-0.00370931799744,-0.551468496993,-0.0175388107462,-0.0489401881371,-0.0581148516845,-0.119835882193,-0.128459805703,0.0133788030593,0.0108894761486,0.0129351931427,-0.0309807122351,-0.0784267793081,-0.0746466917753,-0.00464718940551,-0.39323823489,0.00239538726319,0.0271920527893,-0.0904531309031,-0.0891341713439,0.0667042931729,0.0384198777613,0.0111266794648,0.0381901868654,-0.0927292083045,-0.0945611824823,0.0667320269805,0.0384228164296,0.0369659466777,-0.0139305149515,3.05812958418,0.0369659466777,0,0.00830045646669,-0.0199341980094,0.00876700537061,-0.00367488110679,0.0118950217131,0.5,0.827164326226,-0.561960120845,2025-05-04 23:59:59+00:00,2025-05-01 22:00:00+00:00,-0.0201257019997,2025-05-05,2025-05-15 22:00:00+00:00,0.00094416259261
2025-05-05,-0.0214998805997,-0.0205557180071,-0.0733467380891,-0.100140320252,-0.156802936674,0.0202791475012,0.01635539604,0.0187927986346,-0.0174031379088,-0.0798018427643,-0.0861176274158,-0.00627492016275,-0.46654456285,-0.0362258042092,-0.0167986682778,-0.0816187665974,-0.0854511284063,-0.175654701269,0.048067937132,0.0338909240977,0.0347893462352,-0.0133242173304,-0.0848560017628,-0.0931484237702,-0.00689279155174,-0.567426127333,-0.00677395699019,-0.0243127677364,-0.0650747095808,-0.114829512097,-0.137951172079,0.0110827732371,0.0102752228439,0.0129723862993,-0.0216946769116,-0.0750144170692,-0.0793884782454,-0.00565704877375,-0.397334523286,-0.0673536302145,-0.0649582429513,-0.161646052746,-0.124716512091,0.0667913171911,0.0410618128277,-0.0422808413465,-0.0311541618817,-0.124700086192,-0.101684312688,0.0665908229846,0.0389217193483,-0.029451847219,-0.0036104147332,3.29799427402,0.029451847219,1,0.00605503713726,0.0605796732243,-0.010267587998,0.00889563896724,-0.000435377534519,0.4,0.75366678672,-0.657256703728,2025-05-11 23:59:59+00:00,2025-05-08 22:00:00+00:00,0.0272934542263,2025-05-12,2025-05-22 22:00:00+00:00,-0.0214998805997
2025-05-12,-0.0201257019997,-0.0416255825994,-0.0480758082684,-0.0953545254881,-0.165543858205,0.0107243699486,0.016504240188,0.0187584130691,-0.0254251731053,-0.0867298433603,-0.101578822514,0.000715190871759,-0.477173412716,-0.0255557277343,-0.0617815319435,-0.0257417951445,-0.0801747550642,-0.193564049989,0.0285956653149,0.0339964625686,0.0342339103157,-0.0321517132457,-0.0946795167991,-0.112404760591,0.00845409352072,-0.578340807134,-0.0146956762651,-0.0214696332553,-0.0704098213924,-0.110534295912,-0.137523666422,0.0102651520772,0.0102602539252,0.0132175651782,-0.0187143961209,-0.0789878675142,-0.0909697595912,-0.0070237117772,-0.40612634095,-0.0191760125225,-0.086529642737,-0.0593375899477,-0.138483790562,0.0393471983987,0.0409599387961,-0.00985327047104,-0.0521341118175,-0.0139439249522,-0.103029678436,0.0299576626364,0.038926008391,-0.0108600514692,0.0054343905105,3.31309046793,0.0108600514692,1,-0.0157024572633,0.00448033625746,-0.0295666679162,-0.0148387096774,0.0205338809035,1.2,0.669253644676,-0.743034022834,2025-05-18 23:59:59+00:00,2025-05-15 22:00:00+00:00,-0.00630220402608,2025-05-19,2025-05-30 05:00:00+00:00,-0.0201257019997
2025-05-19,0.0272934542263,0.00716775222664,-0.0133879657804,-0.0674262047774,-0.150372961553,0.0228641161827,0.0187868038546,0.0196148965981,0.00493199341618,-0.0503349689722,-0.0751412225438,0.00822015944357,-0.46270715007,0.0658471813037,0.0402914535694,0.0234927852917,-0.035165318248,-0.150917259595,0.0466929376051,0.0395777561522,0.0364034220453,0.0275575542813,-0.0212005964588,-0.0514291005024,0.0174822162918,-0.549641213144,-0.0112602728511,-0.0259559491161,-0.0502687168526,-0.0996870913068,-0.149828663511,0.0046374219765,0.00964791020252,0.0130968077819,-0.0174141402115,-0.0788704470739,-0.0986282091991,-0.00104189740462,-0.412776011576,0.0507987107109,0.0316226981884,-0.0333355447629,-0.0969789304861,0.049032857056,0.0444996315949,0.0571197766296,0.0472665061585,0.0161123442768,-0.0609428743369,0.04165863837,0.0435051534231,0.0771074541548,0.00343389684667,4.10178510542,0.0771074541548,0,0.00872740467418,-0.062058983562,0.00559133970044,0.028596376337,0.00542649838424,0.5,0.575147483235,-0.818049737197,2025-05-25 23:59:59+00:00,2025-05-22 22:00:00+00:00,-0.0171787950189,2025-05-26,2025-06-05 22:00:00+00:00,0.0272934542263
2025-05-26,-0.00630220402608,0.0209912502002,-0.0206343323991,-0.0818338957073,-0.152143748196,0.022697248347,0.0187378958748,0.0193648928636,0.00384360081385,-0.0449079294572,-0.0786878123629,0.00654478214606,-0.466082631574,-0.0173968862022,0.0484502951015,-0.013331236842,-0.0776155117738,-0.156514186242,0.0467599421759,0.0396104349273,0.0362595102964,0.0132689314025,-0.0258691427955,-0.0658970474269,0.00870674357738,-0.557408296286,0.00479247815004,-0.00646779470105,-0.0279374279563,-0.0860522796408,-0.14777331015,0.00849482225611,0.00991427482482,0.0130518672179,-0.0057410374102,-0.0638310283038,-0.0916811619169,0.00438282071474,-0.409954999021,0.00499240001914,0.0557911107301,-0.030738532007,-0.12119166291,0.049239041724,0.044606056581,-0.0106599754787,0.0464598011509,-0.00567431066663,-0.0984035189712,0.0418449956903,0.0434330042146,-0.0221893643522,0.00171663445261,3.99489027053,0.0221893643522,0,-0.00673691072353,-0.000199921869095,-0.00695271386317,0.0212224108659,-0.0098241358399,-0.5,0.472711272708,-0.881217369697,2025-06-01 23:59:59+00:00,2025-05-30 05:00:00+00:00,0.00866470061944,2025-06-02,2025-06-12 22:00:00+00:00,-0.00630220402608
2025-06-02,-0.0171787950189,-0.023480999045,-0.0163132468184,-0.0896599849075,-0.148075295237,0.021743004952,0.0185986699363,0.0195621768364,-0.00923414834121,-0.0502281638957,-0.0915791357899,0.00731209562131,-0.475176355357,-0.034606504698,-0.0520033909002,-0.0117119373308,-0.0933307039282,-0.148626194984,0.0463857591423,0.0391629248903,0.0367008286117,-0.0183671328353,-0.0479612498264,-0.0953278786501,0.00850479989684,-0.572462852939,0.000248914660162,0.0050413928102,-0.0209145563059,-0.0859892658868,-0.147524395489,0.00924539136591,0.00993826884004,0.0123197154336,-0.000240109189226,-0.0527518414346,-0.0881861590744,0.00611939134578,-0.409808109889,-0.017212761498,-0.0122203614789,0.0194023367095,-0.142243716037,0.0325336698158,0.0444711396316,-0.023129951089,-0.0337899265677,0.0134765795908,-0.111223506602,0.0363454765017,0.0431926327304,-0.0348554193582,0.00404943754582,3.94022191377,0.0348554193582,0,-0.011476553609,0.0174616761582,0.0409059260405,0.0378221113882,0.0410338069574,3.2,0.363428630231,-0.931622042852,2025-06-08 23:59:59+00:00,2025-06-05 22:00:00+00:00,0.0300926048828,2025-06-09,2025-06-19 22:00:00+00:00,-0.0171787950189
2025-06-09,0.00866470061944,-0.0085140943995,0.0124771558007,-0.0355986524677,-0.107788866451,0.0192865981111,0.0183006862801,0.0196818936971,-0.00369871272934,-0.0338594785841,-0.0813613656047,0.0114107402156,-0.470609157472,0.0203454293229,-0.0142610753752,0.0341892197264,0.00844742458192,-0.0768176364142,0.0445639013498,0.0380959218049,0.0367421632237,-0.00655371474869,-0.0225603133994,-0.075762831093,0.0144563538865,-0.563675336353,-0.00301602808402,-0.00276711342385,-0.0092349081249,-0.0796447295173,-0.138760096487,0.00677247107518,0.0102003143152,0.0120803798975,-0.000941166179141,-0.0452808799043,-0.0872629147261,0.00836512654473,-0.411585463583,0.0369367923832,0.0197240308851,0.0755151416152,0.0161775516675,0.0307701408539,0.0458012179403,0.0356336482818,0.0125036971928,0.0589634983437,0.0450195733915,0.0379116602663,0.0441389957089,0.0233614574069,-0.00667109878528,3.73441309893,0.0233614574069,0,-0.0152882189589,-0.0399528204672,0.0115758375295,-0.0194233079696,0.0134133427462,0.9,0.248882332053,-0.9685337293,2025-06-15 23:59:59+00:00,2025-06-12 22:00:00+00:00,0.0668466662848,2025-06-16,2025-06-26 22:00:00+00:00,0.00866470061944
2025-06-16,0.0300926048828,0.0387573055023,0.0152763064572,0.00188834067679,-0.0527847648046,0.0204705422058,0.0203784286659,0.0205618154683,0.022758300402,-0.000193395554946,-0.0515494340494,0.00787944313774,-0.454436286559,0.0601852097656,0.0805306390885,0.0285272481883,0.05202003348,0.0141996744278,0.0421624114329,0.0413578300042,0.0384511324651,0.0473037846773,0.0369060166327,-0.0188017467759,0.00603952939878,-0.536608709335,0,-0.00301602808402,0.00202536472619,-0.0482433521264,-0.119769204037,0.00321976733951,0.0102695843188,0.0120803798975,-0.00144578824199,-0.0362755965185,-0.0835640184262,0.0097193568767,-0.411585463583,0.0561241104586,0.0930609028417,0.0808405413628,0.0475049965999,0.0326682687058,0.0488618185536,0.0688513274915,0.104484975773,0.0706950492056,0.0868073934824,0.0424634917949,0.0484875379809,0.0601852097656,0.00301671847941,4.0268234718,0.0601852097656,0,-0.00866611772588,-0.0561241104586,0.00472062010947,0.0157239125996,-0.0211308487171,-1.1,0.13073138967,-0.991417825014,2025-06-22 23:59:59+00:00,2025-06-19 22:00:00+00:00,-0.00670675784926,2025-06-23,2025-07-03 22:00:00+00:00,0.0300926048828
2025-06-23,0.0668466662848,0.0969392711676,0.0884251767681,0.067790844369,0.0146967679647,0.0355409469276,0.0283565813782,0.0245672687613,0.0687384095007,0.0676440155954,0.0135742512197,0.0209757735794,-0.416720631411,0.120450793936,0.180636003702,0.166374928327,0.153043691485,0.113812723876,0.065375953026,0.0529299245732,0.0450698518638,0.130202915783,0.158423351784,0.101575176315,0.0328389071681,-0.477292198322,0.0132425386336,0.0132425386336,0.0104754252098,-0.0174620027465,-0.084419187947,0.00723624165901,0.0112080039328,0.012536088299,0.00920518289191,-0.0169235302596,-0.0680132865701,0.00911263999067,-0.403741539245,0.096417558563,0.152541669022,0.172265699907,0.1415271679,0.0472158141688,0.0558028910085,0.088016321693,0.156867649185,0.169371346377,0.163697035711,0.0487184648963,0.0540411493051,0.107208255302,-0.000842142393384,4.72208992795,0.107208255302,1,0.032434472243,-0.0831750199294,-0.037167041445,-0.0371934057097,0.00741311825406,1.5,0.0106870218179,-0.999942892152,2025-06-29 23:59:59+00:00,2025-06-26 22:00:00+00:00,0.0122523702778,2025-06-30,2025-07-10 22:00:00+00:00,0.0668466662848
2025-06-30,-0.00670675784926,0.0601399084356,0.0988972139378,0.0825839671195,-0.000115476788408,0.0318796411969,0.0283505498855,0.0245973734439,0.0357111148655,0.0605175347369,0.00649494111593,0.0247331863143,-0.420619456044,-0.0701290484256,0.0503217455105,0.130852384599,0.119140447268,0.0186303681271,0.0799626715473,0.0569203020323,0.0473610009083,0.0206815293363,0.0783139331438,0.0248172459982,0.0312799909092,-0.51269336631,0.056715532727,0.0699580713606,0.0669420432766,0.0460274869707,-0.018861321704,0.0275729554568,0.0207499630908,0.0172482021781,0.0499435457679,0.0420315286289,-0.0121386867624,0.0181863817195,-0.36894705547,-0.111905472397,-0.0154879138336,0.0775729890081,0.0969753257176,0.0909744114242,0.0640628241833,-0.115314108385,-0.0272977866921,0.0771871890813,0.0906637686721,0.0923128974822,0.0633827159545,-0.126844581153,-0.00389256238354,2.74301977133,0.126844581153,0,0.0451850599595,0.168621005124,-0.0162343827137,0.0511589058259,0.0069464884912,0.2,-0.109512129666,-0.993985459379,2025-07-06 23:59:59+00:00,2025-07-03 22:00:00+00:00,0.00964943562906,2025-07-07,2025-07-17 22:00:00+00:00,-0.00670675784926
2025-07-07,0.0122523702778,0.00554561242852,0.102484883596,0.114962039397,0.0214895993081,0.03132280851,0.0283903876697,0.0241601233769,0.0223751764813,0.071709648914,0.0191457022854,0.0239681747984,-0.413477004459,0.0214998751608,-0.0486291732647,0.132006830437,0.166196050163,0.0590215558317,0.0799052156805,0.0568207317614,0.0464308620897,0.0102904469834,0.0964228924941,0.0460974912371,0.0284615879299,-0.502102895567,0.00300486539472,0.0597203981218,0.0729629367554,0.0637280286305,-0.0160423572154,0.0262687911346,0.0207831961556,0.0172686983066,0.0339489863121,0.0465280626825,-0.00778166508262,0.019474761667,-0.367047974502,-0.00510146698489,-0.117006939381,0.0355347296401,0.111049871255,0.0906999482526,0.0640117224815,0.00975341256443,-0.105560695821,0.0513069533639,0.110270451708,0.0916910572977,0.0634449734199,0.0184950097661,-0.00263292623131,2.73384312465,0.0184950097661,1,0.0117464625964,0.00810633237961,-0.00796162976974,0.0117203019468,-0.00578778135048,-0.2,-0.228125181163,-0.973631810142,2025-07-13 23:59:59+00:00,2025-07-10 22:00:00+00:00,0.00580080363716,2025-07-14,2025-07-24 22:00:00+00:00,0.0122523702778
2025-07-14,0.00964943562906,0.0219018059068,0.0820417143424,0.0973180207996,0.0765356667576,0.0320103048854,0.0246464282826,0.0239226446491,0.0117225555447,0.075504996735,0.0296708980291,0.0146230696043,-0.407789994477,0.0226348877394,0.0441347629003,0.0944565084108,0.122983756599,0.163089142758,0.0778257711655,0.0507002301111,0.046346211849,0.00990223094386,0.107149779644,0.069187108972,0.011068808429,-0.490704536865,-0.0033360164813,-0.000331151086581,0.0696269202741,0.0716522850003,-0.0100178092432,0.0270813447307,0.0206536532828,0.017062011345,0.012953509964,0.0438859050652,-0.00911274620537,0.0181773307795,-0.369155994741,0.030671522961,0.0255700559761,0.0100821421425,0.0909226835054,0.0871024975535,0.0541638423305,0.0250931136288,0.0348465261933,0.00754873950122,0.0782437887069,0.0851562564118,0.0526762972468,0.0259709042207,0.00276724160132,2.45466381919,0.0259709042207,0,-0.00245822588942,-0.0340075394423,0.0405945698804,-0.0214019242097,-0.00923203575209,-0.8,-0.343434221059,-0.939176732999,2025-07-20 23:59:59+00:00,2025-07-17 22:00:00+00:00,0.00935128366627,2025-07-21,2025-07-31 22:00:00+00:00,0.00964943562906
2025-07-21,0.00580080363716,0.0154502392662,0.0209958516947,0.109421028463,0.0897308586564,0.00839951708873,0.0243234566014,0.0222158329472,0.0122579168153,0.0740912690012,0.0379322070414,-0.00165341081911,-0.404344717496,-0.00101044201417,0.0216244457252,-0.0270047275395,0.139370200787,0.145466099877,0.0436324549454,0.0508178821357,0.0437722613979,0.0158959917362,0.0934373014398,0.0706752697234,-0.0179408818754,-0.491218890493,0.0126120492885,0.00927603280719,0.0689964309289,0.0794718561387,0.0339956174362,0.0271154740049,0.0187321416933,0.0170895525454,0.00856569538961,0.0542693180936,0.00546152775122,0.0146340602371,-0.361149375244,-0.0156992622678,0.0149722606933,-0.102034678688,0.0702310212185,0.0609187983041,0.0541782314535,-0.0156248624023,0.00946825122653,-0.0960924445941,0.0732789017832,0.0631343378544,0.0528097608498,-0.0136224913027,0.0106991079682,2.71272608555,0.0136224913027,0,0.0146144203881,0.0283113115563,0.0274002056651,0.0190609951846,0.00516351118761,1.6,-0.45376919082,-0.891119252099,2025-07-27 23:59:59+00:00,2025-07-24 22:00:00+00:00,-0.0114906980054,2025-07-28,2025-08-07 22:00:00+00:00,0.00580080363716
2025-07-28,0.00935128366627,0.0151520873034,0.0370538932103,0.135951107148,0.09813797973,0.00265080264056,0.0242635296851,0.0223138209594,0.0123614548607,0.0757958341436,0.0496945201574,0.00171439793872,-0.398748450624,0.0163912768641,0.0153808348499,0.0595155977501,0.190367982349,0.142430240809,0.0109354337106,0.0507838375135,0.0437229735111,0.0175069757684,0.0990333924816,0.0892104140921,0.0039227270676,-0.482810595373,0.00231129046849,0.014923339757,0.0145921886704,0.081534231947,0.0538457186509,0.00661642099479,0.0177349046684,0.0160941869553,0.00721204334822,0.0522252069498,0.0108233826734,-0.000493931190161,-0.359671098178,-0.00809997181296,-0.0237992340807,0.0017708218954,0.0793438109035,0.0206402496167,0.0542696989383,-0.0142920868633,-0.0299169492656,0.00492957692768,0.082116766009,0.0197240825564,0.0530762774052,0.0140799863956,0.00171921298567,2.86333505187,0.0140799863956,1,0.0306833637273,0.0104112622815,0.0330752222455,0.025595589683,-0.0014761454889,-0.1,-0.557532072999,-0.830155399656,2025-08-03 23:59:59+00:00,2025-07-31 22:00:00+00:00,-0.0297534832971,2025-08-04,2025-08-14 22:00:00+00:00,0.00935128366627
2025-08-04,-0.0114906980054,-0.00213941433908,0.0133108249271,0.115795708523,0.108147162324,0.0100324317855,0.0234086721101,0.0223477277024,-0.00250470559746,0.0546608755972,0.0397709225939,-0.00499130625471,-0.405617708736,-0.0209881723091,-0.00459689544508,0.0170275502802,0.149034380717,0.157667872709,0.0195793437328,0.0497698198852,0.0437176325472,-0.00779883470684,0.0633662958876,0.0673828212088,-0.00787141033067,-0.493552336644,-0.00199322370157,0.000318066766922,0.00959409957411,0.0825570363295,0.0586264519395,0.00722255981661,0.0175381657023,0.0160552416555,0.00280024093619,0.0453218592033,0.0120523967924,-0.00211120217874,-0.360946145772,0.0325937311233,0.0244937593103,0.0394660200035,0.0750007496436,0.0253362607388,0.0505116436588,0.0362313939471,0.0219393070839,0.0314075583104,0.0827145116743,0.0267343078658,0.0518105689571,-0.0189949486076,0.0125331209676,2.83763895786,0.0189949486076,1,-0.0572195662563,-0.0345869548248,-0.0049763951522,-0.0199654444231,0.0125953521377,1.5,-0.653220035838,-0.75716813508,2025-08-10 23:59:59+00:00,2025-08-07 22:00:00+00:00,-0.00874173934583,2025-08-11,2025-08-21 22:00:00+00:00,-0.0114906980054
2025-08-11,-0.0297534832971,-0.0412441813025,-0.0260920939991,0.0559496203434,0.0985193810269,0.0179648025844,0.0245099877457,0.022942931899,-0.0255106700404,0.0162349007741,0.0120131371322,-0.0141014374249,-0.423042148004,-0.0572462271235,-0.0782343994326,-0.0628535645827,0.031602943828,0.12597737332,0.031621122697,0.0524721399786,0.0450937693605,-0.0485451442355,-0.00489630424331,0.0107352057281,-0.0254039583241,-0.521730318217,-0.00226073947079,-0.00425396317236,0.0106693765846,0.0802962968587,0.0710613887338,0.00695295705409,0.0167235969502,0.015865424185,-0.00211324521273,0.0372530665899,0.0124691905848,-0.00279891652567,-0.36238924819,-0.060370883709,-0.0277771525858,-0.0515763866665,-0.041494244524,0.038096545653,0.0536934875166,-0.0566749847974,-0.0204435908503,-0.0503605401159,-0.0428118006146,0.0380312234922,0.0548542992529,-0.0549854876527,0.000654900373691,3.13742328947,0.0549854876527,1,-0.000571242326073,0.0581101442383,0.00632020607058,0.00626836434868,0.00327026395702,-0.5,-0.73944719928,-0.673214556792,2025-08-17 23:59:59+00:00,2025-08-14 22:00:00+00:00,0.000448367396927,2025-08-18,2025-08-28 22:00:00+00:00,-0.0297534832971
2025-08-18,-0.00874173934583,-0.038495222643,-0.040634636982,-0.0196387852873,0.0624841874548,0.0160039265109,0.0241292548217,0.0227724403722,-0.0242193915468,0.00268353686994,0.00677360539858,-0.0149651352036,-0.428063782273,-0.00872728935641,-0.0659735164799,-0.070570411925,-0.0975751394644,0.0514029026599,0.0306454329043,0.0498311829529,0.0447968348459,-0.0402653775083,-0.0172793463448,0.00600909257114,-0.0215966724166,-0.525886155147,-0.00875618933525,-0.011016928806,-0.0106988620391,0.0582975688898,0.0735654722496,0.00456363841508,0.0165281657554,0.0158928537138,-0.00817453333128,0.0224746020008,0.00672213015119,-0.00833359799052,-0.367947916763,-0.0147787397048,-0.0751496234138,-0.0506558641035,-0.152690542792,0.0380767271745,0.0522912099279,-0.021678149247,-0.0783531340444,-0.0564138269605,-0.152506271555,0.0383116333191,0.0531256764929,2.88999788434e-05,0.000127952109528,3.01474276987,2.88999788434e-05,1,0.0129508598906,0.00602255036952,0.0206095791001,0.0375705664785,0.00162980209546,0.2,-0.81496470712,-0.579510591922,2025-08-24 23:59:59+00:00,2025-08-21 22:00:00+00:00,0.000751496372288,2025-08-25,2025-09-05 05:00:00+00:00,-0.00874173934583
2025-08-25,0.000448367396927,-0.0082933719489,-0.0495375532514,-0.0124836600411,0.0692347588778,0.0126548100676,0.0239421806949,0.0227833107598,-0.0115303732427,-0.00201806652709,0.0106093887136,-0.0177101389958,-0.427807287222,0.015944867949,0.00721757859255,-0.0710168208401,-0.0115012230899,0.0847446568111,0.0304805461435,0.0494976129068,0.0449295842881,-0.00702312640077,-0.00767745547995,0.0251772968839,-0.0242730249647,-0.518265881819,-0.0150481331551,-0.0238043224904,-0.0280582856627,-0.0134660969923,0.0537248609445,0.00620172551863,0.0175021718669,0.0160212646647,-0.0161497928548,0.00313812628045,-0.00456965742144,-0.0111472530268,-0.377387915357,0.00971945897763,-0.00505928072714,-0.0328364333129,-0.0310656114175,0.0397924452639,0.0523310026772,-0.00305096591073,-0.0247291151577,-0.045172706008,-0.0402431290803,0.0387034667477,0.0530345845796,0.0309930011041,-0.00149453902322,2.82792246361,0.0309930011041,0,0.0189958338597,-0.0247675921327,-0.0153928362119,-0.021200750469,-0.0190609019061,-2,-0.878678814594,-0.477413385635,2025-08-31 23:59:59+00:00,2025-08-28 22:00:00+00:00,0.00729872803437,2025-09-01,2025-09-11 22:00:00+00:00,0.000448367396927
2025-09-01,0.000751496372289,0.00119986376922,-0.0372953588737,-0.0239845339466,0.087165050269,0.0143145334869,0.0230370625495,0.0224924757928,-0.00140303593987,-0.00763181323048,0.0138459511709,-0.0160288435853,-0.427377124861,0.00476838916617,0.0207132571151,-0.0452602593648,-0.0282327090846,0.124119550675,0.0322394669057,0.0479519514055,0.0442079880112,0.00938008630392,-0.0117814590311,0.0310908820221,-0.0208627225854,-0.51596330063,-0.00326539642159,-0.0183135295767,-0.0293304583827,-0.0197363588086,0.0502105498627,0.00588279901176,0.0175940570557,0.0160045646543,-0.0121486981717,-0.00388403532363,-0.00392986932113,-0.0111949645851,-0.379417674842,-0.000767006940665,0.00895245203696,-0.0661971713768,-0.0267311513733,0.0308900984943,0.0520190603066,0.00581369873629,0.00276273282556,-0.0755904012188,-0.0441828429085,0.0276684317917,0.0525395540128,0.00803378558776,0.00123201825013,2.72530809385,0.00803378558776,0,-0.00104530957013,-0.00249838948093,0.0147143782497,0.00690051753882,-0.000651658767773,-0.3,-0.929666729448,-0.36840164516,2025-09-07 23:59:59+00:00,2025-09-05 05:00:00+00:00,-0.000651601955444,2025-09-08,2025-09-18 22:00:00+00:00,0.000751496372288
2025-09-08,0.00729872803437,0.00805022440666,-0.00024314754224,-0.0263352415413,0.0857990776839,0.00659394767062,0.0230304935151,0.021748766263,0.00597363389977,-0.00664272324877,0.0221654846094,-0.00666071593817,-0.423182416834,0.0180283749666,0.0227967641328,0.0300143427253,-0.0328392218574,0.121802496319,0.0122875145343,0.0479127622496,0.0431186690787,0.0199935282224,-0.00265629082717,0.0479869330731,-0.00186583711244,-0.507157769304,-0.00343091889785,-0.00669631531944,-0.0305006378098,-0.0198312612252,0.0497956590489,0.00556713435264,0.0176079446301,0.0159203857862,-0.00797050534158,-0.0109644687956,-0.00380269898617,-0.0114555947639,-0.381543194142,-0.0136084819376,-0.0143754888783,-0.0194347696054,-0.071011156272,0.011607907405,0.0511955539082,-0.00673392745466,-0.000920228718364,-0.0256493438761,-0.076009883992,0.0114589587864,0.0516729029348,0.0214592938645,-0.00279414666495,2.72093321071,0.0214592938645,0,0.0247623024213,0.0101775630398,0.0406735505465,-0.00456881781839,-0.00302329717233,0.6,-0.967189977038,-0.254054223182,2025-09-14 23:59:59+00:00,2025-09-11 22:00:00+00:00,0.0085743687645,2025-09-15,2025-09-25 22:00:00+00:00,0.00729872803437
2025-09-15,-0.000651601955444,0.00664712607893,0.00784698984814,-0.0327876471339,0.0550548708457,0.00360869245614,0.0219712203604,0.0211881690235,0.00334731426535,-0.0113339089855,0.0214086614953,-0.00227324260302,-0.423558149872,-0.0101105598914,0.0079178150752,0.0286310721903,-0.0419393397346,0.0515067266619,0.0129007428819,0.0456113143298,0.0426820227078,0.00258938283966,-0.0164392575171,0.0348187100456,0.00319571215051,-0.512115574866,0.00880735598051,0.00537643708266,-0.012937092494,-0.0236359545332,0.0586030150294,0.00974008484811,0.0176177164329,0.0157656548028,0.00407642697489,-0.00655524978648,0.00746625746002,-0.00774219735654,-0.376072167621,0.00560843927056,-0.00800004266708,0.000952409369888,-0.0497034547336,0.0101894517887,0.0483905283924,-0.0160919577416,-0.0228258851963,-0.0200631523707,-0.0764769793313,0.00906958007379,0.0474425826167,-0.0189179158719,-0.0021608038098,2.58879893455,0.0189179158719,0,0.00598139785021,0.00319891670995,0.0335383544157,-0.0524000764965,-0.0234272802949,-1.6,-0.990705095898,-0.136027250809,2025-09-21 23:59:59+00:00,2025-09-18 22:00:00+00:00,0.00653852027799,2025-09-22,2025-10-02 22:00:00+00:00,-0.000651601955444
2025-09-22,0.0085743687645,0.00792276680906,0.0159729912157,-0.0335645620357,-0.00321742667466,0.00461867406806,0.0116555345649,0.0212524909934,0.00794650194402,-0.00257371637144,0.0297385532629,0.00424074216352,-0.418594274239,0.0160163426475,0.00590578275615,0.0287025468889,-0.0423142739512,-0.0529277246266,0.0129170100103,0.0298627665861,0.0426096998913,0.0114872452511,0.00363450005572,0.0490201262337,0.011247000155,-0.50423853847,0.00113239488146,0.00993975086196,0.00324343554252,-0.0248148501202,0.0464928712772,0.00573457023322,0.0174366154467,0.0152512445541,0.00439673772235,-0.00887433418424,0.0101224485475,-0.002765515828,-0.375365234749,0.0162000621629,0.0218085014335,0.00743301255516,-0.0254034207578,0.0124614507785,0.0386092684981,0.0144209048239,-0.00167105291769,-0.00259128163605,-0.0477639876441,0.0134707063256,0.0388337206947,0.0148839477661,-0.0019113806072,1.71254875286,0.0148839477661,1,0.00159543782363,-0.0150676672814,-0.0135141638061,0.0058526740666,0.0031660983926,-0.3,-0.99987150887,-0.0160301512775,2025-09-28 23:59:59+00:00,2025-09-25 22:00:00+00:00,-0.015523246337,2025-09-29,2025-10-09 22:00:00+00:00,0.0085743687645
2025-09-29,0.00653852027799,0.0151128890425,0.0217600151214,-0.0155353437523,0.0100278514526,0.00414702699301,0.0116227168285,0.0212321001316,0.0090495799379,0.00319631527365,0.036086184079,0.00466863059169,-0.414780285779,0.0119158089672,0.0279321516147,0.0358499666899,-0.00941029267484,0.0291171327662,0.0129672720401,0.0225010982243,0.0424070145888,0.0144700145842,0.0133930577778,0.0595776525138,0.00672271222893,-0.49829580367,0.0011612315888,0.00229362647026,0.00767006355292,-0.0216603948298,-0.00906142986099,0.00507490663609,0.00703019273128,0.0151835551857,0.00363595972211,-0.00703283239454,0.0124111743023,0.00261454895446,-0.374639467818,0.0129701995634,0.0291702617263,0.0211702190592,-0.0450269523177,0.0133575062386,0.024044878579,0.0132600343621,0.027680939186,0.00485505398977,-0.0707353472291,0.0150797325666,0.0238603900025,0.0107545773784,-0.00108051113812,3.20018225701,0.0107545773784,1,-0.00134422539494,-0.0118089679745,0.00469922519695,-0.00501605136437,-0.0186938577325,-1.6,-0.994556455799,0.104199118177,2025-10-05 23:59:59+00:00,2025-10-02 22:00:00+00:00,-0.00763962208747,2025-10-06,2025-10-17 05:00:00+00:00,0.00653852027799
2025-10-06,-0.015523246337,-0.00898472605901,-0.00106195924995,-0.00130510679219,-0.0177477651622,0.010914605959,0.0118862907671,0.021379233385,-0.00623093431809,-0.0109106270606,0.01997748658,0.0010997228923,-0.423794648462,-0.0348084064158,-0.0228925974486,-0.0169868146925,0.0130275280328,-0.0271911488105,0.0233824745292,0.0238630044907,0.0428309854644,-0.0161058320303,-0.0192393869089,0.0220696719989,-0.00215507684155,-0.515458884589,0.00376191374182,0.00492314533062,0.0148628961926,-0.0156377416172,-0.00830438151389,0.00361136495575,0.00706645471085,0.0152115945632,0.0036893451113,-0.00265268876728,0.017206812743,0.00435452262614,-0.372282484834,-0.030331131616,-0.0173609320526,0.00444756938085,-0.0149872002246,0.0214254911154,0.0253992725313,-0.0351618342139,-0.0219017998517,-0.0235728527694,-0.0492221966455,0.0240844130061,0.0251884579517,-0.0385703201576,0.00193897317462,3.37646372944,0.0385703201576,0,0.000353427798051,0.0340930453578,-0.0163298995768,0.0423472474289,0.00797872340426,1,-0.974836916336,0.222919237727,2025-10-12 23:59:59+00:00,2025-10-09 22:00:00+00:00,-0.0201774585358,2025-10-13,2025-10-23 22:00:00+00:00,-0.015523246337
2025-10-13,-0.00763962208747,-0.0231628684245,-0.00804997938198,-0.000202989533831,-0.0350368228787,0.011538435879,0.0115125273796,0.0193479735029,-0.0118248474983,-0.015788276291,0.0106155918548,0.000682645375946,-0.428179867556,-0.0140524545312,-0.048860860947,-0.0209287093323,0.00770236285805,-0.0638784910811,0.023791480633,0.0228426523715,0.0395418364272,-0.0248330866681,-0.028156256989,0.00413142333716,-0.000318447249908,-0.522220258368,-0.00122678964375,0.00253512409807,0.00482875056833,-0.00810834192571,-0.00619515467634,0.00203785645459,0.00702344832772,0.0151147460058,0.00125003651554,-0.00340091638129,0.0166089782573,0.0016837380018,-0.373052090013,-0.00750365996652,-0.0378347915825,-0.00866452985623,-0.00771212048634,0.0215110981386,0.0233347699099,-0.00792369211071,-0.0430855263246,-0.0154045871385,-0.0354677395092,0.0232637426263,0.0234243396553,-0.0128256648874,-0.000279001727667,3.25187848295,0.0128256648874,1,-0.00612876242047,0.00627687032277,-0.0372576279831,-0.111627007158,-0.071608271461,-6.7,-0.94099849502,0.338410745058,2025-10-19 23:59:59+00:00,2025-10-17 05:00:00+00:00,0.0148541287024,2025-10-20,2025-10-30 23:00:00+00:00,-0.00763962208747
2025-10-20,-0.0201774585358,-0.0278170806232,-0.0368018066822,-0.0208288154665,-0.0610150850516,0.0116993424188,0.0121518062668,0.0197439370931,-0.0226938366217,-0.0309244583265,-0.0106385661239,-0.00450698358966,-0.43960212102,-0.0334129595916,-0.0474654141227,-0.0703580115714,-0.0416554646825,-0.0962810086585,0.0218322892333,0.0241137034248,0.0401073012693,-0.0403854839092,-0.0531731715535,-0.0306030706318,-0.0101832714576,-0.537920536533,-0.00694195747995,-0.0081687471237,-0.00324560179308,-2.16625055624e-06,-0.0257491614448,0.00456664565217,0.0060071049652,0.0138289947717,-0.00487236107279,-0.00832607153805,0.00925431783408,0.00116930427825,-0.37738926409,-0.0665630747904,-0.0740667347569,-0.0914276668095,-0.0839946542543,0.0340851722195,0.0287803650749,-0.0513797489129,-0.0593034410237,-0.0812052408754,-0.0837965225115,0.0286721340049,0.0262843948889,-0.0264710021116,0.00203152014929,4.01352898534,0.0264710021116,1,0.0179667893214,0.0596211173104,-0.0126377851833,0.00871080139373,0.039656311963,2.9,-0.893531284773,0.4490009389,2025-10-26 23:59:59+00:00,2025-10-23 22:00:00+00:00,0.0257949723774,2025-10-27,2025-11-06 23:00:00+00:00,-0.0201774585358
2025-10-27,0.0148541287024,-0.00532332983334,-0.0284861982578,-0.00672618313638,-0.0555122400155,0.0155375255661,0.0127623172656,0.0199270292601,-0.000909299615938,-0.0121559315285,0.00255142544991,-0.00285137725557,-0.43121576701,0.0398060327421,0.00639307315053,-0.0424677877965,-0.00661782110654,-0.0728662527804,0.0349245114345,0.0267677537096,0.0406590314884,0.00951673254541,-0.00904664033963,0.00613982714162,-0.00501185058139,-0.51915599293,-0.0100977753373,-0.0170397328172,-0.0145046087191,-0.00683454516622,-0.0381582272505,0.00614320572454,0.00624929555966,0.0135181845675,-0.0113128165392,-0.0153973615745,-0.0014828638758,-0.000690903929744,-0.383644611724,0.0137603700111,-0.0528027047793,-0.0906374963618,-0.0694672773026,0.0343631790812,0.0295054387047,0.0203715409656,-0.0310082079474,-0.0740937342719,-0.0692386802822,0.0315253728343,0.0276476853229,0.0499038080793,0.0147615485375,4.28263806953,0.0499038080793,0,0.0194344917765,-0.0238581453484,-0.0290953777985,-0.0289291882556,-0.0324856961221,-2,-0.833122768723,0.55308810531,2025-11-02 23:59:59+00:00,2025-10-30 23:00:00+00:00,0.0183929831922,2025-11-03,2025-11-14 06:00:00+00:00,0.0148541287024
2025-11-03,0.0257949723774,0.0406491010798,0.0128320204566,0.0117700612066,-0.0182265696327,0.0208993956118,0.0149982158495,0.0198888833124,0.0218582252723,0.0151128666618,0.0252600514962,0.00461004893205,-0.416353126836,0.0505912737031,0.0903973064452,0.0429318923225,0.02594507763,-0.00128680676818,0.0408130196546,0.0304486182719,0.0409006757112,0.0501873629858,0.0424844052438,0.0521511405608,0.0108319582166,-0.494203617799,0.000998671051676,-0.00909910428558,-0.0172678514093,-0.0024049552167,-0.0351663324973,0.00510272881379,0.00634129376168,0.0134341961139,-0.00604149467282,-0.0117318658383,-0.00137532739299,-0.00161186035253,-0.383028767978,0.0280733323235,0.0418337023346,-0.0322330324223,-0.0277854630415,0.0416519928064,0.0290105723193,0.0212340347232,0.0416055756888,-0.0176978653349,-0.0412707181043,0.0341088639389,0.0258892462251,0.0495926026514,-0.00324457981065,4.8008842567,0.0495926026514,1,0.0293572389799,-0.0270746612718,-0.00573139969159,0.0469097376612,0.00243117156186,-0.6,-0.760647863164,0.649164715819,2025-11-09 23:59:59+00:00,2025-11-06 23:00:00+00:00,0.0172823091652,2025-11-10,2025-11-20 23:00:00+00:00,0.0257949723774
2025-11-10,0.0183929831922,0.0441879555696,0.0388646257362,0.0308146463542,0.0299198968566,0.0204437653065,0.0132573335042,0.0194925138766,0.0306047506025,0.0315382110078,0.0392608445865,0.00741462590663,-0.405518787232,0.0193026807968,0.0698939544999,0.0762870276505,0.0553583183182,0.0752621011521,0.0373188465579,0.0254710436258,0.0404594211616,0.0500126094128,0.0565403541308,0.064651264248,0.0132823645163,-0.484345554244,0.0174832855875,0.0184819566392,0.00144222382198,0.0062709743903,-0.015422307439,0.0123328620202,0.00846527700924,0.0134219904497,0.0111204760078,0.00690887763179,0.0140922997254,0.00154688729695,-0.37214723846,-0.0111660429253,0.0169072893981,-0.0358954153811,-0.0445599452374,0.0416759842891,0.0245078541593,-0.0101991665716,0.0110348681516,-0.0199733397958,-0.0353779269343,0.0342055157999,0.0217036327711,0.00181939520929,-0.00571730792899,3.00852943957,0.00181939520929,1,0.0295018473684,0.0286493285128,-0.00571064852169,0.0677426205139,0.0469979024646,3.4,-0.677156245853,0.735839261457,2025-11-16 23:59:59+00:00,2025-11-14 06:00:00+00:00,0.0243574686712,2025-11-17,2025-11-27 23:00:00+00:00,0.0183929831922
2025-11-17,0.0172823091652,0.0356752923573,0.0763243934371,0.0395225867549,0.0559439453676,0.00471354508692,0.0134147194661,0.0191287770886,0.0287534925447,0.0449306823933,0.052596855078,0.0147777179464,-0.395155486174,0.013496010304,0.0327986911008,0.123195997546,0.0528379859747,0.0974854008125,0.0173629830847,0.0251594188507,0.0387171252086,0.0324391560822,0.0627643422733,0.0729568116056,0.0233001224009,-0.477339103311,0.0210686080263,0.0385518936138,0.0294527893282,0.0262071875352,0.0144024899226,0.0145561811605,0.0101221129688,0.013626847818,0.0249695639078,0.0271862241374,0.0322219728073,0.00625531349186,-0.35877892333,-0.0225223410295,-0.0336883839548,0.00814531837974,-0.0832823484298,0.0230420599323,0.0248701531099,-0.0116912078766,-0.0218903744483,0.0197152012405,-0.0614900396349,0.0183432000327,0.0212723061254,-0.00757259772228,0.00858665975399,2.48534407629,0.00757259772228,1,0.0251872181806,0.0435909490558,0.00154180454246,-0.0232696897375,0.0162148625806,0.6,-0.583857153189,0.811856406435,2025-11-23 23:59:59+00:00,2025-11-20 23:00:00+00:00,-0.0361917600504,2025-11-24,2025-12-04 23:00:00+00:00,0.0172823091652
2025-11-24,0.0243574686712,0.0416397778364,0.0858277334059,0.0573415351481,0.0798530466418,0.00424448526157,0.0144418056608,0.0193761313672,0.0317559759999,0.0639696436526,0.072388702792,0.0153143913021,-0.380242116224,0.0306663462026,0.0441623565066,0.114056311007,0.0715885232101,0.112206879066,0.0163546835727,0.0258918942147,0.0387163289132,0.034900832659,0.0861422351577,0.098017432423,0.0198827793619,-0.461062710092,0.0180485911398,0.0391171991661,0.0575991558053,0.0430945470862,0.0474992142175,0.00907165581599,0.00987925316788,0.0139263759491,0.0286153505199,0.0420049018532,0.0469469790408,0.0107460032423,-0.347100715704,0.0122677648315,-0.010254576198,0.00665271320016,-0.0839847831616,0.0227997204189,0.0250062506439,0.00185159867408,-0.00983960920252,0.00119525894903,-0.0728984753229,0.0152169075664,0.021356180148,0.0126177550628,-0.00411847133901,2.62056991605,0.0126177550628,1,0.0288147475285,0.00578082630827,0.0103258912495,0.0177153329261,0.0129990142928,2.3,-0.48210186644,0.876115169584,2025-11-30 23:59:59+00:00,2025-11-27 23:00:00+00:00,-0.0130628101067,2025-12-01,2025-12-11 23:00:00+00:00,0.0243574686712
2025-12-01,-0.0361917600504,-0.0118342913792,0.0238410009781,0.0366730214347,0.0429097902191,0.0282725513793,0.0186210763913,0.0205958605979,-0.0107154465565,0.0227603046045,0.0292770162375,0.00265949715075,-0.4022712046,-0.0934280677819,-0.0627617215794,-0.0299630304785,0.0129688618439,0.014010422118,0.0577336372781,0.0384102202351,0.0427846348187,-0.0506038053987,-0.0117840593465,-0.00486021125449,-0.00856848239795,-0.509134013263,0.0210445476812,0.039093138821,0.0776450324348,0.0603771810255,0.0718091583203,0.00191384280856,0.0107249698816,0.014300842178,0.0302776186,0.0581637498891,0.0641859413386,0.0138874766994,-0.333215150321,0.0114358377982,0.0237036026297,-0.00998478132508,-0.0422178137474,0.017207448345,0.0253998883126,-0.0266740763348,-0.0248224776607,-0.046712852109,-0.0644107174439,0.011692155038,0.0219060949675,-0.114472615463,0.0163412179206,3.58104867523,0.114472615463,0,-0.0667539914471,0.00960870988296,0.0183467436535,0.0106042416967,0.0263333941495,1.8,-0.373364140702,0.927684870222,2025-12-07 23:59:59+00:00,2025-12-04 23:00:00+00:00,-0.0252545919788,2025-12-08,2025-12-18 23:00:00+00:00,-0.0361917600504
2025-12-08,-0.0130628101067,-0.0492545701571,-0.00761479232077,0.0312498334154,0.022548252078,0.0280353867345,0.0191067713089,0.0208801723194,-0.0217288365416,0.00774231469595,0.0118593579994,-0.00363817900927,-0.410028446356,-0.0175061881437,-0.110934255926,-0.0667718994191,0.00951512823139,-0.0215241409923,0.0549036001197,0.0383677884998,0.0428964972384,-0.0518089450527,-0.0273526338545,-0.0256263248842,-0.0150372717015,-0.517652425566,-0.00861943206977,0.0124251156114,0.0515423147775,0.0529845385995,0.0666206451483,0.0144066296018,0.0111731551675,0.0144629693,0.00849801280589,0.0436541050996,0.0503686251478,0.00776091368297,-0.338937758791,-0.00613909904236,0.00529673875586,-0.0049578374421,-0.0408532528232,0.0165335596549,0.0252472756607,0.013480611858,-0.0131934644769,-0.0230330736794,-0.0430064134752,0.0173273904831,0.0226532501166,-0.00888675607394,0.0110564892621,3.43361873221,0.00888675607394,1,-0.0309868000017,-0.00248033302741,0.0218924452689,0.0752326272025,-0.000948091964921,0.4,-0.259218860015,0.96581860751,2025-12-14 23:59:59+00:00,2025-12-11 23:00:00+00:00,-0.0351849055131,2025-12-15,2025-12-30 06:00:00+00:00,-0.0130628101067
2025-12-15,-0.0252545919788,-0.0383174020855,-0.0501516934647,0.0261726999724,-0.00205473794533,0.02634870718,0.0205283931363,0.0209525520923,-0.0342811798176,-0.0172363401353,-0.0153036150471,-0.0123798666012,-0.424741370794,-0.0305927428515,-0.0480989309952,-0.110860652575,0.0123353449714,-0.0420063239524,0.0511178054598,0.039156356701,0.0418089375302,-0.0549033960781,-0.0537121379418,-0.0553084025364,-0.024483907455,-0.532185326774,-0.0199164411061,-0.0285358731758,0.0105572656451,0.0400100549734,0.0378968480617,0.0200974285279,0.0130642695085,0.0152173572568,-0.0139483110459,0.0200884606565,0.0259185437428,-0.000275825747312,-0.35197352208,-0.0217726199732,-0.0279117190156,-0.00420811638583,0.00393720199392,0.0162130081188,0.0255751405245,-0.0201738884585,-0.0066932766005,-0.0315157542612,-0.0118005530207,0.0187557701868,0.0228363795903,-0.0106763017454,0.00193833462876,2.99698040484,0.0106763017454,1,-0.0104188543931,0.00185617886714,0.0146590403124,-0.0419812189284,0.00759193357058,0.3,-0.141319227808,0.989964078061,2025-12-21 23:59:59+00:00,2025-12-18 23:00:00+00:00,-0.00661786528055,2025-12-22,2026-01-01 23:00:00+00:00,-0.0252545919788
2025-12-22,-0.0351849055131,-0.0604394974919,-0.109694067649,-0.0238663342431,-0.0458140122229,0.0107711865032,0.0224727723555,0.0176185255605,-0.041775145008,-0.0479561716729,-0.0475976506462,-0.0238993621259,-0.444629852386,-0.0521648561923,-0.0827575990438,-0.19369185497,-0.079635543963,-0.110187522792,0.033232639273,0.0408911971026,0.0351525823765,-0.0577794072172,-0.0945221454176,-0.097812254015,-0.0399470004507,-0.555963234619,-0.0182049548338,-0.0381213959399,-0.0256962803285,0.0319028754768,0.0185594983465,0.0189752285666,0.0143242739154,0.0156724664169,-0.0255974131807,0.000268562113024,0.0049583002455,-0.00785172380108,-0.36366407894,-0.0288118446855,-0.0505844646587,-0.0452877259029,-0.0386350127027,0.0178875354043,0.025441440813,-0.0348389452223,-0.0550128336808,-0.0682062981577,-0.0670110392086,0.0212206373375,0.0232407423937,-0.0339599013585,0.00685335846812,2.85447924723,0.0339599013585,1,-0.01732591097,0.0106068898517,0.00170464135021,0.02056505862,-0.0124793972216,-0.2,-0.0213728230102,0.999771575129,2025-12-28 23:59:59+00:00,2025-12-30 06:00:00+00:00,,2025-12-29,2026-01-08 23:00:00+00:00,-0.0351849055131
2025-12-29,-0.00661786528055,-0.0418027707936,-0.0801201728792,-0.056279171901,-0.0589703977814,0.0127199923374,0.0222772397507,0.017617561217,-0.028816339815,-0.0500378131947,-0.0521496142836,-0.0154938587751,-0.448293082453,0.0123687110737,-0.0397961451187,-0.0878950761139,-0.117858106592,-0.109734620686,0.0269886005098,0.0409102068568,0.0328029660175,-0.0246831806396,-0.0756931658556,-0.0838819710227,-0.0135326443603,-0.550436966206,-0.0256044416348,-0.0438093964686,-0.0723452696444,0.00529976279039,-0.00820617487708,0.00705945081635,0.0161703774627,0.0122161937421,-0.0330032144349,-0.0244147585315,-0.0198032569529,-0.0174550731898,-0.379750286888,0.038392451679,0.00958060699345,-0.0183311120221,-0.0283158933472,0.0301763198588,0.0281041430841,0.0299639694216,-0.00487497580069,-0.0115682524012,-0.0582811045102,0.0298152540567,0.0250177821459,0.0379731527084,-0.0221463065826,2.52979110475,0.0379731527084,0,-0.017595258348,-0.0639968933137,0.0419285268993,-0.0143126177024,0.00423223652837,0.1,0.120128619955,0.992758336489,2026-01-04 23:59:59+00:00,2026-01-01 23:00:00+00:00,-0.00339260646609,2026-01-05,2026-01-15 23:00:00+00:00,-0.00661786528055
2026-01-05,-0.0138591578376,-0.0204770231181,-0.08091652061,-0.0885313129308,-0.057306309282,0.0125800577888,0.0222135360762,0.0175235712682,-0.0224551718824,-0.0591133479047,-0.0625684057009,-0.0158209525154,-0.455886534734,-0.0214933673512,-0.00912465627751,-0.0918822553214,-0.15865415474,-0.0964195816211,0.0268418254454,0.0403580125052,0.0325962425583,-0.0229840815229,-0.0889302314386,-0.0992752819896,-0.0155536729364,-0.559996488466,-0.00622494832399,-0.0318293899587,-0.0699507858986,-0.0184084711211,-0.0181930369429,0.00814748034544,0.016181498868,0.0122393941591,-0.0219792865748,-0.0291395206434,-0.0249050141405,-0.0160882320944,-0.383599316864,-0.0163361711454,0.0220562805336,-0.0285281841251,-0.0334860215672,0.0307763756038,0.0273946655018,-0.00822159542393,0.0217423739977,-0.0332704596831,-0.0563035333625,0.027745516771,0.0237113266507,-0.0152684190272,-0.00041086948583,2.49392957382,0.0152684190272,1,-0.0132717719272,0.0101112228214,0.04522999054,0.0154757355751,0.00368018044756,0,0.238517377822,0.971138229335,2026-01-11 23:59:59+00:00,2026-01-08 23:00:00+00:00,0.0205590653487,2026-01-12,2026-01-23 06:00:00+00:00,-0.0138591578376
2026-01-12,-0.00339260646609,-0.0172517643037,-0.0590545350973,-0.109206228562,-0.0530592936606,0.0143003522398,0.0221932720647,0.017336029546,-0.01111423367,-0.0585997654725,-0.0626414690821,-0.0106821496466,-0.457729369819,-0.00678521293218,-0.0282785802834,-0.068074725402,-0.178935377977,-0.0891523400221,0.027225105633,0.0403087416796,0.032114510774,-0.0127180682972,-0.089179166164,-0.100246695236,-0.0101608090411,-0.562971900166,0,-0.00622494832399,-0.0500343447925,-0.0394770791474,-0.0169662472991,0.0115455457336,0.0161861663702,0.0122316178304,-0.00955426693273,-0.0278972941195,-0.0240473716305,-0.0112034902521,-0.383599316864,0.0118858231536,-0.00445034799176,0.00513025900169,0.000922142615864,0.030031462005,0.0278253614984,0.000321477757811,-0.00790011766612,-0.0127750934668,-0.0442908477281,0.0266988688506,0.0237795789852,-0.00678521293218,-0.00564882918554,2.49016663929,0.00678521293218,0,-0.00710669068999,-0.0118858231536,-0.00022433145359,-0.0035747883349,0.00289786504229,0.6,0.353451610506,0.935452809623,2026-01-18 23:59:59+00:00,2026-01-15 23:00:00+00:00,0.0260917048121,2026-01-19,2026-01-29 23:00:00+00:00,-0.00339260646609
2026-01-19,0.0205590653487,0.0171664588826,-0.0033105642355,-0.113004631884,-0.0123227697762,0.0149143933232,0.0226033203306,0.0178819550233,0.0102721852488,-0.0381635810999,-0.0404838126805,0.000120264308523,-0.446465400908,0.0441474238328,0.0373622109006,0.0282375546231,-0.165454300346,-0.0115919565978,0.0283469229756,0.0417643827283,0.0335765796373,0.0244861308911,-0.0472545512509,-0.0557449587016,0.00795107762483,-0.543246015624,-0.00302929313534,-0.00302929313534,-0.0348586830941,-0.0605549634226,-0.0130535829545,0.0115431376901,0.0161088092313,0.011921657069,-0.00382654295123,-0.0298873617657,-0.0255565251733,-0.00771054900779,-0.38546374984,0.0626734832863,0.0745593064399,0.0966155869735,0.0513278610706,0.0340413778674,0.026843240556,0.04361744423,0.0439389219878,0.0656812959855,-0.00252500217213,0.0244234226603,0.0232094056631,0.0471767169681,-0.0047543174215,2.59248152034,0.0471767169681,0,0.000529979602769,-0.0657027764216,0.0259044907307,-0.0394637462236,-0.0208751031961,-2,0.463266687928,0.886218920954,2026-01-25 23:59:59+00:00,2026-01-23 06:00:00+00:00,0.0239649713856,2026-01-26,2026-02-05 23:00:00+00:00,0.0205590653487
2026-01-26,0.0260917048121,0.0466507701609,0.0293990058572,-0.050721167022,-0.00108519366643,0.0190697218671,0.0234567744863,0.018623747078,0.0292485369869,-0.0126559506503,-0.0129417341205,0.00743322790018,-0.431832673266,0.0401406383844,0.0842880622172,0.0560094819339,-0.03188559418,-0.0112573509555,0.0330857689396,0.0417916485868,0.0344689084031,0.0511806306696,-0.0073754980762,-0.0137988448967,0.014868320557,-0.524538668494,0.0120427712399,0.00901347810452,0.00278852978054,-0.0695567398639,0.0090869636226,0.00797936846055,0.0162371582982,0.0121954718894,0.00753548490464,-0.0188042525247,-0.012645793398,-1.86475660442e-06,-0.378018288349,-0.000149273783323,0.062524209503,0.0580738615112,0.0397427494891,0.0341222689844,0.0267644478335,0.000548733354308,0.0441661775843,0.0362660599182,0.024697807517,0.0233928319022,0.0225041925422,0.0280978671446,-0.00454422185939,2.57366924373,0.0280978671446,1,0.0395919050301,0.0121920450232,0.00248129600579,-0.0526833103991,-0.0237894483257,-2.4,0.56637212241,0.824149633839,2026-02-01 23:59:59+00:00,2026-01-29 23:00:00+00:00,-0.0145268004096,2026-02-02,2026-02-12 23:00:00+00:00,0.0260917048121
2026-02-02,0.0239649713856,0.0500566761978,0.0672231350804,-0.0136933855296,-0.00291519465821,0.0136570419888,0.0232934528593,0.0192035350405,0.0364532782653,0.0115212506824,0.0118394873208,0.017030029513,-0.41805209347,0.0328496240837,0.0729902624681,0.110352473369,0.0184702180474,-0.0289990005749,0.0233879292464,0.0402318116067,0.0349732133952,0.0563129226009,0.0281603908823,0.020365304674,0.0298188106941,-0.508660575606,0.0150803186876,0.0271230899274,0.0240937967921,-0.0458569891066,0.0231686112585,0.00887868621642,0.0167213013502,0.0125994450667,0.0166557699662,-0.00564032854523,0.00282329714363,0.00424124833198,-0.36856752476,0.0500788708317,0.0499295970484,0.124488903488,0.0959607193632,0.0300154522027,0.0289867409726,0.0446851902037,0.045233923558,0.0891728455459,0.0559023858628,0.0252435009805,0.0251390459872,0.0177693053961,0.0128587122483,2.40587768179,0.0177693053961,1,-0.01183556612,-0.0349985521442,-0.0417766944275,-0.00103755965968,-0.0111049416991,-0.4,0.661274604227,0.750143918062,2026-02-08 23:59:59+00:00,2026-02-05 23:00:00+00:00,0.0111495642761,2026-02-09,2026-02-20 06:00:00+00:00,0.0239649713856
2026-02-09,-0.0145268004096,0.00943817097607,0.0560889411369,-0.00296559396035,-0.0358349782599,0.0191686174271,0.0228867114588,0.018505131968,0.00747218017646,-0.000269540583006,-0.00252608054835,0.0167787720735,-0.426444827182,-0.0374748296483,-0.00462520556465,0.0796628566526,0.0115881312505,-0.08577651102,0.0385451417522,0.0407775175127,0.0339036279872,-0.00197848368417,-0.00285327530952,-0.0167722422847,0.0265139073185,-0.526732697063,0.00842122882923,0.0235015475168,0.0325150256213,-0.0175193191712,0.0141065545002,0.00792109714537,0.0161927418586,0.0127120829532,0.0169147095653,0.00168645219856,0.0113557534471,0.00704363682839,-0.363227634735,-0.00835560163329,0.0417232691984,0.104247478701,0.109377737703,0.035537834151,0.0288570937374,0.0029525236935,0.0476377138972,0.0918038914815,0.0790287980147,0.024503588488,0.0248816858704,-0.0458960584776,0.0228365883265,2.51810346668,0.0458960584776,0,-0.0404273533418,0.0167768304625,-0.0212219709817,0.00934773577067,-0.00180922078732,-1.1,0.746599629698,0.665273622605,2026-02-15 23:59:59+00:00,2026-02-12 23:00:00+00:00,0.0467576457305,2026-02-16,2026-02-26 23:00:00+00:00,-0.0145268004096
2026-02-16,0.0111495642761,-0.00337723613342,0.0466794400643,0.0433688758289,-0.041967723149,0.0186698964113,0.0224991664965,0.0185501755557,0.00707012259582,0.0143201725641,0.00811475077604,0.0148981464122,-0.420014153932,0.0133413521569,-0.0241334774915,0.0488567849767,0.0770943395997,-0.0859311691672,0.0350046512497,0.0407711885902,0.0339631231019,-0.000623617067065,0.0176373258829,-0.00400525769365,0.0188242861801,-0.520376364555,0.0089577763954,0.0173790052246,0.044502095152,0.00964341205796,0.00199572286929,0.00308188716902,0.0152692913538,0.012701529759,0.0147351750633,0.0105430050496,0.0198049536523,0.0109720066442,-0.35749794595,0.0121820826844,0.00382648105106,0.0537560780995,0.150371665073,0.0258437988724,0.0275378801249,0.0132577401237,0.0162102638172,0.0614441873752,0.127125483361,0.0203117811515,0.0246354878195,0.00438357576147,0.00350270841629,2.66996795579,0.00438357576147,1,8.36120331822e-05,-0.00322430628895,-0.0366261581037,0.00576250257255,0.0048125,1.6,0.821111408578,0.570767951713,2026-02-22 23:59:59+00:00,2026-02-20 06:00:00+00:00,0.0346444355407,2026-02-23,2026-03-05 23:00:00+00:00,0.0111495642761
2026-02-23,0.0467576457305,0.0579072100067,0.0673453809827,0.0967443868399,-0.0195675460896,0.0255739966668,0.0254518694649,0.0206460962293,0.0374511497442,0.0645936186506,0.0538661604371,0.0183415410987,-0.392251378104,0.0915522563405,0.104893608497,0.100268402933,0.156277884867,-0.0250452590292,0.0533223837344,0.0482257108838,0.038302927681,0.0673105856156,0.117633890701,0.0876734346675,0.0269936591201,-0.474392908196,0.0019630351205,0.0109208115159,0.0344223590327,0.0372108888132,-0.01408983315,0.00536046239308,0.0143205921466,0.0122931537896,0.00805910209537,0.0136489492884,0.0204910634977,0.0096894230774,-0.3562354531,0.0134878969572,0.0256699796415,0.06739324884,0.125467110351,0.0243075666408,0.0275519214348,0.0212103018823,0.034468042006,0.0821057559033,0.118371815821,0.0177556508444,0.0250325066096,0.08958922122,-0.0229414183811,3.36734284778,0.08958922122,1,0.0703419544582,-0.0115248618367,0.00209826892813,-0.0278289339063,-0.02587547428,-2.4,0.883730762406,0.467995661922,2026-03-01 23:59:59+00:00,2026-02-26 23:00:00+00:00,0.123022481043,2026-03-02,2026-03-12 23:00:00+00:00,0.0467576457305
2026-03-02,0.0346444355407,0.0814020812712,0.0780248451378,0.145247980218,0.0512686495015,0.0270794260598,0.024985375687,0.0215915253174,0.0528050393835,0.0974722568583,0.0869172124081,0.0155624690151,-0.370827300397,0.063932625982,0.155484882323,0.131351404831,0.2417038782,0.132315434735,0.0569744180979,0.0427870084982,0.0401054549868,0.0992864897018,0.178040072382,0.15248608464,0.0226597408436,-0.439692026164,0.00535624509946,0.00731928021996,0.0246982854446,0.0487920822367,-0.0297781357317,0.00322492353493,0.0128900127732,0.0122817769754,0.00724708908889,0.0215133074602,0.0243080568134,0.00846519718667,-0.352778041294,-0.00419545828387,0.00929243867332,0.0131189197244,0.137607823213,0.0111761343651,0.0277825966199,0.00862241896701,0.0298327208493,0.0460429846665,0.135215830212,0.00771835420453,0.0230061600689,0.0585763808825,-0.0129659282847,3.31913475311,0.0585763808825,1,0.055310207015,0.00955170338333,0.00356457362216,0.0128394022311,0.0114935189324,0.6,0.933550754601,0.358445237914,2026-03-08 23:59:59+00:00,2026-03-05 23:00:00+00:00,0.141340238461,2026-03-09,2026-03-19 23:00:00+00:00,0.0346444355407
2026-03-09,0.123022481043,0.157666916584,0.21557412659,0.271663067727,0.187353940651,0.0483987154096,0.0407811198546,0.0318638804503,0.125652589486,0.221222271179,0.21830002534,0.039481690059,-0.288462400006,0.225417254909,0.289349880891,0.394243489389,0.473906346041,0.375238877788,0.0905596388444,0.0724516142834,0.0588933045475,0.238321835581,0.42527488857,0.420386568875,0.0696963432866,-0.298020753114,0.0206277071764,0.0259839522758,0.0369047637917,0.069419789413,-0.000530996485608,0.00811986313765,0.0141810487488,0.012782385925,0.0187515922911,0.042848046151,0.0429740456224,0.00926703683144,-0.339288687339,0.178281979411,0.174086521127,0.199756500769,0.30400397947,0.0859393733124,0.0543693609327,0.173762941414,0.182385360381,0.216853402387,0.308657293869,0.0798690615218,0.0512679063512,0.204789547733,-0.0327616200595,5.10868461721,0.204789547733,1,0.0516543134953,-0.157654272235,-0.0111690677264,0.0274314214464,0.020705763525,1.6,0.969849825926,0.243703334306,2026-03-15 23:59:59+00:00,2026-03-12 23:00:00+00:00,0.104190859642,2026-03-16,2026-03-26 23:00:00+00:00,0.123022481043
2026-03-16,0.141340238461,0.264362719504,0.345764800775,0.39244424084,0.353948771091,0.0535717084371,0.0519291811354,0.041129655953,0.184327906098,0.362672579185,0.381145371851,0.0592143716483,-0.180439270749,0.0937298471014,0.319147102011,0.474631984333,0.52348876931,0.499561467741,0.0724535235317,0.0721539141864,0.060713587948,0.205161991353,0.494565710596,0.526333400934,0.0802301908725,-0.229042161532,0.188950629821,0.209578336997,0.216897617217,0.261399712369,0.208336074441,0.0901835934689,0.0535258194905,0.0387533490115,0.160985873837,0.237194108429,0.246707587489,0.0381985524242,-0.201873081178,0.120008460284,0.298290439695,0.307582878368,0.361338956468,0.0870521169389,0.0588684597241,0.158741130891,0.332504072305,0.362336793155,0.42378098053,0.0877392757775,0.0621028775134,-0.0952207827195,0.0234517475665,1.34799554454,0.0952207827195,1,-0.06501128379,0.0689421695371,-0.0211586606492,-0.0151699029126,0.00389634485744,0.6,0.992102245058,0.12543179561,2026-03-22 23:59:59+00:00,2026-03-19 23:00:00+00:00,0.0610301166122,2026-03-23,2026-04-02 22:00:00+00:00,0.141340238461
2026-03-23,0.104190859642,0.245531098103,0.403198014686,0.470543395669,0.493324536246,0.0466383470091,0.0523558644845,0.0447810559525,0.18515835387,0.446771501556,0.500888630147,0.0628514624219,-0.0904414605405,0.142283205042,0.236013052144,0.525362933035,0.625631335968,0.694009528975,0.0705420945223,0.0719633567013,0.0654474197297,0.216719932784,0.615906693488,0.708574796829,0.077955384876,-0.111160310135,0.0660985142408,0.255049144062,0.281033096338,0.31545545537,0.292639543516,0.0832278908584,0.0541363906752,0.0402593736843,0.152745976586,0.288497152377,0.313897567408,0.0477475399678,-0.147335506167,0.147137501427,0.267145961711,0.441232482838,0.508625731678,0.0799625223484,0.0635133523259,0.0448994623904,0.203640593282,0.386025953663,0.468131709566,0.0821149703201,0.0584645599467,0.0761846908015,-0.00486558404383,1.32927272267,0.0761846908015,1,0.097383742652,-0.0810389871859,0.0259358105796,0.0322448141302,0.0225480532282,1.5,0.999985722936,0.00534358719969,2026-03-29 23:59:59+00:00,2026-03-26 23:00:00+00:00,0.024149805344,2026-03-30,2026-04-09 22:00:00+00:00,0.104190859642
2026-03-30,0.0610301166122,0.165220976254,0.429583695758,0.507608540896,0.560972518138,0.0344309274806,0.0508988224654,0.0455304203845,0.134920890557,0.463489096357,0.557619406243,0.0642441917749,-0.0332020997798,0.0114527214977,0.15373592654,0.472883028551,0.604234433382,0.693093539399,0.0895717750233,0.0720072985957,0.0654504654784,0.102873872235,0.537846329212,0.678929912134,0.0649058694916,-0.100922161284,0.110607511727,0.176706025968,0.386284362965,0.410982648409,0.428851496877,0.0717100080893,0.0571458297026,0.044574622305,0.167182176734,0.385695625902,0.439662974873,0.0635825140583,-0.0476109122501,-0.00140136566232,0.145736135764,0.444026575459,0.457145495184,0.0786299411711,0.0648832109594,-0.0186599236418,0.0262395387486,0.358743611054,0.40478659572,0.0923439517976,0.0607474886013,-0.099154790229,-0.0363602940208,1.26004012769,0.099154790229,1,0.0301126451395,0.112008877389,-0.0176010538954,0,-0.0131943607664,-0.8,0.99338608057,-0.114822014132,2026-04-05 23:59:59+00:00,2026-04-02 22:00:00+00:00,-0.0166027243223,2026-04-06,2026-04-16 22:00:00+00:00,0.0610301166122
2026-04-06,0.024149805344,0.0851799219562,0.330711020059,0.546285146649,0.59898148132,0.0509844478766,0.0483804229132,0.0449778559883,0.0747008025205,0.425194785256,0.555760579587,0.0366022564517,-0.0095699108401,0.0213209506703,0.032773672168,0.268786724312,0.6630302137,0.735907857421,0.0620590220419,0.0692260455178,0.0644040790134,0.0565040624013,0.477947251167,0.663275113373,0.0105883843533,-0.0815471542076,0.0269786600178,0.137586171744,0.392635315806,0.429540079598,0.462055105219,0.0695044387953,0.0559771997186,0.0445484709185,0.0927287415621,0.368152677198,0.449476268408,0.0626161285501,-0.0215669955082,0.108049226271,0.106647860609,0.373793822319,0.573550323088,0.0653136498961,0.0644967288034,0.113924680043,0.0952647564014,0.298905349683,0.51575875207,0.0779008596777,0.0625291929293,-0.00565770934752,-0.0129103980334,1.23666080485,0.00565770934752,1,-0.092603729373,-0.0810705662531,-0.026683640993,0.00179068842021,-0.007875938702,-0.1,0.97239890274,-0.233324610683,2026-04-12 23:59:59+00:00,2026-04-09 22:00:00+00:00,-0.0506997709097,2026-04-13,2026-04-23 22:00:00+00:00,0.024149805344
2026-04-13,-0.0166027243223,0.00754708102172,0.172768057276,0.518532858051,0.585771363464,0.0515657299504,0.0496286429663,0.0452384143961,0.014470401133,0.337780142119,0.493836101682,-0.00186732133218,-0.0258779946519,-0.0639895322583,-0.042668581588,0.111067344952,0.585699329285,0.678703538095,0.0853247319837,0.0751555752055,0.0663188922303,-0.034138704491,0.3171280617,0.519561173632,-0.0244411282308,-0.138477620667,0.0307840836137,0.0577627436315,0.234468769599,0.451366386816,0.492839188833,0.038878623759,0.0549907769797,0.0444647928747,0.0642261327465,0.353754297378,0.462943045982,0.0207064855665,0,0.00539149933996,0.113440725611,0.259176861375,0.566759739743,0.0743010774857,0.0648662526633,-0.0107129950343,0.103211685009,0.129451223758,0.491788016912,0.0612871672966,0.063282468152,-0.094773615872,0.0123333250076,1.36666933373,0.094773615872,0,-0.053276537224,0.0253925842737,-0.0272233412684,-0.0335650446872,-0.0128,-2.4,0.937328153605,-0.348447890595,2026-04-19 23:59:59+00:00,2026-04-16 22:00:00+00:00,-0.00968649278848,2026-04-20,2026-04-30 22:00:00+00:00,-0.0166027243223
2026-04-20,-0.0506997709097,-0.067302495232,0.0178774267242,0.42107544141,0.514512527205,0.0485596020731,0.0560765607629,0.0467080712234,-0.039782597353,0.223508495297,0.390015688132,-0.0351085300271,-0.0740346758224,-0.101399541819,-0.165389074078,-0.13261540191,0.392747531125,0.533156572442,0.0593452157047,0.0864489672386,0.0698643685073,-0.099410167489,0.146736526732,0.344183929945,-0.0741658945115,-0.221552547204,0,0.0307840836137,0.168370255358,0.449403351696,0.495868481968,0.0476878525005,0.0548089551955,0.0443277729084,0.0220876247202,0.300795757152,0.432084771086,0.00394883445737,0,-0.0851679738482,-0.0797764745082,0.0268713861003,0.468103868938,0.0791174934517,0.0750971054749,-0.108016831073,-0.118729826108,-0.0234650697063,0.362560883956,0.0912355507408,0.0763631850971,-0.101399541819,0.0210745498045,1.57724936885,0.101399541819,0,0.00661728925395,0.0851679738482,-0.0307191710216,0.017879161529,-0.00342850018701,-0.5,0.888681774293,-0.458524485758,2026-04-26 23:59:59+00:00,2026-04-23 22:00:00+00:00,0.0137924295715,2026-04-27,2026-05-07 22:00:00+00:00,-0.0506997709097
2026-04-27,-0.00968649278848,-0.0603862636982,-0.0528391826765,0.376744513081,0.478734329605,0.0306874765957,0.0576495174459,0.0470485372911,-0.0366113033287,0.170218612664,0.349482164752,-0.050035513331,-0.0829607313783,0.0533538857706,-0.0480456560489,-0.0907142376369,0.382168790914,0.546369819829,0.0721583424529,0.0865155183365,0.0700677564893,-0.0281390743961,0.163990548754,0.386516353287,-0.0647070070883,-0.178891401364,-0.0727268713476,-0.0727268713476,-0.0149641277161,0.371320235249,0.411098839381,0.0479886251686,0.0626541618591,0.0475336417273,-0.0461902275236,0.172770016937,0.308636614278,-0.0353640195737,-0.0701452346753,-0.0429791655053,-0.128147139353,-0.0147064137426,0.429320161717,0.083167354069,0.0779468319315,0.0168017900839,-0.0912150409895,0.0119966440195,0.370740255073,0.0913008891227,0.0758971143251,0.126080757118,-0.016085519037,1.38082028311,0.126080757118,0,0.0365520956867,-0.0297477058423,-0.0415603151703,-0.00262467191601,0.00525426909364,0.5,0.827164326226,-0.561960120845,2026-05-03 23:59:59+00:00,2026-04-30 22:00:00+00:00,-0.00993657592043,2026-05-04,2026-05-14 22:00:00+00:00,-0.00968649278848
2026-05-04,0.0137924295715,0.00410593678305,-0.063196558449,0.26751446161,0.468561787791,0.0266566141342,0.0579070921533,0.0470316623386,-0.00741981366867,0.14729859373,0.341934738724,-0.0518423540577,-0.0702249047508,0.0508288217459,0.104182707517,-0.0612063665612,0.20758035775,0.564349017491,0.0793098958513,0.086500264563,0.0700718415315,0.0393058436449,0.176869898689,0.425654088039,-0.0587130545242,-0.136076521355,-0.0232439626029,-0.0959708339505,-0.0651867503368,0.327448565469,0.37277455809,0.0436455851626,0.0643753766992,0.0480776155141,-0.0532477440752,0.115236452771,0.258337627092,-0.0449716535911,-0.0915094872384,0.0874354874471,0.0444563219418,-0.0353201525664,0.338473669753,0.0740786673585,0.0791136533375,0.100943355303,0.117745145387,-0.000984680721119,0.297920668962,0.0861278560988,0.0780383141706,0.0740727843488,0.000181084489342,1.343664695,0.0740727843488,0,-0.0501145335567,-0.11067945005,-0.0124857677686,-0.00485829959514,-0.00261340302408,0.5,0.75366678672,-0.657256703728,2026-05-10 23:59:59+00:00,2026-05-07 22:00:00+00:00,0.00254914490413,2026-05-11,2026-05-21 22:00:00+00:00,0.0137924295715
2026-05-11,-0.00993657592043,0.0038558536511,-0.0565304100471,0.116237647228,0.47315201228,0.0267976351713,0.0575861454676,0.0473471152307,-0.00298738593937,0.0997301545143,0.305042355312,-0.0505289111487,-0.0794179363059,-0.0329475930237,0.0178812287223,-0.0301644273266,0.0809029176254,0.568876254116,0.07431945471,0.0861559079652,0.0708551276401,0.0134235589342,0.0970372661372,0.351965763669,-0.0513008186867,-0.164076914823,0.0130744411828,-0.0101695214201,-0.0828963927677,0.151572376831,0.377427770444,0.0377821282366,0.0642662213239,0.0480771200773,-0.0204868374998,0.0998601077042,0.254961068133,-0.0497570036107,-0.0795534928048,-0.122154316608,-0.0347188291614,-0.162865968515,0.0963108928604,0.0913529839744,0.0904802527651,-0.0315830917435,0.0693602635592,-0.0218547774303,0.107596446327,0.0875929616367,0.0799622512239,-0.0460220342064,0.00210259990752,1.34058865765,0.0460220342064,0,-0.00136450128019,0.135228757791,0.0018564840147,-0.0252237591538,0.0230831617693,1.6,0.669253644676,-0.743034022834,2026-05-17 23:59:59+00:00,2026-05-14 22:00:00+00:00,-0.0140483230701,2026-05-18,2026-05-29 05:00:00+00:00,-0.00993657592043
2026-05-18,0.00254914490413,-0.00738743101631,-0.00328149423326,0.0145959324909,0.464551592908,0.0113519585049,0.0579486212117,0.0474294526781,0.000379054494233,0.0688530825305,0.286068501777,-0.0365551114743,-0.0770682456508,0.0210957888838,-0.0118518041399,0.0923309033767,-0.0402844985331,0.576630690842,0.0401228675944,0.0859543663045,0.0708489878867,0.0119357061229,0.0796497483036,0.352925848296,-0.0212734811437,-0.146255136594,-0.0159974990755,-0.00292305789276,-0.0988938918432,0.069476363515,0.352472494973,0.0356433263573,0.0652805406835,0.0484399778616,-0.0112631613644,0.0562799764756,0.217780024849,-0.0518367418049,-0.0941611801881,0.0429680219538,-0.0791862946547,-0.0347299727129,-0.00785858661252,0.0930207115973,0.0903209076851,0.0271780492092,-0.00440504253425,0.113340102852,0.089875033146,0.0547616180794,0.0797081746759,0.0370932879593,0.013602948457,1.31667184023,0.0370932879593,0,-0.00608226032541,-0.0589655210294,0.00362806483703,0.0446577629382,-0.00487834624062,-0.1,0.575147483235,-0.818049737197,2026-05-24 23:59:59+00:00,2026-05-21 22:00:00+00:00,-0.0507407694254,2026-05-25,2026-06-04 22:00:00+00:00,0.00254914490413
2026-05-25,-0.0140483230701,-0.011499178166,-0.0076433245149,-0.0604825071914,0.403745624107,0.0126255702567,0.0594200781944,0.0477638351419,-0.0117063781333,0.0263029495167,0.248699867136,-0.0329681868293,-0.0899432413132,-0.00555254238106,0.0155432465027,0.033424475225,-0.0572897624119,0.479525892121,0.0358965047307,0.0857301576828,0.0709638080461,-0.00192169928559,0.0409235932525,0.320478317779,-0.02853048828,-0.150982454668,-0.0225441037592,-0.0385416028347,-0.0487111242548,-0.0636752519709,0.327965356093,0.0171482360041,0.0664114123674,0.048943529921,-0.0214996890363,0.0102922181039,0.176124346482,-0.0374058853786,-0.114354034409,0.000741631804774,0.0437096537586,0.00899082459721,-0.00571558914542,0.0901724897587,0.0906351685709,0.00203404721823,0.0292120964274,0.0985723599866,0.110569004006,0.0562752427284,0.0802253415877,0.0169915613781,0.00542854559538,1.29087552502,0.0169915613781,1,-0.00758658959929,-0.023285735564,-0.0204749965988,0.0151817818618,0.0399534285189,2.9,0.472711272708,-0.881217369697,2026-05-31 23:59:59+00:00,2026-05-29 05:00:00+00:00,-0.0118999916797,2026-06-01,2026-06-11 22:00:00+00:00,-0.0140483230701
2026-06-01,-0.0507407694254,-0.0647890924955,-0.0721765235118,-0.135373081961,0.318360419141,0.0229118026874,0.0635650562438,0.0484649127631,-0.0437946316683,-0.0440329100401,0.170410079124,-0.0425333938888,-0.134968259634,-0.101481538851,-0.107034081232,-0.118885885372,-0.180092251933,0.314111727288,0.052682844184,0.0933208705349,0.0714829505197,-0.0718225457914,-0.0775173190935,0.173656700824,-0.0538839119035,-0.232914465711,0,-0.0225441037592,-0.0254671616519,-0.0906539119887,0.322609110994,0.0160515162583,0.0665614176884,0.0489632215962,-0.0152862306709,-0.0109034443133,0.162772090276,-0.0311828758741,-0.114354034409,-0.130740350002,-0.129998718197,-0.209185012852,-0.244505165418,0.0874107634727,0.1011895831,-0.119565573146,-0.117531525928,-0.121936568462,-0.122921249183,0.0640808603527,0.0911117900699,-0.101481538851,-0.021323846805,1.40200542251,0.101481538851,0,0.0180840342952,0.130740350002,0.0149009414776,0.0192837465565,-0.00530316422132,0.2,0.363428630231,-0.931622042852,2026-06-07 23:59:59+00:00,2026-06-04 22:00:00+00:00,-0.0336888917373,2026-06-08,2026-06-18 22:00:00+00:00,-0.0507407694254
2026-06-08,-0.0118999916797,-0.0626407611051,-0.0741399392711,-0.130670349318,0.183437946418,0.0227002669287,0.0567900122873,0.0484392620069,-0.0376105904085,-0.0667076587978,0.140842271751,-0.0326455960807,-0.145201123891,0.0145518129727,-0.086929725878,-0.0713864793753,-0.101550906702,0.103246285352,0.0568979017318,0.0711067018959,0.0711365383122,-0.0415183725609,-0.070559908984,0.17047351546,-0.0257886417939,-0.221670367894,-0.0383517963321,-0.0383517963321,-0.0768933991668,-0.159789791934,0.263629607485,0.0158836201165,0.0688416803591,0.0497864347195,-0.0340454800653,-0.0640013868969,0.107990349739,-0.0395025503675,-0.147677064708,0.0193423904151,-0.111397959587,-0.0676883058284,-0.230554274343,0.0778214653925,0.0899255350115,0.0359494457285,-0.0836161274175,-0.0544040309901,-0.0762588084204,0.0720905055927,0.0799320021684,0.0529036093048,-0.00547889025835,1.03288688826,0.0529036093048,0,-0.0213976327557,-0.0576941867472,-0.00195501510249,0.0046332046332,0.00479829393993,0.6,0.248882332053,-0.9685337293,2026-06-14 23:59:59+00:00,2026-06-11 22:00:00+00:00,-0.057097502955,2026-06-15,2026-06-25 22:00:00+00:00,-0.0118999916797
2026-06-15,-0.0336888917373,-0.045588883417,-0.110377975912,-0.113659470146,0.00840881622004,0.0182821215016,0.0432455458464,0.0487417810375,-0.0435264363647,-0.0981497142283,0.0890051881536,-0.028241325995,-0.173518678982,-0.0495150110656,-0.0349631980928,-0.141997279325,-0.049666375948,-0.0399985728155,0.051484684461,0.0677232880067,0.0717519866407,-0.0549397756997,-0.112997386235,0.0966185673973,-0.0324225065377,-0.259270793612,-0.017862772409,-0.0562145687411,-0.0787586725003,-0.177652564343,0.0568162052555,0.0157844164799,0.0470679874715,0.0497384824757,-0.0323374761077,-0.0841500723597,0.0778653436585,-0.0240601454524,-0.162766742351,-0.0538134725812,-0.0344710821661,-0.164469800363,-0.199199773076,0.0673325781147,0.0852367241505,-0.0498664337704,-0.0139169880419,-0.13144851397,-0.0181084111173,0.0677234807601,0.0691686507668,-0.0316522386566,0.00769197377405,1.43880911073,0.0316522386566,1,0.000351422704804,0.0359507001722,0.00931430642207,-0.00557263643351,0.0135597217309,1.4,0.13073138967,-0.991417825014,2026-06-21 23:59:59+00:00,2026-06-18 22:00:00+00:00,-0.0303689217265,2026-06-22,2026-07-02 22:00:00+00:00,-0.0336888917373
2026-06-22,-0.057097502955,-0.0907863946923,-0.153427155797,-0.161070480312,-0.152879546377,0.0202182155496,0.0329824415386,0.0498030096569,-0.0614598198863,-0.138880386513,0.0169589856611,-0.0265968238435,-0.219386761532,-0.0992085202591,-0.148723531325,-0.235653257203,-0.202228781978,-0.281490298117,0.0545319795887,0.0567619851685,0.0741371077549,-0.0926079485888,-0.180306093222,-0.0196100082921,-0.0372602144455,-0.329229806452,-0.014986485651,-0.03284925806,-0.0712010543921,-0.119912178647,-0.0242687946363,0.015781171646,0.0434389751232,0.0496689226715,-0.0296658309022,-0.0962322668061,0.0517225007631,-0.0159334332414,-0.175220375373,-0.146331832362,-0.200145304943,-0.31154326453,-0.302552439933,0.0764008306255,0.0812326195473,-0.124568314329,-0.1744347481,-0.258050875517,-0.159478515531,0.0751546217096,0.0757135314025,-0.0842220346081,0.00159164730321,1.30667628164,0.0842220346081,1,0.0253597940703,0.131345346711,0.0297325622016,0.0106280193237,-0.00471149371801,-0.6,0.0106870218179,-0.999942892152,2026-06-28 23:59:59+00:00,2026-06-25 22:00:00+00:00,0.00258667175912,2026-06-29,2026-07-09 22:00:00+00:00,-0.057097502955
2026-06-29,-0.0303689217265,-0.0874664246815,-0.133055308099,-0.20523183161,-0.244278584715,0.0185563890677,0.0249322346285,0.0503933596305,-0.0590539174363,-0.149516671088,-0.023518195804,-0.0144731666619,-0.24273679169,0.0052457706214,-0.0939627496377,-0.128925947731,-0.247811833102,-0.287697248993,0.0528452621133,0.0564857399349,0.0741637046738,-0.0582846310098,-0.158208127227,-0.0267491312546,-0.0101009293178,-0.325701854554,-0.0659836140744,-0.0809700997254,-0.137184668466,-0.162651830118,-0.200859920437,0.0235475595548,0.0312316840543,0.0514370177801,-0.0602452086412,-0.141512431649,-0.0229766883102,-0.0188454040061,-0.227885685443,-0.0953422790849,-0.241674111447,-0.276145193613,-0.485330206465,0.0700217377031,0.0831608830745,-0.10040533196,-0.224973646289,-0.238890634331,-0.360827202793,0.0709702653539,0.0795403696187,0.0712293846958,-0.0152841385071,1.80854581171,0.0712293846958,0,0.105651102581,0.0293586650105,0.0233989219345,-0.00803059273423,0.00496756472445,0.5,-0.109512129666,-0.993985459379,2026-07-05 23:59:59+00:00,2026-07-02 22:00:00+00:00,0.0326694753828,2026-07-06,2026-07-16 22:00:00+00:00,-0.0303689217265
2026-07-06,0.00258667175912,-0.0277822499674,-0.11856864466,-0.192708583931,-0.2658417183,0.0245587572548,0.0224290284212,0.0501560929254,-0.027751521717,-0.129934868614,-0.0313234933226,-0.00919279821876,-0.240775464774,0.0232103314245,0.0284561020459,-0.120267429279,-0.191653908654,-0.285807868239,0.0555104818052,0.0566091525592,0.0737867778638,-0.00554838753635,-0.119127525955,-0.0175374730266,-0.00808163668592,-0.309868128932,-0.0180369879063,-0.0840206019806,-0.116869860041,-0.193763259207,-0.245875568361,0.0245506456322,0.028512529551,0.0516265605802,-0.049864548644,-0.141334956757,-0.0472769529483,-0.0103039597516,-0.241687456628,-0.054906557821,-0.150248836906,-0.350394141849,-0.418082447678,0.0436644844468,0.0718460528529,-0.0432511099383,-0.143656441898,-0.318091189998,-0.372495220988,0.0394136780832,0.0688702958968,0.0412473193308,-0.00658297602836,1.98534357025,0.0412473193308,0,0.0664614413628,0.0368695699148,-0.0458567758451,-0.000192752505783,-0.0100023261224,-0.8,-0.228125181163,-0.973631810142,2026-07-12 23:59:59+00:00,2026-07-09 22:00:00+00:00,0.0936703295404,2026-07-13,2026-07-23 22:00:00+00:00,0.00258667175912
2026-07-13,0.0326694753828,0.035256147142,-0.0522102775396,-0.162588253452,-0.216569518595,0.0390508364098,0.0268588907899,0.0501886346738,0.018241486621,-0.0857535106339,-0.0109087539592,0.00360662435319,-0.215562391005,0.0653790864242,0.0885894178487,-0.00537333178898,-0.147370611114,-0.156439249556,0.0699422972987,0.0598859407233,0.0742002034682,0.063160682872,-0.0479503311053,0.031906349125,0.0106904554802,-0.263240303107,-4.01356585315e-05,-0.0180771235648,-0.0990472232902,-0.17780589579,-0.276699787634,0.028584252726,0.0251144691399,0.0516268197379,-0.0258103263833,-0.122902742671,-0.0540525202869,-0.0034772067738,-0.241717891391,0.0507422100003,-0.00416434782074,-0.245838459268,-0.410308259631,0.0836331678568,0.0754682272606,0.0249850105062,-0.0182660994321,-0.243239745721,-0.374688259691,0.0665883158096,0.070447068745,0.0654192220827,0.0213583539434,2.38442453094,0.0654192220827,0,0.040394075918,-0.0507823456588,0.0439687702062,0.0138808559861,0.00581531954887,0.4,-0.343434221059,-0.939176732999,2026-07-19 23:59:59+00:00,2026-07-16 22:00:00+00:00,0.062195795953,2026-07-20,2026-07-30 22:00:00+00:00,0.0326694753828
2026-07-20,0.0936703295404,0.126339804923,0.0985575549559,-0.0548696008415,-0.0721994181449,0.0527319941652,0.0388022297236,0.0525516791908,0.089640110302,0.00986274649509,0.0702353472354,0.0301931901347,-0.138532466791,0.1337006784,0.199079764824,0.22753586687,-0.00811739033306,0.0786609706626,0.0570771152692,0.0658511621359,0.0773724627352,0.144485756664,0.0813931016491,0.155530994341,0.0508331228203,-0.157846365272,0.0536399806813,0.0535998450228,-0.0304207569579,-0.10162181135,-0.223059806952,0.0494134387387,0.0322854075401,0.052320389419,0.036095861149,-0.0578097071194,-0.0109911003015,0.00955325744918,-0.199933001705,0.123006116083,0.173748326083,0.0234994891775,-0.288043775353,0.0994519988814,0.0865397724901,0.111313037384,0.13629804789,-0.00735839400849,-0.265409269526,0.0912016004024,0.0758504581761,0.0800606977182,-3.94315768919e-05,2.03959397013,0.0800606977182,1,0.0223876410159,-0.0693661354019,0.0128957707419,0.0171135196805,-0.00338725690592,-0.1,-0.45376919082,-0.891119252099,2026-07-26 23:59:59+00:00,2026-07-23 22:00:00+00:00,0.0334072380241,2026-07-27,2026-08-06 22:00:00+00:00,0.0936703295404
2026-07-27,0.062195795953,0.155866125493,0.191122272635,0.0580669645369,-0.000317129403411,0.0390917825495,0.0430530861873,0.0532732469889,0.103891771022,0.0746945090181,0.120254119423,0.0478049627283,-0.0832515053855,0.0540163112303,0.18771698963,0.276306407479,0.147380459748,0.0793233961223,0.0466207035786,0.0658910598307,0.0775392820112,0.125917176801,0.133820774524,0.193622167449,0.0629748021679,-0.111105307048,0.0703752806757,0.124015261357,0.105938137792,-0.0312465306743,-0.0799576549291,0.0422277157862,0.0359481408193,0.0536239625327,0.0814282633382,0.017472061183,0.0490491603943,0.0326351232887,-0.141599518104,0.147627959478,0.270634075561,0.26646972774,-0.00967546587319,0.0908524298527,0.0985160815025,0.092350013605,0.203663050989,0.185396951557,-0.0534936827747,0.070287550234,0.0809271877346,-0.0163589694453,-0.0177726905747,1.83289665146,0.0163589694453,1,-0.0383337023747,-0.077252678802,0.00969243406042,0.00280426247897,0.0158804570759,1.1,-0.557532072999,-0.830155399656,2026-08-02 23:59:59+00:00,2026-07-30 22:00:00+00:00,-0.0307759680912,2026-08-03,2026-08-13 22:00:00+00:00,0.062195795953
2026-08-03,0.0334072380241,0.0956030339771,0.2219428389,0.103374194241,0.0192976790491,0.0289317006635,0.0439127854884,0.0533448321095,0.0800507741439,0.109391112057,0.138725721486,0.0540012728751,-0.0521081600324,0.00397491165067,0.057991222881,0.257070987705,0.136803558426,0.032469486027,0.0534243545207,0.0645075770504,0.0776151759061,0.0623457829861,0.135160960289,0.174055253166,0.0617700941549,-0.10756499763,0.0628395643974,0.133214845073,0.186814690096,0.0699448300552,0.00612587207121,0.0319051093782,0.0402126172338,0.0545180181431,0.0977143286732,0.082910024333,0.102151545796,0.0462324515954,-0.0859271095707,-0.0478397015013,0.0997882579764,0.27353658406,-0.0768575577896,0.0877161372916,0.094413049903,-0.0470362279387,0.0453137856664,0.181611833556,-0.136479356442,0.0719028517543,0.0748515913564,-0.0588646527468,0.00165300943706,1.60412271981,0.0588646527468,1,0.0510111395893,0.110679265899,-0.031392363873,-0.0249813571961,-0.0105560682972,-0.7,-0.653220035838,-0.75716813508,2026-08-09 23:59:59+00:00,2026-08-06 22:00:00+00:00,0.0440410085917,2026-08-10,2026-08-20 22:00:00+00:00,0.0334072380241
2026-08-10,-0.0307759680912,0.00263126993285,0.158497395426,0.106287117887,-0.00154171312166,0.0529946391803,0.0447370845163,0.0538433089587,0.00860944960247,0.075905932444,0.0868583238193,0.0397429421736,-0.0808361162588,-0.0911182690693,-0.0871433574186,0.100573632211,0.0952003004223,-0.0257011900186,0.0941332535827,0.0690301932179,0.0799632689678,-0.0521626828782,0.0384546325442,0.0536037197753,0.0271204226696,-0.185287398009,0.0295663328868,0.0924058972843,0.216421158641,0.117373935351,0.0226177637753,0.0177329925544,0.0408976544422,0.054580257456,0.0717026411514,0.113269547032,0.119113900788,0.0523654616776,-0.0584978327657,-0.0420150270252,-0.0898547285264,0.180779347034,-0.0650591122336,0.104575531667,0.0897234773878,-0.0681311302094,-0.115167358148,0.0884956928405,-0.154744052881,0.092764043023,0.0761160617472,-0.120684601956,0.0102993889366,1.68783531291,0.120684601956,0,-0.0229871388598,0.071581359912,-9.33192732295e-05,0.00956022944551,0.00151576983618,-0.3,-0.73944719928,-0.673214556792,2026-08-16 23:59:59+00:00,2026-08-13 22:00:00+00:00,0.0361800578578,2026-08-17,2026-08-27 22:00:00+00:00,-0.0307759680912
2026-08-17,0.0440410085917,0.0132650405005,0.108868074478,0.207425629433,0.0399501505659,0.0404477721934,0.0463927127527,0.0540584904293,0.0261310976658,0.12055337869,0.116471045578,0.0241439301143,-0.0394505702681,0.1037285967,0.0126103276308,0.0706015505118,0.298137417381,0.0569316177977,0.0831656535665,0.07488774278,0.0815705563719,0.032927050953,0.146335518148,0.144614841463,0.0132710324127,-0.0962398429825,-0.0156465795167,0.0139197533701,0.147134598443,0.116713841485,0.0229686833341,0.0391932262856,0.0408850854921,0.0549084860285,0.0183146350743,0.093892166271,0.0873178615573,0.0350168278159,-0.0731144728825,0.0516381096161,0.00962308259094,0.109411340567,0.132910829745,0.0922346608001,0.0902159150277,0.0626969145845,-0.00543421562497,0.0398795700414,0.0325211760329,0.0794063194943,0.0785463977247,0.119375176217,0.00513386111711,1.83161928756,0.119375176217,0,0.0410316821156,-0.0672846891328,-0.0142791813269,-0.0102272727273,0.01257349089,1,-0.81496470712,-0.579510591922,2026-08-23 23:59:59+00:00,2026-08-20 22:00:00+00:00,-0.0155574585102,2026-08-24,2026-09-03 22:00:00+00:00,0.0440410085917
2026-08-24,0.0361800578578,0.0802210664495,0.0828523363823,0.273974609018,0.0901785314938,0.0346202415633,0.0469363627365,0.0538839192155,0.0419010057529,0.152951898622,0.137858306134,0.0137762739807,-0.00406150741701,0.0540332146602,0.15776181136,0.0706184539417,0.34692486142,0.116517374839,0.0831681177524,0.0760437587273,0.0806612755727,0.0703823376251,0.197718716912,0.1834707799,0.00869173849781,-0.0460633860725,0.0183269010554,0.00268032153868,0.095086218823,0.201024356615,0.0638396881487,0.0323693393733,0.0404287463754,0.0548535062622,0.0133172668816,0.108250701612,0.0923464422919,0.0188608094635,-0.0559709192706,0.0180814283622,0.0697195379783,-0.0201351905482,0.246334537192,0.0481178257939,0.090574438969,0.0385102777803,0.101207192365,-0.0139601657833,0.171436785773,0.0638213148258,0.0799297570345,0.0357063136048,-0.00606080692887,1.88088636573,0.0357063136048,1,0.0155229368799,0.000245472693214,-0.0210946894025,-0.0174129353234,-0.000114975567692,0.2,-0.878678814594,-0.477413385635,2026-08-30 23:59:59+00:00,2026-08-27 22:00:00+00:00,0.0352324996206,2026-08-31,2026-09-11 05:00:00+00:00,0.0361800578578
2026-08-31,-0.0155574585102,0.0206225993476,0.033887639848,0.255830478748,0.125361842409,0.0371963650464,0.0442722018594,0.0541993223239,0.0171257437321,0.123593953518,0.103257784809,-0.00117130868483,-0.0194358760503,-0.0525319798175,0.00150123484272,0.0141115624735,0.271182550178,0.165466933872,0.0907222388626,0.0711753557888,0.0815221226521,0.0120039401266,0.121473519694,0.104729366326,-0.0092003350641,-0.0948820678307,0.0214170627971,0.0397439638525,0.0536637172226,0.240478407318,0.0852567509457,0.0199466015114,0.0406477363162,0.054830175718,0.021440871034,0.124240107702,0.100177220706,0.00685771769444,-0.0355345265726,-0.0486362514695,-0.0305548231073,-0.0209317405164,0.252604843543,0.0483550942818,0.0842746664551,-0.031822558686,0.00668771909433,0.00125350346936,0.182865337026,0.0607400963679,0.0737757213221,-0.0739490426146,-0.0165551570138,1.75098569449,0.0739490426146,0,-0.0207094211315,0.0700533142665,0.00769892930719,-0.00175267770204,0.00592192261255,0.6,-0.929666729448,-0.36840164516,2026-09-06 23:59:59+00:00,2026-09-03 22:00:00+00:00,0.0475978445959,2026-09-07,2026-09-17 22:00:00+00:00,-0.0155574585102
2026-09-07,0.0352324996206,0.0196750411104,0.0998961075598,0.258393502986,0.172494333709,0.0273078895363,0.044290850483,0.0498983067614,0.02786164318,0.147608003774,0.12797306273,0.0117052319892,0,0.0767143890181,0.0241824092006,0.181944220561,0.282517852772,0.227629509918,0.0684299924423,0.0733625891386,0.0709517684381,0.0451977524564,0.18835827604,0.177594319246,0.0279760928389,-0.02271371272,-0.00624938977691,0.0151676730202,0.0178479945588,0.2342691532,0.117359157501,0.0182464469314,0.0386163968397,0.0549864430721,0.0105409799627,0.106704097006,0.0789491073632,-0.00456562886036,-0.0415430528758,0.0992485960318,0.0506123445624,0.120331882541,0.301111229575,0.0621537360065,0.0890580349489,0.0747122007595,0.0428896420735,0.144096834438,0.232592527279,0.0476709497598,0.076420050295,0.082963778795,0.00121274558204,1.89972901185,0.082963778795,0,0.00200218825853,-0.105497985809,0.0200312898922,0.0433086227078,0.00514403292181,-0.2,-0.967189977038,-0.254054223182,2026-09-13 23:59:59+00:00,2026-09-11 05:00:00+00:00,0.0413310956639,2026-09-14,2026-09-24 22:00:00+00:00,0.0352324996206
2026-09-14,0.0475978445959,0.0828303442165,0.103452943564,0.212321018042,0.253781070042,0.0281797034439,0.0428226388225,0.0432495744737,0.0501541795182,0.179085392605,0.17067586789,0.00634161511852,0,0.0623342206275,0.139048609646,0.140549844488,0.211151395,0.339478741611,0.0591925812843,0.071378903238,0.0697754331985,0.0732853062852,0.230334090479,0.237891716832,0.00902371176741,0,0.0328614685642,0.0266120787873,0.0663560426398,0.213490641083,0.168083398474,0.0164591997702,0.0382336593706,0.0422386868271,0.0270848653922,0.128318388911,0.105446144115,0.00365951846962,-0.00952352709264,0.12090821925,0.220156815282,0.189601992174,0.299013332742,0.0778337447083,0.093323542108,0.0830667973819,0.157778998141,0.164466717236,0.204346287277,0.052330352047,0.0787252474412,0.0294727520633,0.0111732750899,1.86686384587,0.0294727520633,1,-0.0207325767544,-0.0880467506855,0.0149142781866,-0.0226252804787,-0.0145570340043,-1,-0.990705095898,-0.136027250809,2026-09-20 23:59:59+00:00,2026-09-17 22:00:00+00:00,,2026-09-21,2026-09-24 22:00:00+00:00,0.0475978445959
