week,nyh,nyh_availableAt,usgc,usgc_availableAt,brent,brent_availableAt,wti,wti_availableAt,eu_coverage,eu_matched,eu_return,eu_availableAt,us_return,aidi_return,eu_level,us_level,aidi_level
2011-04-04,3.30633333333,2011-04-14 05:00:00+00:00,3.264,2011-04-14 05:00:00+00:00,124.07,2011-04-14 05:00:00+00:00,110.156666667,2011-04-14 05:00:00+00:00,26,0,,2011-04-14 22:00:00+00:00,,,100,100,100
2011-04-11,3.2682,2011-04-21 05:00:00+00:00,3.2264,2011-04-21 05:00:00+00:00,123.572,2011-04-21 05:00:00+00:00,107.75,2011-04-21 05:00:00+00:00,26,26,0.0137835808181,2011-04-21 22:00:00+00:00,-0.0115934594925,0.00109506066281,101.387901233,98.84734857,100.109566046
2011-04-18,3.2515,2011-04-28 05:00:00+00:00,3.21,2011-04-28 05:00:00+00:00,122.735,2011-04-28 05:00:00+00:00,109.11,2011-04-28 05:00:00+00:00,26,26,0.00275019123359,2011-04-28 22:00:00+00:00,-0.00510948687179,-0.0011796478191,101.667121128,98.3435774422,99.9915416421
2011-04-25,3.2962,2011-05-05 05:00:00+00:00,3.26,2011-05-05 05:00:00+00:00,125.36,2011-05-05 05:00:00+00:00,112.296,2011-05-05 05:00:00+00:00,0,0,,2011-05-05 22:00:00+00:00,0.0145550598638,,,99.7854418557,
2011-05-02,3.132,2011-05-12 05:00:00+00:00,3.0976,2011-05-12 05:00:00+00:00,119.564,2011-05-12 05:00:00+00:00,105.836,2011-05-12 05:00:00+00:00,26,0,,2011-05-12 22:00:00+00:00,-0.0510990444839,,101.263774327,94.8145856983,97.9861358001
2011-05-09,3.0306,2011-05-19 05:00:00+00:00,2.9964,2011-05-19 05:00:00+00:00,114.528,2011-05-19 05:00:00+00:00,99.866,2011-05-19 05:00:00+00:00,26,26,-0.0220493204025,2011-05-19 22:00:00+00:00,-0.0330636042086,-0.0275564623055,99.0554128262,91.7309330157,95.3228484614
2011-05-16,2.9558,2011-05-26 05:00:00+00:00,2.9202,2011-05-26 05:00:00+00:00,112.02,2011-05-26 05:00:00+00:00,97.994,2011-05-26 05:00:00+00:00,26,26,-0.0159020640095,2011-05-26 22:00:00+00:00,-0.0253753694639,-0.0206387167367,97.4926855368,89.4325116744,93.3756699437
2011-05-23,3.005,2011-06-03 05:00:00+00:00,2.9734,2011-06-03 05:00:00+00:00,113.406,2011-06-03 05:00:00+00:00,99.546,2011-06-03 05:00:00+00:00,26,26,-0.00907523447876,2011-06-02 22:00:00+00:00,0.0172810991503,0.00410293233578,96.6119191812,90.9914349339,93.7595710208
2011-05-30,3.108,2011-06-09 05:00:00+00:00,3.07275,2011-06-09 05:00:00+00:00,115.68,2011-06-09 05:00:00+00:00,100.9225,2011-06-09 05:00:00+00:00,26,26,-4.73686703968e-05,2011-06-09 22:00:00+00:00,0.033284355717,0.0166184935233,96.6073429114,94.0709924639,95.3307328566
2011-06-06,3.1592,2011-06-16 05:00:00+00:00,3.1112,2011-06-16 05:00:00+00:00,117.726,2011-06-16 05:00:00+00:00,100.054,2011-06-16 05:00:00+00:00,26,26,0.00105086896163,2011-06-16 22:00:00+00:00,0.0143874881157,0.00771917853865,96.7089179312,95.4342209513,96.0694553009
2011-06-13,3.1158,2011-06-23 05:00:00+00:00,3.0776,2011-06-23 05:00:00+00:00,116.788,2011-06-23 05:00:00+00:00,95.874,2011-06-23 05:00:00+00:00,26,26,0.00119769286467,2011-06-23 22:00:00+00:00,-0.0123456606488,-0.00557398389205,96.8248149028,94.2632654275,95.5354553407
2011-06-20,2.9418,2011-06-30 05:00:00+00:00,2.9092,2011-06-30 05:00:00+00:00,110.176,2011-06-30 05:00:00+00:00,92.696,2011-06-30 05:00:00+00:00,26,26,0.00854133282528,2011-06-30 22:00:00+00:00,-0.0568681226754,-0.0241633949251,97.6553698463,89.052264682,93.254661241
2011-06-27,2.9594,2011-07-08 05:00:00+00:00,2.9176,2011-07-08 05:00:00+00:00,109.032,2011-07-08 05:00:00+00:00,93.702,2011-07-08 05:00:00+00:00,26,26,-0.00817037081096,2011-07-07 22:00:00+00:00,0.00442406869864,-0.00187315105616,96.8607398941,89.4471107879,93.0801446728
2011-07-04,3.1265,2011-07-14 05:00:00+00:00,3.07025,2011-07-14 05:00:00+00:00,115.39,2011-07-14 05:00:00+00:00,97.1225,2011-07-14 05:00:00+00:00,26,26,-0.00822129909624,2011-07-14 22:00:00+00:00,0.0529626269675,0.0223706639356,96.0676832257,94.3121604877,95.1858747822
2011-07-11,3.2016,2011-07-21 05:00:00+00:00,3.1368,2011-07-21 05:00:00+00:00,117.722,2011-07-21 05:00:00+00:00,96.72,2011-07-21 05:00:00+00:00,26,26,0.00139341942626,2011-07-21 22:00:00+00:00,0.0225903486549,0.0119918840406,96.2016391084,96.4669521874,96.3342043109
2011-07-18,3.1988,2011-07-28 05:00:00+00:00,3.1478,2011-07-28 05:00:00+00:00,118.198,2011-07-28 05:00:00+00:00,98.006,2011-07-28 05:00:00+00:00,26,26,0.0161224327391,2011-07-28 22:00:00+00:00,0.00131283938382,0.00871763606146,97.7652140114,96.5936809705,97.1776820686
2011-07-25,3.1796,2011-08-04 05:00:00+00:00,3.1348,2011-08-04 05:00:00+00:00,117.698,2011-08-04 05:00:00+00:00,97.828,2011-08-04 05:00:00+00:00,26,26,0.0112202209501,2011-08-04 22:00:00+00:00,-0.00507937834878,0.00307042130065,98.8683383905,96.1042890742,97.4765170334
2011-08-01,3.0768,2011-08-11 05:00:00+00:00,3.0384,2011-08-11 05:00:00+00:00,112.654,2011-08-11 05:00:00+00:00,90.854,2011-08-11 05:00:00+00:00,26,26,0.00198633339186,2011-08-11 22:00:00+00:00,-0.0320498109926,-0.0150317388004,99.0649190452,93.0730003605,96.0222330817
2011-08-08,2.9078,2011-08-18 05:00:00+00:00,2.8802,2011-08-18 05:00:00+00:00,105.304,2011-08-18 05:00:00+00:00,82.862,2011-08-18 05:00:00+00:00,26,26,-0.0078128640694,2011-08-18 22:00:00+00:00,-0.054982319616,-0.0313975918427,98.2939539431,88.0937700346,93.0542044963
2011-08-15,2.9864,2011-08-25 05:00:00+00:00,2.9486,2011-08-25 05:00:00+00:00,109.536,2011-08-25 05:00:00+00:00,85.364,2011-08-25 05:00:00+00:00,0,0,,2011-08-25 22:00:00+00:00,0.0250713061777,,,90.3303153203,
2011-08-22,3.009,2011-09-01 05:00:00+00:00,2.9764,2011-09-01 05:00:00+00:00,111.058,2011-09-01 05:00:00+00:00,85.056,2011-09-01 05:00:00+00:00,26,0,,2011-09-01 22:00:00+00:00,0.00846159206853,,95.0712316425,91.0978964996,93.0633613204
2011-08-29,3.0974,2011-09-09 05:00:00+00:00,3.0542,2011-09-09 05:00:00+00:00,116.105,2011-09-09 05:00:00+00:00,88.568,2011-09-09 05:00:00+00:00,26,26,0.000141990998725,2011-09-08 22:00:00+00:00,0.027379214124,0.0137606025614,95.08473186,93.6265435398,94.3528207711
2011-09-05,3.0785,2011-09-15 05:00:00+00:00,3.0185,2011-09-15 05:00:00+00:00,115.97,2011-09-15 05:00:00+00:00,88.3575,2011-09-15 05:00:00+00:00,26,26,0.0109057448695,2011-09-15 22:00:00+00:00,-0.0089391289067,0.000983307981411,96.1273767624,92.7933334326,94.4456442824
2011-09-12,2.9992,2011-09-22 05:00:00+00:00,2.9606,2011-09-22 05:00:00+00:00,114.98,2011-09-22 05:00:00+00:00,89.222,2011-09-22 05:00:00+00:00,26,26,0.0107147195548,2011-09-22 22:00:00+00:00,-0.0227324738433,-0.00600887714425,97.1628923688,90.7077069465,93.8798336548
2011-09-19,2.9368,2011-09-28 05:00:00+00:00,2.8986,2011-09-28 05:00:00+00:00,111.984,2011-09-28 05:00:00+00:00,83.794,2011-09-28 05:00:00+00:00,26,26,0.00223528995784,2011-09-29 22:00:00+00:00,-0.021094560965,-0.00942963550359,97.3803225255,88.8143081108,92.9987417588
2011-09-26,2.8862,2011-10-06 05:00:00+00:00,2.8482,2011-10-06 05:00:00+00:00,107.692,2011-10-06 05:00:00+00:00,81.766,2011-10-06 05:00:00+00:00,26,26,0,2011-10-06 22:00:00+00:00,-0.0174602205919,-0.00873011029593,97.3803225255,87.2770501845,92.1903861368
2011-10-03,2.8698,2011-10-14 05:00:00+00:00,2.8204,2011-10-14 05:00:00+00:00,104.032,2011-10-14 05:00:00+00:00,79.434,2011-10-14 05:00:00+00:00,26,26,-0.000626472798961,2011-10-13 22:00:00+00:00,-0.00775345701406,-0.00418996490651,97.3193355077,86.6029679384,91.8049197633
2011-10-10,3.004,2011-10-20 05:00:00+00:00,2.9494,2011-10-20 05:00:00+00:00,111.586,2011-10-20 05:00:00+00:00,85.348,2011-10-20 05:00:00+00:00,26,26,-0.00108937517945,2011-10-20 22:00:00+00:00,0.0452127169708,0.0220616708957,97.2133759644,90.6083891066,93.8527964194
2011-10-17,3.0542,2011-10-27 05:00:00+00:00,3.0036,2011-10-27 05:00:00+00:00,111.472,2011-10-27 05:00:00+00:00,86.818,2011-10-27 05:00:00+00:00,26,26,0.0108118536569,2011-10-27 22:00:00+00:00,0.017391384022,0.0141016188395,98.2701352278,92.1979768976,95.1856483797
2011-10-24,3.089,2011-11-03 05:00:00+00:00,3.045,2011-11-03 05:00:00+00:00,111.334,2011-11-03 05:00:00+00:00,92.316,2011-11-03 05:00:00+00:00,26,26,0.00902963535781,2011-11-03 23:00:00+00:00,0.0125095266589,0.0107695810083,99.161496995,93.3585740732,96.2162978004
2011-10-31,3.0736,2011-11-10 06:00:00+00:00,3.04,2011-11-10 06:00:00+00:00,109.84,2011-11-10 06:00:00+00:00,93.244,2011-11-10 06:00:00+00:00,26,26,0.00624439937677,2011-11-10 23:00:00+00:00,-0.00332064332401,0.00146187802638,99.7826382939,93.0490776954,96.3570571534
2011-11-07,3.1704,2011-11-17 06:00:00+00:00,3.1264,2011-11-17 06:00:00+00:00,114.68,2011-11-17 06:00:00+00:00,96.966,2011-11-17 06:00:00+00:00,26,26,0.000529018655322,2011-11-17 23:00:00+00:00,0.0295164586551,0.0150227386552,99.8354391361,95.8364918796,97.8155317527
2011-11-14,3.1384,2011-11-24 06:00:00+00:00,3.0914,2011-11-24 06:00:00+00:00,110.69,2011-11-24 06:00:00+00:00,99.318,2011-11-24 06:00:00+00:00,26,26,0.00811062520188,2011-11-24 23:00:00+00:00,-0.0107013835556,-0.00129537917684,100.64845956,94.8163768775,97.6889055818
2011-11-21,3.01175,2011-12-01 06:00:00+00:00,2.95325,2011-12-01 06:00:00+00:00,106.665,2011-12-01 06:00:00+00:00,96.8833333333,2011-12-01 06:00:00+00:00,26,26,0.0114945795374,2011-12-01 23:00:00+00:00,-0.043454807319,-0.0159801138908,101.81204594,90.7843885807,96.1402326856
2011-11-28,3.0298,2011-12-08 06:00:00+00:00,2.9704,2011-12-08 06:00:00+00:00,110.054,2011-12-08 06:00:00+00:00,99.752,2011-12-08 06:00:00+00:00,26,26,-0.00500505096159,2011-12-08 23:00:00+00:00,0.00588283530575,0.00043889217208,101.30374456,91.3200321939,96.182437142
2011-12-05,2.9818,2011-12-15 06:00:00+00:00,2.9114,2011-12-15 06:00:00+00:00,109.31,2011-12-15 06:00:00+00:00,100.102,2011-12-15 06:00:00+00:00,26,26,0.00194709563038,2011-12-15 23:00:00+00:00,-0.0180160122311,-0.00803445830037,101.501184794,89.6895409534,95.4127594735
2011-12-12,2.8792,2011-12-22 06:00:00+00:00,2.8086,2011-12-22 06:00:00+00:00,106.262,2011-12-22 06:00:00+00:00,96.052,2011-12-22 06:00:00+00:00,26,26,-0.00453586573928,2011-12-22 23:00:00+00:00,-0.035481296913,-0.0200085813261,101.041831617,86.5630339776,93.5226577006
2011-12-19,2.9048,2011-12-30 06:00:00+00:00,2.8572,2011-12-30 06:00:00+00:00,107.722,2011-12-30 06:00:00+00:00,97.746,2011-12-30 06:00:00+00:00,26,26,-9.22509227709e-05,2011-12-29 23:00:00+00:00,0.013004024541,0.00645588680913,101.032510844,87.6960527311,94.1283825345
2011-12-26,2.953,2012-01-06 06:00:00+00:00,2.908,2012-01-06 06:00:00+00:00,107.506666667,2012-01-06 06:00:00+00:00,99.795,2012-01-06 06:00:00+00:00,0,0,,2012-01-05 23:00:00+00:00,0.0170402485082,,,89.2032200461,
2012-01-02,3.10525,2012-01-12 06:00:00+00:00,3.0545,2012-01-12 06:00:00+00:00,112.51,2012-01-12 06:00:00+00:00,102.3875,2012-01-12 06:00:00+00:00,0,0,,2012-01-12 23:00:00+00:00,0.0497114890584,,,93.7497152173,
2012-01-09,3.0946,2012-01-20 06:00:00+00:00,3.052,2012-01-20 06:00:00+00:00,111.776,2012-01-20 06:00:00+00:00,100.432,2012-01-20 06:00:00+00:00,26,0,,2012-01-19 23:00:00+00:00,-0.0021271850271,,102.222187749,93.5505041813,97.790271512
2012-01-16,3.05275,2012-01-26 06:00:00+00:00,3.009,2012-01-26 06:00:00+00:00,109.6,2012-01-26 06:00:00+00:00,99.945,2012-01-26 06:00:00+00:00,26,26,0.0198316669896,2012-01-26 23:00:00+00:00,-0.0139025745584,0.00296454621561,104.269659419,92.258910365,98.0806054329
2012-01-23,3.0718,2012-02-02 06:00:00+00:00,3.02,2012-02-02 06:00:00+00:00,109.18,2012-02-02 06:00:00+00:00,99.354,2012-02-02 06:00:00+00:00,26,26,0,2012-02-02 23:00:00+00:00,0.00493495950363,0.00246747975182,104.269659419,92.7153296305,98.3229161663
2012-01-30,3.0834,2012-02-09 06:00:00+00:00,3.0448,2012-02-09 06:00:00+00:00,111.196,2012-02-09 06:00:00+00:00,97.8,2012-02-09 06:00:00+00:00,26,26,-0.00465315401991,2012-02-09 23:00:00+00:00,0.00597378070884,0.000660313344464,103.7856037,93.2708482994,98.3878615397
2012-02-06,3.213,2012-02-16 06:00:00+00:00,3.1572,2012-02-16 06:00:00+00:00,117.208,2012-02-16 06:00:00+00:00,98.56,2012-02-16 06:00:00+00:00,26,26,0,2012-02-16 23:00:00+00:00,0.038711268591,0.0193556342955,103.7856037,96.9522778373,100.310770536
2012-02-13,3.2104,2012-02-23 06:00:00+00:00,3.1708,2012-02-23 06:00:00+00:00,119.794,2012-02-23 06:00:00+00:00,101.726,2012-02-23 06:00:00+00:00,26,26,0.00427714306614,2012-02-23 23:00:00+00:00,0.0017444114828,0.00301077727447,104.230460255,97.1215501014,100.613239028
2012-02-20,3.31,2012-03-01 06:00:00+00:00,3.2695,2012-03-01 06:00:00+00:00,123.335,2012-03-01 06:00:00+00:00,107.175,2012-03-01 06:00:00+00:00,26,26,0.00917471992927,2012-03-01 23:00:00+00:00,0.0306028977284,0.0198888088288,105.191145807,100.139697447,102.634348613
2012-02-27,3.2812,2012-03-08 06:00:00+00:00,3.2378,2012-03-08 06:00:00+00:00,124.88,2012-03-08 06:00:00+00:00,107.52,2012-03-08 06:00:00+00:00,26,26,0.00448168720957,2012-03-08 23:00:00+00:00,-0.00924098071822,-0.00237964675432,105.663637609,99.2185710441,102.390405483
2012-03-05,3.2942,2012-03-15 05:00:00+00:00,3.2566,2012-03-15 05:00:00+00:00,126.624,2012-03-15 05:00:00+00:00,106.324,2012-03-15 05:00:00+00:00,26,26,0.000991929310845,2012-03-15 23:00:00+00:00,0.00487187837135,0.0029319038411,105.768500468,99.7031312552,102.691044813
2012-03-12,3.328,2012-03-22 05:00:00+00:00,3.2982,2012-03-22 05:00:00+00:00,126.222,2012-03-22 05:00:00+00:00,106.15,2012-03-22 05:00:00+00:00,26,26,0.00465228023403,2012-03-22 23:00:00+00:00,0.0114506676785,0.00805147395628,106.261711561,100.851360125,103.521196574
2012-03-19,3.2966,2012-03-29 05:00:00+00:00,3.2664,2012-03-29 05:00:00+00:00,124.346,2012-03-29 05:00:00+00:00,106.41,2012-03-29 05:00:00+00:00,26,26,0.00931443788182,2012-03-29 22:00:00+00:00,-0.00958414636657,-0.000134854242377,107.256103584,99.8894030606,103.507237243
2012-03-26,3.2942,2012-04-05 05:00:00+00:00,3.265,2012-04-05 05:00:00+00:00,124.43,2012-04-05 05:00:00+00:00,105.122,2012-04-05 05:00:00+00:00,26,26,0,2012-04-05 22:00:00+00:00,-0.000578493121757,-0.000289246560879,107.256103584,99.831634439,103.47730246
2012-04-02,3.30275,2012-04-12 05:00:00+00:00,3.27025,2012-04-12 05:00:00+00:00,124.18,2012-04-12 05:00:00+00:00,103.5225,2012-04-12 05:00:00+00:00,26,26,-0.000485982667859,2012-04-12 22:00:00+00:00,0.00209939013385,0.000806703732994,107.203991641,100.041440142,103.560811665
2012-04-09,3.2316,2012-04-19 05:00:00+00:00,3.2094,2012-04-19 05:00:00+00:00,120.8725,2012-04-19 05:00:00+00:00,102.552,2012-04-19 05:00:00+00:00,0,0,,2012-04-19 22:00:00+00:00,-0.020280257478,,,98.0330085691,
2012-04-16,3.205,2012-04-26 05:00:00+00:00,3.1806,2012-04-26 05:00:00+00:00,117.18,2012-04-26 05:00:00+00:00,103.152,2012-04-26 05:00:00+00:00,26,0,,2012-04-26 22:00:00+00:00,-0.00863971289711,,106.605880068,97.1896798256,101.788954958
2012-04-23,3.2396,2012-05-03 05:00:00+00:00,3.2162,2012-05-03 05:00:00+00:00,118.096,2012-05-03 05:00:00+00:00,103.784,2012-05-03 05:00:00+00:00,26,26,-0.00951521779898,2012-05-03 22:00:00+00:00,0.0109342276091,0.000709504905054,105.596312645,98.258205009,101.861200347
2012-04-30,3.1988,2012-05-10 05:00:00+00:00,3.1608,2012-05-10 05:00:00+00:00,116.674,2012-05-10 05:00:00+00:00,103.472,2012-05-10 05:00:00+00:00,26,26,-0.000939525447949,2012-05-10 22:00:00+00:00,-0.0150247521199,-0.00798213878394,105.497148813,96.7929350584,101.051366512
2012-05-07,3.0556,2012-05-17 05:00:00+00:00,3.0214,2012-05-17 05:00:00+00:00,111.7775,2012-05-17 05:00:00+00:00,96.984,2012-05-17 05:00:00+00:00,26,26,-0.0021057040317,2012-05-17 22:00:00+00:00,-0.045452313389,-0.0237790087104,105.275236764,92.4919573616,98.6768093828
2012-05-14,2.95,2012-05-24 05:00:00+00:00,2.9076,2012-05-24 05:00:00+00:00,109.866,2012-05-24 05:00:00+00:00,93.108,2012-05-24 05:00:00+00:00,26,26,-0.0174328405117,2012-05-24 22:00:00+00:00,-0.0367815519162,-0.027107196214,103.455894578,89.1517649263,96.0378862409
2012-05-21,2.8986,2012-06-01 05:00:00+00:00,2.8604,2012-06-01 05:00:00+00:00,108.144,2012-06-01 05:00:00+00:00,90.882,2012-06-01 05:00:00+00:00,26,26,-0.0072939101479,2012-05-31 22:00:00+00:00,-0.0169719159908,-0.0121329130694,102.704041885,87.6514562311,94.8797071665
2012-05-28,2.79275,2012-06-07 05:00:00+00:00,2.747,2012-06-07 05:00:00+00:00,103.4725,2012-06-07 05:00:00+00:00,87.0575,2012-06-07 05:00:00+00:00,26,26,-0.00734919722338,2012-06-07 22:00:00+00:00,-0.0388265782082,-0.0230878877158,101.952016402,84.3134707133,92.7142294853
2012-06-04,2.7248,2012-06-14 05:00:00+00:00,2.6852,2012-06-14 05:00:00+00:00,99.03,2012-06-14 05:00:00+00:00,84.434,2012-06-14 05:00:00+00:00,26,26,-0.00615935437806,2012-06-14 22:00:00+00:00,-0.0236929682866,-0.0149261613323,101.325987749,82.3393134974,91.3406386591
2012-06-11,2.7146,2012-06-21 05:00:00+00:00,2.6668,2012-06-21 05:00:00+00:00,97.214,2012-06-21 05:00:00+00:00,83.27,2012-06-21 05:00:00+00:00,26,26,-0.0122092045955,2012-06-21 22:00:00+00:00,-0.00531318968263,-0.00876119713907,100.096399455,81.9029892696,90.5438806903
2012-06-18,2.6912,2012-06-28 05:00:00+00:00,2.6478,2012-06-28 05:00:00+00:00,92.458,2012-06-28 05:00:00+00:00,81.11,2012-06-28 05:00:00+00:00,26,26,-0.00923467527513,2012-06-28 22:00:00+00:00,-0.00790378366279,-0.00856922946896,99.1762966736,81.258197266,89.7713043194
2012-06-25,2.7088,2012-07-06 05:00:00+00:00,2.66975,2012-07-06 05:00:00+00:00,91.226,2012-07-06 05:00:00+00:00,80.226,2012-07-06 05:00:00+00:00,26,26,-0.010708599312,2012-07-05 22:00:00+00:00,0.00738713507417,-0.00166073211893,98.1199236837,81.8606851349,89.6223419585
2012-07-02,2.85,2012-07-12 05:00:00+00:00,2.80825,2012-07-12 05:00:00+00:00,98.8025,2012-07-12 05:00:00+00:00,85.735,2012-07-12 05:00:00+00:00,26,26,-0.0142714904899,2012-07-12 22:00:00+00:00,0.0506949701769,0.0182117398435,96.7295510694,86.1176005841,91.2694737778
2012-07-09,2.894,2012-07-19 05:00:00+00:00,2.841,2012-07-19 05:00:00+00:00,99.882,2012-07-19 05:00:00+00:00,85.78,2012-07-19 05:00:00+00:00,26,26,0.0139144181202,2012-07-19 22:00:00+00:00,0.0134576116306,0.0136860148754,98.0848940244,87.2843711709,92.5271759878
2012-07-16,2.9838,2012-07-26 05:00:00+00:00,2.9422,2012-07-26 05:00:00+00:00,105.4,2012-07-26 05:00:00+00:00,90.34,2012-07-26 05:00:00+00:00,26,26,0.0153060027856,2012-07-26 22:00:00+00:00,0.0327797628596,0.0240428828226,99.5977298858,90.1929428676,94.7787547995
2012-07-23,2.9354,2012-08-02 05:00:00+00:00,2.9012,2012-08-02 05:00:00+00:00,104.18,2012-08-02 05:00:00+00:00,88.876,2012-08-02 05:00:00+00:00,26,26,0.0293091047094,2012-08-02 22:00:00+00:00,-0.0151935410493,0.00705778183008,102.560049594,88.8329504005,95.4500487094
2012-07-30,2.9668,2012-08-09 05:00:00+00:00,2.9324,2012-08-09 05:00:00+00:00,107.274,2012-08-09 05:00:00+00:00,89.098,2012-08-09 05:00:00+00:00,26,26,0.0051056339996,2012-08-09 22:00:00+00:00,0.0106684782727,0.00788705613617,103.08502269,89.785736152,96.2058451885
2012-08-06,3.1144,2012-08-16 05:00:00+00:00,3.0894,2012-08-16 05:00:00+00:00,112.494,2012-08-16 05:00:00+00:00,93.14,2012-08-16 05:00:00+00:00,26,26,0.000654444231708,2012-08-16 22:00:00+00:00,0.0503541416823,0.025504292957,103.152508168,94.4225823352,98.6910644163
2012-08-13,3.1958,2012-08-23 05:00:00+00:00,3.1564,2012-08-23 05:00:00+00:00,115.042,2012-08-23 05:00:00+00:00,94.434,2012-08-23 05:00:00+00:00,26,26,0.0187819359167,2012-08-23 22:00:00+00:00,0.0236280853879,0.0212050106523,105.108220507,96.6801734197,100.806155499
2012-08-20,3.2432,2012-08-30 05:00:00+00:00,3.2028,2012-08-30 05:00:00+00:00,116.102,2012-08-30 05:00:00+00:00,96.224,2012-08-30 05:00:00+00:00,26,26,0.0219329573204,2012-08-30 22:00:00+00:00,0.014658169272,0.0182955632962,107.439021869,98.1077651464,102.667435563
2012-08-27,3.2784,2012-09-07 05:00:00+00:00,3.2392,2012-09-07 05:00:00+00:00,113.02,2012-09-07 05:00:00+00:00,95.684,2012-09-07 05:00:00+00:00,26,26,0.00994246405851,2012-09-06 22:00:00+00:00,0.0110479801532,0.0104952221058,108.512558438,99.1976673114,103.750627329
2012-09-03,3.26125,2012-09-13 05:00:00+00:00,3.21275,2012-09-13 05:00:00+00:00,114.11,2012-09-13 05:00:00+00:00,95.675,2012-09-13 05:00:00+00:00,26,26,-0.000119822184452,2012-09-13 22:00:00+00:00,-0.0067220292822,-0.00342092573333,108.499557005,98.5330938307,103.396310529
2012-09-10,3.2836,2012-09-20 05:00:00+00:00,3.2482,2012-09-20 05:00:00+00:00,115.408,2012-09-20 05:00:00+00:00,97.562,2012-09-20 05:00:00+00:00,26,26,0.00554666980462,2012-09-20 22:00:00+00:00,0.00890177628821,0.00722422304642,109.103040336,99.4141289598,104.145973143
2012-09-17,3.1798,2012-09-27 05:00:00+00:00,3.1352,2012-09-27 05:00:00+00:00,111.832,2012-09-27 05:00:00+00:00,93.702,2012-09-27 05:00:00+00:00,26,26,-0.000984960043938,2012-09-27 22:00:00+00:00,-0.0337650543073,-0.0173750071756,108.995631106,96.1134429979,102.352065819
2012-09-24,3.198,2012-10-04 05:00:00+00:00,3.1524,2012-10-04 05:00:00+00:00,110.354,2012-10-04 05:00:00+00:00,91.348,2012-10-04 05:00:00+00:00,26,26,-0.0165287036951,2012-10-04 22:00:00+00:00,0.00558920613668,-0.00546974877923,107.20888162,96.6521448989,101.793754036
2012-10-01,3.245,2012-10-12 05:00:00+00:00,3.189,2012-10-12 05:00:00+00:00,111.408,2012-10-12 05:00:00+00:00,90.814,2012-10-12 05:00:00+00:00,26,26,-0.00217680793032,2012-10-11 22:00:00+00:00,0.0130665281374,0.00544486010355,106.975762296,97.9233398357,102.349518443
2012-10-08,3.33375,2012-10-18 05:00:00+00:00,3.2685,2012-10-18 05:00:00+00:00,115.445,2012-10-18 05:00:00+00:00,91.92,2012-10-18 05:00:00+00:00,26,26,0,2012-10-18 22:00:00+00:00,0.0258031112004,0.0129015556002,106.975762296,100.48294757,103.678541242
2012-10-15,3.2736,2012-10-25 05:00:00+00:00,3.187,2012-10-25 05:00:00+00:00,113.592,2012-10-25 05:00:00+00:00,91.59,2012-10-25 05:00:00+00:00,26,26,0.00992036999139,2012-10-25 22:00:00+00:00,-0.0217293141872,-0.0059044720979,108.042282831,98.3230733087,103.068177898
2012-10-22,3.142,2012-11-01 05:00:00+00:00,3.0526,2012-11-01 05:00:00+00:00,108.27,2012-11-01 05:00:00+00:00,86.354,2012-11-01 05:00:00+00:00,26,26,-0.00509380377323,2012-11-01 23:00:00+00:00,-0.042058552939,-0.0235761783561,107.493335944,94.2735035764,100.666644876
2012-10-29,3.1544,2012-11-08 06:00:00+00:00,3.013,2012-11-08 06:00:00+00:00,108.85,2012-11-08 06:00:00+00:00,85.87,2012-11-08 06:00:00+00:00,26,26,-0.013591294072,2012-11-08 23:00:00+00:00,-0.00455933130143,-0.00907531268674,106.042245838,93.8446578085,99.757196602
2012-11-05,3.1436,2012-11-15 06:00:00+00:00,2.9566,2012-11-15 06:00:00+00:00,107.782,2012-11-15 06:00:00+00:00,85.982,2012-11-15 06:00:00+00:00,26,26,-0.0077411415209,2012-11-15 23:00:00+00:00,-0.0111629821174,-0.00945206181913,105.224526928,92.8028969684,98.8187276332
2012-11-12,3.1716,2012-11-22 06:00:00+00:00,2.9526,2012-11-22 06:00:00+00:00,109.118,2012-11-22 06:00:00+00:00,85.866,2012-11-22 06:00:00+00:00,26,26,-0.00690740642335,2012-11-22 23:00:00+00:00,0.00375686551961,-0.00157527045187,104.500202835,93.1522007049,98.6631839553
2012-11-19,3.268,2012-11-29 06:00:00+00:00,3.077,2012-11-29 06:00:00+00:00,110.255,2012-11-29 06:00:00+00:00,87.4,2012-11-29 06:00:00+00:00,26,26,-0.00141668300408,2012-11-29 23:00:00+00:00,0.0356054714019,0.0170943941989,104.35226399,96.5286826349,100.364269404
2012-11-26,3.1766,2012-12-06 06:00:00+00:00,3.0364,2012-12-06 06:00:00+00:00,109.816,2012-12-06 06:00:00+00:00,87.274,2012-12-06 06:00:00+00:00,26,26,0.00230996638873,2012-12-06 23:00:00+00:00,-0.0208246138791,-0.0092573237452,104.593592836,94.5392960875,99.4394521402
2012-12-03,3.0448,2012-12-13 06:00:00+00:00,2.964,2012-12-13 06:00:00+00:00,109.078,2012-12-13 06:00:00+00:00,87.002,2012-12-13 06:00:00+00:00,26,26,-0.0025714345624,2012-12-13 23:00:00+00:00,-0.0332545602929,-0.0179129974277,104.324982761,91.447132589,97.6740524953
2012-12-10,3.0538,2012-12-20 06:00:00+00:00,2.929,2012-12-20 06:00:00+00:00,108.825,2012-12-20 06:00:00+00:00,85.712,2012-12-20 06:00:00+00:00,26,26,-0.00940328505769,2012-12-20 23:00:00+00:00,-0.00446357019036,-0.00693342762402,103.348583086,91.0398615117,96.9991788191
2012-12-17,3.0822,2012-12-27 06:00:00+00:00,2.9442,2012-12-27 06:00:00+00:00,109.75,2012-12-27 06:00:00+00:00,88.244,2012-12-27 06:00:00+00:00,26,26,-0.0122932930719,2012-12-27 23:00:00+00:00,0.00721648822402,-0.00253840242394,102.085866043,91.6992258863,96.7532681106
2012-12-24,3.09833333333,2013-01-10 06:00:00+00:00,2.99866666667,2013-01-10 06:00:00+00:00,109.736666667,2013-01-10 06:00:00+00:00,89.8866666667,2013-01-10 06:00:00+00:00,0,0,,2013-01-03 23:00:00+00:00,0.0117756584367,,,92.7854274671,
2012-12-31,3.06975,2013-01-10 06:00:00+00:00,2.994,2013-01-10 06:00:00+00:00,112.3475,2013-01-10 06:00:00+00:00,92.765,2013-01-10 06:00:00+00:00,0,0,,2013-01-10 23:00:00+00:00,-0.00541283343917,,,92.2845522027,
2013-01-07,3.091,2013-01-17 06:00:00+00:00,3.025,2013-01-17 06:00:00+00:00,112.372,2013-01-17 06:00:00+00:00,93.38,2013-01-17 06:00:00+00:00,26,0,,2013-01-17 23:00:00+00:00,0.00859967178843,,102.177461636,93.081591288,97.5235393269
2013-01-14,3.0798,2013-01-25 06:00:00+00:00,3.0292,2013-01-25 06:00:00+00:00,111.346,2013-01-25 06:00:00+00:00,94.582,2013-01-25 06:00:00+00:00,26,26,0.00413691486139,2013-01-24 23:00:00+00:00,-0.00112126828154,0.00150782328992,102.601036638,92.9772803433,97.6706985079
2013-01-21,3.12475,2013-01-31 06:00:00+00:00,3.068,2013-01-31 06:00:00+00:00,113.7175,2013-01-31 06:00:00+00:00,95.4125,2013-01-31 06:00:00+00:00,26,26,0,2013-01-31 23:00:00+00:00,0.0136084727117,0.00680423635587,102.601036638,94.2512075677,98.3375391234
2013-01-28,3.1676,2013-02-07 06:00:00+00:00,3.1176,2013-02-07 06:00:00+00:00,115.132,2013-02-07 06:00:00+00:00,97.332,2013-02-07 06:00:00+00:00,26,26,0,2013-02-07 23:00:00+00:00,0.0148287574516,0.00741437872582,102.601036638,95.6592498215,99.0693605295
2013-02-04,3.2514,2013-02-14 06:00:00+00:00,3.2086,2013-02-14 06:00:00+00:00,117.154,2013-02-14 06:00:00+00:00,96.176,2013-02-14 06:00:00+00:00,26,26,0.00204286326421,2013-02-14 23:00:00+00:00,0.0274413496782,0.0147421064712,102.810850765,98.3206175015,100.540670045
2013-02-11,3.3038,2013-02-22 06:00:00+00:00,3.2736,2013-02-22 06:00:00+00:00,118.098,2013-02-22 06:00:00+00:00,96.954,2013-02-22 06:00:00+00:00,26,26,0.00448488186485,2013-02-21 23:00:00+00:00,0.0180216200806,0.0112532509727,103.272980809,100.108576888,101.678469401
2013-02-18,3.24,2013-02-28 06:00:00+00:00,3.2045,2013-02-28 06:00:00+00:00,115.3,2013-02-28 06:00:00+00:00,94.38,2013-02-28 06:00:00+00:00,26,26,0.0118666398012,2013-02-28 23:00:00+00:00,-0.0204171080738,-0.00427523413632,104.505784224,98.0853735173,101.244698036
2013-02-25,3.1192,2013-03-07 06:00:00+00:00,3.08,2013-03-07 06:00:00+00:00,112.418,2013-03-07 06:00:00+00:00,92.19,2013-03-07 06:00:00+00:00,26,26,0.00406990366575,2013-03-07 23:00:00+00:00,-0.0388116230473,-0.0173708596908,104.931979397,94.3514495017,99.5011776573
2013-03-04,3.0856,2013-03-14 05:00:00+00:00,3.0512,2013-03-14 05:00:00+00:00,109.984,2013-03-14 05:00:00+00:00,91.004,2013-03-14 05:00:00+00:00,26,26,-0.00092309220612,2013-03-14 23:00:00+00:00,-0.0101125359479,-0.00551781407702,104.835162197,93.402125205,98.9536605964
2013-03-11,3.0454,2013-03-21 05:00:00+00:00,3.018,2013-03-21 05:00:00+00:00,108.41,2013-03-21 05:00:00+00:00,92.7,2013-03-21 05:00:00+00:00,26,26,-0.0112307354461,2013-03-21 23:00:00+00:00,-0.0120272340029,-0.0116289847245,103.664372943,92.2854844989,97.8095950423
2013-03-18,2.988,2013-03-28 05:00:00+00:00,2.9594,2013-03-28 05:00:00+00:00,107.4325,2013-03-28 05:00:00+00:00,93.046,2013-03-28 05:00:00+00:00,26,26,-0.00764550212498,2013-03-28 23:00:00+00:00,-0.0193179017066,-0.0134817019158,102.874828836,90.5198318414,96.4998041809
2013-03-25,3.02475,2013-04-04 05:00:00+00:00,2.9975,2013-04-04 05:00:00+00:00,107.68,2013-04-04 05:00:00+00:00,96.0775,2013-04-04 05:00:00+00:00,26,26,-0.00729946625696,2013-04-04 22:00:00+00:00,0.0125081195011,0.00260432662205,102.126631537,91.6591753834,96.75144873
2013-04-01,3.0386,2013-04-11 05:00:00+00:00,3.0196,2013-04-11 05:00:00+00:00,107.062,2013-04-11 05:00:00+00:00,95.074,2013-04-11 05:00:00+00:00,19,19,,2013-04-11 22:00:00+00:00,0.00595710197594,,,92.20682803,
2013-04-08,2.942,2013-04-18 05:00:00+00:00,2.925,2013-04-18 05:00:00+00:00,103.248,2013-04-18 05:00:00+00:00,93.36,2013-04-18 05:00:00+00:00,26,19,,2013-04-18 22:00:00+00:00,-0.0320685762239,,102.184307629,89.2967960126,95.5234592865
2013-04-15,2.78,2013-04-25 05:00:00+00:00,2.7686,2013-04-25 05:00:00+00:00,98.092,2013-04-25 05:00:00+00:00,88,2013-04-25 05:00:00+00:00,26,26,-0.0174681861812,2013-04-25 22:00:00+00:00,-0.0557956989445,-0.0366319425629,100.41483287,84.4508669785,92.087565357
2013-04-22,2.853,2013-05-02 05:00:00+00:00,2.825,2013-05-02 05:00:00+00:00,100.608,2013-05-02 05:00:00+00:00,90.998,2013-05-02 05:00:00+00:00,26,26,-0.0294344622412,2013-05-02 22:00:00+00:00,0.0230433659279,-0.00319554815664,97.5022516765,86.4194939951,91.7937647843
2013-04-29,2.8586,2013-05-09 05:00:00+00:00,2.8092,2013-05-09 05:00:00+00:00,101.534,2013-05-09 05:00:00+00:00,93.4,2013-05-09 05:00:00+00:00,26,26,-0.00138101301263,2013-05-09 22:00:00+00:00,-0.00182384851708,-0.00160243076486,97.3676927334,86.2620215757,91.6467894219
2013-05-06,2.924,2013-05-16 05:00:00+00:00,2.8828,2013-05-16 05:00:00+00:00,103.774,2013-05-16 05:00:00+00:00,95.844,2013-05-16 05:00:00+00:00,26,26,-0.00462758687937,2013-05-16 22:00:00+00:00,0.02424142308,0.00980691810034,96.9181562129,88.3786875813,92.5499835164
2013-05-13,2.8982,2013-05-23 05:00:00+00:00,2.8528,2013-05-23 05:00:00+00:00,102.908,2013-05-23 05:00:00+00:00,94.648,2013-05-23 05:00:00+00:00,26,26,0,2013-05-23 22:00:00+00:00,-0.00966188159963,-0.00483094079981,96.9181562129,87.528895074,92.1039582533
2013-05-20,2.8928,2013-05-31 05:00:00+00:00,2.843,2013-05-31 05:00:00+00:00,102.298,2013-05-31 05:00:00+00:00,94.756,2013-05-31 05:00:00+00:00,26,26,0.00372928361475,2013-05-30 22:00:00+00:00,-0.00265304943592,0.000538117089416,97.2802662907,87.2969843597,92.1535343049
2013-05-27,2.85,2013-06-06 05:00:00+00:00,2.8095,2013-06-06 05:00:00+00:00,102.0325,2013-06-06 05:00:00+00:00,93.32,2013-06-06 05:00:00+00:00,26,26,0.0018453565547,2013-06-06 22:00:00+00:00,-0.013379599017,-0.00576712123113,97.4599488059,86.1367646586,91.6236032578
2013-06-03,2.8694,2013-06-13 05:00:00+00:00,2.836,2013-06-13 05:00:00+00:00,102.924,2013-06-13 05:00:00+00:00,94.25,2013-06-13 05:00:00+00:00,26,26,-0.00142268375401,2013-06-13 22:00:00+00:00,0.00808601575068,0.00333166599833,97.3213927042,86.8360914678,91.9293715775
2013-06-10,2.908,2013-06-20 05:00:00+00:00,2.8774,2013-06-20 05:00:00+00:00,103.392,2013-06-20 05:00:00+00:00,96.358,2013-06-20 05:00:00+00:00,26,26,-0.0047394806065,2013-06-20 22:00:00+00:00,0.01392755547,0.00459403743176,96.8612311756,88.0539672784,92.3526701318
2013-06-17,2.924,2013-06-27 05:00:00+00:00,2.8986,2013-06-27 05:00:00+00:00,103.93,2013-06-27 05:00:00+00:00,96.652,2013-06-27 05:00:00+00:00,26,26,-0.0013262673962,2013-06-27 22:00:00+00:00,0.00641386770087,0.00254380015234,96.7328524338,88.6205488222,92.587895925
2013-06-24,2.8644,2013-07-04 05:00:00+00:00,2.8314,2013-07-04 05:00:00+00:00,101.432,2013-07-04 05:00:00+00:00,95.83,2013-07-04 05:00:00+00:00,26,26,0,2013-07-04 22:00:00+00:00,-0.0220251052825,-0.0110125526412,96.7328524338,86.6900101057,91.5738606538
2013-07-01,2.9345,2013-07-11 05:00:00+00:00,2.901,2013-07-11 05:00:00+00:00,105.1825,2013-07-11 05:00:00+00:00,100.65,2013-07-11 05:00:00+00:00,27,26,-7.21051425326e-05,2013-07-11 22:00:00+00:00,0.0242311965133,0.0120795456854,96.7258777492,88.8162696475,92.6867392892
2013-07-08,2.9986,2013-07-18 05:00:00+00:00,2.9608,2013-07-18 05:00:00+00:00,108.258,2013-07-18 05:00:00+00:00,104.704,2013-07-18 05:00:00+00:00,27,27,0.00405511054515,2013-07-18 22:00:00+00:00,0.0210062145065,0.0125306625258,97.1189082285,90.7016967727,93.8554727495
2013-07-15,3.0688,2013-07-25 05:00:00+00:00,3.0376,2013-07-25 05:00:00+00:00,109.412,2013-07-25 05:00:00+00:00,106.882,2013-07-25 05:00:00+00:00,27,27,0.0154704737516,2013-07-25 22:00:00+00:00,0.024374660237,0.0199225669943,98.6330659182,92.9396841025,95.7440650301
2013-07-22,3.0458,2013-08-01 05:00:00+00:00,3.0038,2013-08-01 05:00:00+00:00,108.398,2013-08-01 05:00:00+00:00,105.876,2013-08-01 05:00:00+00:00,27,27,0.00937500633072,2013-08-01 22:00:00+00:00,-0.00935629470882,9.3558109518e-06,99.5620995794,92.074168352,95.7449607977
2013-07-29,3.0498,2013-08-08 05:00:00+00:00,3.0138,2013-08-08 05:00:00+00:00,108.606,2013-08-08 05:00:00+00:00,105.544,2013-08-08 05:00:00+00:00,27,27,-0.00111975977834,2013-08-08 22:00:00+00:00,0.00231800473795,0.000599122479802,99.4506763401,92.2878442657,95.8023409432
2013-08-05,2.988,2013-08-15 05:00:00+00:00,2.9564,2013-08-15 05:00:00+00:00,108.556,2013-08-15 05:00:00+00:00,105.166,2013-08-15 05:00:00+00:00,27,27,0,2013-08-15 22:00:00+00:00,-0.0198505882508,-0.00992529412538,99.4506763401,90.4739393713,94.8561777726
2013-08-12,3.0526,2013-08-22 05:00:00+00:00,3.0236,2013-08-22 05:00:00+00:00,110.726,2013-08-22 05:00:00+00:00,106.974,2013-08-22 05:00:00+00:00,27,27,-0.00325355310675,2013-08-22 22:00:00+00:00,0.0219326408678,0.00933954388053,99.1276340857,92.4801925836,95.7462411304
2013-08-19,3.0772,2013-08-29 05:00:00+00:00,3.0548,2013-08-29 05:00:00+00:00,111.12,2013-08-29 05:00:00+00:00,105.476,2013-08-29 05:00:00+00:00,27,27,0,2013-08-29 22:00:00+00:00,0.00914617784998,0.00457308892499,99.1276340857,93.3299127952,96.1850999106
2013-08-26,3.1504,2013-09-06 05:00:00+00:00,3.1244,2013-09-06 05:00:00+00:00,115.318,2013-09-06 05:00:00+00:00,108.33,2013-09-06 05:00:00+00:00,27,27,0.00505944968945,2013-09-05 22:00:00+00:00,0.023018738511,0.0140390941002,99.6304362417,95.5031664726,97.5449749507
2013-09-02,3.14025,2013-09-12 05:00:00+00:00,3.10925,2013-09-12 05:00:00+00:00,116.025,2013-09-12 05:00:00+00:00,108.77,2013-09-12 05:00:00+00:00,27,27,0.0111031415076,2013-09-12 22:00:00+00:00,-0.0040438697599,0.00352963587385,100.742811074,95.1177439302,97.8898815328
2013-09-09,3.0984,2013-09-19 05:00:00+00:00,3.0648,2013-09-19 05:00:00+00:00,113.218,2013-09-19 05:00:00+00:00,108.356,2013-09-19 05:00:00+00:00,27,27,0.00724226023759,2013-09-19 22:00:00+00:00,-0.0139078952571,-0.00333281750976,101.475065115,93.804013102,97.5641754825
2013-09-16,3.0172,2013-09-26 05:00:00+00:00,2.983,2013-09-26 05:00:00+00:00,109.976,2013-09-26 05:00:00+00:00,106.218,2013-09-26 05:00:00+00:00,27,27,-0.000557514614354,2013-09-26 22:00:00+00:00,-0.0268047045464,-0.0136811095804,101.418507051,91.3230238829,96.2384784873
2013-09-23,2.9716,2013-10-03 05:00:00+00:00,2.9352,2013-10-03 05:00:00+00:00,108.802,2013-10-03 05:00:00+00:00,103.096,2013-10-03 05:00:00+00:00,27,27,-0.00940660603892,2013-10-03 22:00:00+00:00,-0.0156913160878,-0.0125489610633,100.468976043,89.9012295338,95.0383316157
2013-09-30,2.9868,2013-10-10 05:00:00+00:00,2.9332,2013-10-10 05:00:00+00:00,108.634,2013-10-10 05:00:00+00:00,103.144,2013-10-10 05:00:00+00:00,27,27,-0.014896365231,2013-10-10 22:00:00+00:00,0.00221021753123,-0.00634307384991,98.983445455,90.1001505557,94.4374043376
2013-10-07,3.038,2013-10-24 05:00:00+00:00,2.9796,2013-10-24 05:00:00+00:00,110.304,2013-10-24 05:00:00+00:00,102.698,2013-10-24 05:00:00+00:00,27,27,-0.00720461474762,2013-10-17 22:00:00+00:00,0.0163459550383,0.00457067014535,98.2728706466,91.5850263604,94.8700345139
2013-10-14,3.0246,2013-10-24 05:00:00+00:00,2.9632,2013-10-24 05:00:00+00:00,110.108,2013-10-24 05:00:00+00:00,101.508,2013-10-24 05:00:00+00:00,27,27,-0.00125005596884,2013-10-24 22:00:00+00:00,-0.00496992534467,-0.00310999065676,98.1501008086,91.1309848275,94.5754479112
2013-10-21,2.952,2013-10-31 05:00:00+00:00,2.89,2013-10-31 05:00:00+00:00,107.822,2013-10-31 05:00:00+00:00,97.572,2013-10-31 05:00:00+00:00,27,27,-0.0010225864657,2013-10-31 23:00:00+00:00,-0.0246546039708,-0.0128385952183,98.0497851434,88.9116572256,93.3689931814
2013-10-28,2.9498,2013-11-07 06:00:00+00:00,2.8898,2013-11-07 06:00:00+00:00,107.61,2013-11-07 06:00:00+00:00,96.938,2013-11-07 06:00:00+00:00,27,27,-0.00957318479057,2013-11-07 23:00:00+00:00,-0.000407370920964,-0.00499027785577,97.1156150574,88.8754445784,92.904216609
2013-11-04,2.8658,2013-11-15 06:00:00+00:00,2.7952,2013-11-15 06:00:00+00:00,104.538,2013-11-15 06:00:00+00:00,94.306,2013-11-15 06:00:00+00:00,27,27,-0.00595575660905,2013-11-14 23:00:00+00:00,-0.0310867316613,-0.0185212441352,96.5389370726,86.155099866,91.1993517765
2013-11-11,2.907,2013-11-21 06:00:00+00:00,2.8212,2013-11-21 06:00:00+00:00,107.098,2013-11-21 06:00:00+00:00,93.944,2013-11-21 06:00:00+00:00,27,27,-0.000581999600714,2013-11-21 23:00:00+00:00,0.0117663721153,0.00559218625729,96.4827677966,87.1748202708,91.7107842181
2013-11-18,2.9682,2013-11-28 06:00:00+00:00,2.881,2013-11-28 06:00:00+00:00,109.324,2013-11-28 06:00:00+00:00,93.92,2013-11-28 06:00:00+00:00,27,27,0,2013-11-28 23:00:00+00:00,0.0209046083267,0.0104523041633,96.4827677966,89.0163569838,92.6744004619
2013-11-25,3.042,2013-12-05 06:00:00+00:00,2.956,2013-12-05 06:00:00+00:00,111.315,2013-12-05 06:00:00+00:00,92.9675,2013-12-05 06:00:00+00:00,27,27,0.00392225844355,2013-12-05 23:00:00+00:00,0.0251295161705,0.014525887307,96.8619412693,91.2816384722,94.0304030868
2013-12-02,3.0524,2013-12-12 06:00:00+00:00,2.9674,2013-12-12 06:00:00+00:00,112.278,2013-12-12 06:00:00+00:00,96.206,2013-12-12 06:00:00+00:00,27,27,0.0115565834615,2013-12-12 23:00:00+00:00,0.00363105902242,0.00759382124195,97.9878275467,91.6136899736,94.7471712192
2013-12-09,2.99975,2013-12-19 06:00:00+00:00,2.91275,2013-12-19 06:00:00+00:00,108.8625,2013-12-19 06:00:00+00:00,97.2625,2013-12-19 06:00:00+00:00,27,27,0.00407467697625,2013-12-19 23:00:00+00:00,-0.0179938554938,-0.00695958925878,98.3879108431,89.9799492033,94.0900590917
2013-12-16,3.0138,2013-12-28 06:00:00+00:00,2.9246,2013-12-28 06:00:00+00:00,110.34,2013-12-28 06:00:00+00:00,97.854,2013-12-28 06:00:00+00:00,27,27,-0.00272159416775,2013-12-26 23:00:00+00:00,0.00436642810864,0.000822416970444,98.1205029317,90.3736991976,94.1674721816
2013-12-23,3.10625,2014-01-09 06:00:00+00:00,3.00475,2014-01-09 06:00:00+00:00,111.686,2014-01-09 06:00:00+00:00,99.092,2014-01-09 06:00:00+00:00,0,0,,2014-01-02 23:00:00+00:00,0.028625560258,,,92.9980799505,
2013-12-30,3.0405,2014-01-09 06:00:00+00:00,2.94125,2014-01-09 06:00:00+00:00,108.7325,2014-01-09 06:00:00+00:00,96.4675,2014-01-09 06:00:00+00:00,0,0,,2014-01-09 23:00:00+00:00,-0.0213769720381,,,91.0311608848,
2014-01-06,2.9762,2014-01-16 06:00:00+00:00,2.8866,2014-01-16 06:00:00+00:00,107.014,2014-01-16 06:00:00+00:00,92.416,2014-01-16 06:00:00+00:00,27,0,,2014-01-16 23:00:00+00:00,-0.0200649893362,,97.9000442216,89.2228244083,93.4607856545
2014-01-13,3.0338,2014-01-24 06:00:00+00:00,2.921,2014-01-24 06:00:00+00:00,107.828,2014-01-24 06:00:00+00:00,92.976,2014-01-24 06:00:00+00:00,27,27,-0.00435177999922,2014-01-23 23:00:00+00:00,0.015507662308,0.00557794115436,97.4749304389,90.6172460041,93.9835610669
2014-01-20,3.22425,2014-01-30 06:00:00+00:00,2.92275,2014-01-30 06:00:00+00:00,109.14,2014-01-30 06:00:00+00:00,96.1875,2014-01-30 06:00:00+00:00,27,27,-0.00453194567042,2014-01-30 23:00:00+00:00,0.0307416681931,0.0131048612613,97.0341788355,93.4462324029,95.2233082102
2014-01-27,3.304,2014-02-06 06:00:00+00:00,2.9312,2014-02-06 06:00:00+00:00,108.834,2014-02-06 06:00:00+00:00,97.29,2014-02-06 06:00:00+00:00,27,27,0,2014-02-06 23:00:00+00:00,0.0136602160946,0.00683010804731,97.0341788355,94.7314865698,95.8759198608
2014-02-03,3.3892,2014-02-13 06:00:00+00:00,2.915,2014-02-13 06:00:00+00:00,107.734,2014-02-13 06:00:00+00:00,97.78,2014-02-13 06:00:00+00:00,27,27,0,2014-02-13 23:00:00+00:00,0.00995898699411,0.00497949349706,97.0341788355,95.6796296482,96.3545239945
2014-02-10,3.1406,2014-02-21 06:00:00+00:00,2.97,2014-02-21 06:00:00+00:00,109.124,2014-02-21 06:00:00+00:00,100.208,2014-02-21 06:00:00+00:00,27,27,0.000752615373826,2014-02-20 23:00:00+00:00,-0.0287439539307,-0.0139956692784,97.1072357387,92.9685687437,95.0153709738
2014-02-17,3.21275,2014-02-27 06:00:00+00:00,3.03125,2014-02-27 06:00:00+00:00,109.74,2014-02-27 06:00:00+00:00,102.9325,2014-02-27 06:00:00+00:00,27,27,0.00114714573728,2014-02-27 23:00:00+00:00,0.0215632633127,0.011355204525,97.2186958085,94.9950446673,96.1004388691
2014-02-24,3.1642,2014-03-06 06:00:00+00:00,2.9866,2014-03-06 06:00:00+00:00,109.172,2014-03-06 06:00:00+00:00,102.772,2014-03-06 06:00:00+00:00,27,27,0.00172275653625,2014-03-06 23:00:00+00:00,-0.0150332341175,-0.00665523879061,97.3863243022,93.5776426829,95.4629910371
2014-03-03,3.1136,2014-03-13 05:00:00+00:00,3.0032,2014-03-13 05:00:00+00:00,109.142,2014-03-13 05:00:00+00:00,103.074,2014-03-13 05:00:00+00:00,27,27,0,2014-03-13 23:00:00+00:00,-0.0052889379071,-0.00264446895355,97.3863243022,93.0840228542,95.2108756237
2014-03-10,3.0066,2014-03-20 05:00:00+00:00,2.9022,2014-03-20 05:00:00+00:00,108.012,2014-03-20 05:00:00+00:00,99.554,2014-03-20 05:00:00+00:00,27,27,-0.00192481862768,2014-03-20 23:00:00+00:00,-0.0345895287866,-0.0182571737071,97.19905358,89.9193383609,93.4883660528
2014-03-17,2.9278,2014-03-27 05:00:00+00:00,2.87,2014-03-27 05:00:00+00:00,106.532,2014-03-27 05:00:00+00:00,99.774,2014-03-27 05:00:00+00:00,27,27,-0.0108018851631,2014-03-27 23:00:00+00:00,-0.0188578123799,-0.0148298487715,96.1547708304,88.2395447452,92.1121772794
2014-03-24,2.9352,2014-04-03 05:00:00+00:00,2.8944,2014-04-03 05:00:00+00:00,106.544,2014-04-03 05:00:00+00:00,100.66,2014-04-03 05:00:00+00:00,27,27,-0.00664274694696,2014-04-03 22:00:00+00:00,0.00549505609556,-0.000573845425701,95.5181557973,88.7257606618,92.0593342911
2014-03-31,2.905,2014-04-10 05:00:00+00:00,2.873,2014-04-10 05:00:00+00:00,105.262,2014-04-10 05:00:00+00:00,100.462,2014-04-10 05:00:00+00:00,27,27,0.00244182512415,2014-04-10 22:00:00+00:00,-0.0088816297084,-0.00321990229213,95.7516794258,87.941220465,91.7633889429
2014-04-07,2.932,2014-04-17 05:00:00+00:00,2.9028,2014-04-17 05:00:00+00:00,106.51,2014-04-17 05:00:00+00:00,102.72,2014-04-17 05:00:00+00:00,27,27,0,2014-04-17 22:00:00+00:00,0.00978520107261,0.00489260053631,95.7516794258,88.805966949,92.2134506371
2014-04-14,3.00075,2014-04-24 05:00:00+00:00,2.97525,2014-04-24 05:00:00+00:00,109.07,2014-04-24 05:00:00+00:00,103.9475,2014-04-24 05:00:00+00:00,27,27,0,2014-04-24 22:00:00+00:00,0.0239148770287,0.0119574385144,95.7516794258,90.9553493977,93.322706013
2014-04-21,3.0018,2014-05-01 05:00:00+00:00,2.9842,2014-05-01 05:00:00+00:00,109.206,2014-05-01 05:00:00+00:00,102.112,2014-05-01 05:00:00+00:00,0,0,,2014-05-01 22:00:00+00:00,0.00167674323027,,,91.1079860945,
2014-04-28,2.945,2014-05-08 05:00:00+00:00,2.9156,2014-05-08 05:00:00+00:00,109.15,2014-05-08 05:00:00+00:00,100.508,2014-05-08 05:00:00+00:00,27,0,,2014-05-08 22:00:00+00:00,-0.0211796826674,,96.5264698767,89.1986389181,92.7902458913
2014-05-05,2.9188,2014-05-15 05:00:00+00:00,2.89,2014-05-15 05:00:00+00:00,108.48,2014-05-15 05:00:00+00:00,100.29,2014-05-15 05:00:00+00:00,27,27,-0.00114760197561,2014-05-15 22:00:00+00:00,-0.0088776862979,-0.00501264413676,96.4157594471,88.4102660251,92.3262852157
2014-05-12,2.9538,2014-05-22 05:00:00+00:00,2.919,2014-05-22 05:00:00+00:00,109.532,2014-05-22 05:00:00+00:00,101.916,2014-05-22 05:00:00+00:00,27,27,-0.00479519951105,2014-05-22 22:00:00+00:00,0.0109522469242,0.00307852370657,95.9545333638,89.3838789818,92.6109518251
2014-05-19,2.9508,2014-05-30 05:00:00+00:00,2.9176,2014-05-30 05:00:00+00:00,110.718,2014-05-30 05:00:00+00:00,103.82,2014-05-30 05:00:00+00:00,27,27,0,2014-05-29 22:00:00+00:00,-0.000747944170853,-0.000373972085427,95.9545333638,89.3170498259,92.5763243895
2014-05-26,2.9302,2014-06-05 05:00:00+00:00,2.8974,2014-06-05 05:00:00+00:00,109.62,2014-06-05 05:00:00+00:00,104.164,2014-06-05 05:00:00+00:00,27,27,0.00321723136239,2014-06-05 22:00:00+00:00,-0.00697660866493,-0.00187968865127,96.2637384233,88.6960883434,92.4024731675
2014-06-02,2.8702,2014-06-12 05:00:00+00:00,2.8372,2014-06-12 05:00:00+00:00,108.984,2014-06-12 05:00:00+00:00,103.234,2014-06-12 05:00:00+00:00,27,27,0,2014-06-12 22:00:00+00:00,-0.020842549555,-0.0104212747775,96.2637384233,86.8665678921,91.4445218113
2014-06-09,2.927,2014-06-19 05:00:00+00:00,2.8874,2014-06-19 05:00:00+00:00,110.978,2014-06-19 05:00:00+00:00,105.968,2014-06-19 05:00:00+00:00,27,27,-0.00648734967839,2014-06-19 22:00:00+00:00,0.0185675434114,0.00604009686651,95.6412631812,88.4945335537,91.9985270192
2014-06-16,3.0278,2014-06-26 05:00:00+00:00,2.981,2014-06-26 05:00:00+00:00,114.286,2014-06-26 05:00:00+00:00,107.228,2014-06-26 05:00:00+00:00,27,27,0,2014-06-26 22:00:00+00:00,0.0328803234841,0.0164401617421,95.6412631812,91.4526274875,93.5234987271
2014-06-23,3.0224,2014-07-03 05:00:00+00:00,2.9804,2014-07-03 05:00:00+00:00,113.086,2014-07-03 05:00:00+00:00,106.692,2014-07-03 05:00:00+00:00,27,27,0.0101275301017,2014-07-03 22:00:00+00:00,-0.000993180214516,0.00456717494359,96.6147943653,91.3618436372,93.9516138011
2014-06-30,2.9445,2014-07-10 05:00:00+00:00,2.897,2014-07-10 05:00:00+00:00,110.2575,2014-07-10 05:00:00+00:00,105.5175,2014-07-10 05:00:00+00:00,27,27,0.00700390915951,2014-07-10 22:00:00+00:00,-0.0272469976364,-0.0101215442385,97.2938508575,88.9061152381,93.0054746577
2014-07-07,2.8698,2014-07-17 05:00:00+00:00,2.837,2014-07-17 05:00:00+00:00,107.032,2014-07-17 05:00:00+00:00,103.254,2014-07-17 05:00:00+00:00,27,27,-0.000420103351602,2014-07-17 22:00:00+00:00,-0.0233126227154,-0.0118663630335,97.2529859691,86.8574531425,91.9083601843
2014-07-14,2.8552,2014-07-24 05:00:00+00:00,2.8152,2014-07-24 05:00:00+00:00,105.388,2014-07-24 05:00:00+00:00,102.368,2014-07-24 05:00:00+00:00,27,27,-0.00635929997718,2014-07-24 22:00:00+00:00,-0.00640714826992,-0.00638322412355,96.6364873849,86.3027235769,91.3235569731
2014-07-21,2.8724,2014-07-31 05:00:00+00:00,2.8376,2014-07-31 05:00:00+00:00,106.342,2014-07-31 05:00:00+00:00,104.346,2014-07-31 05:00:00+00:00,27,27,-0.00613463012939,2014-07-31 22:00:00+00:00,0.00696567075612,0.00041552031337,96.0454729588,86.9059785332,91.3615116511
2014-07-28,2.8788,2014-08-07 05:00:00+00:00,2.8478,2014-08-07 05:00:00+00:00,105.708,2014-08-07 05:00:00+00:00,102.194,2014-08-07 05:00:00+00:00,27,27,-0.00123278022371,2014-08-07 22:00:00+00:00,0.00290688264248,0.000837051209389,95.9271429516,87.158971546,91.4380179302
2014-08-04,2.873,2014-08-14 05:00:00+00:00,2.8424,2014-08-14 05:00:00+00:00,103.6,2014-08-14 05:00:00+00:00,97.496,2014-08-14 05:00:00+00:00,27,27,0,2014-08-14 22:00:00+00:00,-0.00195738064722,-0.000978690323609,95.9271429516,86.9885351208,91.3485722039
2014-08-11,2.8584,2014-08-21 05:00:00+00:00,2.8264,2014-08-21 05:00:00+00:00,101.94,2014-08-21 05:00:00+00:00,97.172,2014-08-21 05:00:00+00:00,27,27,0.000143908422162,2014-08-21 22:00:00+00:00,-0.00536985046599,-0.00261297102191,95.9409486687,86.5226716231,91.1101926069
2014-08-18,2.8214,2014-08-28 05:00:00+00:00,2.7938,2014-08-28 05:00:00+00:00,99.88,2014-08-28 05:00:00+00:00,94.954,2014-08-28 05:00:00+00:00,27,27,-0.000303883195427,2014-08-28 22:00:00+00:00,-0.0123149764101,-0.00630942980278,95.9117982561,85.4636810686,90.5371489328
2014-08-25,2.8466,2014-09-05 05:00:00+00:00,2.8206,2014-09-05 05:00:00+00:00,100.644,2014-09-05 05:00:00+00:00,96.258,2014-09-05 05:00:00+00:00,27,27,-0.00398294360047,2014-09-04 22:00:00+00:00,0.00921951798041,0.00261828718997,95.5305467287,86.2552583866,90.7745117965
2014-09-01,2.82525,2014-09-11 05:00:00+00:00,2.79825,2014-09-11 05:00:00+00:00,100.4525,2014-09-11 05:00:00+00:00,94.0625,2014-09-11 05:00:00+00:00,27,27,0,2014-09-11 22:00:00+00:00,-0.00774192494251,-0.00387096247126,95.5305467287,85.5900549504,90.4238062899
2014-09-08,2.7664,2014-09-18 05:00:00+00:00,2.7338,2014-09-18 05:00:00+00:00,97.32,2014-09-18 05:00:00+00:00,92.43,2014-09-18 05:00:00+00:00,27,27,0,2014-09-18 22:00:00+00:00,-0.022175829681,-0.0110879148405,95.5305467287,83.7129149635,89.4267327744
2014-09-15,2.7242,2014-09-25 05:00:00+00:00,2.6926,2014-09-25 05:00:00+00:00,97.018,2014-09-25 05:00:00+00:00,93.52,2014-09-25 05:00:00+00:00,27,27,0,2014-09-25 22:00:00+00:00,-0.0152786710446,-0.0076393355223,95.5305467287,82.4436141799,88.7461747733
2014-09-22,2.689,2014-10-02 05:00:00+00:00,2.655,2014-10-02 05:00:00+00:00,95.01,2014-10-02 05:00:00+00:00,93.15,2014-10-02 05:00:00+00:00,27,27,-0.00202509076913,2014-10-02 22:00:00+00:00,-0.0135340223067,-0.00777955653793,95.3372844532,81.3353371067,88.0584474644
2014-09-29,2.6538,2014-10-09 05:00:00+00:00,2.6326,2014-10-09 05:00:00+00:00,93.406,2014-10-09 05:00:00+00:00,91.444,2014-10-09 05:00:00+00:00,27,27,-0.00580432807017,2014-10-09 22:00:00+00:00,-0.0108247529256,-0.0083145404979,94.7855184415,80.4596502759,87.3293173283
2014-10-06,2.5768,2014-10-17 05:00:00+00:00,2.55,2014-10-17 05:00:00+00:00,90.186,2014-10-17 05:00:00+00:00,87.628,2014-10-17 05:00:00+00:00,27,27,-0.00117640321153,2014-10-16 22:00:00+00:00,-0.0306614239621,-0.0159189135868,94.6740780155,78.0300802042,85.9501361302
2014-10-13,2.4918,2014-10-23 05:00:00+00:00,2.4668,2014-10-23 05:00:00+00:00,85.498,2014-10-23 05:00:00+00:00,82.88,2014-10-23 05:00:00+00:00,27,27,-0.00830648845771,2014-10-23 22:00:00+00:00,-0.0333572865937,-0.0208318875257,93.8909260037,75.4701421178,84.1781535143
2014-10-20,2.4934,2014-10-30 05:00:00+00:00,2.4554,2014-10-30 05:00:00+00:00,85.582,2014-10-30 05:00:00+00:00,82.122,2014-10-30 05:00:00+00:00,27,27,-0.0306624806988,2014-10-30 23:00:00+00:00,-0.00199509166224,-0.0163287861805,91.0556871601,75.319722367,82.8147877908
2014-10-27,2.503,2014-11-06 06:00:00+00:00,2.455,2014-11-06 06:00:00+00:00,85.558,2014-11-06 06:00:00+00:00,81.292,2014-11-06 06:00:00+00:00,27,27,-0.0121133337228,2014-11-06 23:00:00+00:00,0.00183992600139,-0.00513670386071,89.959352772,75.4584326518,82.3904834465
2014-11-03,2.4728,2014-11-14 06:00:00+00:00,2.4248,2014-11-14 06:00:00+00:00,83.036,2014-11-14 06:00:00+00:00,78.242,2014-11-14 06:00:00+00:00,27,27,0,2014-11-13 23:00:00+00:00,-0.0122583075494,-0.00612915377472,89.959352772,74.5390863045,81.8870439091
2014-11-10,2.4536,2014-11-20 06:00:00+00:00,2.3566,2014-11-20 06:00:00+00:00,79.902,2014-11-20 06:00:00+00:00,76.496,2014-11-20 06:00:00+00:00,27,27,0,2014-11-20 23:00:00+00:00,-0.0181619612411,-0.00908098062055,89.959352772,73.197529833,81.1467954283
2014-11-17,2.4192,2014-11-27 06:00:00+00:00,2.2658,2014-11-27 06:00:00+00:00,77.622,2014-11-27 06:00:00+00:00,75.378,2014-11-27 06:00:00+00:00,27,27,-0.00322297150219,2014-11-27 23:00:00+00:00,-0.0267057158273,-0.0149643436648,89.6698830685,71.2686086525,79.941527408
2014-11-24,2.363,2014-12-04 06:00:00+00:00,2.1825,2014-12-04 06:00:00+00:00,76.63,2014-12-04 06:00:00+00:00,72.355,2014-12-04 06:00:00+00:00,27,27,-0.0131472032599,2014-12-04 23:00:00+00:00,-0.030480898762,-0.021814051011,88.4986907114,69.1290508793,78.2165615004
2014-12-01,2.1774,2014-12-11 06:00:00+00:00,1.999,2014-12-11 06:00:00+00:00,69.722,2014-12-11 06:00:00+00:00,67.178,2014-12-11 06:00:00+00:00,27,27,-0.0185514541583,2014-12-11 23:00:00+00:00,-0.0848122234766,-0.0516818388174,86.8720462689,63.5078065972,74.2768679546
2014-12-08,2.0952,2014-12-18 06:00:00+00:00,1.8588,2014-12-18 06:00:00+00:00,64.078,2014-12-18 06:00:00+00:00,61.136,2014-12-18 06:00:00+00:00,27,27,-0.0337436924418,2014-12-18 23:00:00+00:00,-0.0555992137716,-0.0446714531067,83.9895688758,60.0731882546,71.0318321776
2014-12-15,2.0118,2014-12-25 06:00:00+00:00,1.6978,2014-12-25 06:00:00+00:00,59.774,2014-12-25 06:00:00+00:00,55.89,2014-12-25 06:00:00+00:00,27,27,-0.0357828411858,2014-12-25 23:00:00+00:00,-0.0656084967001,-0.050695668943,81.0373184272,56.2583866747,67.5205805304
2014-12-22,1.94775,2015-01-01 06:00:00+00:00,1.664,2015-01-01 06:00:00+00:00,58.6925,2015-01-01 06:00:00+00:00,55.58,2015-01-01 06:00:00+00:00,0,0,,2015-01-01 23:00:00+00:00,-0.026231968206,,,54.8018064706,
2014-12-29,1.8336,2015-01-08 06:00:00+00:00,1.6116,2015-01-08 06:00:00+00:00,55.876,2015-01-08 06:00:00+00:00,53.444,2015-01-08 06:00:00+00:00,0,0,,2015-01-08 23:00:00+00:00,-0.0461952403773,,,52.3278072851,
2015-01-05,1.729,2015-01-15 06:00:00+00:00,1.5434,2015-01-15 06:00:00+00:00,49.466,2015-01-15 06:00:00+00:00,48.774,2015-01-15 06:00:00+00:00,27,0,,2015-01-15 23:00:00+00:00,-0.0509888700654,,74.4997893972,49.7265525889,60.8655706892
2015-01-12,1.6556,2015-01-23 06:00:00+00:00,1.484,2015-01-23 06:00:00+00:00,46.578,2015-01-23 06:00:00+00:00,47.066,2015-01-23 06:00:00+00:00,27,27,-0.0340289708574,2015-01-22 23:00:00+00:00,-0.0413131780524,-0.0376710744549,72.0072873897,47.7140483738,58.6153494725
2015-01-19,1.6415,2015-01-29 06:00:00+00:00,1.5235,2015-01-29 06:00:00+00:00,46.4425,2015-01-29 06:00:00+00:00,46.4575,2015-01-29 06:00:00+00:00,27,27,-0.0336030624075,2015-01-29 23:00:00+00:00,0.00885807588275,-0.0123724932624,69.6278245336,48.1385805281,57.8945993881
2015-01-26,1.6536,2015-02-05 06:00:00+00:00,1.5606,2015-02-05 06:00:00+00:00,46.764,2015-02-05 06:00:00+00:00,45.326,2015-02-05 06:00:00+00:00,27,27,-0.00316465176312,2015-02-05 23:00:00+00:00,0.0157021573414,0.00626875278914,69.4078250105,48.9004257473,58.2586662498
2015-02-02,1.8182,2015-02-12 06:00:00+00:00,1.7382,2015-02-12 06:00:00+00:00,54.616,2015-02-12 06:00:00+00:00,50.576,2015-02-12 06:00:00+00:00,27,27,0.00395260934498,2015-02-12 23:00:00+00:00,0.10133600182,0.0526443055827,69.6827099267,54.1155786551,61.4078184757
2015-02-09,1.9084,2015-02-20 06:00:00+00:00,1.8254,2015-02-20 06:00:00+00:00,56.566,2015-02-20 06:00:00+00:00,51.136,2015-02-20 06:00:00+00:00,27,27,0.0475147415702,2015-02-19 23:00:00+00:00,0.0486836200168,0.0480991807935,73.07358626,56.8153039269,64.4336714179
2015-02-16,2.0496,2015-02-26 06:00:00+00:00,1.8878,2015-02-26 06:00:00+00:00,60.568,2015-02-26 06:00:00+00:00,51.884,2015-02-26 06:00:00+00:00,27,27,0.0371145768939,2015-02-26 23:00:00+00:00,0.0524962231543,0.0448054000241,75.8366390984,59.8775682251,67.3863007708
2015-02-23,2.1916,2015-03-05 06:00:00+00:00,1.8586,2015-03-05 06:00:00+00:00,60.632,2015-03-05 06:00:00+00:00,49.156,2015-03-05 06:00:00+00:00,27,27,0.0306377194781,2015-03-05 23:00:00+00:00,0.0256993023771,0.0281685109276,78.1960598519,61.4363236302,69.3114596562
2015-03-02,2.1088,2015-03-12 05:00:00+00:00,1.8314,2015-03-12 05:00:00+00:00,60.118,2015-03-12 05:00:00+00:00,50.384,2015-03-12 05:00:00+00:00,27,27,0.0188897871058,2015-03-12 23:00:00+00:00,-0.0266278099028,-0.00386901139853,79.6872061537,59.8219972554,69.0438109306
2015-03-09,1.8646,2015-03-19 05:00:00+00:00,1.7278,2015-03-19 05:00:00+00:00,56.508,2015-03-19 05:00:00+00:00,47.686,2015-03-19 05:00:00+00:00,27,27,0.0113922242271,2015-03-19 23:00:00+00:00,-0.0906521455972,-0.0396299606851,80.60021138,54.6375456011,66.36111606
2015-03-16,1.7616,2015-03-26 05:00:00+00:00,1.6524,2015-03-26 05:00:00+00:00,52.72,2015-03-26 05:00:00+00:00,44.394,2015-03-26 05:00:00+00:00,27,27,0.00158034903629,2015-03-26 23:00:00+00:00,-0.0507221061482,-0.0245708785559,80.7276885491,51.9353246972,64.7504341055
2015-03-23,1.744,2015-04-02 05:00:00+00:00,1.6584,2015-04-02 05:00:00+00:00,55.014,2015-04-02 05:00:00+00:00,48.684,2015-04-02 05:00:00+00:00,27,27,-0.0155439530664,2015-04-02 22:00:00+00:00,-0.00320832795027,-0.00937614050833,79.4825633012,51.7689661525,64.1461622332
2015-03-30,1.713,2015-04-09 05:00:00+00:00,1.6376,2015-04-09 05:00:00+00:00,54.974,2015-04-09 05:00:00+00:00,48.952,2015-04-09 05:00:00+00:00,27,27,-0.00139173963465,2015-04-09 22:00:00+00:00,-0.0152783164596,-0.00833502804715,79.3720212084,50.9840349868,63.6137241974
2015-04-06,1.7516,2015-04-16 05:00:00+00:00,1.6772,2015-04-16 05:00:00+00:00,56.512,2015-04-16 05:00:00+00:00,51.778,2015-04-16 05:00:00+00:00,0,0,,2015-04-16 22:00:00+00:00,0.0230887087763,,,52.174885218,
2015-04-13,1.8564,2015-04-23 05:00:00+00:00,1.793,2015-04-23 05:00:00+00:00,59.118,2015-04-23 05:00:00+00:00,54.78,2015-04-23 05:00:00+00:00,27,0,,2015-04-23 22:00:00+00:00,0.0624369653742,,78.8533513249,55.5363753843,66.1757457041
2015-04-20,1.8944,2015-04-30 05:00:00+00:00,1.8284,2015-05-07 05:00:00+00:00,61.412,2015-04-30 05:00:00+00:00,56.138,2015-04-30 05:00:00+00:00,27,27,0.0134640437292,2015-04-30 22:00:00+00:00,0.0199070550876,0.0166855494084,79.9222157671,56.6530187327,67.2891877423
2015-04-27,1.9494,2015-05-07 05:00:00+00:00,1.8908,2015-05-07 05:00:00+00:00,63.494,2015-05-07 05:00:00+00:00,57.976,2015-05-07 05:00:00+00:00,27,27,0.0166227894671,2015-05-07 22:00:00+00:00,0.0310891098375,0.0238559496523,81.2618493099,58.4419750971,68.9137357405
2015-05-04,1.9874,2015-05-14 05:00:00+00:00,1.9456,2015-05-14 05:00:00+00:00,65.006,2015-05-14 05:00:00+00:00,59.726,2015-05-14 05:00:00+00:00,27,27,0.010057556044,2015-05-14 22:00:00+00:00,0.0239380058735,0.0169977809588,82.0832687253,59.8578383009,70.0951284083
2015-05-11,1.9922,2015-05-21 05:00:00+00:00,1.9436,2015-05-21 05:00:00+00:00,64.902,2015-05-21 05:00:00+00:00,60.014,2015-05-21 05:00:00+00:00,27,27,0.00570208244891,2015-05-21 22:00:00+00:00,0.000691907336851,0.00319699489288,82.5526512484,59.8992687098,70.3195807712
2015-05-18,1.9638,2015-05-29 05:00:00+00:00,1.913,2015-05-29 05:00:00+00:00,64.31,2015-05-29 05:00:00+00:00,58.952,2015-05-29 05:00:00+00:00,27,27,0,2015-05-28 22:00:00+00:00,-0.0151137085337,-0.00755685426684,82.5526512484,59.0007755064,69.7901887357
2015-05-25,1.9112,2015-06-04 05:00:00+00:00,1.8608,2015-06-04 05:00:00+00:00,62.16,2015-06-04 05:00:00+00:00,58.324,2015-06-04 05:00:00+00:00,27,27,0,2015-06-04 22:00:00+00:00,-0.0274081211997,-0.0137040605999,82.5526512484,57.4056348597,68.8403032697
2015-06-01,1.897,2015-06-11 05:00:00+00:00,1.837,2015-06-11 05:00:00+00:00,61.898,2015-06-11 05:00:00+00:00,59.664,2015-06-11 05:00:00+00:00,27,27,-0.000178685766665,2015-06-11 22:00:00+00:00,-0.0101651613129,-0.0051719235398,82.5379015825,56.8250531737,68.4851855971
2015-06-08,1.9022,2015-06-18 05:00:00+00:00,1.811,2015-06-18 05:00:00+00:00,63.238,2015-06-18 05:00:00+00:00,60.072,2015-06-18 05:00:00+00:00,27,27,0,2015-06-18 22:00:00+00:00,-0.00575860360922,-0.00287930180461,82.5379015825,56.4987606138,68.2882796904
2015-06-15,1.8864,2015-06-25 05:00:00+00:00,1.7926,2015-06-25 05:00:00+00:00,60.654,2015-06-25 05:00:00+00:00,59.892,2015-06-25 05:00:00+00:00,27,27,-0.00348468729862,2015-06-25 22:00:00+00:00,-0.00927647961267,-0.00638058345564,82.2507833543,55.9770744594,67.8539477419
2015-06-22,1.8782,2015-07-02 05:00:00+00:00,1.7768,2015-07-02 05:00:00+00:00,60.844,2015-07-02 05:00:00+00:00,60.014,2015-07-02 05:00:00+00:00,27,27,-0.00263619828725,2015-07-02 22:00:00+00:00,-0.00660473287782,-0.00462046558253,82.0342395318,55.6085790816,67.5411540944
2015-06-29,1.8418,2015-07-09 05:00:00+00:00,1.77,2015-07-09 05:00:00+00:00,60.356,2015-07-09 05:00:00+00:00,57.724,2015-07-09 05:00:00+00:00,27,27,-0.00585596736219,2015-07-09 22:00:00+00:00,-0.0117024820478,-0.00877922470499,81.5552535345,54.9616136174,66.9507903854
2015-07-06,1.7144,2015-07-16 05:00:00+00:00,1.6666,2015-07-16 05:00:00+00:00,56.632,2015-07-16 05:00:00+00:00,52.384,2015-07-16 05:00:00+00:00,27,27,0,2015-07-16 22:00:00+00:00,-0.0659370563738,-0.0329685281869,81.5552535345,51.4545014895,64.7795099894
2015-07-13,1.6798,2015-07-23 05:00:00+00:00,1.6188,2015-07-23 05:00:00+00:00,57.172,2015-07-23 05:00:00+00:00,51.684,2015-07-23 05:00:00+00:00,27,27,-0.010841011479,2015-07-23 22:00:00+00:00,-0.0247444577071,-0.0177927345931,80.6758873168,50.1969111162,63.6370988092
2015-07-20,1.6574,2015-07-30 05:00:00+00:00,1.598,2015-07-30 05:00:00+00:00,55.754,2015-07-30 05:00:00+00:00,49.212,2015-07-30 05:00:00+00:00,27,27,-0.0109888724162,2015-07-30 22:00:00+00:00,-0.013178457976,-0.0120836651961,79.7942035118,49.5397330404,62.8727567404
2015-07-27,1.5942,2015-08-06 05:00:00+00:00,1.5258,2015-08-06 05:00:00+00:00,54.136,2015-08-06 05:00:00+00:00,47.91,2015-08-06 05:00:00+00:00,27,27,-0.0122642758134,2015-08-06 22:00:00+00:00,-0.0425560255456,-0.0274101506795,78.8215619552,47.4757478812,61.1728093436
2015-08-03,1.532,2015-08-13 05:00:00+00:00,1.4808,2015-08-13 05:00:00+00:00,48.59,2015-08-13 05:00:00+00:00,44.938,2015-08-13 05:00:00+00:00,27,27,-0.0197810867469,2015-08-13 22:00:00+00:00,-0.0348671760451,-0.027324131396,77.2777057188,45.8489287266,59.5239449436
2015-08-10,1.5632,2015-08-20 05:00:00+00:00,1.5098,2015-08-20 05:00:00+00:00,47.944,2015-08-20 05:00:00+00:00,43.198,2015-08-20 05:00:00+00:00,27,27,-0.0229339717607,2015-08-20 22:00:00+00:00,0.0197778202171,-0.0015780757718,75.5255892881,46.7647471899,59.4300857262
2015-08-17,1.502,2015-08-27 05:00:00+00:00,1.4456,2015-08-27 05:00:00+00:00,45.998,2015-08-27 05:00:00+00:00,41.342,2015-08-27 05:00:00+00:00,27,27,-0.0164923374741,2015-08-27 22:00:00+00:00,-0.041695090196,-0.029093713835,74.2902109216,44.8549775141,57.7259537851
2015-08-24,1.435,2015-09-03 05:00:00+00:00,1.3886,2015-09-03 05:00:00+00:00,43.528,2015-09-03 05:00:00+00:00,40.726,2015-09-03 05:00:00+00:00,27,27,-0.0206404890407,2015-09-03 22:00:00+00:00,-0.0429305595446,-0.0317855242927,72.7725412401,42.9700776201,55.9199583843
2015-08-31,1.5914,2015-09-11 05:00:00+00:00,1.5306,2015-09-11 05:00:00+00:00,48.688,2015-09-11 05:00:00+00:00,46.73,2015-09-11 05:00:00+00:00,27,27,-0.0363949798681,2015-09-10 22:00:00+00:00,0.100406526403,0.0320057732676,70.1716036942,47.5085897041,57.7386692675
2015-09-07,1.53125,2015-09-17 05:00:00+00:00,1.47025,2015-09-17 05:00:00+00:00,47.596,2015-09-17 05:00:00+00:00,45.1625,2015-09-17 05:00:00+00:00,27,27,0,2015-09-17 22:00:00+00:00,-0.0393785488431,-0.0196892744215,70.1716036942,45.6741266777,56.6129553751
2015-09-14,1.4884,2015-09-24 05:00:00+00:00,1.4092,2015-09-24 05:00:00+00:00,47.336,2015-09-24 05:00:00+00:00,45.482,2015-09-24 05:00:00+00:00,27,27,0.00695664869214,2015-09-24 22:00:00+00:00,-0.0353964823468,-0.0142199168273,70.6614648095,44.0857014349,55.8136205647
2015-09-21,1.492,2015-10-01 05:00:00+00:00,1.4076,2015-10-01 05:00:00+00:00,47.334,2015-10-01 05:00:00+00:00,45.572,2015-10-01 05:00:00+00:00,27,27,-0.0153603413246,2015-10-01 22:00:00+00:00,0.000639871635793,-0.0073602348444,69.58437401,44.1139196518,55.4043273048
2015-09-28,1.4864,2015-10-08 05:00:00+00:00,1.4246,2015-10-08 05:00:00+00:00,46.988,2015-10-08 05:00:00+00:00,44.998,2015-10-08 05:00:00+00:00,27,27,-0.002067783097,2015-10-08 22:00:00+00:00,0.00412226669635,0.00102724179967,69.4406372771,44.2961443249,55.4612701878
2015-10-05,1.5484,2015-10-16 05:00:00+00:00,1.4988,2015-10-16 05:00:00+00:00,51.332,2015-10-16 05:00:00+00:00,48.36,2015-10-16 05:00:00+00:00,27,27,-0.000102761193353,2015-10-15 22:00:00+00:00,0.0458193830096,0.0228583109081,69.4335018409,46.3729827217,56.7436215021
2015-10-12,1.4494,2015-10-22 05:00:00+00:00,1.3978,2015-10-22 05:00:00+00:00,48.994,2015-10-22 05:00:00+00:00,46.82,2015-10-22 05:00:00+00:00,27,27,0.00744453208216,2015-10-22 22:00:00+00:00,-0.0679188389524,-0.0302371534351,69.9523305955,43.3279611988,55.0535363606
2015-10-19,1.4316,2015-10-29 05:00:00+00:00,1.3752,2015-10-29 05:00:00+00:00,46.81,2015-10-29 05:00:00+00:00,45.156,2015-10-29 05:00:00+00:00,27,27,-0.00987440698244,2015-10-29 23:00:00+00:00,-0.0143286873788,-0.0121015471806,69.2649919295,42.7115550795,54.3913184054
2015-10-26,1.4518,2015-11-05 06:00:00+00:00,1.391,2015-11-05 06:00:00+00:00,47.15,2015-11-05 06:00:00+00:00,44.99,2015-11-05 06:00:00+00:00,27,27,-0.0145814995676,2015-11-05 23:00:00+00:00,0.0127176019068,-0.000931948830396,68.2623323849,43.2582123507,54.3406520927
2015-11-02,1.5082,2015-11-13 06:00:00+00:00,1.452,2015-11-13 06:00:00+00:00,47.23,2015-11-13 06:00:00+00:00,45.982,2015-11-13 06:00:00+00:00,27,27,0,2015-11-12 23:00:00+00:00,0.0405158621896,0.0202579310948,68.2623323849,45.0468454585,55.452707216
2015-11-09,1.4284,2015-11-19 06:00:00+00:00,1.3792,2015-11-19 06:00:00+00:00,44.752,2015-11-19 06:00:00+00:00,42.696,2015-11-19 06:00:00+00:00,27,27,0.0124747773824,2015-11-19 23:00:00+00:00,-0.0529001227618,-0.0202126726897,69.1192234351,42.7257949795,54.3431115196
2015-11-16,1.3584,2015-11-26 06:00:00+00:00,1.2812,2015-11-26 06:00:00+00:00,41.544,2015-11-26 06:00:00+00:00,40.62,2015-11-26 06:00:00+00:00,27,27,0.000344474730106,2015-11-26 23:00:00+00:00,-0.0619769411688,-0.0308162332194,69.1430373624,40.1581695156,52.6940017006
2015-11-23,1.3694,2015-12-03 06:00:00+00:00,1.3104,2015-12-03 06:00:00+00:00,43.652,2015-12-03 06:00:00+00:00,40.634,2015-12-03 06:00:00+00:00,27,27,-0.0115022033006,2015-12-03 23:00:00+00:00,0.0153002232468,0.00189900997314,68.3522964392,40.7773229891,52.7941632091
2015-11-30,1.3142,2015-12-10 06:00:00+00:00,1.2412,2015-12-10 06:00:00+00:00,42.412,2015-12-10 06:00:00+00:00,40.404,2015-12-10 06:00:00+00:00,27,27,-0.00164834656564,2015-12-10 23:00:00+00:00,-0.0476991763739,-0.0246737614698,68.2397209733,38.8779379308,51.5074716562
2015-12-07,1.191,2015-12-17 06:00:00+00:00,1.126,2015-12-17 06:00:00+00:00,38.762,2015-12-17 06:00:00+00:00,36.934,2015-12-17 06:00:00+00:00,27,27,-0.0170745171803,2015-12-17 23:00:00+00:00,-0.0979209744915,-0.0574977458359,67.0844515857,35.2514254569,48.6294411277
2015-12-14,1.08,2015-12-24 06:00:00+00:00,0.9932,2015-12-24 06:00:00+00:00,36.836,2015-12-24 06:00:00+00:00,35.776,2015-12-24 06:00:00+00:00,27,27,-0.04114177281,2015-12-24 23:00:00+00:00,-0.111663502151,-0.0764026374807,64.3804827495,31.5269414617,45.0524107115
2015-12-21,1.069,2015-12-31 06:00:00+00:00,1.052,2015-12-31 06:00:00+00:00,35.9025,2015-12-31 06:00:00+00:00,36.2625,2015-12-31 06:00:00+00:00,0,0,,2015-12-31 23:00:00+00:00,0.0236394652852,,,32.2811003364,
2015-12-28,1.0625,2016-01-07 06:00:00+00:00,1.057,2016-01-07 06:00:00+00:00,36.5475,2016-01-07 06:00:00+00:00,36.99,2016-01-07 06:00:00+00:00,0,0,,2016-01-07 23:00:00+00:00,-0.000678708826946,,,32.259198302,
2016-01-04,1.0556,2016-01-14 06:00:00+00:00,1.0312,2016-01-14 06:00:00+00:00,34.194,2016-01-14 06:00:00+00:00,34.648,2016-01-14 06:00:00+00:00,27,0,,2016-01-14 23:00:00+00:00,-0.0156134152073,,59.122757172,31.7594337133,43.3324968973
2016-01-11,0.9404,2016-01-22 06:00:00+00:00,0.9304,2016-01-22 06:00:00+00:00,29.1,2016-01-22 06:00:00+00:00,30.586,2016-01-22 06:00:00+00:00,27,27,-0.00942084471702,2016-01-21 23:00:00+00:00,-0.109211569192,-0.0593162069545,58.5683862786,28.473625474,40.8369231886
2016-01-18,0.90775,2016-01-28 06:00:00+00:00,0.876,2016-01-28 06:00:00+00:00,27.756,2016-01-28 06:00:00+00:00,29.1925,2016-01-28 06:00:00+00:00,27,27,-0.0467217568172,2016-01-28 23:00:00+00:00,-0.0477924083198,-0.0472570825685,55.8949094597,27.1448089315,38.9519786086
2016-01-25,1.0022,2016-02-04 06:00:00+00:00,0.9702,2016-02-04 06:00:00+00:00,31.748,2016-02-04 06:00:00+00:00,31.808,2016-02-04 06:00:00+00:00,27,27,-0.0397024567421,2016-02-04 23:00:00+00:00,0.100559998553,0.0304287709054,53.7192201253,30.0164578751,40.1554567646
2016-02-01,1.0486,2016-02-11 06:00:00+00:00,1.019,2016-02-11 06:00:00+00:00,32.184,2016-02-11 06:00:00+00:00,31.26,2016-02-11 06:00:00+00:00,27,27,0,2016-02-11 23:00:00+00:00,0.0471665775122,0.0235832887561,53.7192201253,31.4661512502,41.1137094593
2016-02-08,1.0042,2016-02-19 06:00:00+00:00,0.9722,2016-02-19 06:00:00+00:00,30.41,2016-02-19 06:00:00+00:00,28.144,2016-02-19 06:00:00+00:00,27,27,0.00188545347461,2016-02-18 23:00:00+00:00,-0.0451401125746,-0.02162732955,53.8206007598,30.0773468484,40.234076063
2016-02-15,1.04725,2016-02-25 06:00:00+00:00,1.00375,2016-02-25 06:00:00+00:00,32.29,2016-02-25 06:00:00+00:00,30.0225,2016-02-25 06:00:00+00:00,27,27,-0.0189453403985,2016-02-25 23:00:00+00:00,0.0369565984381,0.0090056290198,52.8105492537,31.2096983309,40.5980456536
2016-02-22,1.0372,2016-03-03 06:00:00+00:00,0.9886,2016-03-03 06:00:00+00:00,33.116,2016-03-03 06:00:00+00:00,31.322,2016-03-03 06:00:00+00:00,27,27,0,2016-03-03 23:00:00+00:00,-0.0124256852754,-0.00621284263769,52.8105492537,30.8242958456,40.3465982948
2016-02-29,1.1024,2016-03-10 06:00:00+00:00,1.063,2016-03-10 06:00:00+00:00,36.278,2016-03-10 06:00:00+00:00,34.434,2016-03-10 06:00:00+00:00,27,27,0.000430999656485,2016-03-10 23:00:00+00:00,0.066762712032,0.0335968558442,52.833315488,32.9524600156,41.7251448902
2016-03-07,1.2112,2016-03-17 05:00:00+00:00,1.1666,2016-03-17 05:00:00+00:00,39.296,2016-03-17 05:00:00+00:00,37.694,2016-03-17 05:00:00+00:00,27,27,0.0193083241184,2016-03-17 23:00:00+00:00,0.0935602092007,0.0564342666595,53.8633503911,36.1843290672,44.1475842512
2016-03-14,1.221,2016-03-24 05:00:00+00:00,1.1592,2016-03-24 05:00:00+00:00,38.496,2016-03-24 05:00:00+00:00,38.318,2016-03-24 05:00:00+00:00,27,27,0.0456295572971,2016-03-24 23:00:00+00:00,0.000847584057228,0.0232385706772,56.3780471779,36.2150113287,45.1855244214
2016-03-21,1.22375,2016-03-31 05:00:00+00:00,1.15175,2016-03-31 05:00:00+00:00,39.405,2016-03-31 05:00:00+00:00,39.445,2016-03-31 05:00:00+00:00,27,27,0.0122555036766,2016-03-31 22:00:00+00:00,-0.00209893372822,0.00507828497418,57.073239809,36.1390781372,45.4155730229
2016-03-28,1.163,2016-04-07 05:00:00+00:00,1.0738,2016-04-07 05:00:00+00:00,37,2016-04-07 05:00:00+00:00,36.822,2016-04-07 05:00:00+00:00,0,0,,2016-04-07 22:00:00+00:00,-0.0604979035768,,,34.0175603838,
2016-04-04,1.1106,2016-04-14 05:00:00+00:00,1.0578,2016-04-14 05:00:00+00:00,37.512,2016-04-14 05:00:00+00:00,36.72,2016-04-14 05:00:00+00:00,27,0,,2016-04-14 22:00:00+00:00,-0.0305574715339,,56.8078169826,32.9937913094,43.2932472594
2016-04-11,1.2472,2016-04-21 05:00:00+00:00,1.1988,2016-04-21 05:00:00+00:00,42.35,2016-04-21 05:00:00+00:00,41.226,2016-04-21 05:00:00+00:00,27,27,-0.025198915847,2016-04-21 22:00:00+00:00,0.120565202873,0.0476831435132,55.3942071022,37.2214275367,45.4076146214
2016-04-18,1.294,2016-04-28 05:00:00+00:00,1.2492,2016-04-28 05:00:00+00:00,43.04,2016-04-28 05:00:00+00:00,41.856,2016-04-28 05:00:00+00:00,27,27,0.0152410024564,2016-04-28 22:00:00+00:00,0.0390097236418,0.0271253630491,56.2449368681,38.7021180357,46.6561698554
2016-04-25,1.3606,2016-05-05 05:00:00+00:00,1.3162,2016-05-05 05:00:00+00:00,44.464,2016-05-05 05:00:00+00:00,44.298,2016-05-05 05:00:00+00:00,27,27,0.0202673360256,2016-05-05 22:00:00+00:00,0.0512165167316,0.0357419263786,57.3965020645,40.7359438861,48.3539107763
2016-05-02,1.3386,2016-05-12 05:00:00+00:00,1.293,2016-05-12 05:00:00+00:00,44.196,2016-05-12 05:00:00+00:00,44.216,2016-05-12 05:00:00+00:00,27,27,0.0243412887536,2016-05-12 22:00:00+00:00,-0.0170425922473,0.00364934825315,58.8107493681,40.0475802165,48.5306934106
2016-05-09,1.3612,2016-05-19 05:00:00+00:00,1.312,2016-05-19 05:00:00+00:00,45.2,2016-05-19 05:00:00+00:00,45.44,2016-05-19 05:00:00+00:00,27,27,0.00495466427945,2016-05-19 22:00:00+00:00,0.0156649813462,0.0103098228128,59.1028599446,40.6798642426,49.0336243704
2016-05-16,1.47,2016-05-26 05:00:00+00:00,1.4278,2016-05-26 05:00:00+00:00,48.336,2016-05-26 05:00:00+00:00,47.992,2016-05-26 05:00:00+00:00,27,27,0.00732336642849,2016-05-26 22:00:00+00:00,0.0807389223552,0.0440311443918,59.5372806142,44.1005456913,51.2408681041
2016-05-23,1.4944,2016-06-03 05:00:00+00:00,1.4522,2016-06-03 05:00:00+00:00,48.734,2016-06-03 05:00:00+00:00,48.724,2016-06-03 05:00:00+00:00,27,27,0.0240940885375,2016-06-02 22:00:00+00:00,0.0167036187898,0.0203988536636,60.9891982012,44.8433710595,52.2968569377
2016-05-30,1.4895,2016-06-09 05:00:00+00:00,1.45025,2016-06-09 05:00:00+00:00,48.905,2016-06-09 05:00:00+00:00,49,2016-06-09 05:00:00+00:00,27,27,0.0356530138723,2016-06-09 22:00:00+00:00,-0.00231399396061,0.0166695099558,63.2028745621,44.7397237356,53.1759263878
2016-06-06,1.5308,2016-06-16 05:00:00+00:00,1.4952,2016-06-16 05:00:00+00:00,49.944,2016-06-16 05:00:00+00:00,50.184,2016-06-16 05:00:00+00:00,27,27,0.0100171209351,2016-06-16 22:00:00+00:00,0.0289370015967,0.0194770612659,63.8391669886,46.0532705895,54.221789269
2016-06-13,1.4734,2016-06-23 05:00:00+00:00,1.4356,2016-06-23 05:00:00+00:00,47.388,2016-06-23 05:00:00+00:00,47.888,2016-06-23 05:00:00+00:00,27,27,0.00233471830597,2016-06-23 22:00:00+00:00,-0.0394474580854,-0.0185563698897,63.9883875866,44.2719513727,53.2249075495
2016-06-20,1.4954,2016-06-30 05:00:00+00:00,1.4608,2016-06-30 05:00:00+00:00,48.122,2016-06-30 05:00:00+00:00,48.71,2016-06-30 05:00:00+00:00,27,27,-0.00333473441939,2016-06-30 22:00:00+00:00,0.0161112124422,0.00638823901139,63.7753587029,44.9910030298,53.5660093402
2016-06-27,1.4668,2016-07-08 05:00:00+00:00,1.4544,2016-07-08 05:00:00+00:00,47.092,2016-07-08 05:00:00+00:00,48.174,2016-07-08 05:00:00+00:00,27,27,-0.00467887780903,2016-07-07 22:00:00+00:00,-0.0118506793931,-0.00826477860105,63.4776585866,44.4609758713,53.1251225579
2016-07-04,1.4155,2016-07-14 05:00:00+00:00,1.39575,2016-07-14 05:00:00+00:00,45.964,2016-07-14 05:00:00+00:00,46.1725,2016-07-14 05:00:00+00:00,27,27,0,2016-07-14 22:00:00+00:00,-0.038380935439,-0.0191904677195,63.4776585866,42.7868547018,52.1153466338
2016-07-11,1.4014,2016-07-21 05:00:00+00:00,1.3622,2016-07-21 05:00:00+00:00,45.538,2016-07-21 05:00:00+00:00,45.598,2016-07-21 05:00:00+00:00,27,27,-0.0147431725238,2016-07-21 22:00:00+00:00,-0.0171709769994,-0.0159570747616,62.5486615239,42.0584343458,51.2903380192
2016-07-18,1.351,2016-07-28 05:00:00+00:00,1.3216,2016-07-28 05:00:00+00:00,45.22,2016-07-28 05:00:00+00:00,44.44,2016-07-28 05:00:00+00:00,27,27,-0.00932091057365,2016-07-28 22:00:00+00:00,-0.0334422970084,-0.021381603791,61.9683597153,40.6751625037,50.2053094952
2016-07-25,1.2724,2016-08-04 05:00:00+00:00,1.2508,2016-08-04 05:00:00+00:00,42.546,2016-08-04 05:00:00+00:00,41.826,2016-08-04 05:00:00+00:00,27,27,-0.00787528263199,2016-08-04 22:00:00+00:00,-0.0574999776341,-0.0326876301331,61.482257975,38.4023121737,48.590748748
2016-08-01,1.2696,2016-08-11 05:00:00+00:00,1.2368,2016-08-11 05:00:00+00:00,40.884,2016-08-11 05:00:00+00:00,40.82,2016-08-11 05:00:00+00:00,27,27,-0.0181743928798,2016-08-11 22:00:00+00:00,-0.00672946920666,-0.0124519310432,60.3749480852,38.144752588,47.9894515204
2016-08-08,1.3368,2016-08-18 05:00:00+00:00,1.3108,2016-08-18 05:00:00+00:00,43.63,2016-08-18 05:00:00+00:00,43.114,2016-08-18 05:00:00+00:00,27,27,-0.0260825270595,2016-08-18 22:00:00+00:00,0.0548435235302,0.0143804982354,58.8205759632,40.295174606,48.6845496936
2016-08-15,1.4774,2016-08-25 05:00:00+00:00,1.456,2016-08-25 05:00:00+00:00,48.602,2016-08-25 05:00:00+00:00,47.156,2016-08-25 05:00:00+00:00,27,27,0,2016-08-25 22:00:00+00:00,0.102530199873,0.0512650999364,58.8205759632,44.6458753124,51.2454495566
2016-08-22,1.4828,2016-09-01 05:00:00+00:00,1.4758,2016-09-01 05:00:00+00:00,48.654,2016-09-01 05:00:00+00:00,47.048,2016-09-01 05:00:00+00:00,27,27,0.0354298196921,2016-09-01 22:00:00+00:00,0.00857783602479,0.0220038278585,60.9419361662,45.0304875219,52.3855428157
2016-08-29,1.4218,2016-09-09 05:00:00+00:00,1.408,2016-09-09 05:00:00+00:00,47.31,2016-09-09 05:00:00+00:00,45.106,2016-09-09 05:00:00+00:00,27,27,0.0162408703708,2016-09-08 22:00:00+00:00,-0.0445192378437,-0.0141391837365,61.9397671406,43.0697339983,51.650065776
2016-09-05,1.4128,2016-09-15 05:00:00+00:00,1.4012,2016-09-15 05:00:00+00:00,47.506,2016-09-15 05:00:00+00:00,45.644,2016-09-15 05:00:00+00:00,27,27,0.00180131349233,2016-09-15 22:00:00+00:00,-0.00559568452017,-0.00189718551392,62.0514406282,42.8294023915,51.552168913
2016-09-12,1.397,2016-09-22 05:00:00+00:00,1.3776,2016-09-22 05:00:00+00:00,46.208,2016-09-22 05:00:00+00:00,44.34,2016-09-22 05:00:00+00:00,27,27,-0.00158724869289,2016-09-22 22:00:00+00:00,-0.0141163141213,-0.0078517814071,61.9530276837,42.2290563992,51.1489775084
2016-09-19,1.4106,2016-09-29 05:00:00+00:00,1.3804,2016-09-29 05:00:00+00:00,46.238,2016-09-29 05:00:00+00:00,44.596,2016-09-29 05:00:00+00:00,27,27,0,2016-09-29 22:00:00+00:00,0.00585926153375,0.00292963076687,61.9530276837,42.4772137845,51.2990448402
2016-09-26,1.4652,2016-10-06 05:00:00+00:00,1.458,2016-10-06 05:00:00+00:00,46.744,2016-10-06 05:00:00+00:00,46.552,2016-10-06 05:00:00+00:00,27,27,-0.000746934491228,2016-10-06 22:00:00+00:00,0.0463344637377,0.0227937646232,61.9067701083,44.4916819685,52.4817713817
2016-10-03,1.5668,2016-10-14 05:00:00+00:00,1.559,2016-10-14 05:00:00+00:00,49.524,2016-10-14 05:00:00+00:00,49.484,2016-10-14 05:00:00+00:00,27,27,0.00427030999383,2016-10-13 22:00:00+00:00,0.0670112636881,0.035640786841,62.1716964637,47.5752902155,54.3859954625
2016-10-10,1.5662,2016-10-20 05:00:00+00:00,1.5518,2016-10-20 05:00:00+00:00,49.942,2016-10-20 05:00:00+00:00,50.288,2016-10-20 05:00:00+00:00,27,27,0.0187940592511,2016-10-20 22:00:00+00:00,-0.00250603103638,0.00814401410734,63.3512041612,47.4562143279,54.8307242575
2016-10-17,1.5594,2016-10-27 05:00:00+00:00,1.5432,2016-10-27 05:00:00+00:00,50.334,2016-10-27 05:00:00+00:00,50.556,2016-10-27 05:00:00+00:00,27,27,0.0246563765258,2016-10-27 22:00:00+00:00,-0.00495426815483,0.00985105418546,64.9326313196,47.2216849569,55.3735339273
2016-10-24,1.5598,2016-11-03 05:00:00+00:00,1.5388,2016-11-03 05:00:00+00:00,48.954,2016-11-03 05:00:00+00:00,49.362,2016-11-03 05:00:00+00:00,27,27,0.00848612643968,2016-11-03 23:00:00+00:00,-0.00129940734624,0.00359335954672,65.4860025071,47.1603646013,55.5728688707
2016-10-31,1.469,2016-11-10 06:00:00+00:00,1.4296,2016-11-10 06:00:00+00:00,44.626,2016-11-10 06:00:00+00:00,45.508,2016-11-10 06:00:00+00:00,27,27,0.00368214151254,2016-11-10 23:00:00+00:00,-0.0667919588777,-0.0315549086826,65.7275757159,44.1133230991,53.84665063
2016-11-07,1.4212,2016-11-17 06:00:00+00:00,1.3844,2016-11-17 06:00:00+00:00,43.092,2016-11-17 06:00:00+00:00,44.61,2016-11-17 06:00:00+00:00,27,27,-0.00875978382319,2016-11-17 23:00:00+00:00,-0.0326040820555,-0.0206819329394,65.1543307778,42.6982427444,52.7444350752
2016-11-14,1.4234,2016-11-24 06:00:00+00:00,1.3966,2016-11-24 06:00:00+00:00,44.006,2016-11-24 06:00:00+00:00,45.154,2016-11-24 06:00:00+00:00,27,27,-0.0234016865047,2016-11-24 23:00:00+00:00,0.00516033468452,-0.00912067591007,63.6473117229,42.9191494535,52.2655573408
2016-11-21,1.5175,2016-12-01 06:00:00+00:00,1.479,2016-12-01 06:00:00+00:00,46.492,2016-12-01 06:00:00+00:00,47.2475,2016-12-01 06:00:00+00:00,27,27,-0.0002471017042,2016-12-01 23:00:00+00:00,0.0606706701837,0.0302117842397,63.6315863066,45.6036962217,53.8686878626
2016-11-28,1.5612,2016-12-08 06:00:00+00:00,1.516,2016-12-08 06:00:00+00:00,48.78,2016-12-08 06:00:00+00:00,48.628,2016-12-08 06:00:00+00:00,27,27,0.0196582642016,2016-12-08 23:00:00+00:00,0.0265498079322,0.0231040360669,64.8948489353,46.8306816374,55.1277607962
2016-12-05,1.605,2016-12-15 06:00:00+00:00,1.5434,2016-12-15 06:00:00+00:00,52.26,2016-12-15 06:00:00+00:00,50.974,2016-12-15 06:00:00+00:00,27,27,0.0161251320271,2016-12-15 23:00:00+00:00,0.0227907440394,0.0194579380333,65.9497694503,47.9102429908,56.2109373659
2016-12-12,1.6336,2016-12-22 06:00:00+00:00,1.5848,2016-12-22 06:00:00+00:00,53.258,2016-12-22 06:00:00+00:00,51.914,2016-12-22 06:00:00+00:00,27,27,0.0218383994112,2016-12-22 23:00:00+00:00,0.0220664266036,0.0219524130074,67.4058482029,48.9792015238,57.458546997
2016-12-19,1.64,2016-12-30 06:00:00+00:00,1.6116,2016-12-30 06:00:00+00:00,53.814,2016-12-30 06:00:00+00:00,51.956,2016-12-30 06:00:00+00:00,27,27,0.0264300271958,2016-12-29 23:00:00+00:00,0.0103396656703,0.0183848464331,69.2111384505,49.4882572904,58.524683912
2016-12-26,1.698,2017-01-06 06:00:00+00:00,1.6515,2017-01-06 06:00:00+00:00,54.4425,2017-01-06 06:00:00+00:00,53.595,2017-01-06 06:00:00+00:00,0,0,,2017-01-05 23:00:00+00:00,0.0296056687834,,,50.9752939888,
2017-01-02,1.669,2017-01-12 06:00:00+00:00,1.62625,2017-01-12 06:00:00+00:00,55.1275,2017-01-12 06:00:00+00:00,53.3425,2017-01-12 06:00:00+00:00,27,0,,2017-01-12 23:00:00+00:00,-0.0163168291068,,71.6122829078,50.150287874,59.9280952738
2017-01-09,1.6228,2017-01-20 06:00:00+00:00,1.5856,2017-01-20 06:00:00+00:00,54.016,2017-01-20 06:00:00+00:00,52.066,2017-01-20 06:00:00+00:00,27,27,0.0126977352722,2017-01-19 23:00:00+00:00,-0.0266927292903,-0.00699749700905,72.5273943443,48.8293479914,59.5102123786
2017-01-16,1.606,2017-01-26 06:00:00+00:00,1.56725,2017-01-26 06:00:00+00:00,54.194,2017-01-26 06:00:00+00:00,51.8225,2017-01-26 06:00:00+00:00,27,27,0,2017-01-26 23:00:00+00:00,-0.0110234151236,-0.00551170756181,72.5273943443,48.2940377127,59.1831117606
2017-01-23,1.594,2017-02-02 06:00:00+00:00,1.5814,2017-02-02 06:00:00+00:00,54.906,2017-02-02 06:00:00+00:00,52.742,2017-02-02 06:00:00+00:00,27,27,-0.00720773517631,2017-02-02 23:00:00+00:00,0.000744002163101,-0.0032318665066,72.0065155262,48.3299819509,58.9921485939
2017-01-30,1.621,2017-02-09 06:00:00+00:00,1.6104,2017-02-09 06:00:00+00:00,55.534,2017-02-09 06:00:00+00:00,53.328,2017-02-09 06:00:00+00:00,27,27,-0.00223587584118,2017-02-09 23:00:00+00:00,0.0174843635371,0.00762424384798,71.845697749,49.1824314775,59.4436380658
2017-02-06,1.6174,2017-02-16 06:00:00+00:00,1.6056,2017-02-16 06:00:00+00:00,54.482,2017-02-16 06:00:00+00:00,52.88,2017-02-16 06:00:00+00:00,27,27,0.00113382982025,2017-02-16 23:00:00+00:00,-0.0026041989587,-0.000735184569228,71.9272047424,49.05451727,59.3999520809
2017-02-13,1.6068,2017-02-24 06:00:00+00:00,1.597,2017-02-24 06:00:00+00:00,54.464,2017-02-24 06:00:00+00:00,53.22,2017-02-24 06:00:00+00:00,27,27,0,2017-02-23 23:00:00+00:00,-0.00597297372186,-0.00298648686093,71.9272047424,48.7623892324,59.2228195381
2017-02-20,1.634,2017-03-02 06:00:00+00:00,1.61075,2017-03-02 06:00:00+00:00,55.4,2017-03-02 06:00:00+00:00,54.025,2017-03-02 06:00:00+00:00,27,27,0.000335193661274,2017-03-02 23:00:00+00:00,0.0126797063693,0.00650745001528,71.9513183266,49.3846185155,59.6094657521
2017-02-27,1.606,2017-03-09 06:00:00+00:00,1.5802,2017-03-09 06:00:00+00:00,54.402,2017-03-09 06:00:00+00:00,53.564,2017-03-09 06:00:00+00:00,27,27,0.000469505619217,2017-03-09 23:00:00+00:00,-0.0182164343217,-0.00887346435123,71.9851078064,48.4931511856,59.0828631328
2017-03-06,1.5524,2017-03-16 05:00:00+00:00,1.5268,2017-03-16 05:00:00+00:00,52.784,2017-03-16 05:00:00+00:00,50.5,2017-03-16 05:00:00+00:00,27,27,0,2017-03-16 23:00:00+00:00,-0.0341609372148,-0.0170804686074,71.9851078064,46.8645552482,58.0822697718
2017-03-13,1.4984,2017-03-23 05:00:00+00:00,1.4678,2017-03-23 05:00:00+00:00,50.294,2017-03-23 05:00:00+00:00,48.034,2017-03-23 05:00:00+00:00,27,27,-0.0104819580642,2017-03-23 23:00:00+00:00,-0.0374068045625,-0.0239443813134,71.234503698,45.1438850121,56.7080439077
2017-03-20,1.4952,2017-03-30 05:00:00+00:00,1.4694,2017-03-30 05:00:00+00:00,50.102,2017-03-30 05:00:00+00:00,47.28,2017-03-30 05:00:00+00:00,27,27,-0.0219849571125,2017-03-30 22:00:00+00:00,-0.000524210956655,-0.0112545840346,69.6855059046,45.1202262946,56.0733965073
2017-03-27,1.5352,2017-04-06 05:00:00+00:00,1.5076,2017-04-06 05:00:00+00:00,51.33,2017-04-06 05:00:00+00:00,49.138,2017-04-06 05:00:00+00:00,27,27,-0.0186217081521,2017-04-06 22:00:00+00:00,0.0260327583795,0.00370552511366,68.3998504533,46.3102528745,56.2815633318
2017-04-03,1.59,2017-04-13 05:00:00+00:00,1.553,2017-04-13 05:00:00+00:00,53.278,2017-04-13 05:00:00+00:00,51.264,2017-04-13 05:00:00+00:00,27,27,-0.00156432596912,2017-04-13 22:00:00+00:00,0.0323714561382,0.0154035650846,68.2929344386,47.8339116685,57.1552114292
2017-04-10,1.645,2017-04-20 05:00:00+00:00,1.611,2017-04-20 05:00:00+00:00,54.755,2017-04-20 05:00:00+00:00,53.1875,2017-04-20 05:00:00+00:00,27,27,0.0160759596969,2017-04-20 22:00:00+00:00,0.0353364640067,0.0257062118518,69.3996810721,49.5544121443,58.6435026113
2017-04-17,1.5878,2017-04-27 05:00:00+00:00,1.5652,2017-04-27 05:00:00+00:00,52.082,2017-04-27 05:00:00+00:00,51.094,2017-04-27 05:00:00+00:00,0,0,,2017-04-27 22:00:00+00:00,-0.0321162333746,,,47.9881961786,
2017-04-24,1.521,2017-05-04 05:00:00+00:00,1.5024,2017-05-04 05:00:00+00:00,49.546,2017-05-04 05:00:00+00:00,49.122,2017-05-04 05:00:00+00:00,27,0,,2017-05-04 22:00:00+00:00,-0.041965589457,,70.8509009516,46.0160145487,57.098827387
2017-05-01,1.4556,2017-05-11 05:00:00+00:00,1.4256,2017-05-11 05:00:00+00:00,48.704,2017-05-11 05:00:00+00:00,47.21,2017-05-11 05:00:00+00:00,27,27,-0.0194855875953,2017-05-11 22:00:00+00:00,-0.0482104391294,-0.0338480133623,69.4836931972,43.8501894463,55.1984882956
2017-05-08,1.4698,2017-05-18 05:00:00+00:00,1.4366,2017-05-18 05:00:00+00:00,48.004,2017-05-18 05:00:00+00:00,47.044,2017-05-18 05:00:00+00:00,27,27,-0.0214183857063,2017-05-18 22:00:00+00:00,0.00869729164046,-0.00636054703291,68.0112892024,44.2332306283,54.8485099216
2017-05-15,1.5312,2017-05-25 05:00:00+00:00,1.5002,2017-05-25 05:00:00+00:00,51.75,2017-05-25 05:00:00+00:00,49.244,2017-05-25 05:00:00+00:00,27,27,-0.0200495469745,2017-05-25 22:00:00+00:00,0.0421223132494,0.0110363831375,66.6612724998,46.1362347272,55.4571917362
2017-05-22,1.584,2017-06-02 05:00:00+00:00,1.5496,2017-06-02 05:00:00+00:00,52.584,2017-06-02 05:00:00+00:00,50.214,2017-06-02 05:00:00+00:00,27,27,0,2017-06-01 22:00:00+00:00,0.0331499761165,0.0165749880582,66.6612724998,47.6912822979,56.3840541743
2017-05-29,1.506,2017-06-08 05:00:00+00:00,1.471,2017-06-08 05:00:00+00:00,50.234,2017-06-08 05:00:00+00:00,48.48,2017-06-08 05:00:00+00:00,27,27,0,2017-06-08 22:00:00+00:00,-0.0512752777529,-0.0256376388765,66.6612724998,45.3075344649,54.956873103
2017-06-05,1.4318,2017-06-15 05:00:00+00:00,1.3976,2017-06-15 05:00:00+00:00,47.276,2017-06-15 05:00:00+00:00,46.566,2017-06-15 05:00:00+00:00,27,27,-0.00567416263422,2017-06-15 22:00:00+00:00,-0.0508553485897,-0.0282647556119,66.2840966887,43.0610120021,53.4252775665
2017-06-12,1.4146,2017-06-22 05:00:00+00:00,1.383,2017-06-22 05:00:00+00:00,46.182,2017-06-22 05:00:00+00:00,45.3,2017-06-22 05:00:00+00:00,27,27,-0.0281884150188,2017-06-22 22:00:00+00:00,-0.0112935077576,-0.0197409613882,64.4417415881,42.5774378927,52.3809531239
2017-06-19,1.374,2017-06-29 05:00:00+00:00,1.3444,2017-06-29 05:00:00+00:00,44.626,2017-06-29 05:00:00+00:00,43.09,2017-06-29 05:00:00+00:00,27,27,-0.017313877165,2017-06-29 22:00:00+00:00,-0.0287139238167,-0.0230139004908,63.3356085478,41.3722581086,51.1892287919
2017-06-26,1.4222,2017-07-07 05:00:00+00:00,1.3954,2017-07-07 05:00:00+00:00,46.162,2017-07-07 05:00:00+00:00,44.626,2017-07-07 05:00:00+00:00,27,27,-0.0162327357618,2017-07-06 22:00:00+00:00,0.0358560351607,0.00981164969942,62.3157979017,42.8826192171,51.6939516058
2017-07-03,1.46275,2017-07-13 05:00:00+00:00,1.431,2017-07-13 05:00:00+00:00,48.172,2017-07-13 05:00:00+00:00,45.225,2017-07-13 05:00:00+00:00,27,27,-0.00353982670512,2017-07-13 22:00:00+00:00,0.0266528226351,0.011556497965,62.095600736,44.0409296134,52.2948179203
2017-07-10,1.4786,2017-07-20 05:00:00+00:00,1.4422,2017-07-20 05:00:00+00:00,47.104,2017-07-20 05:00:00+00:00,45.506,2017-07-20 05:00:00+00:00,27,27,0.0161505478807,2017-07-20 22:00:00+00:00,0.00928684669043,0.0127186972856,63.1066209983,44.4518360341,52.9641876109
2017-07-17,1.5256,2017-07-27 05:00:00+00:00,1.488,2017-07-27 05:00:00+00:00,47.986,2017-07-27 05:00:00+00:00,46.406,2017-07-27 05:00:00+00:00,27,27,0.000196277274993,2017-07-27 22:00:00+00:00,0.0312776460368,0.0157369616559,63.1190086095,45.864156724,53.8042758815
2017-07-24,1.585,2017-08-03 05:00:00+00:00,1.5508,2017-08-03 05:00:00+00:00,49.95,2017-08-03 05:00:00+00:00,48.266,2017-08-03 05:00:00+00:00,27,27,0,2017-08-03 22:00:00+00:00,0.0397673112145,0.0198836556072,63.1190086095,47.7248021492,54.8848084423
2017-07-31,1.6458,2017-08-10 05:00:00+00:00,1.617,2017-08-10 05:00:00+00:00,52.042,2017-08-10 05:00:00+00:00,49.52,2017-08-10 05:00:00+00:00,27,27,0.00479522969006,2017-08-10 22:00:00+00:00,0.0397219173203,0.0222585735052,63.4224056014,49.6586771349,56.1201636034
2017-08-07,1.6298,2017-08-17 05:00:00+00:00,1.6016,2017-08-17 05:00:00+00:00,51.964,2017-08-17 05:00:00+00:00,49.076,2017-08-17 05:00:00+00:00,27,27,0.0138356381526,2017-08-17 22:00:00+00:00,-0.00966936565082,0.00208313625088,64.305993462,49.1808232232,56.2371914008
2017-08-14,1.5918,2017-08-24 05:00:00+00:00,1.5618,2017-08-24 05:00:00+00:00,50.582,2017-08-24 05:00:00+00:00,47.524,2017-08-24 05:00:00+00:00,27,27,0.00132910863357,2017-08-24 22:00:00+00:00,-0.0243779919234,-0.0115244416449,64.3915199375,47.9963892302,55.5928093736
2017-08-21,1.606,2017-08-31 05:00:00+00:00,1.5768,2017-08-31 05:00:00+00:00,52.028,2017-08-31 05:00:00+00:00,47.676,2017-08-31 05:00:00+00:00,27,27,0,2017-08-31 22:00:00+00:00,0.00921981937245,0.00460990968622,64.3915199375,48.4409535215,55.8496788215
2017-08-28,1.718,2017-09-08 05:00:00+00:00,1.6868,2017-09-08 05:00:00+00:00,52.252,2017-09-08 05:00:00+00:00,46.68,2017-09-08 05:00:00+00:00,27,27,0,2017-09-07 22:00:00+00:00,0.0674249870357,0.0337124935178,64.3915199375,51.8197105851,57.7646079126
2017-09-04,1.78925,2017-09-14 05:00:00+00:00,1.80875,2017-09-14 05:00:00+00:00,53.884,2017-09-14 05:00:00+00:00,48.575,2017-09-14 05:00:00+00:00,27,27,0.00535448730733,2017-09-14 22:00:00+00:00,0.0552192350739,0.0302868611906,64.7372282331,54.7616332287,59.5408796437
2017-09-11,1.7434,2017-09-21 05:00:00+00:00,1.7566,2017-09-21 05:00:00+00:00,55.544,2017-09-21 05:00:00+00:00,49.066,2017-09-21 05:00:00+00:00,27,27,0.0145355891522,2017-09-21 22:00:00+00:00,-0.027607592252,-0.00653600154989,65.6850941916,53.2704747448,59.1529893686
2017-09-18,1.7986,2017-09-28 05:00:00+00:00,1.76,2017-09-28 05:00:00+00:00,57.034,2017-09-28 05:00:00+00:00,50.124,2017-09-28 05:00:00+00:00,27,27,0.00165026264835,2017-09-28 22:00:00+00:00,0.0165525207261,0.0091013916872,65.7935813407,54.1595734949,59.6938213227
2017-09-25,1.8374,2017-10-05 05:00:00+00:00,1.7896,2017-10-05 05:00:00+00:00,58.75,2017-10-05 05:00:00+00:00,51.774,2017-10-05 05:00:00+00:00,27,27,0.0108147888127,2017-10-05 22:00:00+00:00,0.0190106332503,0.0149127110315,66.5089865333,55.1990303449,60.590688772
2017-10-02,1.7636,2017-10-13 05:00:00+00:00,1.728,2017-10-13 05:00:00+00:00,56.076,2017-10-13 05:00:00+00:00,50.232,2017-10-13 05:00:00+00:00,27,27,0.0161231442807,2017-10-12 22:00:00+00:00,-0.0380109075828,-0.010943881651,67.5900118647,53.140241203,59.931206674
2017-10-09,1.7696,2017-10-19 05:00:00+00:00,1.7262,2017-10-19 05:00:00+00:00,56.206,2017-10-19 05:00:00+00:00,50.77,2017-10-19 05:00:00+00:00,27,27,0.00631170330375,2017-10-19 22:00:00+00:00,0.00117707413289,0.00374438871832,68.0179691148,53.2028280338,60.1560330642
2017-10-16,1.8024,2017-10-26 05:00:00+00:00,1.7576,2017-10-26 05:00:00+00:00,57.776,2017-10-26 05:00:00+00:00,51.74,2017-10-26 05:00:00+00:00,27,27,-0.00296857717298,2017-10-26 22:00:00+00:00,0.0181961795374,0.00761380118223,67.8163519305,54.1797776644,60.6157971952
2017-10-23,1.8284,2017-11-02 05:00:00+00:00,1.7822,2017-11-02 05:00:00+00:00,58.576,2017-11-02 05:00:00+00:00,52.506,2017-11-02 05:00:00+00:00,27,27,0.0035704827691,2017-11-02 23:00:00+00:00,0.0141107357239,0.00884060924649,68.0589218346,54.9497135945,61.1540535236
2017-10-30,1.8748,2017-11-09 06:00:00+00:00,1.8202,2017-11-09 06:00:00+00:00,61.038,2017-11-09 06:00:00+00:00,54.594,2017-11-09 06:00:00+00:00,27,27,0.00277906617027,2017-11-09 23:00:00+00:00,0.0230792742778,0.012929170224,68.2483251422,56.2326609059,61.9498581525
2017-11-06,1.9282,2017-11-16 06:00:00+00:00,1.8684,2017-11-16 06:00:00+00:00,64.286,2017-11-16 06:00:00+00:00,57.052,2017-11-16 06:00:00+00:00,27,27,0.0161231442807,2017-11-16 23:00:00+00:00,0.0271105013332,0.021616822807,69.3576213764,57.7780094727,63.303596303
2017-11-13,1.9096,2017-11-23 06:00:00+00:00,1.843,2017-11-23 06:00:00+00:00,61.524,2017-11-23 06:00:00+00:00,55.814,2017-11-23 06:00:00+00:00,27,27,0.0200036920414,2017-11-23 23:00:00+00:00,-0.0116904500819,0.00415662097975,70.7589995139,57.1064913595,63.5672729818
2017-11-20,1.9322,2017-11-30 06:00:00+00:00,1.8592,2017-11-30 06:00:00+00:00,62.678,2017-11-30 06:00:00+00:00,57.4675,2017-11-30 06:00:00+00:00,27,27,0.00636665158237,2017-11-30 23:00:00+00:00,0.0102585315233,0.00831259155283,71.21093454,57.6953352742,64.0978840795
2017-11-27,1.9274,2017-12-07 06:00:00+00:00,1.8572,2017-12-07 06:00:00+00:00,63.73,2017-12-07 06:00:00+00:00,57.812,2017-12-07 06:00:00+00:00,27,27,-0.00139423223639,2017-12-07 23:00:00+00:00,-0.00178180808902,-0.00158802016271,71.1117191402,57.5926247914,63.9961761258
2017-12-04,1.8942,2017-12-14 06:00:00+00:00,1.8232,2017-12-14 06:00:00+00:00,63.076,2017-12-14 06:00:00+00:00,56.916,2017-12-14 06:00:00+00:00,27,27,0,2017-12-14 23:00:00+00:00,-0.0179260684197,-0.00896303420987,71.1117191402,56.569413933,63.4251391447
2017-12-11,1.9164,2017-12-21 06:00:00+00:00,1.8456,2017-12-21 06:00:00+00:00,64.354,2017-12-21 06:00:00+00:00,57.168,2017-12-21 06:00:00+00:00,27,27,-0.00299810471253,2017-12-21 23:00:00+00:00,0.0119315345725,0.00446671492999,70.8988380393,57.2484165675,63.7090748185
2017-12-18,1.9394,2017-12-29 06:00:00+00:00,1.8588,2017-12-29 06:00:00+00:00,64.364,2017-12-29 06:00:00+00:00,57.868,2017-12-29 06:00:00+00:00,27,27,0.0059183167267,2017-12-28 23:00:00+00:00,0.00952845560638,0.00772338616654,71.3196839397,57.7965126711,64.2030296522
2017-12-25,2.043,2018-01-05 06:00:00+00:00,1.95575,2018-01-05 06:00:00+00:00,66.0425,2018-01-05 06:00:00+00:00,59.88,2018-01-05 06:00:00+00:00,0,0,,2018-01-04 23:00:00+00:00,0.0514416511508,,,60.8474608534,
2018-01-01,2.07075,2018-01-11 06:00:00+00:00,1.96475,2018-01-11 06:00:00+00:00,67.81,2018-01-11 06:00:00+00:00,61.3625,2018-01-11 06:00:00+00:00,27,0,,2018-01-11 23:00:00+00:00,0.00904140192092,,72.2477348845,61.4001017624,66.6034404067
2018-01-08,2.0694,2018-01-19 06:00:00+00:00,1.995,2018-01-19 06:00:00+00:00,69.47,2018-01-19 06:00:00+00:00,63.256,2018-01-19 06:00:00+00:00,27,27,0.011098682796,2018-01-18 23:00:00+00:00,0.00731344463508,0.00920606371555,73.0540558501,61.8507940549,67.2194269781
2018-01-15,2.0605,2018-02-23 06:00:00+00:00,1.96175,2018-02-23 06:00:00+00:00,69.388,2018-01-25 06:00:00+00:00,63.77,2018-01-25 06:00:00+00:00,27,27,0.00810095854822,2018-01-25 23:00:00+00:00,-0.0105585783542,-0.00122880990298,73.6482673199,61.2011731713,67.1368778095
2018-01-22,2.0914,2018-02-23 06:00:00+00:00,2.0416,2018-02-23 06:00:00+00:00,70.04,2018-02-01 06:00:00+00:00,65.138,2018-02-01 06:00:00+00:00,27,27,0,2018-02-01 23:00:00+00:00,0.0273909542643,0.0136954771321,73.6482673199,62.9007012985,68.0626745276
2018-01-29,2.0746,2018-02-23 06:00:00+00:00,2.022,2018-02-23 06:00:00+00:00,68.004,2018-02-08 06:00:00+00:00,65.318,2018-02-08 06:00:00+00:00,27,27,0.00135123743218,2018-02-08 23:00:00+00:00,-0.00885601386841,-0.00375238821811,73.7478508809,62.3461111691,67.8077555262
2018-02-05,1.9442,2018-02-23 06:00:00+00:00,1.893,2018-02-23 06:00:00+00:00,65.496,2018-02-15 06:00:00+00:00,62.014,2018-02-15 06:00:00+00:00,27,27,-0.000791452356312,2018-02-15 23:00:00+00:00,-0.0654210154909,-0.0331062339236,73.6895060622,58.3979206391,65.5996488325
2018-02-12,1.874,2018-02-23 06:00:00+00:00,1.833,2018-02-23 06:00:00+00:00,62.718,2018-02-23 06:00:00+00:00,60.562,2018-02-23 06:00:00+00:00,27,27,-0.0164917651182,2018-02-22 23:00:00+00:00,-0.0344921504791,-0.0254919577986,72.484202149,56.4179930438,63.9485200191
2018-02-19,1.94,2018-03-01 06:00:00+00:00,1.90375,2018-03-01 06:00:00+00:00,65.52,2018-03-01 06:00:00+00:00,62.47,2018-03-01 06:00:00+00:00,27,27,-0.0245316792729,2018-03-01 23:00:00+00:00,0.0362422228143,0.00585527177074,70.7276763032,58.5002107058,64.324054338
2018-02-26,1.9166,2018-03-08 06:00:00+00:00,1.887,2018-03-08 06:00:00+00:00,66.024,2018-03-08 06:00:00+00:00,62.07,2018-03-08 06:00:00+00:00,27,27,-0.000869828358299,2018-03-08 23:00:00+00:00,-0.0104862744943,-0.00567805142628,70.6661821132,57.8899666238,63.9598540021
2018-03-05,1.8738,2018-03-15 05:00:00+00:00,1.8376,2018-03-15 05:00:00+00:00,65.12,2018-03-15 05:00:00+00:00,61.654,2018-03-15 05:00:00+00:00,27,27,0.00894329742564,2018-03-15 23:00:00+00:00,-0.0245561111931,-0.00780640688374,71.3010052727,56.4857260727,63.4625011526
2018-03-12,1.8792,2018-03-22 05:00:00+00:00,1.8478,2018-03-22 05:00:00+00:00,64.138,2018-03-22 05:00:00+00:00,61.276,2018-03-22 05:00:00+00:00,27,27,-0.00799688064836,2018-03-22 23:00:00+00:00,0.00420653484469,-0.00189517290184,70.7330934316,56.7238357048,63.3423426367
2018-03-19,1.9722,2018-03-29 05:00:00+00:00,1.936,2018-03-29 05:00:00+00:00,67.396,2018-03-29 05:00:00+00:00,64.106,2018-03-29 05:00:00+00:00,27,27,0,2018-03-29 22:00:00+00:00,0.0474658815767,0.0237329407884,70.7330934316,59.4812053853,64.8636235338
2018-03-26,2.01575,2018-04-05 05:00:00+00:00,1.975,2018-04-05 05:00:00+00:00,68.6475,2018-04-05 05:00:00+00:00,64.9675,2018-04-05 05:00:00+00:00,27,27,0.00829277474196,2018-04-05 22:00:00+00:00,0.0208930365828,0.0145929056624,71.3221059407,60.7370216106,65.8171124392
2018-04-02,1.9802,2018-04-12 05:00:00+00:00,1.9418,2018-04-12 05:00:00+00:00,67.426,2018-04-12 05:00:00+00:00,63.074,2018-04-12 05:00:00+00:00,0,0,,2018-04-12 22:00:00+00:00,-0.0173732526379,,,59.6909352624,
2018-04-09,2.0712,2018-04-19 05:00:00+00:00,2.0302,2018-04-19 05:00:00+00:00,71.244,2018-04-19 05:00:00+00:00,66.022,2018-04-19 05:00:00+00:00,27,0,,2018-04-19 22:00:00+00:00,0.0447246160816,,72.3538951748,62.4211891097,67.2042868687
2018-04-16,2.0998,2018-04-26 05:00:00+00:00,2.0448,2018-04-26 05:00:00+00:00,73.618,2018-04-26 05:00:00+00:00,67.546,2018-04-26 05:00:00+00:00,27,27,0.0125032294345,2018-04-26 22:00:00+00:00,0.0104398137382,0.0114715215864,73.2642317407,63.0762681995,67.9796611547
2018-04-23,2.1446,2018-05-03 05:00:00+00:00,2.085,2018-05-03 05:00:00+00:00,74.982,2018-05-03 05:00:00+00:00,67.912,2018-05-03 05:00:00+00:00,27,27,0.0117116700072,2018-05-03 22:00:00+00:00,0.0202899113774,0.0160007906923,74.1273224979,64.3691519857,69.0761383414
2018-04-30,2.1472,2018-05-10 05:00:00+00:00,2.0934,2018-05-10 05:00:00+00:00,74.422,2018-05-10 05:00:00+00:00,68.382,2018-05-10 05:00:00+00:00,27,27,0.0155143748065,2018-05-10 22:00:00+00:00,0.0026161480896,0.00906526144805,75.2863289456,64.5377716906,69.7051784942
2018-05-07,2.2188,2018-05-17 05:00:00+00:00,2.1768,2018-05-17 05:00:00+00:00,76.294,2018-05-17 05:00:00+00:00,70.556,2018-05-17 05:00:00+00:00,27,27,0.00967774530202,2018-05-17 22:00:00+00:00,0.035934105726,0.022805925514,76.0184678746,66.899049933,71.3131353831
2018-05-14,2.2814,2018-05-24 05:00:00+00:00,2.2344,2018-05-24 05:00:00+00:00,78.754,2018-05-24 05:00:00+00:00,71.296,2018-05-24 05:00:00+00:00,27,27,0.0195106763065,2018-05-24 22:00:00+00:00,0.0269698037873,0.0232402400469,77.516202996,68.7278545843,72.9898782534
2018-05-21,2.27,2018-06-01 05:00:00+00:00,2.2202,2018-06-01 05:00:00+00:00,78.59,2018-06-01 05:00:00+00:00,70.978,2018-06-01 05:00:00+00:00,27,27,0.026692463645,2018-05-31 22:00:00+00:00,-0.00569245592538,0.0105000038598,79.6131634433,68.3377357219,73.7603099463
2018-05-28,2.21175,2018-06-07 05:00:00+00:00,2.15825,2018-06-07 05:00:00+00:00,75.3475,2018-06-07 05:00:00+00:00,66.9575,2018-06-07 05:00:00+00:00,27,27,0.0209947800851,2018-06-07 22:00:00+00:00,-0.0271476739474,-0.00307644693119,81.3022937167,66.5074811378,73.5337389626
2018-06-04,2.1574,2018-06-14 05:00:00+00:00,2.1126,2018-06-14 05:00:00+00:00,73.978,2018-06-14 05:00:00+00:00,65.35,2018-06-14 05:00:00+00:00,27,27,0.00333191458562,2018-06-14 22:00:00+00:00,-0.0231292780744,-0.00989868174437,81.5736378116,64.9868642864,72.8094425869
2018-06-11,2.147,2018-06-21 05:00:00+00:00,2.1058,2018-06-21 05:00:00+00:00,74.26,2018-06-21 05:00:00+00:00,66.206,2018-06-21 05:00:00+00:00,27,27,-0.0102401659241,2018-06-21 22:00:00+00:00,-0.00402812401448,-0.00713414496931,80.7425726104,64.725615662,72.2918579256
2018-06-18,2.1132,2018-06-28 05:00:00+00:00,2.0674,2018-06-28 05:00:00+00:00,74.116,2018-06-28 05:00:00+00:00,66.324,2018-06-28 05:00:00+00:00,27,27,-0.00703948060447,2018-06-28 22:00:00+00:00,-0.0171358979384,-0.0120876892715,80.1761827208,63.6259330515,71.4232765568
2018-06-25,2.158,2018-07-06 05:00:00+00:00,2.1142,2018-07-06 05:00:00+00:00,75.238,2018-07-06 05:00:00+00:00,74.026,2018-07-06 05:00:00+00:00,27,27,-0.00883405001736,2018-07-05 22:00:00+00:00,0.021681595864,0.00642377292334,79.4710216126,65.0205084979,71.8835602631
2018-07-02,2.171,2018-07-12 05:00:00+00:00,2.128,2018-07-12 05:00:00+00:00,76.328,2018-07-12 05:00:00+00:00,73.7275,2018-07-12 05:00:00+00:00,27,27,-0.00202905155124,2018-07-12 22:00:00+00:00,0.00625605259359,0.00211350052118,79.3099342954,65.4285552689,72.0356468661
2018-07-09,2.1544,2018-07-19 05:00:00+00:00,2.1174,2018-07-19 05:00:00+00:00,75.29,2018-07-19 05:00:00+00:00,71.964,2018-07-19 05:00:00+00:00,27,27,0.00313764869592,2018-07-19 22:00:00+00:00,-0.00633463946658,-0.00159849538533,79.5591718127,65.0153989402,71.9205902003
2018-07-16,2.0838,2018-07-26 05:00:00+00:00,2.0402,2018-07-26 05:00:00+00:00,71.27,2018-07-26 05:00:00+00:00,68.952,2018-07-26 05:00:00+00:00,27,27,-0.0023126031706,2018-07-26 22:00:00+00:00,-0.0352300955901,-0.0187713493803,79.3753956024,62.7647777966,70.5831358577
2018-07-23,2.1472,2018-08-02 05:00:00+00:00,2.104,2018-08-02 05:00:00+00:00,74,2018-08-02 05:00:00+00:00,70.01,2018-08-02 05:00:00+00:00,27,27,-0.00834971755797,2018-08-02 22:00:00+00:00,0.0303819852042,0.0110161338231,78.7153927213,64.7009599428,71.3649877135
2018-07-30,2.1314,2018-08-09 05:00:00+00:00,2.092,2018-08-09 05:00:00+00:00,73.372,2018-08-09 05:00:00+00:00,69.462,2018-08-09 05:00:00+00:00,27,27,0.00137172094522,2018-08-09 22:00:00+00:00,-0.00655268783165,-0.00259048344321,78.8234423643,64.2783807766,71.1803571388
2018-08-06,2.1332,2018-08-16 05:00:00+00:00,2.092,2018-08-16 05:00:00+00:00,71.416,2018-08-16 05:00:00+00:00,67.904,2018-08-16 05:00:00+00:00,27,27,0.00255609341102,2018-08-16 22:00:00+00:00,0.000422079469796,0.00148908644041,79.0251801664,64.3055170879,71.2864297996
2018-08-13,2.1096,2018-08-23 05:00:00+00:00,2.068,2018-08-23 05:00:00+00:00,69.824,2018-08-23 05:00:00+00:00,66.146,2018-08-23 05:00:00+00:00,27,27,-0.00127723000404,2018-08-23 22:00:00+00:00,-0.0113317166219,-0.00630447331299,78.9243112654,63.5809383052,70.8384201217
2018-08-20,2.156,2018-08-30 05:00:00+00:00,2.114,2018-08-30 05:00:00+00:00,72.772,2018-08-30 05:00:00+00:00,68.102,2018-08-30 05:00:00+00:00,27,27,0.00456828916941,2018-08-30 22:00:00+00:00,0.0218781138958,0.0132232015326,79.2856851434,64.987297462,71.7813513727
2018-08-27,2.2328,2018-09-07 05:00:00+00:00,2.2012,2018-09-07 05:00:00+00:00,76.076,2018-09-07 05:00:00+00:00,69.656,2018-09-07 05:00:00+00:00,27,27,0.00231761081997,2018-09-06 22:00:00+00:00,0.0377112644743,0.0200144376471,79.4696516042,67.4848475279,73.2324881566
2018-09-03,2.2316,2018-09-13 05:00:00+00:00,2.1958,2018-09-13 05:00:00+00:00,76.644,2018-09-13 05:00:00+00:00,68.86,2018-09-13 05:00:00+00:00,27,27,0.00908980297656,2018-09-13 22:00:00+00:00,-0.00149690381786,0.00379644957935,80.1953081208,67.3839047717,73.5110400249
2018-09-10,2.2358,2018-09-20 05:00:00+00:00,2.1902,2018-09-20 05:00:00+00:00,78.108,2018-09-20 05:00:00+00:00,68.958,2018-09-20 05:00:00+00:00,27,27,0.011145176475,2018-09-20 22:00:00+00:00,-0.000336646047061,0.00540426521399,81.0940982661,67.3612240644,73.9093886026
2018-09-17,2.2252,2018-09-27 05:00:00+00:00,2.1828,2018-09-27 05:00:00+00:00,78.966,2018-09-27 05:00:00+00:00,70.276,2018-09-27 05:00:00+00:00,27,27,0.00228332628548,2018-09-27 22:00:00+00:00,-0.00406835708233,-0.000892515398427,81.2794741085,67.0877312618,73.8434527639
2018-09-24,2.3152,2018-10-04 05:00:00+00:00,2.271,2018-10-04 05:00:00+00:00,81.846,2018-10-04 05:00:00+00:00,72.838,2018-10-04 05:00:00+00:00,27,27,-0.00287913471045,2018-10-04 22:00:00+00:00,0.0396305422348,0.0183757037622,81.04579611,69.7998406559,75.2129221232
2018-10-01,2.4056,2018-10-12 05:00:00+00:00,2.3596,2018-10-12 05:00:00+00:00,85.442,2018-10-12 05:00:00+00:00,75.126,2018-10-12 05:00:00+00:00,27,27,0.00636696835161,2018-10-11 22:00:00+00:00,0.0382875629102,0.0223272656309,81.5634583497,72.5241267898,76.9111083964
2018-10-08,2.3698,2018-10-18 05:00:00+00:00,2.3234,2018-10-18 05:00:00+00:00,83.052,2018-10-18 05:00:00+00:00,72.956,2018-10-18 05:00:00+00:00,27,27,0.0259978181881,2018-10-18 22:00:00+00:00,-0.0152271361706,0.00538534100876,83.7117345599,71.4281574491,77.3264182313
2018-10-15,2.3184,2018-10-25 05:00:00+00:00,2.2664,2018-10-25 05:00:00+00:00,80.406,2018-10-25 05:00:00+00:00,70.238,2018-10-25 05:00:00+00:00,27,27,0.0142765885234,2018-10-25 22:00:00+00:00,-0.0233836156896,-0.00455351358312,84.9154243964,69.7772857636,76.9751117819
2018-10-22,2.2774,2018-11-01 05:00:00+00:00,2.2222,2018-11-01 05:00:00+00:00,78.232,2018-11-01 05:00:00+00:00,67.426,2018-11-01 05:00:00+00:00,27,27,-0.000914674047829,2018-11-01 23:00:00+00:00,-0.0187689122782,-0.00984179316299,84.8377899719,68.4798557701,76.2212543923
2018-10-29,2.2314,2018-11-08 06:00:00+00:00,2.1776,2018-11-08 06:00:00+00:00,74.088,2018-11-08 06:00:00+00:00,65.056,2018-11-08 06:00:00+00:00,27,27,0,2018-11-08 23:00:00+00:00,-0.0203397967351,-0.0101698983675,84.8377899719,67.101059179,75.4500203149
2018-11-05,2.1894,2018-11-16 06:00:00+00:00,2.1208,2018-11-16 06:00:00+00:00,70.344,2018-11-16 06:00:00+00:00,61.574,2018-11-16 06:00:00+00:00,27,27,1.43134209795e-05,2018-11-15 23:00:00+00:00,-0.0227158172055,-0.0113507518923,84.8390042996,65.5939857909,74.5984479902
2018-11-12,2.0922,2018-11-22 06:00:00+00:00,1.997,2018-11-22 06:00:00+00:00,66.208,2018-11-22 06:00:00+00:00,56.916,2018-11-22 06:00:00+00:00,27,27,-0.00975913185695,2018-11-22 23:00:00+00:00,-0.0527793556599,-0.0312692437584,84.0150762207,62.2217524261,72.3019036587
2018-11-19,1.9992,2018-11-29 06:00:00+00:00,1.9022,2018-11-29 06:00:00+00:00,61.218,2018-11-29 06:00:00+00:00,54.9866666667,2018-11-29 06:00:00+00:00,27,27,-0.0132907090944,2018-11-29 23:00:00+00:00,-0.0470519933782,-0.0301713512363,82.9058438536,59.3619033396,70.1530376329
2018-11-26,1.8566,2018-12-07 06:00:00+00:00,1.7592,2018-12-07 06:00:00+00:00,58.65,2018-12-07 06:00:00+00:00,51.014,2018-12-07 06:00:00+00:00,27,27,-0.0195843146146,2018-12-06 23:00:00+00:00,-0.0760760966813,-0.047830205648,81.2979855162,55.0133875719,66.8765847365
2018-12-03,1.8846,2018-12-13 06:00:00+00:00,1.7776,2018-12-13 06:00:00+00:00,60.466,2018-12-13 06:00:00+00:00,52.626,2018-12-13 06:00:00+00:00,27,27,-0.0321387646977,2018-12-13 23:00:00+00:00,0.0126868592258,-0.00972595273594,78.7267088362,55.7157808366,66.2292990715
2018-12-10,1.8564,2018-12-20 06:00:00+00:00,1.7444,2018-12-20 06:00:00+00:00,59.51,2018-12-20 06:00:00+00:00,51.542,2018-12-20 06:00:00+00:00,27,27,-0.022878004934,2018-12-20 23:00:00+00:00,-0.0169649756612,-0.0199214902976,76.9460454819,54.7785366124,64.9229679667
2018-12-17,1.7728,2018-12-29 06:00:00+00:00,1.6564,2018-12-29 06:00:00+00:00,54.644,2018-12-29 06:00:00+00:00,46.98,2018-12-29 06:00:00+00:00,27,27,-0.0113460205753,2018-12-27 23:00:00+00:00,-0.0489214975556,-0.0301337590655,76.0779481047,52.1631836515,62.9957774681
2018-12-24,1.7178,2019-01-05 06:00:00+00:00,1.599,2019-01-05 06:00:00+00:00,51.57,2019-01-05 06:00:00+00:00,45.286,2019-01-05 06:00:00+00:00,0,0,,2019-01-03 23:00:00+00:00,-0.0333919770291,,,50.4501124123,
2018-12-31,1.74033333333,2019-01-10 06:00:00+00:00,1.647,2019-01-10 06:00:00+00:00,54.31,2019-01-10 06:00:00+00:00,46.9966666667,2019-01-10 06:00:00+00:00,0,0,,2019-01-10 23:00:00+00:00,0.021304640377,,,51.536465,
2019-01-07,1.8558,2019-01-17 06:00:00+00:00,1.7628,2019-01-17 06:00:00+00:00,58.636,2019-01-17 06:00:00+00:00,50.78,2019-01-17 06:00:00+00:00,27,0,,2019-01-17 23:00:00+00:00,0.0660936034834,,72.415142931,55.0577821803,63.14283147
2019-01-14,1.8786,2019-01-25 06:00:00+00:00,1.8052,2019-01-25 06:00:00+00:00,59.83,2019-01-25 06:00:00+00:00,51.924,2019-01-25 06:00:00+00:00,27,27,0,2019-01-24 23:00:00+00:00,0.0179894418132,0.00899472090659,72.415142931,56.0572035126,63.7133455775
2019-01-21,1.8838,2019-01-31 06:00:00+00:00,1.8284,2019-01-31 06:00:00+00:00,61.342,2019-01-31 06:00:00+00:00,52.666,2019-01-31 06:00:00+00:00,27,27,0.0122481243368,2019-01-31 23:00:00+00:00,0.00776703666652,0.0100075805016,73.3075465846,56.4942971314,64.354163181
2019-01-28,1.8792,2019-02-07 06:00:00+00:00,1.8382,2019-02-07 06:00:00+00:00,61.38,2019-02-07 06:00:00+00:00,53.634,2019-02-07 06:00:00+00:00,27,27,0.00479770145204,2019-02-07 23:00:00+00:00,0.0014503527112,0.00312402708162,73.6600993526,56.5762932357,64.5555216905
2019-02-04,1.903,2019-02-14 06:00:00+00:00,1.8486,2019-02-14 06:00:00+00:00,61.706,2019-02-14 06:00:00+00:00,53.526,2019-02-14 06:00:00+00:00,27,27,0.00115045198199,2019-02-14 23:00:00+00:00,0.00911359892906,0.00513202545552,73.7448905246,57.094263583,64.8876738488
2019-02-11,1.9448,2019-02-22 06:00:00+00:00,1.8854,2019-02-22 06:00:00+00:00,63.36,2019-02-22 06:00:00+00:00,53.878,2019-02-22 06:00:00+00:00,27,27,0.0021380424373,2019-02-21 23:00:00+00:00,0.0207194799186,0.0114287611779,73.9027289025,58.2895673051,65.6335134698
2019-02-18,2.0146,2019-02-28 06:00:00+00:00,1.9622,2019-02-28 06:00:00+00:00,66.582,2019-02-28 06:00:00+00:00,56.512,2019-02-28 06:00:00+00:00,27,27,0.0140720885,2019-02-28 23:00:00+00:00,0.037593906637,0.0258329975685,74.9500463331,60.5226112889,67.3511137273
2019-02-25,2.0026,2019-03-07 06:00:00+00:00,1.9534,2019-03-07 06:00:00+00:00,64.564,2019-03-07 06:00:00+00:00,56.122,2019-03-07 06:00:00+00:00,27,27,0.0180745661229,2019-03-07 23:00:00+00:00,-0.0052345884754,0.00641998882376,76.3170527096,60.206628068,67.7848980801
2019-03-04,2.0106,2019-03-14 05:00:00+00:00,1.9526,2019-03-14 05:00:00+00:00,64.734,2019-03-14 05:00:00+00:00,56.348,2019-03-14 05:00:00+00:00,27,27,0.00962461687953,2019-03-14 23:00:00+00:00,0.00178861123791,0.00570661405872,77.0551212191,60.3144106814,68.1728261576
2019-03-11,1.9842,2019-03-21 05:00:00+00:00,1.9326,2019-03-21 05:00:00+00:00,65.714,2019-03-21 05:00:00+00:00,57.81,2019-03-21 05:00:00+00:00,27,27,0.00443962378487,2019-03-21 23:00:00+00:00,-0.0117564729909,-0.00365842460304,77.3979774813,59.6094778226,67.9238766723
2019-03-18,1.9786,2019-03-28 05:00:00+00:00,1.9356,2019-03-28 05:00:00+00:00,67.344,2019-03-28 05:00:00+00:00,59.436,2019-03-28 05:00:00+00:00,27,27,0,2019-03-28 23:00:00+00:00,-0.000637588486362,-0.000318794243181,77.3979774813,59.5714836195,67.9022263826
2019-03-25,1.979,2019-04-04 05:00:00+00:00,1.9336,2019-04-04 05:00:00+00:00,67.248,2019-04-04 05:00:00+00:00,59.49,2019-04-04 05:00:00+00:00,27,27,-0.000427020552746,2019-04-04 22:00:00+00:00,-0.000415831408224,-0.000421425980485,77.3649340098,59.5467170753,67.8736166491
2019-04-01,2.0138,2019-04-11 05:00:00+00:00,1.9678,2019-04-11 05:00:00+00:00,69.54,2019-04-11 05:00:00+00:00,62.36,2019-04-11 05:00:00+00:00,27,27,-0.00266011200351,2019-04-11 22:00:00+00:00,0.0174822174607,0.00741105272858,77.1594081024,60.5968785616,68.3785001493
2019-04-08,2.0652,2019-04-18 05:00:00+00:00,2.015,2019-04-18 05:00:00+00:00,71.328,2019-04-18 05:00:00+00:00,64.102,2019-04-18 05:00:00+00:00,27,27,0.00710503421978,2019-04-18 22:00:00+00:00,0.0244533087365,0.0157791714782,77.7095805198,62.0969387107,69.4660136957
2019-04-15,2.0735,2019-04-25 05:00:00+00:00,2.021,2019-04-25 05:00:00+00:00,70.8725,2019-04-25 05:00:00+00:00,63.8,2019-04-25 05:00:00+00:00,27,27,0.0118634288463,2019-04-25 22:00:00+00:00,0.00349208485189,0.00767775684909,78.636972748,62.3141655563,70.0014095477
2019-04-22,2.0942,2019-05-02 05:00:00+00:00,2.0416,2019-05-02 05:00:00+00:00,72.932,2019-05-02 05:00:00+00:00,65.276,2019-05-02 05:00:00+00:00,0,0,,2019-05-02 22:00:00+00:00,0.0100374969569,,,62.9427934508,
2019-04-29,2.0726,2019-05-09 05:00:00+00:00,2.0224,2019-05-09 05:00:00+00:00,71.586,2019-05-09 05:00:00+00:00,62.9,2019-05-09 05:00:00+00:00,27,0,,2019-05-09 22:00:00+00:00,-0.00990832515059,,79.9529764838,62.3222153095,70.5892811626
2019-05-06,2.0502,2019-05-16 05:00:00+00:00,2.0052,2019-05-16 05:00:00+00:00,71.252,2019-05-16 05:00:00+00:00,61.814,2019-05-16 05:00:00+00:00,27,27,0.00337956108107,2019-05-16 22:00:00+00:00,-0.009703813482,-0.00316212620047,80.2236395551,61.7203769426,70.3664214881
2019-05-13,2.0764,2019-05-23 05:00:00+00:00,2.028,2019-05-23 05:00:00+00:00,73.322,2019-05-23 05:00:00+00:00,62.104,2019-05-23 05:00:00+00:00,27,27,-0.000523464713777,2019-05-23 22:00:00+00:00,0.0120022774627,0.00573940637449,80.1816562999,62.4656254249,70.7714441592
2019-05-20,2.0304,2019-05-31 05:00:00+00:00,1.9786,2019-05-31 05:00:00+00:00,70.888,2019-05-31 05:00:00+00:00,60.722,2019-05-31 05:00:00+00:00,27,27,0.00345423486809,2019-05-30 22:00:00+00:00,-0.0235316844075,-0.0100387247697,80.4591014774,61.0128640394,70.0645432382
2019-05-27,1.939,2019-06-06 05:00:00+00:00,1.8918,2019-06-06 05:00:00+00:00,69.028,2019-06-06 05:00:00+00:00,57.222,2019-06-06 05:00:00+00:00,27,27,0.00150718345617,2019-06-06 22:00:00+00:00,-0.0454606044138,-0.0219767104788,80.5804595355,58.3012843667,68.5415515274
2019-06-03,1.8032,2019-06-13 05:00:00+00:00,1.763,2019-06-13 05:00:00+00:00,63.146,2019-06-13 05:00:00+00:00,52.972,2019-06-13 05:00:00+00:00,27,27,-0.0116671242986,2019-06-13 22:00:00+00:00,-0.0715606826692,-0.0416139034839,79.6457804093,54.2749850735,65.7478025708
2019-06-10,1.8002,2019-06-20 05:00:00+00:00,1.7628,2019-06-20 05:00:00+00:00,63.188,2019-06-20 05:00:00+00:00,52.522,2019-06-20 05:00:00+00:00,27,27,-0.0341256117354,2019-06-20 22:00:00+00:00,-0.000889271946283,-0.0175074418408,76.9736724044,54.226741306,64.6067443913
2019-06-17,1.8466,2019-06-27 05:00:00+00:00,1.8104,2019-06-27 05:00:00+00:00,64.038,2019-06-27 05:00:00+00:00,54.754,2019-06-27 05:00:00+00:00,27,27,-0.0140438596917,2019-06-27 22:00:00+00:00,0.0260463509335,0.00600124562092,75.9002202976,55.6577048314,64.9956310683
2019-06-24,1.9326,2019-07-04 05:00:00+00:00,1.8906,2019-07-04 05:00:00+00:00,66.51,2019-07-04 05:00:00+00:00,58.382,2019-07-04 05:00:00+00:00,27,27,-0.00831709789606,2019-07-04 22:00:00+00:00,0.0444332799493,0.0180580910266,75.2715686376,58.1865250561,66.1799895327
2019-07-01,1.9096,2019-07-11 05:00:00+00:00,1.856,2019-07-11 05:00:00+00:00,63.84,2019-07-11 05:00:00+00:00,57.3233333333,2019-07-11 05:00:00+00:00,27,27,0.00280640980678,2019-07-11 22:00:00+00:00,-0.0152215275929,-0.00620755889304,75.4831082005,57.3075439483,65.7704457987
2019-07-08,1.9484,2019-07-18 05:00:00+00:00,1.898,2019-07-18 05:00:00+00:00,65.978,2019-07-18 05:00:00+00:00,59.024,2019-07-18 05:00:00+00:00,27,27,-0.000888300471555,2019-07-18 22:00:00+00:00,0.0212458963657,0.0101787979471,75.4160862921,58.5381201466,66.4433286369
2019-07-15,1.9016,2019-07-25 05:00:00+00:00,1.8542,2019-07-25 05:00:00+00:00,63.628,2019-07-25 05:00:00+00:00,56.748,2019-07-25 05:00:00+00:00,27,27,0.00462168269477,2019-07-25 22:00:00+00:00,-0.0238301249417,-0.00960422112346,75.7654421973,57.1596393475,65.8082468313
2019-07-22,1.9056,2019-08-01 05:00:00+00:00,1.868,2019-08-01 05:00:00+00:00,62.8,2019-08-01 05:00:00+00:00,56.054,2019-08-01 05:00:00+00:00,27,27,0.00346424516201,2019-08-01 22:00:00+00:00,0.00475814308548,0.00411119412374,76.0283674196,57.4322611627,66.0793542146
2019-07-29,1.909,2019-08-08 05:00:00+00:00,1.869,2019-08-08 05:00:00+00:00,62.586,2019-08-08 05:00:00+00:00,56.546,2019-08-08 05:00:00+00:00,27,27,-0.000167473330264,2019-08-08 22:00:00+00:00,0.00115890689574,0.00049571678274,76.0156357619,57.4988583888,66.1121189798
2019-08-05,1.8004,2019-08-15 05:00:00+00:00,1.7576,2019-08-15 05:00:00+00:00,57.328,2019-08-15 05:00:00+00:00,53.276,2019-08-15 05:00:00+00:00,27,27,0.00470533943603,2019-08-15 22:00:00+00:00,-0.0600124843461,-0.027653572455,76.3741579534,54.1497095242,64.3089299268
2019-08-12,1.817,2019-08-22 05:00:00+00:00,1.7808,2019-08-22 05:00:00+00:00,58.252,2019-08-22 05:00:00+00:00,55.306,2019-08-22 05:00:00+00:00,27,27,-0.015039268525,2019-08-22 22:00:00+00:00,0.0111456932141,-0.00194678765542,75.2341404853,54.7566215188,64.1838558817
2019-08-19,1.8342,2019-08-29 05:00:00+00:00,1.8002,2019-08-29 05:00:00+00:00,59.574,2019-08-29 05:00:00+00:00,55.496,2019-08-29 05:00:00+00:00,27,27,-0.00488762151392,2019-08-29 22:00:00+00:00,0.0101283490152,0.00262036375063,74.8673216477,55.3140337602,64.3522614766
2019-08-26,1.8306,2019-09-06 05:00:00+00:00,1.799,2019-09-06 05:00:00+00:00,59.826,2019-09-06 05:00:00+00:00,55.206,2019-09-06 05:00:00+00:00,27,27,-0.00128660631518,2019-09-05 22:00:00+00:00,-0.00131572602331,-0.00130116616924,74.7710588184,55.2413035035,64.2685829427
2019-09-02,1.857,2019-09-12 05:00:00+00:00,1.8256,2019-09-12 05:00:00+00:00,60.228,2019-09-12 05:00:00+00:00,55.596,2019-09-12 05:00:00+00:00,27,27,0,2019-09-12 22:00:00+00:00,0.0144981227797,0.00724906138983,74.7710588184,56.0480326021,64.736162555
2019-09-09,1.909,2019-09-19 05:00:00+00:00,1.8684,2019-09-19 05:00:00+00:00,62.738,2019-09-19 05:00:00+00:00,56.16,2019-09-19 05:00:00+00:00,27,27,0.00260528431489,2019-09-19 22:00:00+00:00,0.0253955059466,0.0140003951307,74.9661126601,57.4896282967,65.6488686245
2019-09-16,2.018,2019-09-26 05:00:00+00:00,1.9688,2019-09-26 05:00:00+00:00,65.556,2019-09-26 05:00:00+00:00,59.332,2019-09-26 05:00:00+00:00,27,27,0.00599154944647,2019-09-26 22:00:00+00:00,0.0539345738183,0.0299630616324,75.4166241141,60.675447558,67.6456755561
2019-09-23,1.9624,2019-10-03 05:00:00+00:00,1.9216,2019-10-03 05:00:00+00:00,63.152,2019-10-03 05:00:00+00:00,56.896,2019-10-03 05:00:00+00:00,27,27,0.02244455419,2019-10-03 22:00:00+00:00,-0.0261023778602,-0.00182891183509,77.1284554041,59.1121655467,67.5220706451
2019-09-30,1.8934,2019-10-10 05:00:00+00:00,1.8652,2019-10-10 05:00:00+00:00,59.222,2019-10-10 05:00:00+00:00,53.122,2019-10-10 05:00:00+00:00,27,27,0.00257433348211,2019-10-10 22:00:00+00:00,-0.0327919728205,-0.0151088196692,77.3272655613,57.2051985056,66.5095600371
2019-10-07,1.9292,2019-10-18 05:00:00+00:00,1.8872,2019-10-18 05:00:00+00:00,59.394,2019-10-18 05:00:00+00:00,53.272,2019-10-18 05:00:00+00:00,27,27,-0.00896806974248,2019-10-17 22:00:00+00:00,0.0152286088297,0.00313026954359,76.6368895479,58.0830211408,66.7180790774
2019-10-14,1.948,2019-10-24 05:00:00+00:00,1.8816,2019-10-24 05:00:00+00:00,59.322,2019-10-24 05:00:00+00:00,53.488,2019-10-24 05:00:00+00:00,27,27,-0.00557767033731,2019-10-24 22:00:00+00:00,0.00336301280925,-0.00110732876403,76.2106241314,58.2786839087,66.6442411183
2019-10-21,1.9758,2019-10-31 05:00:00+00:00,1.9004,2019-10-31 05:00:00+00:00,60.748,2019-10-31 05:00:00+00:00,55.204,2019-10-31 05:00:00+00:00,27,27,-0.000906390111905,2019-10-31 23:00:00+00:00,0.0120560430082,0.00557482644814,76.141578871,58.9855466504,67.0168087313
2019-10-28,1.9324,2019-11-07 06:00:00+00:00,1.8372,2019-11-07 06:00:00+00:00,60.226,2019-11-07 06:00:00+00:00,55.17,2019-11-07 06:00:00+00:00,27,27,-0.000857020478109,2019-11-07 23:00:00+00:00,-0.0280161713956,-0.0144365959369,76.076351933,57.3559318393,66.0562643211
2019-11-04,1.9398,2019-11-15 06:00:00+00:00,1.8474,2019-11-15 06:00:00+00:00,62.39,2019-11-15 06:00:00+00:00,56.69,2019-11-15 06:00:00+00:00,27,27,0.000259478162044,2019-11-14 23:00:00+00:00,0.00467934649303,0.00246941232754,76.0960946463,57.6249490393,66.2195860459
2019-11-11,1.9268,2019-11-21 06:00:00+00:00,1.8246,2019-11-21 06:00:00+00:00,62.564,2019-11-21 06:00:00+00:00,56.854,2019-11-21 06:00:00+00:00,27,27,0,2019-11-21 23:00:00+00:00,-0.00957136972526,-0.00478568486263,76.0960946463,57.0760304884,65.9034370734
2019-11-18,1.913,2019-11-28 06:00:00+00:00,1.8122,2019-11-28 06:00:00+00:00,63.762,2019-11-28 06:00:00+00:00,56.9,2019-11-28 06:00:00+00:00,27,27,0,2019-11-28 23:00:00+00:00,-0.00700355671961,-0.00350177835981,76.0960946463,56.6776917936,65.6730614412
2019-11-25,1.9526,2019-12-05 06:00:00+00:00,1.8688,2019-12-05 06:00:00+00:00,64.74,2019-12-05 06:00:00+00:00,58.0533333333,2019-12-05 06:00:00+00:00,27,27,0.000144139989007,2019-12-05 23:00:00+00:00,0.0256220320986,0.0128830860438,76.1070639271,58.1486534741,66.5246066297
2019-12-02,1.919,2019-12-12 06:00:00+00:00,1.8294,2019-12-12 06:00:00+00:00,64.714,2019-12-12 06:00:00+00:00,57.64,2019-12-12 06:00:00+00:00,27,27,0.00261186704584,2019-12-12 23:00:00+00:00,-0.0193330350978,-0.00836058402596,76.3061052809,57.0352608241,65.9707406141
2019-12-09,1.957,2019-12-19 06:00:00+00:00,1.855,2019-12-19 06:00:00+00:00,66.498,2019-12-19 06:00:00+00:00,59.248,2019-12-19 06:00:00+00:00,27,27,-0.000469696215838,2019-12-19 23:00:00+00:00,0.0167525616038,0.00814143269399,76.2702730078,57.9987958501,66.5100292709
2019-12-16,2.0244,2019-12-28 06:00:00+00:00,1.9262,2019-12-28 06:00:00+00:00,68.902,2019-12-28 06:00:00+00:00,60.75,2019-12-28 06:00:00+00:00,27,27,0,2019-12-26 23:00:00+00:00,0.0357625630145,0.0178812815073,76.2702730078,60.110516653,67.7100104547
2019-12-23,2.03725,2020-01-09 06:00:00+00:00,1.96475,2020-01-09 06:00:00+00:00,68.73,2020-01-09 06:00:00+00:00,61.29,2020-01-09 06:00:00+00:00,0,0,,2020-01-02 23:00:00+00:00,0.01307167974,,,60.9014200319,
2019-12-30,2.03225,2020-01-09 06:00:00+00:00,1.9565,2020-01-09 06:00:00+00:00,68.05,2020-01-09 06:00:00+00:00,61.7425,2020-01-09 06:00:00+00:00,0,0,,2020-01-09 23:00:00+00:00,-0.00333257683473,,,60.6987991826,
2020-01-06,1.977,2020-01-16 06:00:00+00:00,1.8986,2020-01-16 06:00:00+00:00,67.93,2020-01-16 06:00:00+00:00,60.84,2020-01-16 06:00:00+00:00,27,0,,2020-01-16 23:00:00+00:00,-0.0288016998294,,78.7922192334,58.9755065929,68.1675219211
2020-01-13,1.8814,2020-01-24 06:00:00+00:00,1.791,2020-01-24 06:00:00+00:00,64.112,2020-01-24 06:00:00+00:00,58.288,2020-01-24 06:00:00+00:00,27,27,0.00304943105077,2020-01-23 23:00:00+00:00,-0.0539535065099,-0.0254520377296,79.0328573916,55.8778863408,66.4544131154
2020-01-20,1.7835,2020-01-30 06:00:00+00:00,1.7035,2020-01-30 06:00:00+00:00,62.2,2020-01-30 06:00:00+00:00,56.1525,2020-01-30 06:00:00+00:00,27,27,-0.00930807988982,2020-01-30 23:00:00+00:00,-0.0517638098493,-0.0305359448696,78.3006263602,53.0590210599,64.45583436
2020-01-27,1.662,2020-02-06 06:00:00+00:00,1.5958,2020-02-06 06:00:00+00:00,58.572,2020-02-06 06:00:00+00:00,52.696,2020-02-06 06:00:00+00:00,27,27,-0.0153789594783,2020-02-06 23:00:00+00:00,-0.0679329048052,-0.0416559321418,77.1056564492,49.5742722268,61.8260204367
2020-02-03,1.6224,2020-02-13 06:00:00+00:00,1.541,2020-02-13 06:00:00+00:00,54.594,2020-02-13 06:00:00+00:00,50.36,2020-02-13 06:00:00+00:00,27,27,-0.0189182940933,2020-02-13 23:00:00+00:00,-0.0295293917863,-0.0242238429398,75.6606604905,48.1317769419,60.3463506271
2020-02-10,1.6596,2020-02-21 06:00:00+00:00,1.5824,2020-02-21 06:00:00+00:00,55.328,2020-02-21 06:00:00+00:00,50.832,2020-02-21 06:00:00+00:00,27,27,-0.0201826482551,2020-02-20 23:00:00+00:00,0.0245906003051,0.002203976025,74.1489346239,49.3300388388,60.4794992113
2020-02-17,1.6924,2020-02-27 06:00:00+00:00,1.6224,2020-02-27 06:00:00+00:00,58.644,2020-02-27 06:00:00+00:00,52.914,2020-02-27 06:00:00+00:00,27,27,-0.00791288625607,2020-02-27 23:00:00+00:00,0.0222674414578,0.00717727760087,73.5645177995,50.4408137516,60.9151388495
2020-02-24,1.5306,2020-03-12 05:00:00+00:00,1.4756,2020-03-12 05:00:00+00:00,54.242,2020-03-12 05:00:00+00:00,48.362,2020-03-12 05:00:00+00:00,27,27,0,2020-03-05 23:00:00+00:00,-0.0976648360722,-0.0488324180361,73.5645177995,45.7474388144,58.0119666702
2020-03-02,1.5122,2020-03-12 05:00:00+00:00,1.458,2020-03-12 05:00:00+00:00,50.702,2020-03-12 05:00:00+00:00,45.574,2020-03-12 05:00:00+00:00,27,27,-0.0106350705232,2020-03-12 23:00:00+00:00,-0.0120466622028,-0.011340866363,72.7862995029,45.1996410644,57.3577772576
2020-03-09,1.2052,2020-03-19 05:00:00+00:00,1.1428,2020-03-19 05:00:00+00:00,34.098,2020-03-19 05:00:00+00:00,32.386,2020-03-19 05:00:00+00:00,27,27,-0.0330256077325,2020-03-19 23:00:00+00:00,-0.23525212904,-0.134138868386,70.4217480145,35.7245103171,50.1575763319
2020-03-16,1.03325,2020-03-26 05:00:00+00:00,0.966333333333,2020-03-26 05:00:00+00:00,25.9175,2020-03-26 05:00:00+00:00,25.3725,2020-03-26 05:00:00+00:00,27,27,-0.0787738503598,2020-03-26 23:00:00+00:00,-0.160832091984,-0.119802971172,65.0872245027,30.4170992232,44.4945453495
2020-03-23,1.071,2020-04-02 05:00:00+00:00,0.9968,2020-04-02 05:00:00+00:00,24.224,2020-04-02 05:00:00+00:00,18.668,2020-04-02 05:00:00+00:00,27,27,-0.0661186267256,2020-04-02 22:00:00+00:00,0.0334624624178,-0.0163280821539,60.9229322114,31.4521513794,43.7739338693
2020-03-30,1.0252,2020-04-09 05:00:00+00:00,0.9444,2020-04-09 05:00:00+00:00,19.56,2020-04-09 05:00:00+00:00,21.686,2020-04-09 05:00:00+00:00,27,27,-0.0235001130788,2020-04-09 22:00:00+00:00,-0.0488527093898,-0.0361764112343,59.5079279156,29.9525564373,42.2186519131
2020-04-06,1.02575,2020-04-16 05:00:00+00:00,0.9415,2020-04-16 05:00:00+00:00,22.5325,2020-04-16 05:00:00+00:00,24.405,2020-04-16 05:00:00+00:00,27,27,-0.0212417407028,2020-04-16 22:00:00+00:00,-0.00126956014089,-0.0112556504219,58.2572067167,29.9145539939,41.7461178537
2020-04-13,0.9628,2020-04-30 05:00:00+00:00,0.8846,2020-04-30 05:00:00+00:00,20.042,2020-04-30 05:00:00+00:00,20.12,2020-04-23 05:00:00+00:00,0,0,,2020-04-23 22:00:00+00:00,-0.0628362040382,,,28.092676331,
2020-04-20,0.7642,2020-04-30 05:00:00+00:00,0.6846,2020-04-30 05:00:00+00:00,14.236,2020-04-30 05:00:00+00:00,3.324,2020-04-30 05:00:00+00:00,27,0,,2020-04-30 22:00:00+00:00,-0.243658505117,,56.333260513,22.0177821949,35.2183682232
2020-04-27,0.6924,2020-05-07 05:00:00+00:00,0.6274,2020-05-07 05:00:00+00:00,17.046,2020-05-07 05:00:00+00:00,15.712,2020-05-07 05:00:00+00:00,27,27,-0.0356262635033,2020-05-07 22:00:00+00:00,-0.0929580710251,-0.0642921672642,54.3616460891,20.063301243,33.0253551313
2020-05-04,0.8474,2020-05-14 05:00:00+00:00,0.762,2020-05-14 05:00:00+00:00,23.5725,2020-05-14 05:00:00+00:00,23.464,2020-05-14 05:00:00+00:00,27,27,-0.0340875509999,2020-05-14 22:00:00+00:00,0.19818563741,0.0820490432052,52.53981794,24.4609501571,35.8493217215
2020-05-11,0.8504,2020-05-21 05:00:00+00:00,0.7994,2020-05-21 05:00:00+00:00,28.182,2020-05-21 05:00:00+00:00,26.398,2020-05-21 05:00:00+00:00,27,27,-0.00784216637361,2020-05-21 22:00:00+00:00,0.0257244397129,0.00894113666966,52.1294033197,25.0983577211,36.1712926546
2020-05-18,0.9506,2020-05-29 05:00:00+00:00,0.9206,2020-05-29 05:00:00+00:00,33.94,2020-05-29 05:00:00+00:00,33.096,2020-05-29 05:00:00+00:00,27,27,0,2020-05-28 22:00:00+00:00,0.126275361129,0.0631376805645,52.1294033197,28.4764598469,38.5287017751
2020-05-25,0.9275,2020-06-04 05:00:00+00:00,0.91275,2020-06-04 05:00:00+00:00,33.722,2020-06-04 05:00:00+00:00,34.185,2020-06-04 05:00:00+00:00,27,27,0.0258258018676,2020-06-04 22:00:00+00:00,-0.0165820902729,0.0046218557974,53.4932220154,28.0081540938,38.7071880299
2020-06-01,1.0258,2020-06-11 05:00:00+00:00,0.9992,2020-06-11 05:00:00+00:00,38.37,2020-06-11 05:00:00+00:00,37.322,2020-06-11 05:00:00+00:00,27,27,0.00724219715081,2020-06-11 22:00:00+00:00,0.0956141093746,0.0514281532627,53.8820367124,30.8183346832,40.7499035682
2020-06-08,1.089,2020-06-18 05:00:00+00:00,1.061,2020-06-18 05:00:00+00:00,39.518,2020-06-18 05:00:00+00:00,37.872,2020-06-18 05:00:00+00:00,27,27,0.00854235347164,2020-06-18 22:00:00+00:00,0.0598996138902,0.0342209836809,54.3442876604,32.7207491967,42.168540487
2020-06-15,1.183,2020-06-25 05:00:00+00:00,1.1318,2020-06-25 05:00:00+00:00,40.948,2020-06-25 05:00:00+00:00,38.35,2020-06-25 05:00:00+00:00,27,27,0.0133517286938,2020-06-25 22:00:00+00:00,0.0736955835699,0.0435236561319,55.0747434174,35.2232012625,44.0443954649
2020-06-22,1.1776,2020-07-02 05:00:00+00:00,1.1218,2020-07-02 05:00:00+00:00,41.694,2020-07-02 05:00:00+00:00,39.22,2020-07-02 05:00:00+00:00,27,27,0.0156340186957,2020-07-02 22:00:00+00:00,-0.00672493181898,0.00445454343836,55.9425489538,34.9871223326,44.2410307728
2020-06-29,1.19375,2020-07-09 05:00:00+00:00,1.148,2020-07-09 05:00:00+00:00,42.302,2020-07-09 05:00:00+00:00,39.8475,2020-07-09 05:00:00+00:00,27,27,0.0158239358874,2020-07-09 22:00:00+00:00,0.0183539518128,0.0170889438501,56.8348212733,35.6352035224,45.0035601173
2020-07-06,1.2386,2020-07-16 05:00:00+00:00,1.1908,2020-07-16 05:00:00+00:00,43.06,2020-07-16 05:00:00+00:00,40.442,2020-07-16 05:00:00+00:00,27,27,0.00869115753817,2020-07-16 22:00:00+00:00,0.0367430744856,0.0227171160119,57.3309344346,36.9689025168,46.0376120831
2020-07-13,1.2258,2020-07-23 05:00:00+00:00,1.1768,2020-07-23 05:00:00+00:00,43.404,2020-07-23 05:00:00+00:00,40.57,2020-07-23 05:00:00+00:00,27,27,0.0117400070313,2020-07-23 22:00:00+00:00,-0.0111072386534,0.000316384188948,58.0079664119,36.5605521147,46.05217996
2020-07-20,1.2642,2020-07-30 05:00:00+00:00,1.2088,2020-07-30 05:00:00+00:00,43.568,2020-07-30 05:00:00+00:00,41.338,2020-07-30 05:00:00+00:00,27,27,0.00667617118815,2020-07-30 22:00:00+00:00,0.0288375303289,0.0177568507585,58.3965331518,37.6302172687,46.8772250698
2020-07-27,1.2422,2020-08-06 05:00:00+00:00,1.1908,2020-08-06 05:00:00+00:00,43.224,2020-08-06 05:00:00+00:00,40.686,2020-08-06 05:00:00+00:00,27,27,0.000952871813617,2020-08-06 22:00:00+00:00,-0.016279145865,-0.00766313702567,58.4522040817,37.0225887286,46.5193713629
2020-08-03,1.2424,2020-08-13 05:00:00+00:00,1.1868,2020-08-13 05:00:00+00:00,44.356,2020-08-13 05:00:00+00:00,41.568,2020-08-13 05:00:00+00:00,27,27,-0.00344903989467,2020-08-13 22:00:00+00:00,-0.00160187450784,-0.00252545720126,58.2509473686,36.9633306622,46.4020369054
2020-08-10,1.229,2020-08-20 05:00:00+00:00,1.1896,2020-08-20 05:00:00+00:00,44.538,2020-08-20 05:00:00+00:00,42.076,2020-08-20 05:00:00+00:00,27,27,0,2020-08-20 22:00:00+00:00,-0.00424382776958,-0.00212191388479,58.2509473686,36.8067970389,46.3036801682
2020-08-17,1.2228,2020-08-27 05:00:00+00:00,1.1934,2020-08-27 05:00:00+00:00,44.792,2020-08-27 05:00:00+00:00,42.726,2020-08-27 05:00:00+00:00,27,27,0,2020-08-27 22:00:00+00:00,-0.00093412980366,-0.00046706490183,58.2509473686,36.7724307666,46.2820583941
2020-08-24,1.2194,2020-09-03 05:00:00+00:00,1.217,2020-09-03 05:00:00+00:00,45.258,2020-09-03 05:00:00+00:00,42.932,2020-09-03 05:00:00+00:00,27,27,-0.00102071102566,2020-09-03 22:00:00+00:00,0.00839903067829,0.00368915982632,58.1915203184,37.0825842116,46.4531156394
2020-08-31,1.1662,2020-09-11 05:00:00+00:00,1.145,2020-09-11 05:00:00+00:00,43.06,2020-09-11 05:00:00+00:00,41.842,2020-09-11 05:00:00+00:00,27,27,-0.00158512337224,2020-09-10 22:00:00+00:00,-0.0527962558424,-0.0271906896073,58.0993526474,35.1755477597,45.2070409766
2020-09-07,1.07675,2020-09-17 05:00:00+00:00,1.049,2020-09-17 05:00:00+00:00,39.45,2020-09-17 05:00:00+00:00,37.375,2020-09-17 05:00:00+00:00,27,27,-0.0092266477481,2020-09-17 22:00:00+00:00,-0.0836853312229,-0.0464559894855,57.5657558265,32.3516765216,43.1549384337
2020-09-14,1.1254,2020-09-24 05:00:00+00:00,1.0818,2020-09-24 05:00:00+00:00,40.77,2020-09-24 05:00:00+00:00,39.554,2020-09-24 05:00:00+00:00,27,27,-0.0212771547769,2020-09-24 22:00:00+00:00,0.037490137053,0.00810649113805,56.3538589093,33.5875674164,43.5061953667
2020-09-21,1.1172,2020-10-01 05:00:00+00:00,1.0616,2020-10-01 05:00:00+00:00,40.89,2020-10-01 05:00:00+00:00,39.78,2020-10-01 05:00:00+00:00,27,27,-0.0108366994253,2020-10-01 22:00:00+00:00,-0.0130810446737,-0.0119588720495,55.7464660896,33.1510681042,42.9890089896
2020-09-28,1.1242,2020-10-08 05:00:00+00:00,1.0732,2020-10-08 05:00:00+00:00,39.994,2020-10-08 05:00:00+00:00,38.992,2020-10-08 05:00:00+00:00,27,27,-0.00707926611815,2020-10-08 22:00:00+00:00,0.00855687601521,0.00073880494853,55.3532156257,33.4359548156,43.0207812174
2020-10-05,1.1758,2020-10-16 05:00:00+00:00,1.1314,2020-10-16 05:00:00+00:00,41.06,2020-10-16 05:00:00+00:00,40.188,2020-10-16 05:00:00+00:00,27,27,0,2020-10-15 22:00:00+00:00,0.0488440298789,0.0244220149394,55.3532156257,35.1096437113,44.0843700068
2020-10-12,1.1832,2020-10-22 05:00:00+00:00,1.1336,2020-10-22 05:00:00+00:00,41.32,2020-10-22 05:00:00+00:00,40.33,2020-10-22 05:00:00+00:00,27,27,0.00189599499421,2020-10-22 22:00:00+00:00,0.00410823544793,0.00300211522107,55.4582646001,35.2541790836,44.2169152234
2020-10-19,1.1578,2020-10-29 05:00:00+00:00,1.108,2020-10-29 05:00:00+00:00,40.998,2020-10-29 05:00:00+00:00,40.426,2020-10-29 05:00:00+00:00,27,27,0,2020-10-29 23:00:00+00:00,-0.0222714004105,-0.0111357002052,55.4582646001,34.477697902,43.7272602967
2020-10-26,1.1174,2020-11-05 06:00:00+00:00,1.0766,2020-11-05 06:00:00+00:00,37.906,2020-11-05 06:00:00+00:00,37.316,2020-11-05 06:00:00+00:00,27,27,0,2020-11-05 23:00:00+00:00,-0.0321328779001,-0.0160664389501,55.4582646001,33.3874406053,43.030332504
2020-11-02,1.1438,2020-11-13 06:00:00+00:00,1.119,2020-11-13 06:00:00+00:00,38.636,2020-11-13 06:00:00+00:00,37.708,2020-11-13 06:00:00+00:00,27,27,-0.00933770461367,2020-11-12 23:00:00+00:00,0.0309894983206,0.0108258968535,54.9428219776,34.4382993343,43.4987051478
2020-11-09,1.2256,2020-11-19 06:00:00+00:00,1.1986,2020-11-19 06:00:00+00:00,41.87,2020-11-19 06:00:00+00:00,40.658,2020-11-19 06:00:00+00:00,27,27,0,2020-11-19 23:00:00+00:00,0.0688966236086,0.0344483118043,54.9428219776,36.8946266578,45.0232706985
2020-11-16,1.258,2020-11-26 06:00:00+00:00,1.2234,2020-11-26 06:00:00+00:00,43.008,2020-11-26 06:00:00+00:00,41.516,2020-11-26 06:00:00+00:00,27,27,0.0131839937209,2020-11-26 23:00:00+00:00,0.0232861485292,0.0182350711251,55.6719838687,37.7638414698,45.8518044697
2020-11-23,1.35933333333,2020-12-03 06:00:00+00:00,1.32366666667,2020-12-03 06:00:00+00:00,46.426,2020-12-03 06:00:00+00:00,44.4,2020-12-03 06:00:00+00:00,27,27,0.0121539860616,2020-12-03 23:00:00+00:00,0.0781215104303,0.045137748246,56.3527490095,40.832305941,47.9688720753
2020-11-30,1.3684,2020-12-10 06:00:00+00:00,1.3354,2020-12-10 06:00:00+00:00,47.828,2020-12-10 06:00:00+00:00,45.37,2020-12-10 06:00:00+00:00,27,27,0.0153702357829,2020-12-10 23:00:00+00:00,0.00773649979889,0.0115533677909,57.2255947879,41.1494302019,48.5262879116
2020-12-07,1.4126,2020-12-17 06:00:00+00:00,1.3746,2020-12-17 06:00:00+00:00,49.324,2020-12-17 06:00:00+00:00,46.038,2020-12-17 06:00:00+00:00,27,27,0.0140915270487,2020-12-17 23:00:00+00:00,0.0303608555676,0.0222261913082,58.0376992625,42.4179209026,49.6169178475
2020-12-14,1.4788,2020-12-24 06:00:00+00:00,1.4382,2020-12-24 06:00:00+00:00,51.048,2020-12-24 06:00:00+00:00,47.968,2020-12-24 06:00:00+00:00,27,27,0.0164404714053,2020-12-24 23:00:00+00:00,0.0455142610343,0.0309773662198,58.9997530371,44.393150822,51.1779731431
2020-12-21,1.47925,2020-12-31 06:00:00+00:00,1.43,2020-12-31 06:00:00+00:00,50.605,2020-12-31 06:00:00+00:00,47.7325,2020-12-31 06:00:00+00:00,27,27,0.0127607506174,2020-12-31 23:00:00+00:00,-0.00270681646006,0.00502696707865,59.7574583345,44.2731491951,51.435890858
2020-12-28,1.478,2021-01-07 06:00:00+00:00,1.43275,2021-01-07 06:00:00+00:00,50.82,2021-01-07 06:00:00+00:00,47.985,2021-01-07 06:00:00+00:00,0,0,,2021-01-07 23:00:00+00:00,0.000537925064619,,,44.2969712384,
2021-01-04,1.5246,2021-01-14 06:00:00+00:00,1.4704,2021-01-14 06:00:00+00:00,53.308,2021-01-14 06:00:00+00:00,50.094,2021-01-14 06:00:00+00:00,0,0,,2021-01-14 23:00:00+00:00,0.0284905281078,,,45.5771654528,
2021-01-11,1.5916,2021-01-23 06:00:00+00:00,1.5422,2021-01-23 06:00:00+00:00,55.38,2021-01-23 06:00:00+00:00,52.752,2021-01-23 06:00:00+00:00,27,0,,2021-01-21 23:00:00+00:00,0.045341607398,,61.9682694885,47.6912737488,54.3630913756
2021-01-18,1.587,2021-01-28 06:00:00+00:00,1.53675,2021-01-28 06:00:00+00:00,55.23,2021-01-28 06:00:00+00:00,52.8275,2021-01-28 06:00:00+00:00,27,27,0.0249918186558,2021-01-28 23:00:00+00:00,-0.00321726481905,0.0108872769184,63.5364838833,47.5380848484,54.9581910348
2021-01-25,1.5974,2021-02-04 06:00:00+00:00,1.5448,2021-02-04 06:00:00+00:00,55.178,2021-02-04 06:00:00+00:00,52.524,2021-02-04 06:00:00+00:00,27,27,0.00834914901964,2021-02-04 23:00:00+00:00,0.00587826064203,0.00711370483083,64.0691801412,47.8183490275,55.3505412611
2021-02-01,1.6896,2021-02-11 06:00:00+00:00,1.6376,2021-02-11 06:00:00+00:00,58.222,2021-02-11 06:00:00+00:00,55.396,2021-02-11 06:00:00+00:00,27,27,0.00240584231897,2021-02-11 23:00:00+00:00,0.0572259051307,0.0298158737248,64.2235060536,50.6346103678,57.0257153
2021-02-08,1.7572,2021-02-19 06:00:00+00:00,1.7014,2021-02-19 06:00:00+00:00,61.128,2021-02-19 06:00:00+00:00,58.54,2021-02-19 06:00:00+00:00,27,27,0.0167495890552,2021-02-18 23:00:00+00:00,0.0387247523922,0.0277371707237,65.3082828092,52.633883967,58.6295879182
2021-02-15,1.827,2021-02-25 06:00:00+00:00,1.79425,2021-02-25 06:00:00+00:00,63.898,2021-02-25 06:00:00+00:00,60.17,2021-02-25 06:00:00+00:00,27,27,0.0265100373438,2021-02-25 23:00:00+00:00,0.0460446550224,0.0362773461831,67.0627607126,55.1140541154,60.7955641724
2021-02-22,1.885,2021-03-04 06:00:00+00:00,1.852,2021-03-04 06:00:00+00:00,65.858,2021-03-04 06:00:00+00:00,62.304,2021-03-04 06:00:00+00:00,27,27,0.0263168743391,2021-03-04 23:00:00+00:00,0.0314657862,0.0288913302696,68.8510711183,56.8758336901,62.5776483284
2021-03-01,1.8646,2021-03-11 06:00:00+00:00,1.8414,2021-03-11 06:00:00+00:00,65.94,2021-03-11 06:00:00+00:00,62.292,2021-03-11 06:00:00+00:00,27,27,0.0176682041839,2021-03-11 23:00:00+00:00,-0.00831062618595,0.00467878899898,70.0783559343,56.4051185752,62.8711219562
2021-03-08,1.9266,2021-03-18 05:00:00+00:00,1.9052,2021-03-18 05:00:00+00:00,68.154,2021-03-18 05:00:00+00:00,65.022,2021-03-18 05:00:00+00:00,27,27,0.00795883599714,2021-03-18 23:00:00+00:00,0.0333855382669,0.020672187132,70.6383234652,58.3200209854,64.1843322538
2021-03-15,1.8728,2021-03-25 05:00:00+00:00,1.8432,2021-03-25 05:00:00+00:00,66.114,2021-03-25 05:00:00+00:00,63.222,2021-03-25 05:00:00+00:00,27,27,0.0173525198475,2021-03-25 23:00:00+00:00,-0.030702976286,-0.00667522821921,71.8747731082,56.5566319329,63.7573139957
2021-03-22,1.7852,2021-04-01 05:00:00+00:00,1.7504,2021-04-01 05:00:00+00:00,62.506,2021-04-01 05:00:00+00:00,59.95,2021-04-01 05:00:00+00:00,27,27,0.00408649394045,2021-04-01 22:00:00+00:00,-0.0497815208477,-0.0228475134536,72.1690898852,53.8100875434,62.317132834
2021-03-29,1.7975,2021-04-08 05:00:00+00:00,1.75575,2021-04-08 05:00:00+00:00,63.6775,2021-04-08 05:00:00+00:00,60.66,2021-04-08 05:00:00+00:00,27,27,-0.00506723140356,2021-04-08 22:00:00+00:00,0.00495906982578,-5.40807888898e-05,71.8043173805,54.0775982789,62.3137627654
2021-04-05,1.7998,2021-04-15 05:00:00+00:00,1.7522,2021-04-15 05:00:00+00:00,62.232,2021-04-15 05:00:00+00:00,59.348,2021-04-15 05:00:00+00:00,0,0,,2021-04-15 22:00:00+00:00,-0.00037261890111,,,54.0574516973,
2021-04-12,1.8606,2021-04-22 05:00:00+00:00,1.8136,2021-04-22 05:00:00+00:00,64.686,2021-04-22 05:00:00+00:00,61.926,2021-04-22 05:00:00+00:00,27,0,,2021-04-22 22:00:00+00:00,0.0338325738478,,71.7338405896,55.9176445452,63.3339356108
2021-04-19,1.872,2021-04-29 05:00:00+00:00,1.8248,2021-04-29 05:00:00+00:00,65.344,2021-04-29 05:00:00+00:00,62.182,2021-04-29 05:00:00+00:00,27,27,0.00110788455761,2021-04-29 22:00:00+00:00,0.00613246673997,0.00362017564879,71.8133574434,56.2616112447,63.5636311003
2021-04-26,1.9204,2021-05-06 05:00:00+00:00,1.8664,2021-05-06 05:00:00+00:00,66.964,2021-05-06 05:00:00+00:00,63.472,2021-05-06 05:00:00+00:00,27,27,0,2021-05-06 22:00:00+00:00,0.0240335846781,0.0120167923391,71.8133574434,57.6301591248,64.3320698932
2021-05-03,1.9926,2021-05-13 05:00:00+00:00,1.9426,2021-05-13 05:00:00+00:00,68.74,2021-05-13 05:00:00+00:00,65.1,2021-05-13 05:00:00+00:00,27,27,0.00144553458315,2021-05-13 22:00:00+00:00,0.0384613306075,0.0199534325953,71.9172412008,59.8898688962,65.6286076867
2021-05-10,2.0408,2021-05-20 05:00:00+00:00,1.9846,2021-05-20 05:00:00+00:00,68.732,2021-05-20 05:00:00+00:00,65.066,2021-05-20 05:00:00+00:00,27,27,0.0121331520283,2021-05-20 22:00:00+00:00,0.0226458348644,0.0173894934463,72.7951390862,61.2615983345,66.7798365631
2021-05-17,2.0198,2021-05-27 05:00:00+00:00,1.9658,2021-05-27 05:00:00+00:00,67.482,2021-05-27 05:00:00+00:00,64.114,2021-05-27 05:00:00+00:00,27,27,0.0039817188721,2021-05-27 22:00:00+00:00,-0.00993074329138,-0.00297451220964,73.0855666821,60.656235952,66.581494256
2021-05-24,2.0438,2021-06-04 05:00:00+00:00,1.9928,2021-06-04 05:00:00+00:00,69.022,2021-06-04 05:00:00+00:00,66.398,2021-06-04 05:00:00+00:00,27,27,0.00248447332766,2021-06-03 22:00:00+00:00,0.0127268607005,0.0076056670141,73.2673715743,61.4331326594,67.0898215643
2021-05-31,2.10325,2021-06-10 05:00:00+00:00,2.05075,2021-06-10 05:00:00+00:00,70.66,2021-06-10 05:00:00+00:00,68.7425,2021-06-10 05:00:00+00:00,27,27,0,2021-06-10 22:00:00+00:00,0.0286689210939,0.0143344605469,73.2673715743,63.2198434533,68.0584437169
2021-06-07,2.1294,2021-06-17 05:00:00+00:00,2.0738,2021-06-17 05:00:00+00:00,71.458,2021-06-17 05:00:00+00:00,70.112,2021-06-17 05:00:00+00:00,27,27,0.0085125733239,2021-06-17 22:00:00+00:00,0.0117667878455,0.0101396805847,73.8937276156,63.9681317801,68.7520451029
2021-06-14,2.096,2021-06-24 05:00:00+00:00,2.0432,2021-06-24 05:00:00+00:00,73.11,2021-06-24 05:00:00+00:00,71.546,2021-06-24 05:00:00+00:00,27,27,0.00967772443319,2021-06-24 22:00:00+00:00,-0.0153374751427,-0.00282987535477,74.6123223211,62.9945077026,68.5577604153
2021-06-21,2.1488,2021-07-01 05:00:00+00:00,2.0966,2021-07-01 05:00:00+00:00,75.406,2021-07-01 05:00:00+00:00,73.484,2021-07-01 05:00:00+00:00,27,27,0.00996090108582,2021-07-01 22:00:00+00:00,0.0253392795341,0.01765009031,75.3592421048,64.6111387762,69.778552935
2021-06-28,2.1404,2021-07-09 05:00:00+00:00,2.087,2021-07-09 05:00:00+00:00,76.26,2021-07-09 05:00:00+00:00,74.068,2021-07-09 05:00:00+00:00,27,27,0.0147756109441,2021-07-08 22:00:00+00:00,-0.00425308813655,0.00526126140376,76.4809877779,64.3369254485,70.1466436039
2021-07-05,2.12175,2021-07-15 05:00:00+00:00,2.06475,2021-07-15 05:00:00+00:00,76.134,2021-07-15 05:00:00+00:00,73.345,2021-07-15 05:00:00+00:00,27,27,0.010917523477,2021-07-15 22:00:00+00:00,-0.00973499098687,0.000591266245054,77.3205453633,63.7136447972,70.1881312104
2021-07-12,2.1342,2021-07-22 05:00:00+00:00,2.0816,2021-07-22 05:00:00+00:00,75.8,2021-07-22 05:00:00+00:00,73.188,2021-07-22 05:00:00+00:00,27,27,0.00675606168268,2021-07-22 22:00:00+00:00,0.00698916220005,0.00687261194136,77.8446963416,64.1605095812,70.6721683937
2021-07-19,2.0686,2021-07-29 05:00:00+00:00,2.0136,2021-07-29 05:00:00+00:00,72.202,2021-07-29 05:00:00+00:00,69.684,2021-07-29 05:00:00+00:00,27,27,0.00366138299461,2021-07-29 22:00:00+00:00,-0.0322162415879,-0.0142774292967,78.1302380087,62.1264400663,69.6703204314
2021-07-26,2.1668,2021-08-05 05:00:00+00:00,2.11,2021-08-05 05:00:00+00:00,75.754,2021-08-05 05:00:00+00:00,72.75,2021-08-05 05:00:00+00:00,27,27,0,2021-08-05 22:00:00+00:00,0.0465715787445,0.0232857893723,78.1302380087,65.0881980376,71.3116849067
2021-08-02,2.1022,2021-08-12 05:00:00+00:00,2.0456,2021-08-12 05:00:00+00:00,72.26,2021-08-12 05:00:00+00:00,69.5,2021-08-12 05:00:00+00:00,27,27,0.00388960642656,2021-08-12 22:00:00+00:00,-0.0306319059438,-0.0133711497586,78.4347256692,63.1246496253,70.3645121942
2021-08-09,2.0792,2021-08-19 05:00:00+00:00,2.0294,2021-08-19 05:00:00+00:00,71.094,2021-08-19 05:00:00+00:00,68.334,2021-08-19 05:00:00+00:00,27,27,0,2021-08-19 22:00:00+00:00,-0.00947608659698,-0.00473804329849,78.4347256692,62.5293002253,70.0319106512
2021-08-16,1.9904,2021-08-26 05:00:00+00:00,1.9366,2021-08-26 05:00:00+00:00,68.078,2021-08-26 05:00:00+00:00,65.048,2021-08-26 05:00:00+00:00,27,27,-0.00150093836808,2021-08-26 22:00:00+00:00,-0.045226952725,-0.0233639455465,78.3170882854,59.7642883488,68.4146552058
2021-08-23,2.0722,2021-09-02 05:00:00+00:00,2.023,2021-09-02 05:00:00+00:00,71.016,2021-09-02 05:00:00+00:00,67.59,2021-09-02 05:00:00+00:00,27,27,-0.00574033910179,2021-09-02 22:00:00+00:00,0.0419614606316,0.0181105607649,77.8688095082,62.3254443159,69.6649707597
2021-08-30,2.1432,2021-09-10 05:00:00+00:00,2.1006,2021-09-10 05:00:00+00:00,73.0175,2021-09-10 05:00:00+00:00,69.15,2021-09-10 05:00:00+00:00,27,27,-0.000986481934585,2021-09-09 22:00:00+00:00,0.0356653272168,0.0173394226411,77.7920312108,64.5884166325,70.8834545048
2021-09-06,2.12675,2021-09-16 05:00:00+00:00,2.08775,2021-09-16 05:00:00+00:00,72.018,2021-09-16 05:00:00+00:00,68.9825,2021-09-16 05:00:00+00:00,27,27,0.00552321065195,2021-09-16 22:00:00+00:00,-0.00692056676487,-0.000698678056461,78.22288173,64.1429713278,70.8339470875
2021-09-13,2.19,2021-09-23 05:00:00+00:00,2.1414,2021-09-23 05:00:00+00:00,74.128,2021-09-23 05:00:00+00:00,71.688,2021-09-23 05:00:00+00:00,27,27,0.00575502294786,2021-09-23 22:00:00+00:00,0.0273397203227,0.0165473716353,78.6743540802,65.9208143526,72.0158141635
2021-09-20,2.2168,2021-09-30 05:00:00+00:00,2.169,2021-09-30 05:00:00+00:00,75.32,2021-09-30 05:00:00+00:00,72.18,2021-09-30 05:00:00+00:00,27,27,0.00653925057293,2021-09-30 22:00:00+00:00,0.0124847909205,0.0095120207467,79.1905111963,66.7489809232,72.7040983792
2021-09-27,2.3136,2021-10-07 05:00:00+00:00,2.257,2021-10-07 05:00:00+00:00,77.962,2021-10-07 05:00:00+00:00,75.032,2021-10-07 05:00:00+00:00,27,27,0.0154396412209,2021-10-07 22:00:00+00:00,0.0412551522032,0.028347396712,80.4226718595,69.5603125207,74.7945598844
2021-10-04,2.4674,2021-10-15 05:00:00+00:00,2.4058,2021-10-15 05:00:00+00:00,82.012,2021-10-15 05:00:00+00:00,78.504,2021-10-15 05:00:00+00:00,27,27,0.031898559487,2021-10-14 22:00:00+00:00,0.0641031012077,0.0480008303474,83.0293935469,74.1653665785,78.4723225679
2021-10-11,2.56125,2021-10-21 05:00:00+00:00,2.4825,2021-10-21 05:00:00+00:00,83.868,2021-10-21 05:00:00+00:00,81.31,2021-10-21 05:00:00+00:00,27,27,0.0347822438897,2021-10-21 22:00:00+00:00,0.0343570421376,0.0345696430136,85.9681542376,76.7577474728,81.2325173417
2021-10-18,2.5676,2021-10-28 05:00:00+00:00,2.4982,2021-10-28 05:00:00+00:00,84.984,2021-10-28 05:00:00+00:00,83.476,2021-10-28 05:00:00+00:00,27,27,0.0280341333297,2021-10-28 22:00:00+00:00,0.0043902727485,0.0162122030391,88.4122965702,77.0954757369,82.5602087271
2021-10-25,2.5294,2021-11-04 05:00:00+00:00,2.4664,2021-11-04 05:00:00+00:00,84.116,2021-11-04 05:00:00+00:00,83.844,2021-11-04 05:00:00+00:00,27,27,0.0143086802704,2021-11-04 23:00:00+00:00,-0.0139001824758,0.000204248897316,89.6864538695,76.0312481701,82.5770732809
2021-11-01,2.4644,2021-11-11 06:00:00+00:00,2.3996,2021-11-11 06:00:00+00:00,82.522,2021-11-11 06:00:00+00:00,81.788,2021-11-11 06:00:00+00:00,27,27,0.00875627485206,2021-11-11 23:00:00+00:00,-0.0267456455492,-0.00899468534859,90.475221403,74.0246962301,81.8376489197
2021-11-08,2.4612,2021-11-18 06:00:00+00:00,2.3934,2021-11-18 06:00:00+00:00,83.39,2021-11-18 06:00:00+00:00,81.93,2021-11-18 06:00:00+00:00,27,27,0.000879295485735,2021-11-18 23:00:00+00:00,-0.0019432209568,-0.000531962735533,90.5548108429,73.8809895612,81.7941259175
2021-11-15,2.3782,2021-11-25 06:00:00+00:00,2.3104,2021-11-25 06:00:00+00:00,81.63,2021-11-25 06:00:00+00:00,78.992,2021-11-25 06:00:00+00:00,27,27,0.00108576933492,2021-11-25 23:00:00+00:00,-0.0347997081519,-0.0168569694085,90.6531858763,71.354173907,80.4268810177
2021-11-22,2.36333333333,2021-12-02 06:00:00+00:00,2.29833333333,2021-12-02 06:00:00+00:00,80.238,2021-12-02 06:00:00+00:00,77.7933333333,2021-12-02 06:00:00+00:00,27,27,-0.00187497391615,2021-12-02 23:00:00+00:00,-0.00575364714231,-0.00381431052923,90.4833727647,70.9448059768,80.1206922394
2021-11-29,2.0964,2021-12-09 06:00:00+00:00,2.0964,2021-12-09 06:00:00+00:00,71,2021-12-09 06:00:00+00:00,66.89,2021-12-09 06:00:00+00:00,27,27,-0.0028837771223,2021-12-09 23:00:00+00:00,-0.105907049281,-0.0543954132015,90.2228147606,63.8154385637,75.8789067686
2021-12-06,2.2348,2021-12-16 06:00:00+00:00,2.1756,2021-12-16 06:00:00+00:00,74.788,2021-12-16 06:00:00+00:00,71.314,2021-12-16 06:00:00+00:00,27,27,-0.0164235350143,2021-12-16 23:00:00+00:00,0.0505065256389,0.0170414953123,88.7531388747,67.121316123,77.1830777523
2021-12-13,2.2328,2021-12-23 06:00:00+00:00,2.1656,2021-12-23 06:00:00+00:00,73.762,2021-12-23 06:00:00+00:00,71.184,2021-12-23 06:00:00+00:00,27,27,-0.00668451686872,2021-12-23 23:00:00+00:00,-0.0027511823058,-0.00471784958726,88.1618454778,66.9369069337,76.8197972261
2021-12-20,2.27325,2021-12-30 06:00:00+00:00,2.2215,2021-12-30 06:00:00+00:00,73.91,2021-12-30 06:00:00+00:00,71.625,2021-12-30 06:00:00+00:00,27,27,-1.26188538296e-05,2021-12-30 23:00:00+00:00,0.0217196532299,0.010853517188,88.1607329834,68.4066567909,77.6581032709
2021-12-27,2.3622,2022-01-06 06:00:00+00:00,2.3072,2022-01-06 06:00:00+00:00,77.43,2022-01-06 06:00:00+00:00,76.048,2022-01-06 06:00:00+00:00,0,0,,2022-01-06 23:00:00+00:00,0.0381174436432,,,71.0644765265,
2022-01-03,2.4396,2022-01-13 06:00:00+00:00,2.3574,2022-01-13 06:00:00+00:00,80.502,2022-01-13 06:00:00+00:00,77.858,2022-01-13 06:00:00+00:00,27,0,,2022-01-13 23:00:00+00:00,0.0268826759732,,88.4389299306,73.0007898545,80.3499330356
2022-01-10,2.592,2022-01-21 06:00:00+00:00,2.5238,2022-01-21 06:00:00+00:00,85.068,2022-01-21 06:00:00+00:00,81.516,2022-01-21 06:00:00+00:00,27,27,0.0141702502214,2022-01-20 23:00:00+00:00,0.0644010362381,0.0392856432298,89.7010528769,77.8568043074,83.5693563455
2022-01-17,2.68075,2022-01-27 06:00:00+00:00,2.6125,2022-01-27 06:00:00+00:00,89.158,2022-01-27 06:00:00+00:00,85.9275,2022-01-27 06:00:00+00:00,27,27,0.0141982104179,2022-01-27 23:00:00+00:00,0.0341043713412,0.0241512908795,90.983731624,80.5578587584,85.6122339475
2022-01-24,2.7344,2022-02-03 06:00:00+00:00,2.6742,2022-02-03 06:00:00+00:00,90.124,2022-02-03 06:00:00+00:00,86.94,2022-02-03 06:00:00+00:00,27,27,0.0214193762451,2022-02-03 23:00:00+00:00,0.0215790400843,0.0214992081647,92.9535674197,82.3151117491,87.4727574142
2022-01-31,2.7914,2022-02-10 06:00:00+00:00,2.7634,2022-02-10 06:00:00+00:00,92.774,2022-02-10 06:00:00+00:00,89.596,2022-02-10 06:00:00+00:00,27,27,0.0176336304103,2022-02-10 23:00:00+00:00,0.0267213820776,0.0221775062439,94.607213314,84.5443366427,89.4343563249
2022-02-07,2.9066,2022-02-17 06:00:00+00:00,2.8254,2022-02-17 06:00:00+00:00,96.434,2022-02-17 06:00:00+00:00,90.614,2022-02-17 06:00:00+00:00,27,27,0.0173762253312,2022-02-17 23:00:00+00:00,0.0313144464863,0.0243453359087,96.2654951863,87.2336836957,91.638385832
2022-02-14,2.881,2022-02-25 06:00:00+00:00,2.7994,2022-02-25 06:00:00+00:00,97.798,2022-02-25 06:00:00+00:00,92.892,2022-02-25 06:00:00+00:00,27,27,0.0129326083111,2022-02-24 23:00:00+00:00,-0.00904569804928,0.00194345513092,97.5185442613,86.4481523294,91.8166540952
2022-02-21,2.85525,2022-03-03 06:00:00+00:00,2.81633333333,2022-03-03 06:00:00+00:00,99.364,2022-03-03 06:00:00+00:00,92.175,2022-03-03 06:00:00+00:00,27,27,0.00816570906113,2022-03-03 23:00:00+00:00,-0.00147367857781,0.00334601524166,98.3181123993,86.3208493641,92.1243885743
2022-02-28,3.5002,2022-03-10 06:00:00+00:00,3.422,2022-03-10 06:00:00+00:00,114.434,2022-03-10 06:00:00+00:00,106.798,2022-03-10 06:00:00+00:00,27,27,0.0286874909722,2022-03-10 23:00:00+00:00,0.199225038869,0.113956264921,101.179458551,105.350849044,103.244088761
2022-03-07,3.8766,2022-03-17 05:00:00+00:00,3.7532,2022-03-17 05:00:00+00:00,122.286,2022-03-17 05:00:00+00:00,113.39,2022-03-17 05:00:00+00:00,27,27,0.125444017452,2022-03-17 23:00:00+00:00,0.0972610025269,0.111352509989,114.702265441,116.112227519,115.405093223
2022-03-14,3.4092,2022-03-24 05:00:00+00:00,3.2824,2022-03-24 05:00:00+00:00,109.592,2022-03-24 05:00:00+00:00,100.43,2022-03-24 05:00:00+00:00,27,27,0.164380885132,2022-03-24 23:00:00+00:00,-0.131257384216,0.0165617504579,135.195335204,101.829497125,117.33231864
2022-03-21,4.1564,2022-03-31 05:00:00+00:00,3.9726,2022-03-31 05:00:00+00:00,123.598,2022-03-31 05:00:00+00:00,113.692,2022-03-31 05:00:00+00:00,27,27,-0.0348269673161,2022-03-31 22:00:00+00:00,0.194508792681,0.0798409126822,130.567938492,123.693732413,127.084364284
2022-03-28,3.7286,2022-04-07 05:00:00+00:00,3.7858,2022-04-07 05:00:00+00:00,111.26,2022-04-07 05:00:00+00:00,103.892,2022-04-07 05:00:00+00:00,27,27,0.027560540458,2022-04-07 22:00:00+00:00,-0.0783900269519,-0.0254147432469,134.216508782,114.367687088,123.895244777
2022-04-04,3.7038,2022-04-14 05:00:00+00:00,3.5272,2022-04-14 05:00:00+00:00,103.33,2022-04-14 05:00:00+00:00,99.212,2022-04-14 05:00:00+00:00,27,27,-0.00355663519092,2022-04-14 22:00:00+00:00,-0.0387131892809,-0.0211349122359,133.739997514,110.024755915,121.30420678
2022-04-11,3.75925,2022-04-21 05:00:00+00:00,3.64,2022-04-21 05:00:00+00:00,105.415,2022-04-21 05:00:00+00:00,101.46,2022-04-21 05:00:00+00:00,27,27,-0.024168335466,2022-04-21 22:00:00+00:00,0.0231697381808,-0.000499298642604,130.546470945,112.603762785,121.243654872
2022-04-18,4.0912,2022-04-28 05:00:00+00:00,3.9166,2022-04-28 05:00:00+00:00,106.744,2022-04-28 05:00:00+00:00,104.018,2022-04-28 05:00:00+00:00,0,0,,2022-04-28 22:00:00+00:00,0.0789295524932,,,121.851694317,
2022-04-25,4.6852,2022-05-05 05:00:00+00:00,4.7458,2022-05-05 05:00:00+00:00,103.92,2022-05-05 05:00:00+00:00,102.848,2022-05-05 05:00:00+00:00,27,0,,2022-05-05 22:00:00+00:00,0.163803182267,,131.364119192,143.539156731,137.316768435
2022-05-02,4.9768,2022-05-12 05:00:00+00:00,4.3316,2022-05-12 05:00:00+00:00,109.96,2022-05-12 05:00:00+00:00,106.688,2022-05-12 05:00:00+00:00,27,27,0.0240439186162,2022-05-12 22:00:00+00:00,-0.0154722587992,0.00428582990853,134.560905006,141.335374459,137.906547693
2022-05-09,5.2122,2022-05-19 05:00:00+00:00,3.9486,2022-05-19 05:00:00+00:00,107.432,2022-05-19 05:00:00+00:00,104.998,2022-05-19 05:00:00+00:00,27,27,0.0217510729043,2022-05-19 22:00:00+00:00,-0.0231804928855,-0.000714709990596,137.519812106,138.096831343,137.808019719
2022-05-16,4.5124,2022-05-26 05:00:00+00:00,3.6426,2022-05-26 05:00:00+00:00,112.928,2022-05-26 05:00:00+00:00,112.178,2022-05-26 05:00:00+00:00,27,27,-0.00403139585043,2022-05-26 22:00:00+00:00,-0.112418121044,-0.0582247584474,136.966531303,123.413066652,130.013305691
2022-05-23,4.0124,2022-06-03 05:00:00+00:00,3.8092,2022-06-03 05:00:00+00:00,117.662,2022-06-03 05:00:00+00:00,113.38,2022-06-03 05:00:00+00:00,27,27,-0.0139438612211,2022-06-02 22:00:00+00:00,-0.036359057883,-0.0251514595521,135.069942613,119.006478948,126.784061625
2022-05-30,4.249,2022-06-09 05:00:00+00:00,4.15675,2022-06-09 05:00:00+00:00,124.105,2022-06-09 05:00:00+00:00,116.3725,2022-06-09 05:00:00+00:00,27,27,-0.00276460583806,2022-06-09 22:00:00+00:00,0.072304210353,0.0347698022575,134.697043158,127.929860249,131.269851478
2022-06-06,4.4396,2022-06-16 05:00:00+00:00,4.3546,2022-06-16 05:00:00+00:00,127.398,2022-06-16 05:00:00+00:00,120.43,2022-06-16 05:00:00+00:00,27,27,0.0517879366242,2022-06-16 22:00:00+00:00,0.0451899299304,0.0484889332773,141.85651209,133.843616429,137.791830644
2022-06-13,4.4884,2022-06-30 05:00:00+00:00,4.4048,2022-06-30 05:00:00+00:00,125.084,2022-06-30 05:00:00+00:00,116.456,2022-06-30 05:00:00+00:00,27,27,0.0477616632646,2022-06-23 22:00:00+00:00,0.0111970531415,0.029479358203,148.79622192,135.350692173,141.914310869
2022-06-20,4.3905,2022-06-30 05:00:00+00:00,4.304,2022-06-30 05:00:00+00:00,116.832,2022-06-30 05:00:00+00:00,107.8825,2022-06-30 05:00:00+00:00,27,27,0.0227160797865,2022-06-30 22:00:00+00:00,-0.0226016037687,5.72380089004e-05,152.214972058,132.325861238,141.922433995
2022-06-27,4.0844,2022-07-08 05:00:00+00:00,4.0572,2022-07-08 05:00:00+00:00,120.338,2022-07-08 05:00:00+00:00,110.962,2022-07-08 05:00:00+00:00,27,27,0.00629534162184,2022-07-07 22:00:00+00:00,-0.0656600097292,-0.0296823340537,153.176239887,123.916446074,137.771750623
2022-07-04,3.66575,2022-07-14 05:00:00+00:00,3.58525,2022-07-14 05:00:00+00:00,113.636,2022-07-14 05:00:00+00:00,103.315,2022-07-14 05:00:00+00:00,27,27,-0.0147142266622,2022-07-14 22:00:00+00:00,-0.115903379858,-0.0653088032603,150.938870919,110.355187006,129.061564096
2022-07-11,3.7778,2022-07-21 05:00:00+00:00,3.7024,2022-07-21 05:00:00+00:00,109.8,2022-07-21 05:00:00+00:00,99.92,2022-07-21 05:00:00+00:00,27,27,-0.0255804489718,2022-07-21 22:00:00+00:00,0.0311309640653,0.00277525754672,147.126752555,113.844684262,129.420240655
2022-07-18,3.6342,2022-07-28 05:00:00+00:00,3.561,2022-07-28 05:00:00+00:00,113.534,2022-07-28 05:00:00+00:00,102.24,2022-07-28 05:00:00+00:00,27,27,-0.0115132180163,2022-07-28 22:00:00+00:00,-0.0388463395522,-0.0251797787842,145.442563996,109.507031428,126.202153019
2022-07-25,3.6332,2022-08-04 05:00:00+00:00,3.5944,2022-08-04 05:00:00+00:00,109.276,2022-08-04 05:00:00+00:00,99.604,2022-08-04 05:00:00+00:00,27,27,-0.0242756385299,2022-08-04 22:00:00+00:00,0.00453023644564,-0.00987270104215,141.954363335,110.004249581,124.962327176
2022-08-01,3.386,2022-08-11 05:00:00+00:00,3.2952,2022-08-11 05:00:00+00:00,102.544,2022-08-11 05:00:00+00:00,94.008,2022-08-11 05:00:00+00:00,27,27,-0.0188377304381,2022-08-11 22:00:00+00:00,-0.0786873667845,-0.0487625486113,139.30529486,101.68010208,119.015026789
2022-08-08,3.382,2022-08-18 05:00:00+00:00,3.3194,2022-08-18 05:00:00+00:00,104.644,2022-08-18 05:00:00+00:00,94.652,2022-08-18 05:00:00+00:00,27,27,-0.0300700413152,2022-08-18 22:00:00+00:00,0.0030675731651,-0.0135012340751,135.178732768,101.992492127,117.418975628
2022-08-15,3.5722,2022-08-25 05:00:00+00:00,3.5114,2022-08-25 05:00:00+00:00,96.726,2022-08-25 05:00:00+00:00,91.814,2022-08-25 05:00:00+00:00,27,27,-0.0168890044942,2022-08-25 22:00:00+00:00,0.0554725883302,0.019291791918,132.914869553,107.810148105,119.706189363
2022-08-22,3.9154,2022-09-01 05:00:00+00:00,3.8682,2022-09-01 05:00:00+00:00,98.872,2022-09-01 05:00:00+00:00,94.472,2022-09-01 05:00:00+00:00,27,27,0.00223543071889,2022-09-01 22:00:00+00:00,0.0942551535408,0.0482452921298,133.21232388,118.466112102,125.623031702
2022-08-29,3.7394,2022-09-09 05:00:00+00:00,3.6382,2022-09-09 05:00:00+00:00,95.305,2022-09-09 05:00:00+00:00,90.79,2022-09-09 05:00:00+00:00,27,27,0.0477561400145,2022-09-08 22:00:00+00:00,-0.0536462766639,-0.00294506832471,139.728382826,112.278306571,125.253607548
2022-09-05,3.5985,2022-09-15 05:00:00+00:00,3.5205,2022-09-15 05:00:00+00:00,90.43,2022-09-15 05:00:00+00:00,85.29,2022-09-15 05:00:00+00:00,27,27,0.00046084753284,2022-09-15 22:00:00+00:00,-0.0356470538261,-0.0175931031466,139.792791147,108.346412307,123.069278811
2022-09-12,3.4198,2022-09-22 05:00:00+00:00,3.3266,2022-09-22 05:00:00+00:00,91.406,2022-09-22 05:00:00+00:00,87.238,2022-09-22 05:00:00+00:00,27,27,-0.00662377105476,2022-09-22 22:00:00+00:00,-0.0537936428681,-0.0302087069614,138.869895602,102.672054569,119.407108244
2022-09-19,3.3402,2022-09-29 05:00:00+00:00,3.2672,2022-09-29 05:00:00+00:00,88.72,2022-09-29 05:00:00+00:00,83.462,2022-09-29 05:00:00+00:00,27,27,-0.0301141616381,2022-09-29 22:00:00+00:00,-0.0207843983915,-0.0254492800148,134.75028574,100.560101547,116.406625316
2022-09-26,3.3376,2022-10-06 05:00:00+00:00,3.3194,2022-10-06 05:00:00+00:00,87.276,2022-10-06 05:00:00+00:00,80.076,2022-10-06 05:00:00+00:00,27,27,-0.0245524303807,2022-10-06 22:00:00+00:00,0.0075359975526,-0.00850821641403,131.482123568,101.32078488,115.420413955
2022-10-03,3.9096,2022-10-14 05:00:00+00:00,3.7392,2022-10-14 05:00:00+00:00,94.66,2022-10-14 05:00:00+00:00,88.222,2022-10-14 05:00:00+00:00,27,27,-0.0025062791967,2022-10-13 22:00:00+00:00,0.138635361124,0.0680645409635,131.15300526,116.387708516,123.549980765
2022-10-10,4.47875,2022-10-20 05:00:00+00:00,4.00375,2022-10-20 05:00:00+00:00,94.624,2022-10-20 05:00:00+00:00,88.974,2022-10-20 05:00:00+00:00,27,27,0.041335464413,2022-10-20 22:00:00+00:00,0.102134329901,0.071734897157,136.687880908,128.903139106,132.738453083
2022-10-17,4.4332,2022-10-27 05:00:00+00:00,3.792,2022-10-27 05:00:00+00:00,91.036,2022-10-27 05:00:00+00:00,85.356,2022-10-27 05:00:00+00:00,27,27,0.0448435055129,2022-10-27 22:00:00+00:00,-0.0322800781331,0.00628171368992,142.956957815,124.808577625,133.574902458
2022-10-24,4.494,2022-11-03 05:00:00+00:00,4.227,2022-11-03 05:00:00+00:00,93.014,2022-11-03 05:00:00+00:00,87.87,2022-11-03 05:00:00+00:00,27,27,0.0142457568762,2022-11-03 23:00:00+00:00,0.0611102200178,0.037677988447,145.008062965,132.673524112,138.703751709
2022-10-31,4.513,2022-11-10 06:00:00+00:00,3.8924,2022-11-10 06:00:00+00:00,96.13,2022-11-10 06:00:00+00:00,89.136,2022-11-10 06:00:00+00:00,27,27,-0.000975305659736,2022-11-10 23:00:00+00:00,-0.0391238202686,-0.0200495629642,144.866704725,127.583057553,135.950495131
2022-11-07,4.69425,2022-11-17 06:00:00+00:00,3.5485,2022-11-17 06:00:00+00:00,96.078,2022-11-17 06:00:00+00:00,88.41,2022-11-17 06:00:00+00:00,27,27,-0.0106448325821,2022-11-17 23:00:00+00:00,-0.0265623601684,-0.0186035963753,143.332801463,124.238763232,133.444707592
2022-11-14,4.1682,2022-11-24 06:00:00+00:00,3.283,2022-11-24 06:00:00+00:00,92.086,2022-11-24 06:00:00+00:00,84.02,2022-11-24 06:00:00+00:00,27,27,-0.0178100453096,2022-11-24 23:00:00+00:00,-0.0983107040047,-0.0580603746572,140.802635837,112.605945934,125.91748885
2022-11-21,3.4955,2022-12-01 06:00:00+00:00,3.04625,2022-12-01 06:00:00+00:00,86.396,2022-12-01 06:00:00+00:00,78.7375,2022-12-01 06:00:00+00:00,27,27,-0.043365877856,2022-12-01 23:00:00+00:00,-0.125427086769,-0.0843964823123,134.82710934,99.3319660706,115.726582298
2022-11-28,3.2732,2022-12-08 06:00:00+00:00,3.003,2022-12-08 06:00:00+00:00,85.03,2022-12-08 06:00:00+00:00,79.292,2022-12-08 06:00:00+00:00,27,27,-0.0391438861591,2022-12-08 23:00:00+00:00,-0.0400039321274,-0.0395739091433,129.651411634,95.4367287008,111.23626476
2022-12-05,2.8674,2022-12-15 06:00:00+00:00,2.6892,2022-12-15 06:00:00+00:00,78.556,2022-12-15 06:00:00+00:00,73.064,2022-12-15 06:00:00+00:00,27,27,-0.0254276695495,2022-12-15 23:00:00+00:00,-0.121365220615,-0.0733964450821,126.396239492,84.5293051383,103.364337643
2022-12-12,3.1286,2022-12-22 06:00:00+00:00,2.9556,2022-12-22 06:00:00+00:00,80.802,2022-12-22 06:00:00+00:00,75.124,2022-12-22 06:00:00+00:00,27,27,-0.0525583768128,2022-12-22 23:00:00+00:00,0.0908189243176,0.0191302737524,119.924616986,92.5655650636,105.360760895
2022-12-19,3.1314,2022-12-30 06:00:00+00:00,2.9806,2022-12-30 06:00:00+00:00,80.678,2022-12-30 06:00:00+00:00,77.278,2022-12-30 06:00:00+00:00,27,27,-0.0165658918882,2022-12-29 23:00:00+00:00,0.00465875767498,-0.00595356710662,117.954323638,92.9978116846,104.735352088
2022-12-26,3.3174,2023-01-06 06:00:00+00:00,3.309,2023-01-06 06:00:00+00:00,81.9825,2023-01-06 06:00:00+00:00,79.3,2023-01-06 06:00:00+00:00,27,27,-0.00238052616221,2023-01-05 23:00:00+00:00,0.0811112805507,0.0393653771943,117.673864237,100.855343049,108.940524808
2023-01-02,3.08175,2023-01-12 06:00:00+00:00,3.021,2023-01-12 06:00:00+00:00,78.326,2023-01-12 06:00:00+00:00,74.2675,2023-01-12 06:00:00+00:00,27,27,0.00395288370368,2023-01-12 23:00:00+00:00,-0.0823709263376,-0.039209021317,118.139935894,92.8807411321,104.751729356
2023-01-09,3.215,2023-01-20 06:00:00+00:00,3.1602,2023-01-20 06:00:00+00:00,80.606,2023-01-20 06:00:00+00:00,77.096,2023-01-20 06:00:00+00:00,27,27,-0.00530742209168,2023-01-19 23:00:00+00:00,0.0436885772854,0.0191905775969,117.514578375,97.0285140032,106.781388422
2023-01-16,3.38375,2023-01-26 06:00:00+00:00,3.286,2023-01-26 06:00:00+00:00,84.57,2023-01-26 06:00:00+00:00,80.34,2023-01-26 06:00:00+00:00,27,27,-0.00233698180333,2023-01-26 23:00:00+00:00,0.0450964535683,0.0213797358825,117.240269596,101.504318834,109.088925677
2023-01-23,3.4198,2023-02-02 06:00:00+00:00,3.371,2023-02-02 06:00:00+00:00,85.904,2023-02-02 06:00:00+00:00,80.326,2023-02-02 06:00:00+00:00,27,27,0.0102308273588,2023-02-02 23:00:00+00:00,0.0180679622614,0.0141493948101,118.445891291,103.354963379,110.643439737
2023-01-30,3.0124,2023-02-09 06:00:00+00:00,2.9492,2023-02-09 06:00:00+00:00,81.812,2023-02-09 06:00:00+00:00,76.506,2023-02-09 06:00:00+00:00,27,27,0.0127103783888,2023-02-09 23:00:00+00:00,-0.130260227853,-0.0587749247321,119.960991741,90.7319070646,104.327798568
2023-02-06,2.8652,2023-02-16 06:00:00+00:00,2.7848,2023-02-16 06:00:00+00:00,83.298,2023-02-16 06:00:00+00:00,77.506,2023-02-16 06:00:00+00:00,27,27,-0.0169981887548,2023-02-16 23:00:00+00:00,-0.0537284185526,-0.0353633036537,117.939105049,85.9856707793,100.702894987
2023-02-13,2.8248,2023-02-24 06:00:00+00:00,2.7628,2023-02-24 06:00:00+00:00,84.172,2023-02-24 06:00:00+00:00,78.51,2023-02-24 06:00:00+00:00,27,27,-0.033922675238,2023-02-23 23:00:00+00:00,-0.0110659947043,-0.0224943349711,114.005393322,85.0393991765,98.4629379561
2023-02-20,2.741,2023-03-02 06:00:00+00:00,2.706,2023-03-02 06:00:00+00:00,81.774,2023-03-02 06:00:00+00:00,75.42,2023-03-02 06:00:00+00:00,27,27,-0.0070946903217,2023-03-02 23:00:00+00:00,-0.0254439383977,-0.0162693143597,113.199422797,82.9029569534,96.8739741897
2023-02-27,2.8574,2023-03-09 06:00:00+00:00,2.8212,2023-03-09 06:00:00+00:00,83.818,2023-03-09 06:00:00+00:00,77.538,2023-03-09 06:00:00+00:00,27,27,-0.0143373618709,2023-03-09 23:00:00+00:00,0.0416400498658,0.0136513439974,111.588020938,86.4279207375,98.2055020296
2023-03-06,2.7918,2023-03-16 05:00:00+00:00,2.7366,2023-03-16 05:00:00+00:00,82.858,2023-03-16 05:00:00+00:00,77.31,2023-03-16 05:00:00+00:00,27,27,0,2023-03-16 23:00:00+00:00,-0.0268358118704,-0.0134179059352,111.588020938,84.1394017883,96.8965909022
2023-03-13,2.7176,2023-03-23 05:00:00+00:00,2.6578,2023-03-23 05:00:00+00:00,74.978,2023-03-23 05:00:00+00:00,69.6,2023-03-23 05:00:00+00:00,27,27,-0.00167887052699,2023-03-23 23:00:00+00:00,-0.0280774861403,-0.0148781783336,111.400836272,81.8098361146,95.4656176769
2023-03-20,2.7062,2023-03-30 05:00:00+00:00,2.613,2023-03-30 05:00:00+00:00,74.244,2023-03-30 05:00:00+00:00,69.332,2023-03-30 05:00:00+00:00,27,27,-0.0261868190064,2023-03-30 22:00:00+00:00,-0.0106017136968,-0.0183942663516,108.521468025,80.9470930129,93.7256494568
2023-03-27,2.686,2023-04-06 05:00:00+00:00,2.661,2023-04-06 05:00:00+00:00,78.004,2023-04-06 05:00:00+00:00,73.788,2023-04-06 05:00:00+00:00,27,27,-0.010473792486,2023-04-06 22:00:00+00:00,0.00535533335536,-0.00255922956534,107.390768382,81.38175452,93.4860906774
2023-04-03,2.7265,2023-04-13 05:00:00+00:00,2.64175,2023-04-13 05:00:00+00:00,85.99,2023-04-13 05:00:00+00:00,80.6225,2023-04-13 05:00:00+00:00,27,27,-0.0134982369568,2023-04-13 22:00:00+00:00,0.00385261081319,-0.00482281307181,105.950921899,81.6958914826,93.0363102126
2023-04-10,2.7046,2023-04-20 05:00:00+00:00,2.617,2023-04-20 05:00:00+00:00,87.202,2023-04-20 05:00:00+00:00,81.866,2023-04-20 05:00:00+00:00,27,27,-0.00299651420749,2023-04-20 22:00:00+00:00,-0.00873883055893,-0.00586767238321,105.633913654,80.9850753042,92.4920020971
2023-04-17,2.554,2023-04-27 05:00:00+00:00,2.4826,2023-04-27 05:00:00+00:00,84.62,2023-04-27 05:00:00+00:00,79.218,2023-04-27 05:00:00+00:00,27,27,-0.00381241613512,2023-04-27 22:00:00+00:00,-0.0550077474475,-0.0294100817913,105.231959911,76.6505771327,89.8114160895
2023-04-24,2.4134,2023-05-04 05:00:00+00:00,2.3562,2023-05-04 05:00:00+00:00,81.396,2023-05-04 05:00:00+00:00,76.314,2023-05-04 05:00:00+00:00,27,27,-0.0208895476956,2023-05-04 22:00:00+00:00,-0.0544402311114,-0.0376648894035,103.056513025,72.5892546741,86.4915919022
2023-05-01,2.2916,2023-05-11 05:00:00+00:00,2.2522,2023-05-11 05:00:00+00:00,74.6175,2023-05-11 05:00:00+00:00,71.164,2023-05-11 05:00:00+00:00,27,27,-0.0292322974262,2023-05-11 22:00:00+00:00,-0.0484644568271,-0.0388483771266,100.087540744,69.1551441696,83.1959633018
2023-05-08,2.3636,2023-05-18 05:00:00+00:00,2.3238,2023-05-18 05:00:00+00:00,76.08,2023-05-18 05:00:00+00:00,72.034,2023-05-18 05:00:00+00:00,27,27,-0.0313397723553,2023-05-18 22:00:00+00:00,0.0311159387115,-0.0001119168219,96.9994625848,71.340799411,83.186652795
2023-05-15,2.3848,2023-05-25 05:00:00+00:00,2.3484,2023-05-25 05:00:00+00:00,75.752,2023-05-25 05:00:00+00:00,71.618,2023-05-25 05:00:00+00:00,27,27,-0.0117930779677,2023-05-25 22:00:00+00:00,0.00972992566681,-0.00103157615047,95.8622591043,72.0383280341,83.1008836743
2023-05-22,2.3724,2023-06-02 05:00:00+00:00,2.3182,2023-06-02 05:00:00+00:00,76.482,2023-06-02 05:00:00+00:00,72.616,2023-06-02 05:00:00+00:00,27,27,-0.000947580600978,2023-06-01 22:00:00+00:00,-0.00907819256734,-0.00501288658416,95.7714649114,71.3873097259,82.6853507492
2023-05-29,2.31075,2023-06-08 05:00:00+00:00,2.2525,2023-06-08 05:00:00+00:00,73.885,2023-06-08 05:00:00+00:00,69.8525,2023-06-08 05:00:00+00:00,27,27,0.00302288110637,2023-06-08 22:00:00+00:00,-0.0275401328959,-0.0122586258948,96.0614086752,69.4481190778,81.677929384
2023-06-05,2.3846,2023-06-15 05:00:00+00:00,2.3178,2023-06-15 05:00:00+00:00,76.06,2023-06-15 05:00:00+00:00,71.562,2023-06-15 05:00:00+00:00,27,27,-0.000915475896806,2023-06-15 22:00:00+00:00,0.0300184988225,0.0145515114628,95.973507013,71.5644530241,82.8751563147
2023-06-12,2.4328,2023-06-23 05:00:00+00:00,2.3586,2023-06-23 05:00:00+00:00,74.388,2023-06-23 05:00:00+00:00,69.422,2023-06-23 05:00:00+00:00,27,27,0.0135743223839,2023-06-22 22:00:00+00:00,0.0187306123734,0.0161524673786,97.2851646284,72.9175314888,84.2246641738
2023-06-19,2.50225,2023-06-29 05:00:00+00:00,2.417,2023-06-29 05:00:00+00:00,75.258,2023-06-29 05:00:00+00:00,70.405,2023-06-29 05:00:00+00:00,27,27,0.00217050923198,2023-06-29 22:00:00+00:00,0.0263031743918,0.0142368418119,97.4965523029,74.8609409087,85.432333696
2023-06-26,2.453,2023-07-07 05:00:00+00:00,2.3522,2023-07-07 05:00:00+00:00,73.55,2023-07-07 05:00:00+00:00,69.364,2023-07-07 05:00:00+00:00,27,27,0.0154831562441,2023-07-06 22:00:00+00:00,-0.0235273015636,-0.00402207265976,99.0178535363,73.1202224752,85.0894087392
2023-07-03,2.4975,2023-07-13 05:00:00+00:00,2.41575,2023-07-13 05:00:00+00:00,76.596,2023-07-13 05:00:00+00:00,71.79,2023-07-13 05:00:00+00:00,27,27,-0.00567934836824,2023-07-13 22:00:00+00:00,0.0223186018634,0.00831962674755,98.4570905429,74.7705111741,85.8002738259
2023-07-10,2.5972,2023-07-20 05:00:00+00:00,2.5172,2023-07-20 05:00:00+00:00,79.786,2023-07-20 05:00:00+00:00,75.198,2023-07-20 05:00:00+00:00,27,27,0.000547795138322,2023-07-20 22:00:00+00:00,0.0401405424425,0.0203441687904,98.5110396336,77.8328916779,87.5636858343
2023-07-17,2.6416,2023-07-27 05:00:00+00:00,2.5646,2023-07-27 05:00:00+00:00,79.48,2023-07-27 05:00:00+00:00,75.608,2023-07-27 05:00:00+00:00,27,27,0.0145970349991,2023-07-27 22:00:00+00:00,0.0178031004519,0.0162000677255,99.9595550219,79.2309665743,88.9937759775
2023-07-24,2.8488,2023-08-03 05:00:00+00:00,2.7848,2023-08-03 05:00:00+00:00,83.548,2023-08-03 05:00:00+00:00,79.68,2023-08-03 05:00:00+00:00,27,27,0.00402799064787,2023-08-03 22:00:00+00:00,0.078943297635,0.0414856441414,100.363003172,85.7392327134,92.763391943
2023-07-31,3.044,2023-08-10 05:00:00+00:00,2.9722,2023-08-10 05:00:00+00:00,85.628,2023-08-10 05:00:00+00:00,81.398,2023-08-10 05:00:00+00:00,27,27,0.0374700377878,2023-08-10 22:00:00+00:00,0.0657004744226,0.0515852561052,104.194951998,91.561509972,97.6741886909
2023-08-07,3.119,2023-08-17 05:00:00+00:00,3.0494,2023-08-17 05:00:00+00:00,87.83,2023-08-17 05:00:00+00:00,83.042,2023-08-17 05:00:00+00:00,27,27,0.044601978166,2023-08-17 22:00:00+00:00,0.0249912141198,0.0347965961429,108.947450557,93.8785758228,101.132741967
2023-08-14,3.0718,2023-08-24 05:00:00+00:00,3.016,2023-08-24 05:00:00+00:00,85.866,2023-08-24 05:00:00+00:00,80.928,2023-08-24 05:00:00+00:00,27,27,0.0295564178316,2023-08-24 22:00:00+00:00,-0.0131310642181,0.00821267680676,112.215606505,92.6539084051,101.966732451
2023-08-21,3.1736,2023-08-31 05:00:00+00:00,3.109,2023-08-31 05:00:00+00:00,84.714,2023-08-31 05:00:00+00:00,79.972,2023-08-31 05:00:00+00:00,27,27,0.00176126012508,2023-08-31 22:00:00+00:00,0.0314862810747,0.0166237705999,112.413421529,95.617649148,103.675971658
2023-08-28,3.1492,2023-09-08 05:00:00+00:00,3.0834,2023-09-08 05:00:00+00:00,87.565,2023-09-08 05:00:00+00:00,82.5,2023-09-08 05:00:00+00:00,27,27,0.00901846667855,2023-09-07 22:00:00+00:00,-0.00799319236116,0.000512637158693,113.431803445,94.8564053224,103.729133439
2023-09-04,3.2635,2023-09-14 05:00:00+00:00,3.17425,2023-09-14 05:00:00+00:00,91.294,2023-09-14 05:00:00+00:00,87.1675,2023-09-14 05:00:00+00:00,27,27,0.00645612344046,2023-09-14 22:00:00+00:00,0.0323451432443,0.0194006333424,114.166502271,97.9747084596,105.761192201
2023-09-11,3.4184,2023-09-21 05:00:00+00:00,3.3304,2023-09-21 05:00:00+00:00,93.868,2023-09-21 05:00:00+00:00,89.144,2023-09-21 05:00:00+00:00,27,27,0.015330443888,2023-09-21 22:00:00+00:00,0.0471966995927,0.0312635717403,115.930210098,102.709649229,109.11989376
2023-09-18,3.3514,2023-09-28 05:00:00+00:00,3.3058,2023-09-28 05:00:00+00:00,94.862,2023-09-28 05:00:00+00:00,90.278,2023-09-28 05:00:00+00:00,27,27,0.0287435103148,2023-09-28 22:00:00+00:00,-0.0136041758804,0.00756966721723,119.310803602,101.321830565,109.949029223
2023-09-25,3.2956,2023-10-05 05:00:00+00:00,3.2716,2023-10-05 05:00:00+00:00,95.614,2023-10-05 05:00:00+00:00,91.44,2023-10-05 05:00:00+00:00,27,27,0.0128696729036,2023-10-05 22:00:00+00:00,-0.0135946315738,-0.00036247933512,120.856217775,99.9537181704,109.909182194
2023-10-02,3.105,2023-10-13 05:00:00+00:00,3.0102,2023-10-13 05:00:00+00:00,90.328,2023-10-13 05:00:00+00:00,85.504,2023-10-13 05:00:00+00:00,27,27,-0.000190968986308,2023-10-12 22:00:00+00:00,-0.0714235851082,-0.0358072770473,120.833140189,93.0636507255,106.04326077
2023-10-09,3.1195,2023-10-19 05:00:00+00:00,2.9975,2023-10-19 05:00:00+00:00,90.476,2023-10-19 05:00:00+00:00,85.0325,2023-10-19 05:00:00+00:00,27,27,-0.00809640286028,2023-10-19 22:00:00+00:00,0.000215551683334,-0.00394042558847,119.858776152,93.0837129142,105.626227376
2023-10-16,3.2188,2023-10-26 05:00:00+00:00,3.078,2023-10-26 05:00:00+00:00,92.468,2023-10-26 05:00:00+00:00,88.026,2023-10-26 05:00:00+00:00,27,27,-0.019544596073,2023-10-26 22:00:00+00:00,0.0289186571091,0.00468703051809,117.538928872,95.8148692435,106.122462753
2023-10-23,3.0626,2023-11-02 05:00:00+00:00,2.9886,2023-11-02 05:00:00+00:00,89.84,2023-11-02 05:00:00+00:00,85.196,2023-11-02 05:00:00+00:00,27,27,0,2023-11-02 23:00:00+00:00,-0.0396096879912,-0.0198048439956,117.538928872,92.0938528055,104.041399522
2023-10-30,3.0096,2023-11-16 06:00:00+00:00,2.8928,2023-11-16 06:00:00+00:00,88.208,2023-11-16 06:00:00+00:00,81.99,2023-11-16 06:00:00+00:00,27,27,-0.00792736396552,2023-11-09 23:00:00+00:00,-0.0250186039719,-0.0164729839687,116.610838518,89.818376484,102.341566316
2023-11-06,2.858,2023-11-16 06:00:00+00:00,2.6662,2023-11-16 06:00:00+00:00,83.52,2023-11-16 06:00:00+00:00,77.9225,2023-11-16 06:00:00+00:00,27,27,-0.00435229002042,2023-11-16 23:00:00+00:00,-0.0666278767876,-0.035490083404,116.104417175,84.0289779957,98.7731517973
2023-11-13,2.8776,2023-11-23 06:00:00+00:00,2.5998,2023-11-23 06:00:00+00:00,81.928,2023-11-23 06:00:00+00:00,76.976,2023-11-23 06:00:00+00:00,27,27,-0.0244919530662,2023-11-23 23:00:00+00:00,-0.00919259240703,-0.0168422727366,113.295333629,83.2600733786,97.1235182197
2023-11-20,2.91025,2023-11-30 06:00:00+00:00,2.64275,2023-11-30 06:00:00+00:00,81.62,2023-11-30 06:00:00+00:00,77.02,2023-11-30 06:00:00+00:00,27,27,-0.0207233607275,2023-11-30 23:00:00+00:00,0.0138339487109,-0.0034447060083,110.971634153,84.4198929083,96.7895318257
2023-11-27,2.8696,2023-12-07 06:00:00+00:00,2.5514,2023-12-07 06:00:00+00:00,80.914,2023-12-07 06:00:00+00:00,75.494,2023-12-07 06:00:00+00:00,25,25,-0.00804554208142,2023-12-07 23:00:00+00:00,-0.0246220772274,-0.0163338096544,110.082389226,82.3666806889,95.2214314261
2023-12-04,2.6658,2023-12-14 06:00:00+00:00,2.299,2023-12-14 06:00:00+00:00,75.982,2023-12-14 06:00:00+00:00,70.706,2023-12-14 06:00:00+00:00,27,25,-0.0116986818022,2023-12-14 23:00:00+00:00,-0.0889182146946,-0.0503084482484,108.802073984,75.3589562415,90.5494932751
2023-12-11,2.5766,2023-12-21 06:00:00+00:00,2.292,2023-12-21 06:00:00+00:00,75.578,2023-12-21 06:00:00+00:00,70.114,2023-12-21 06:00:00+00:00,27,27,-0.0214590700975,2023-12-21 23:00:00+00:00,-0.0185414733705,-0.020000271734,106.492155643,73.9745641566,88.7564690587
2023-12-18,2.6732,2023-12-29 06:00:00+00:00,2.5176,2023-12-29 06:00:00+00:00,80.154,2023-12-29 06:00:00+00:00,73.228,2023-12-29 06:00:00+00:00,27,27,-0.0215650552474,2023-12-28 23:00:00+00:00,0.0653434120975,0.0218891784251,104.220231553,78.9697382221,90.7206944594
2023-12-25,2.5825,2024-01-05 06:00:00+00:00,2.43875,2024-01-05 06:00:00+00:00,79.4825,2024-01-05 06:00:00+00:00,73.515,2024-01-05 06:00:00+00:00,27,27,0,2024-01-04 23:00:00+00:00,-0.033169394228,-0.016584697114,104.220231553,76.3933250861,89.2285269944
2024-01-01,2.589,2024-01-11 06:00:00+00:00,2.451,2024-01-11 06:00:00+00:00,76.88,2024-01-11 06:00:00+00:00,72.4925,2024-01-11 06:00:00+00:00,27,27,-0.0025773210143,2024-01-11 23:00:00+00:00,0.00376213517427,0.000592407079984,103.951968409,76.6812684027,89.2814022658
2024-01-08,2.6376,2024-01-19 06:00:00+00:00,2.5234,2024-01-19 06:00:00+00:00,78.4,2024-01-19 06:00:00+00:00,72.03,2024-01-19 06:00:00+00:00,27,27,-0.00168208618298,2024-01-18 23:00:00+00:00,0.0238544029858,0.0110861584014,103.777259218,78.5324458664,90.2766968366
2024-01-15,2.66075,2024-01-25 06:00:00+00:00,2.5415,2024-01-25 06:00:00+00:00,80.108,2024-01-25 06:00:00+00:00,73.3575,2024-01-25 06:00:00+00:00,27,27,-0.00196635931637,2024-01-25 23:00:00+00:00,0.00794294227847,0.00298829148105,103.573396337,79.1587084421,90.5468734028
2024-01-22,2.7384,2024-02-01 06:00:00+00:00,2.6498,2024-02-01 06:00:00+00:00,82.312,2024-02-01 06:00:00+00:00,76.364,2024-02-01 06:00:00+00:00,27,27,0.00894401857161,2024-02-01 23:00:00+00:00,0.0352477389209,0.0220958787463,104.503913797,81.9986303218,92.5698535953
2024-01-29,2.7662,2024-02-08 06:00:00+00:00,2.6754,2024-02-08 06:00:00+00:00,82.57,2024-02-08 06:00:00+00:00,75.782,2024-02-08 06:00:00+00:00,27,27,0.016013255436,2024-02-08 23:00:00+00:00,0.00985773270105,0.0129354940685,106.190832143,82.8109481292,93.7750686078
2024-02-05,2.8272,2024-02-15 06:00:00+00:00,2.7734,2024-02-15 06:00:00+00:00,81.506,2024-02-15 06:00:00+00:00,75.046,2024-02-15 06:00:00+00:00,27,27,0.0172781547929,2024-02-15 23:00:00+00:00,0.0288936939166,0.0230859243547,108.041556286,85.2385648364,95.9651353382
2024-02-12,2.8434,2024-02-23 06:00:00+00:00,2.79,2024-02-23 06:00:00+00:00,84.444,2024-02-23 06:00:00+00:00,78.166,2024-02-23 06:00:00+00:00,27,27,0.0167751641199,2024-02-22 23:00:00+00:00,0.00584064406591,0.0113079040929,109.869258264,85.7378696658,97.0564585452
2024-02-19,2.71225,2024-02-29 06:00:00+00:00,2.64875,2024-02-29 06:00:00+00:00,85.018,2024-02-29 06:00:00+00:00,78.7125,2024-02-29 06:00:00+00:00,27,27,0.0209320919915,2024-02-29 23:00:00+00:00,-0.049587867866,-0.0143278879373,112.193290255,81.5900033541,95.6757593552
2024-02-26,2.706,2024-03-07 06:00:00+00:00,2.6186,2024-03-07 06:00:00+00:00,84.256,2024-03-07 06:00:00+00:00,79.578,2024-03-07 06:00:00+00:00,27,27,-0.0049484299772,2024-03-07 23:00:00+00:00,-0.00687751288034,-0.00591297142877,111.639480987,81.0307922501,95.1117005988
2024-03-04,2.6682,2024-03-14 05:00:00+00:00,2.5776,2024-03-14 05:00:00+00:00,85.632,2024-03-14 05:00:00+00:00,79.526,2024-03-14 05:00:00+00:00,27,27,-0.00917070243803,2024-03-14 23:00:00+00:00,-0.0149242661785,-0.0120474843083,110.620348749,79.8304465569,93.9727185884
2024-03-11,2.6852,2024-03-21 05:00:00+00:00,2.6056,2024-03-21 05:00:00+00:00,84.52,2024-03-21 05:00:00+00:00,80.43,2024-03-21 05:00:00+00:00,27,27,-0.00615351816114,2024-03-21 23:00:00+00:00,0.0085776834296,0.00121208263423,109.941734498,80.5181520992,94.0866903463
2024-03-18,2.7024,2024-03-28 05:00:00+00:00,2.6368,2024-03-28 05:00:00+00:00,85.878,2024-03-28 05:00:00+00:00,82.79,2024-03-28 05:00:00+00:00,27,27,-0.00603354718724,2024-03-28 23:00:00+00:00,0.00914406987103,0.0015552613419,109.280392979,81.2577922146,94.2331335879
2024-03-25,2.61925,2024-04-04 05:00:00+00:00,2.553,2024-04-04 05:00:00+00:00,85.8,2024-04-04 05:00:00+00:00,82.7325,2024-04-04 05:00:00+00:00,27,27,0.00539012370985,2024-04-04 22:00:00+00:00,-0.0317745861471,-0.0131922312186,109.871018157,78.7164483833,92.9981522913
2024-04-01,2.6994,2024-04-11 05:00:00+00:00,2.6488,2024-04-11 05:00:00+00:00,90.34,2024-04-11 05:00:00+00:00,86.354,2024-04-11 05:00:00+00:00,27,27,-4.83386417493e-05,2024-04-11 22:00:00+00:00,0.0334895389168,0.0167206001375,109.86570727,81.3972650509,94.5662101104
2024-04-08,2.6876,2024-04-18 05:00:00+00:00,2.6252,2024-04-18 05:00:00+00:00,92.008,2024-04-18 05:00:00+00:00,86.502,2024-04-18 05:00:00+00:00,27,27,0.00894054527541,2024-04-18 22:00:00+00:00,-0.00666527383133,0.00113763572204,110.852370682,80.8565340522,94.6738532269
2024-04-15,2.5838,2024-04-25 05:00:00+00:00,2.523,2024-04-25 05:00:00+00:00,89.594,2024-04-25 05:00:00+00:00,84.646,2024-04-25 05:00:00+00:00,27,27,0.00168071652686,2024-04-25 22:00:00+00:00,-0.0395479162392,-0.0189335998561,111.03883875,77.7212325698,92.8981991792
2024-04-22,2.5484,2024-05-02 05:00:00+00:00,2.4872,2024-05-02 05:00:00+00:00,88.532,2024-05-02 05:00:00+00:00,84.476,2024-05-02 05:00:00+00:00,27,27,-0.00415386105193,2024-05-02 22:00:00+00:00,-0.0140432810902,-0.00909857107106,110.57855548,76.6373995522,92.056791918
2024-04-29,2.475,2024-05-09 05:00:00+00:00,2.412,2024-05-09 05:00:00+00:00,85.726,2024-05-09 05:00:00+00:00,81.738,2024-05-09 05:00:00+00:00,27,27,-0.014691922439,2024-05-09 22:00:00+00:00,-0.0299633080685,-0.0223276152538,108.965820021,74.3751510161,90.0241596443
2024-05-06,2.4522,2024-05-16 05:00:00+00:00,2.391,2024-05-16 05:00:00+00:00,82.9475,2024-05-16 05:00:00+00:00,80.262,2024-05-16 05:00:00+00:00,27,27,-0.00980042308191,2024-05-16 22:00:00+00:00,-0.00899970279663,-0.00940006293927,107.903124821,73.7087997408,89.1818917651
2024-05-13,2.4314,2024-05-23 05:00:00+00:00,2.3754,2024-05-23 05:00:00+00:00,81.61,2024-05-23 05:00:00+00:00,80.614,2024-05-23 05:00:00+00:00,27,27,-0.0130451853999,2024-05-23 22:00:00+00:00,-0.00753210089739,-0.0102886431486,106.504650066,73.1557032283,88.2690351858
2024-05-20,2.4278,2024-05-31 05:00:00+00:00,2.3744,2024-05-31 05:00:00+00:00,80.24,2024-05-31 05:00:00+00:00,79.43,2024-05-31 05:00:00+00:00,27,27,-0.0139409425306,2024-05-30 22:00:00+00:00,-0.000951398012534,-0.00744617027158,105.030176516,73.0861361359,87.6142099159
2024-05-27,2.41,2024-06-06 05:00:00+00:00,2.352,2024-06-06 05:00:00+00:00,80.9175,2024-06-06 05:00:00+00:00,80.0333333333,2024-06-06 05:00:00+00:00,27,27,-0.00878046703671,2024-06-06 22:00:00+00:00,-0.00841874696677,-0.00859960700174,104.111999424,72.473425197,86.8639925536
2024-06-03,,,,,76.586,2024-06-13 05:00:00+00:00,,,27,27,-0.00542723915693,2024-06-13 22:00:00+00:00,,,103.548489239,,
2024-06-10,,,,,80.638,2024-06-21 05:00:00+00:00,,,27,27,-0.0174640213632,2024-06-20 22:00:00+00:00,,,101.75581542,,
2024-06-17,,,,,85.044,2024-06-27 05:00:00+00:00,,,27,27,0.0101062174871,2024-06-27 22:00:00+00:00,,,102.789395818,,
2024-06-24,2.52,2024-07-04 05:00:00+00:00,2.479,2024-07-04 05:00:00+00:00,86.716,2024-07-04 05:00:00+00:00,82.6866666667,2024-07-04 05:00:00+00:00,27,27,0.0174129014883,2024-07-04 22:00:00+00:00,,,104.594931629,76.0834401065,89.2072991188
2024-07-01,2.603,2024-07-11 05:00:00+00:00,2.54975,2024-07-11 05:00:00+00:00,88.02,2024-07-11 05:00:00+00:00,84.605,2024-07-11 05:00:00+00:00,27,27,0.00860476037338,2024-07-11 22:00:00+00:00,0.0302728932923,0.0194388268328,105.498829287,78.4219237137,90.958348392
2024-07-08,2.514,2024-07-18 05:00:00+00:00,2.4604,2024-07-18 05:00:00+00:00,86.804,2024-07-18 05:00:00+00:00,83.442,2024-07-18 05:00:00+00:00,27,27,0.00796345072559,2024-07-18 22:00:00+00:00,-0.0352304463204,-0.0136334977974,106.342318098,75.7071858385,89.726682981
2024-07-15,2.4546,2024-07-25 05:00:00+00:00,2.3998,2024-07-25 05:00:00+00:00,86.046,2024-07-25 05:00:00+00:00,82.98,2024-07-25 05:00:00+00:00,27,27,-0.000721143593824,2024-07-25 22:00:00+00:00,-0.0244249163954,-0.0125730299946,106.265657662,73.8804439775,88.6056091206
2024-07-22,2.4166,2024-08-01 05:00:00+00:00,2.354,2024-08-01 05:00:00+00:00,82.516,2024-08-01 05:00:00+00:00,79.256,2024-08-01 05:00:00+00:00,27,27,-0.00863286443536,2024-08-01 22:00:00+00:00,-0.0174358066401,-0.0130343355377,105.352229071,72.6034439558,87.4581880612
2024-07-29,2.3514,2024-08-08 05:00:00+00:00,2.2804,2024-08-08 05:00:00+00:00,80.262,2024-08-08 05:00:00+00:00,77.106,2024-08-08 05:00:00+00:00,27,27,-0.00906334633572,2024-08-08 22:00:00+00:00,-0.0295579204112,-0.0193106333735,104.401699328,70.4888426988,85.7855172009
2024-08-05,2.2914,2024-08-15 05:00:00+00:00,2.2324,2024-08-15 05:00:00+00:00,78.844,2024-08-15 05:00:00+00:00,76.332,2024-08-15 05:00:00+00:00,27,27,-0.00972346733616,2024-08-15 22:00:00+00:00,-0.0235607686086,-0.0166421179724,103.391472229,68.8474831599,84.3696784585
2024-08-12,2.3266,2024-08-22 05:00:00+00:00,2.2818,2024-08-22 05:00:00+00:00,82.474,2024-08-22 05:00:00+00:00,79.488,2024-08-22 05:00:00+00:00,27,27,-0.0138211175702,2024-08-22 22:00:00+00:00,0.0185661775856,0.0023725300077,101.972316287,70.1376575011,84.5700856944
2024-08-19,2.2316,2024-08-29 05:00:00+00:00,2.1992,2024-08-29 05:00:00+00:00,79.57,2024-08-29 05:00:00+00:00,74.678,2024-08-29 05:00:00+00:00,27,27,-0.00731355091056,2024-08-29 22:00:00+00:00,-0.0392800523613,-0.0232968016359,101.229257074,67.4360535688,82.6226458227
2024-08-26,2.2462,2024-09-06 05:00:00+00:00,2.22,2024-09-06 05:00:00+00:00,80.825,2024-09-06 05:00:00+00:00,76.362,2024-09-06 05:00:00+00:00,27,27,-0.0157427573553,2024-09-05 22:00:00+00:00,0.00796731028643,-0.00388772353445,99.6481079211,67.9754835817,82.3020554053
2024-09-02,2.1225,2024-09-12 05:00:00+00:00,2.09125,2024-09-12 05:00:00+00:00,75.248,2024-09-12 05:00:00+00:00,70.015,2024-09-12 05:00:00+00:00,27,27,-0.0105421141652,2024-09-12 22:00:00+00:00,-0.0581952414544,-0.0343686778098,98.6031240386,64.1325389563,79.521498311
2024-09-09,2.0752,2024-09-19 05:00:00+00:00,2.0358,2024-09-19 05:00:00+00:00,72.102,2024-09-19 05:00:00+00:00,68.822,2024-09-19 05:00:00+00:00,27,27,-0.0166772076233,2024-09-19 22:00:00+00:00,-0.0247051079531,-0.0206911577882,96.9723355631,62.56754888,77.8930121728
2024-09-16,2.1184,2024-09-26 05:00:00+00:00,2.0744,2024-09-26 05:00:00+00:00,74.984,2024-09-26 05:00:00+00:00,72.142,2024-09-26 05:00:00+00:00,27,27,-0.019737401676,2024-09-26 22:00:00+00:00,0.0196933226934,-2.20394913052e-05,95.0771184805,63.8119245393,77.8912954693
2024-09-23,2.128,2024-10-03 05:00:00+00:00,2.0894,2024-10-03 05:00:00+00:00,74.066,2024-10-03 05:00:00+00:00,70.218,2024-10-03 05:00:00+00:00,27,27,-0.00626164656621,2024-10-03 22:00:00+00:00,0.0058632364489,-0.000199205058656,94.4836391859,64.1871679365,77.8757806746
2024-09-30,2.1956,2024-10-10 05:00:00+00:00,2.1602,2024-10-10 05:00:00+00:00,75.88,2024-10-10 05:00:00+00:00,71.832,2024-10-10 05:00:00+00:00,27,27,-0.00554055020364,2024-10-10 22:00:00+00:00,0.0322983263976,0.013378888097,93.96159538,66.2941488553,78.92467289
2024-10-07,2.3108,2024-10-18 05:00:00+00:00,2.261,2024-10-18 05:00:00+00:00,79.342,2024-10-18 05:00:00+00:00,75.688,2024-10-18 05:00:00+00:00,27,27,0.00585067103865,2024-10-17 22:00:00+00:00,0.0483724052625,0.0271115381506,94.5129450749,69.5797826516,81.0937123091
2024-10-14,2.194,2024-10-24 05:00:00+00:00,2.1376,2024-10-24 05:00:00+00:00,74.584,2024-10-24 05:00:00+00:00,71.868,2024-10-24 05:00:00+00:00,27,27,0.0216770257618,2024-10-24 22:00:00+00:00,-0.0539954560038,-0.016159215121,96.5840714499,65.9224195981,79.793832372
2024-10-21,2.204,2024-10-31 05:00:00+00:00,2.1452,2024-10-31 05:00:00+00:00,74.69,2024-10-31 05:00:00+00:00,71.594,2024-10-31 05:00:00+00:00,27,27,0,2024-10-31 23:00:00+00:00,0.00404830660204,0.00202415330102,96.5840714499,66.1898346885,79.9555108971
2024-10-28,2.1818,2024-11-07 06:00:00+00:00,2.1198,2024-11-07 06:00:00+00:00,72.61,2024-11-07 06:00:00+00:00,68.686,2024-11-07 06:00:00+00:00,27,27,0,2024-11-07 23:00:00+00:00,-0.0110173553124,-0.00550867765619,96.5840714499,65.4646001807,79.5162726823
2024-11-04,2.2668,2024-11-15 06:00:00+00:00,2.1882,2024-11-15 06:00:00+00:00,75.632,2024-11-15 06:00:00+00:00,71.89,2024-11-15 06:00:00+00:00,27,27,-0.00325926384816,2024-11-14 23:00:00+00:00,0.0349882322907,0.0158644842213,96.2697909174,67.7956323718,80.7878168633
2024-11-11,2.1956,2024-11-21 06:00:00+00:00,2.1214,2024-11-21 06:00:00+00:00,72.89,2024-11-21 06:00:00+00:00,68.84,2024-11-21 06:00:00+00:00,27,27,0.00985287169752,2024-11-21 23:00:00+00:00,-0.0314584137955,-0.010802771049,97.223013092,65.6960866494,79.9197816089
2024-11-18,2.2372,2024-11-28 06:00:00+00:00,2.173,2024-11-28 06:00:00+00:00,74.838,2024-11-28 06:00:00+00:00,70.106,2024-11-28 06:00:00+00:00,27,27,0.00648793531937,2024-11-28 23:00:00+00:00,0.0214010897284,0.0139445125239,97.8558403639,67.1172070171,81.0420304258
2024-11-25,2.19725,2024-12-05 06:00:00+00:00,2.136,2024-12-05 06:00:00+00:00,74.164,2024-12-05 06:00:00+00:00,68.9375,2024-12-05 06:00:00+00:00,27,27,0.0184513456438,2024-12-05 23:00:00+00:00,-0.0175961428395,0.000427601402121,99.6781728398,65.9465329352,81.0766915217
2024-12-02,2.1482,2024-12-12 06:00:00+00:00,2.0888,2024-12-12 06:00:00+00:00,73.97,2024-12-12 06:00:00+00:00,68.894,2024-12-12 06:00:00+00:00,27,27,0.00814946241105,2024-12-12 23:00:00+00:00,-0.022460739488,-0.00715563853847,100.493815372,64.4818357062,80.4986067726
2024-12-09,2.1986,2024-12-19 06:00:00+00:00,2.1282,2024-12-19 06:00:00+00:00,74.032,2024-12-19 06:00:00+00:00,69.972,2024-12-19 06:00:00+00:00,27,27,0,2024-12-19 23:00:00+00:00,0.0209386628018,0.0104693314009,100.493815372,65.8462336059,81.3458004015
2024-12-16,2.2184,2024-12-28 06:00:00+00:00,2.1626,2024-12-28 06:00:00+00:00,73.794,2024-12-28 06:00:00+00:00,70.39,2024-12-28 06:00:00+00:00,27,27,-0.000134078811726,2024-12-26 23:00:00+00:00,0.0125000353303,0.00618297825929,100.480342184,66.67447962,81.8503178197
2024-12-23,2.205,2025-01-03 06:00:00+00:00,2.14675,2025-01-03 06:00:00+00:00,73.2225,2025-01-03 06:00:00+00:00,70.5075,2025-01-03 06:00:00+00:00,27,27,0.000218423369599,2025-01-02 23:00:00+00:00,-0.00670741868973,-0.00324449766007,100.502291836,66.2287624462,81.5851849991
2024-12-30,2.3255,2025-01-09 06:00:00+00:00,2.26,2025-01-09 06:00:00+00:00,75.42,2025-01-09 06:00:00+00:00,73.15,2025-01-09 06:00:00+00:00,27,27,0,2025-01-09 23:00:00+00:00,0.0523086517485,0.0261543258742,100.502291836,69.7853078511,83.7471395066
2025-01-06,2.3945,2025-01-16 06:00:00+00:00,2.3155,2025-01-16 06:00:00+00:00,78.136,2025-01-16 06:00:00+00:00,75.14,2025-01-16 06:00:00+00:00,27,27,0.0117494489336,2025-01-16 23:00:00+00:00,0.0267501023865,0.01924977566,101.690102779,71.6772641766,85.3748696108
2025-01-13,2.586,2025-01-24 06:00:00+00:00,2.4932,2025-01-24 06:00:00+00:00,82.794,2025-01-24 06:00:00+00:00,79.282,2025-01-24 06:00:00+00:00,27,27,0.0117807649304,2025-01-23 23:00:00+00:00,0.0754396092815,0.043610187106,102.895174371,77.2937586207,89.1804618237
2025-01-20,2.52075,2025-01-30 06:00:00+00:00,2.44725,2025-01-30 06:00:00+00:00,79.916,2025-01-30 06:00:00+00:00,75.7275,2025-01-30 06:00:00+00:00,27,27,0.0267191692288,2025-01-30 23:00:00+00:00,-0.0220789424258,0.0023201134015,105.681506422,75.6058958527,89.38761082
2025-01-27,2.4788,2025-02-06 06:00:00+00:00,2.385,2025-02-06 06:00:00+00:00,77.372,2025-02-06 06:00:00+00:00,73.308,2025-02-06 06:00:00+00:00,27,27,0.002717409386,2025-02-06 23:00:00+00:00,-0.0212738625022,-0.00927822655812,105.969076886,74.0144544927,88.5620879316
2025-02-03,2.4706,2025-02-13 06:00:00+00:00,2.3566,2025-02-13 06:00:00+00:00,75.4,2025-02-13 06:00:00+00:00,72.048,2025-02-13 06:00:00+00:00,27,27,-0.0151231819225,2025-02-13 23:00:00+00:00,-0.00764637901422,-0.0113847804684,104.378544527,73.4506701225,87.5595456929
2025-02-10,2.5522,2025-02-21 06:00:00+00:00,2.3896,2025-02-21 06:00:00+00:00,76.012,2025-02-21 06:00:00+00:00,72.166,2025-02-21 06:00:00+00:00,27,27,0.0010447242381,2025-02-20 23:00:00+00:00,0.0232003909099,0.012122557574,104.487648304,75.1746758561,88.6274511213
2025-02-17,2.478,2025-02-27 06:00:00+00:00,2.40375,2025-02-27 06:00:00+00:00,76.088,2025-02-27 06:00:00+00:00,72.0975,2025-02-27 06:00:00+00:00,27,27,0.0027371247889,2025-02-27 23:00:00+00:00,-0.0117999595548,-0.00453141738298,104.774035797,74.2928308216,88.2267517025
2025-02-24,2.3852,2025-03-06 06:00:00+00:00,2.2938,2025-03-06 06:00:00+00:00,74.252,2025-03-06 06:00:00+00:00,69.934,2025-03-06 06:00:00+00:00,27,27,0,2025-03-06 23:00:00+00:00,-0.0424944959564,-0.0212472479782,104.774035797,71.2019326134,86.3719505191
2025-03-03,2.263,2025-03-13 05:00:00+00:00,2.1812,2025-03-13 05:00:00+00:00,71.93,2025-03-13 05:00:00+00:00,67.518,2025-03-13 05:00:00+00:00,27,27,-0.011780327086,2025-03-13 23:00:00+00:00,-0.051463129247,-0.0316217281665,103.547004988,67.6303490165,83.6834516911
2025-03-10,2.1924,2025-03-20 05:00:00+00:00,2.1168,2025-03-20 05:00:00+00:00,71.542,2025-03-20 05:00:00+00:00,66.946,2025-03-20 05:00:00+00:00,27,27,-0.0189908924505,2025-03-20 23:00:00+00:00,-0.0308321010764,-0.0249114967634,101.599109631,65.5769807504,81.6245236219
2025-03-17,2.2344,2025-03-27 05:00:00+00:00,2.1654,2025-03-27 05:00:00+00:00,72.21,2025-03-27 05:00:00+00:00,67.96,2025-03-27 05:00:00+00:00,27,27,-0.0221074774564,2025-03-27 23:00:00+00:00,0.0208377444876,-0.000634866484415,99.3776554544,66.9577936695,81.5727193937
2025-03-24,2.283,2025-04-03 05:00:00+00:00,2.2282,2025-04-03 05:00:00+00:00,74.35,2025-04-03 05:00:00+00:00,69.806,2025-04-03 05:00:00+00:00,27,27,-0.00884233351598,2025-04-03 22:00:00+00:00,0.0250533073236,0.00810548690382,98.5027986688,68.6564980829,82.2365928767
2025-03-31,2.2412,2025-04-10 05:00:00+00:00,2.1856,2025-04-10 05:00:00+00:00,74.636,2025-04-10 05:00:00+00:00,69.09,2025-04-10 05:00:00+00:00,27,27,0.000185900906197,2025-04-10 22:00:00+00:00,-0.0188913125437,-0.00935270581875,98.5211121305,67.3716610594,81.4710437742
2025-04-07,2.073,2025-04-17 05:00:00+00:00,2.0078,2025-04-17 05:00:00+00:00,66.098,2025-04-17 05:00:00+00:00,61.24,2025-04-17 05:00:00+00:00,27,27,-0.00936056445355,2025-04-17 22:00:00+00:00,-0.0814326991872,-0.0453966318204,97.6032016926,62.1028431468,77.8552267053
2025-04-14,2.11725,2025-04-24 05:00:00+00:00,2.03225,2025-04-24 05:00:00+00:00,67.7575,2025-04-24 05:00:00+00:00,62.92,2025-04-24 05:00:00+00:00,27,27,-0.0314013773909,2025-04-24 22:00:00+00:00,0.0166126008676,-0.00739438826164,94.585947614,63.1431500695,77.2816581386
2025-04-21,2.1438,2025-05-01 05:00:00+00:00,2.0866,2025-05-01 05:00:00+00:00,67.92,2025-05-01 05:00:00+00:00,63.624,2025-05-01 05:00:00+00:00,27,27,-0.0175388107462,2025-05-01 22:00:00+00:00,0.0194271359314,0.00094416259261,92.941485687,64.381833709,77.3546590463
2025-04-28,2.0638,2025-05-08 05:00:00+00:00,2.016,2025-05-08 05:00:00+00:00,63.496,2025-05-08 05:00:00+00:00,60.99,2025-05-08 05:00:00+00:00,27,27,-0.00677395699019,2025-05-08 22:00:00+00:00,-0.0362258042092,-0.0214998805997,92.314031633,62.0912889066,75.7092940679
2025-05-05,2.0172,2025-05-15 05:00:00+00:00,1.9598,2025-05-15 05:00:00+00:00,62.29,2025-05-15 05:00:00+00:00,60.392,2025-05-15 05:00:00+00:00,27,27,-0.0146956762651,2025-05-15 22:00:00+00:00,-0.0255557277343,-0.0201257019997,90.9673340615,60.5246049719,74.2008218244
2025-05-12,2.1582,2025-05-22 05:00:00+00:00,2.0896,2025-05-22 05:00:00+00:00,65.536,2025-05-22 05:00:00+00:00,63.942,2025-05-22 05:00:00+00:00,27,27,-0.0112602728511,2025-05-22 22:00:00+00:00,0.0658471813037,0.0272934542263,89.9487625185,64.6441204918,76.2539090299
2025-05-19,2.1228,2025-05-30 05:00:00+00:00,2.0518,2025-05-30 05:00:00+00:00,65.864,2025-05-30 05:00:00+00:00,63.264,2025-05-30 05:00:00+00:00,27,27,0.00479247815004,2025-05-29 22:00:00+00:00,-0.0173968862022,-0.00630220402608,90.3808746144,63.5292399273,75.774852479
2025-05-26,2.05475,2025-06-05 05:00:00+00:00,1.978,2025-06-05 05:00:00+00:00,64.74,2025-06-05 05:00:00+00:00,61.8175,2025-06-05 05:00:00+00:00,27,27,0.000248914660162,2025-06-05 22:00:00+00:00,-0.034606504698,-0.0171787950189,90.4033745392,61.3683215603,74.4842490656
2025-06-02,2.09,2025-06-12 05:00:00+00:00,2.0254,2025-06-12 05:00:00+00:00,67.176,2025-06-12 05:00:00+00:00,64.06,2025-06-12 05:00:00+00:00,27,27,-0.00301602808402,2025-06-12 22:00:00+00:00,0.0203454293229,0.00866470061944,90.1311261834,62.6296742809,75.132436906
2025-06-09,2.223,2025-06-19 05:00:00+00:00,2.1478,2025-06-19 05:00:00+00:00,71.054,2025-06-19 05:00:00+00:00,68.626,2025-06-19 05:00:00+00:00,27,27,0,2025-06-19 22:00:00+00:00,0.0601852097656,0.0300926048828,90.1311261834,66.5147950986,77.4277301107
2025-06-16,2.5065,2025-06-26 05:00:00+00:00,2.42375,2025-06-26 05:00:00+00:00,78.246,2025-06-26 05:00:00+00:00,74.94,2025-06-26 05:00:00+00:00,27,27,0.0132425386336,2025-06-26 22:00:00+00:00,0.120450793936,0.0668466662848,91.3326290195,75.0290370696,82.780427689
2025-06-23,2.3322,2025-07-03 05:00:00+00:00,2.264,2025-07-03 05:00:00+00:00,69.962,2025-07-03 05:00:00+00:00,66.778,2025-07-03 05:00:00+00:00,27,27,0.056715532727,2025-07-03 22:00:00+00:00,-0.0701290484256,-0.00670675784926,96.662317213,69.9475832693,82.2270970073
2025-06-30,2.37975,2025-07-10 05:00:00+00:00,2.31625,2025-07-10 05:00:00+00:00,69.606,2025-07-10 05:00:00+00:00,67.4325,2025-07-10 05:00:00+00:00,27,27,0.00300486539472,2025-07-10 22:00:00+00:00,0.0214998751608,0.0122523702778,96.9532112949,71.4677305091,83.240771121
2025-07-07,2.4376,2025-07-17 05:00:00+00:00,2.366,2025-07-17 05:00:00+00:00,71.774,2025-07-17 05:00:00+00:00,69.146,2025-07-17 05:00:00+00:00,27,27,-0.0033360164813,2025-07-17 22:00:00+00:00,0.0226348877394,0.00964943562906,96.6303126811,73.1038413054,84.0478854197
2025-07-14,2.4482,2025-07-24 05:00:00+00:00,2.351,2025-07-24 05:00:00+00:00,70.656,2025-07-24 05:00:00+00:00,68.074,2025-07-24 05:00:00+00:00,27,27,0.0126120492885,2025-07-24 22:00:00+00:00,-0.00101044201417,0.00580080363716,97.8567365499,73.0300114194,84.5368475146
2025-07-21,2.4908,2025-07-31 05:00:00+00:00,2.3878,2025-07-31 05:00:00+00:00,70.086,2025-07-31 05:00:00+00:00,67.108,2025-07-31 05:00:00+00:00,27,27,0.00231129046849,2025-07-31 22:00:00+00:00,0.0163912768641,0.00935128366627,98.0831734723,74.2369310103,85.3310833304
2025-07-28,2.4544,2025-08-07 05:00:00+00:00,2.3236,2025-08-07 05:00:00+00:00,72.408,2025-08-07 05:00:00+00:00,69.584,2025-08-07 05:00:00+00:00,27,27,-0.00199322370157,2025-08-07 22:00:00+00:00,-0.0209881723091,-0.0114906980054,97.8878664762,72.6950705265,84.3561814995
2025-08-04,2.3186,2025-08-14 05:00:00+00:00,2.1936,2025-08-14 05:00:00+00:00,68.166,2025-08-14 05:00:00+00:00,65.75,2025-08-14 05:00:00+00:00,27,27,-0.00226073947079,2025-08-14 22:00:00+00:00,-0.0572462271235,-0.0297534832971,97.666817474,68.6504268132,81.8832626675
2025-08-11,2.2986,2025-08-21 05:00:00+00:00,2.1744,2025-08-21 05:00:00+00:00,67.166,2025-08-21 05:00:00+00:00,64.34,2025-08-21 05:00:00+00:00,27,27,-0.00875618933525,2025-08-21 22:00:00+00:00,-0.00872728935641,-0.00874173934583,96.8153615233,68.0539014847,81.1705801095
2025-08-18,2.3338,2025-08-28 05:00:00+00:00,2.211,2025-08-28 05:00:00+00:00,67.822,2025-08-28 05:00:00+00:00,64.144,2025-08-28 05:00:00+00:00,27,27,-0.0150481331551,2025-08-28 22:00:00+00:00,0.015944867949,0.000448367396927,95.369378034,69.1477090923,81.2069825114
2025-08-25,2.3464,2025-09-05 05:00:00+00:00,2.2202,2025-09-05 05:00:00+00:00,67.77,2025-09-05 05:00:00+00:00,64.518,2025-09-05 05:00:00+00:00,27,27,-0.00326539642159,2025-09-04 22:00:00+00:00,0.00476838916617,0.000751496372288,95.0584671083,69.4782196544,81.2680322006
2025-09-01,2.38575,2025-09-11 05:00:00+00:00,2.26375,2025-09-11 05:00:00+00:00,66.854,2025-09-11 05:00:00+00:00,64.085,2025-09-11 05:00:00+00:00,27,27,-0.00343091889785,2025-09-11 22:00:00+00:00,0.0180283749666,0.00729872803437,94.7328880541,70.7421581955,81.8633553737
2025-09-08,2.3592,2025-09-18 05:00:00+00:00,2.2434,2025-09-18 05:00:00+00:00,67.23,2025-09-18 05:00:00+00:00,63.062,2025-09-18 05:00:00+00:00,27,27,0.00880735598051,2025-09-18 22:00:00+00:00,-0.0101105598914,-0.000651601955444,95.570919325,70.0305189659,81.8100304265
2025-09-15,2.395,2025-09-25 05:00:00+00:00,2.2818,2025-09-25 05:00:00+00:00,68.328,2025-09-25 05:00:00+00:00,63.978,2025-09-25 05:00:00+00:00,27,27,0.00113239488146,2025-09-25 22:00:00+00:00,0.0160163426475,0.0085743687645,95.6792046441,71.1611821278,82.5145157383
2025-09-22,2.4224,2025-10-02 05:00:00+00:00,2.3104,2025-10-02 05:00:00+00:00,69.22,2025-10-02 05:00:00+00:00,64.832,2025-10-02 05:00:00+00:00,27,27,0.0011612315888,2025-10-02 22:00:00+00:00,0.0119158089672,0.00653852027799,95.7903748937,72.0141972696,83.0558062638
2025-09-29,2.3418,2025-10-09 05:00:00+00:00,2.2292,2025-10-09 05:00:00+00:00,67.152,2025-10-09 05:00:00+00:00,62.592,2025-10-09 05:00:00+00:00,27,27,0.00376191374182,2025-10-09 22:00:00+00:00,-0.0348084064158,-0.015523246337,96.1514086845,69.5506231077,81.7764659709
2025-10-06,2.3088,2025-10-17 05:00:00+00:00,2.1984,2025-10-17 05:00:00+00:00,66.65,2025-10-17 05:00:00+00:00,62.098,2025-10-17 05:00:00+00:00,27,27,-0.00122678964375,2025-10-16 22:00:00+00:00,-0.0140524545312,-0.00763962208747,96.0335234571,68.580101217,81.1541050035
2025-10-13,2.2352,2025-10-23 05:00:00+00:00,2.124,2025-10-23 05:00:00+00:00,62.358,2025-10-23 05:00:00+00:00,58.988,2025-10-23 05:00:00+00:00,27,27,-0.00694195747995,2025-10-23 22:00:00+00:00,-0.0334129595916,-0.0201774585358,95.3691714403,66.3264965288,79.5330309902
2025-10-20,2.3432,2025-10-30 05:00:00+00:00,2.194,2025-10-30 05:00:00+00:00,63.222,2025-10-30 05:00:00+00:00,60.202,2025-10-30 05:00:00+00:00,27,27,-0.0100977753373,2025-10-30 23:00:00+00:00,0.0398060327421,0.0148541287024,94.4110008105,69.019943294,80.7232427636
2025-10-27,2.4608,2025-11-06 06:00:00+00:00,2.3116,2025-11-06 06:00:00+00:00,65.022,2025-11-06 06:00:00+00:00,61.494,2025-11-06 06:00:00+00:00,27,27,0.000998671051676,2025-11-06 23:00:00+00:00,0.0505912737031,0.0257949723774,94.5053334398,72.6015861788,82.8325848328
2025-11-03,2.5016,2025-11-14 06:00:00+00:00,2.3634,2025-11-14 06:00:00+00:00,64.3,2025-11-14 06:00:00+00:00,60.87,2025-11-14 06:00:00+00:00,27,27,0.0174832855875,2025-11-13 23:00:00+00:00,0.0193026807968,0.0183929831922,96.1721252157,74.0166043085,84.37022068
2025-11-10,2.5465,2025-11-20 06:00:00+00:00,2.38525,2025-11-20 06:00:00+00:00,62.868,2025-11-20 06:00:00+00:00,60.1625,2025-11-20 06:00:00+00:00,27,27,0.0210686080263,2025-11-20 23:00:00+00:00,0.013496010304,0.0172823091652,98.2198334609,75.0223043671,85.8410055905
2025-11-17,2.6204,2025-11-27 06:00:00+00:00,2.4646,2025-11-27 06:00:00+00:00,63.644,2025-11-27 06:00:00+00:00,60.274,2025-11-27 06:00:00+00:00,27,27,0.0180485911398,2025-11-27 23:00:00+00:00,0.0306663462026,0.0243574686712,100.008657394,77.3586041243,87.9575473528
2025-11-24,2.40625,2025-12-04 06:00:00+00:00,2.2265,2025-12-04 06:00:00+00:00,64.376,2025-12-04 06:00:00+00:00,58.6875,2025-12-04 06:00:00+00:00,27,27,0.0210445476812,2025-12-04 23:00:00+00:00,-0.0934280677819,-0.0361917600504,102.135596088,70.4584898042,84.8311255118
2025-12-01,2.3776,2025-12-11 06:00:00+00:00,2.1758,2025-12-11 06:00:00+00:00,63.982,2025-12-11 06:00:00+00:00,59.484,2025-12-11 06:00:00+00:00,27,27,-0.00861943206977,2025-12-11 23:00:00+00:00,-0.0175061881437,-0.0130628101067,101.25902844,69.2357640855,83.7301988807
2025-12-08,2.3082,2025-12-18 06:00:00+00:00,2.1082,2025-12-18 06:00:00+00:00,62.604,2025-12-18 06:00:00+00:00,58.296,2025-12-18 06:00:00+00:00,27,27,-0.0199164411061,2025-12-18 23:00:00+00:00,-0.0305927428515,-0.0252545919788,99.2622592352,67.1497237013,81.6421048333
2025-12-15,2.1984,2025-12-30 06:00:00+00:00,1.9942,2025-12-30 06:00:00+00:00,60.826,2025-12-30 06:00:00+00:00,56.3,2025-12-30 06:00:00+00:00,27,27,-0.0182049548338,2025-12-25 23:00:00+00:00,-0.0521648561923,-0.0351849055131,97.4715436933,63.7366628604,78.8194831172
2025-12-22,2.20125,2025-12-30 06:00:00+00:00,2.0415,2025-12-30 06:00:00+00:00,63.2066666667,2025-12-30 06:00:00+00:00,58.0125,2025-12-30 06:00:00+00:00,27,27,-0.0256044416348,2026-01-01 23:00:00+00:00,0.0123687110737,-0.00661786528055,95.0075188458,64.5298987683,78.2995885899
2025-12-29,2.154,2026-01-08 06:00:00+00:00,1.9985,2026-01-08 06:00:00+00:00,62.1825,2026-01-08 06:00:00+00:00,57.5375,2026-01-08 06:00:00+00:00,27,27,-0.00622494832399,2026-01-08 23:00:00+00:00,-0.0214933673512,-0.0138591578376,94.4179389067,63.1577330043,77.2219073598
2026-01-05,2.1334,2026-01-15 06:00:00+00:00,1.9906,2026-01-15 06:00:00+00:00,62.926,2026-01-15 06:00:00+00:00,57.556,2026-01-15 06:00:00+00:00,27,27,0,2026-01-15 23:00:00+00:00,-0.00678521293218,-0.00339260646609,94.4179389067,62.7306449179,76.960367719
2026-01-12,2.2244,2026-01-23 06:00:00+00:00,2.0854,2026-01-23 06:00:00+00:00,66.996,2026-01-23 06:00:00+00:00,60.122,2026-01-23 06:00:00+00:00,27,27,-0.00302929313534,2026-01-22 23:00:00+00:00,0.0441474238328,0.0205590653487,94.1323520741,65.5620817509,78.5589776034
2026-01-19,2.31025,2026-01-29 06:00:00+00:00,2.17575,2026-01-29 06:00:00+00:00,66.986,2026-01-29 06:00:00+00:00,60.155,2026-01-29 06:00:00+00:00,27,27,0.0120427712399,2026-01-29 23:00:00+00:00,0.0401406383844,0.0260917048121,95.2728198694,68.2473185826,80.6356899263
2026-01-26,2.4028,2026-02-05 06:00:00+00:00,2.234,2026-02-05 06:00:00+00:00,70.426,2026-02-05 06:00:00+00:00,62.904,2026-02-05 06:00:00+00:00,27,27,0.0150803186876,2026-02-05 23:00:00+00:00,0.0328496240837,0.0239649713856,96.7204523001,70.5264466463,82.5914633527
2026-02-02,2.341,2026-02-12 06:00:00+00:00,2.1274,2026-02-12 06:00:00+00:00,69.84,2026-02-12 06:00:00+00:00,63.09,2026-02-12 06:00:00+00:00,27,27,0.00842122882923,2026-02-12 23:00:00+00:00,-0.0374748296483,-0.0145268004096,97.5383965755,67.932389572,81.4003461565
2026-02-09,2.3766,2026-02-20 06:00:00+00:00,2.1522,2026-02-20 06:00:00+00:00,70.696,2026-02-20 06:00:00+00:00,63.932,2026-02-20 06:00:00+00:00,27,27,0.0089577763954,2026-02-19 23:00:00+00:00,0.0133413521569,0.0111495642761,98.4160487593,68.84477218,82.3130029563
2026-02-16,2.57475,2026-02-26 06:00:00+00:00,2.38575,2026-02-26 06:00:00+00:00,71.656,2026-02-26 06:00:00+00:00,65.3025,2026-02-26 06:00:00+00:00,27,27,0.0019630351205,2026-02-26 23:00:00+00:00,0.0915522563405,0.0467576457305,98.609432667,75.4451987294,86.2531636762
2026-02-23,2.727,2026-03-05 06:00:00+00:00,2.5598,2026-03-05 06:00:00+00:00,71.356,2026-03-05 06:00:00+00:00,65.868,2026-03-05 06:00:00+00:00,27,27,0.00535624509946,2026-03-05 23:00:00+00:00,0.063932625982,0.0346444355407,99.1390260072,80.4261340741,89.2937209306
2026-03-02,3.361,2026-03-12 05:00:00+00:00,3.26,2026-03-12 05:00:00+00:00,85.282,2026-03-12 05:00:00+00:00,78.368,2026-03-12 05:00:00+00:00,27,27,0.0206277071764,2026-03-12 23:00:00+00:00,0.225417254909,0.123022481043,101.205274525,100.761509141,100.98314807
2026-03-09,3.7348,2026-03-19 05:00:00+00:00,3.5386,2026-03-19 05:00:00+00:00,96.156,2026-03-19 05:00:00+00:00,91.85,2026-03-19 05:00:00+00:00,27,27,0.188950629821,2026-03-19 23:00:00+00:00,0.0937298471014,0.141340238461,122.254080378,110.662638009,116.314053502
2026-03-16,4.2954,2026-03-26 05:00:00+00:00,4.0896,2026-03-26 05:00:00+00:00,111.398,2026-03-26 05:00:00+00:00,96.068,2026-03-26 05:00:00+00:00,27,27,0.0660985142408,2026-03-26 23:00:00+00:00,0.142283205042,0.104190859642,130.607941051,127.583299552,129.086761781
2026-03-23,4.2666,2026-04-02 05:00:00+00:00,4.2126,2026-04-02 05:00:00+00:00,111.242,2026-04-02 05:00:00+00:00,94.292,2026-04-02 05:00:00+00:00,27,27,0.110607511727,2026-04-02 22:00:00+00:00,0.0114527214977,0.0610301166122,145.883379371,129.052874805,137.21031118
2026-03-30,4.3305,2026-04-09 05:00:00+00:00,4.33125,2026-04-09 05:00:00+00:00,123.935,2026-04-09 05:00:00+00:00,105.67,2026-04-09 05:00:00+00:00,27,27,0.0269786600178,2026-04-09 22:00:00+00:00,0.0213209506703,0.024149805344,149.87268861,131.833946982,140.564248955
2026-04-06,4.0872,2026-04-16 05:00:00+00:00,4.0378,2026-04-16 05:00:00+00:00,124.605,2026-04-16 05:00:00+00:00,104.544,2026-04-16 05:00:00+00:00,27,27,0.0307840836137,2026-04-16 22:00:00+00:00,-0.0639895322583,-0.0166027243223,154.558130493,123.662195834,138.249766007
2026-04-13,3.7322,2026-04-23 05:00:00+00:00,3.6102,2026-04-23 05:00:00+00:00,114.432,2026-04-23 05:00:00+00:00,93.84,2026-04-23 05:00:00+00:00,27,27,0,2026-04-23 22:00:00+00:00,-0.101399541819,-0.0506997709097,154.558130493,111.737690934,131.415252602
2026-04-20,3.9052,2026-04-30 05:00:00+00:00,3.8388,2026-04-30 05:00:00+00:00,109.618,2026-04-30 05:00:00+00:00,95.43,2026-04-30 05:00:00+00:00,27,27,-0.0727268713476,2026-04-30 22:00:00+00:00,0.0533538857706,-0.00968649278848,143.716614159,117.861235833,130.148445071
2026-04-27,4.1092,2026-05-07 05:00:00+00:00,4.0386,2026-05-07 05:00:00+00:00,119.634,2026-05-07 05:00:00+00:00,105.566,2026-05-07 05:00:00+00:00,27,27,-0.0232439626029,2026-05-07 22:00:00+00:00,0.0508288217459,0.0137924295715,140.414595223,124.006847605,131.955944585
2026-05-04,3.9802,2026-05-14 05:00:00+00:00,3.9036,2026-05-14 05:00:00+00:00,105.8775,2026-05-14 05:00:00+00:00,102.284,2026-05-14 05:00:00+00:00,27,27,0.0130744411828,2026-05-14 22:00:00+00:00,-0.0329475930237,-0.00993657592043,142.262491371,119.987694738,130.651247171
2026-05-11,4.0928,2026-05-21 05:00:00+00:00,3.9598,2026-05-21 05:00:00+00:00,110.526,2026-05-21 05:00:00+00:00,105.102,2026-05-21 05:00:00+00:00,27,27,-0.0159974990755,2026-05-21 22:00:00+00:00,0.0210957888838,0.00254914490413,140.004754519,122.545817757,130.984720988
2026-05-18,4.0812,2026-05-29 05:00:00+00:00,3.9272,2026-05-29 05:00:00+00:00,110.608,2026-05-29 05:00:00+00:00,105.316,2026-05-29 05:00:00+00:00,27,27,-0.0225441037592,2026-05-28 22:00:00+00:00,-0.00555254238106,-0.0140483230701,136.883784721,121.867262507,129.157470266
2026-05-25,3.64825,2026-06-04 05:00:00+00:00,3.58625,2026-06-04 05:00:00+00:00,97.0525,2026-06-04 05:00:00+00:00,93.4475,2026-06-04 05:00:00+00:00,27,27,0,2026-06-04 22:00:00+00:00,-0.101481538851,-0.0507407694254,136.883784721,110.106810732,122.767410075
2026-06-01,3.6916,2026-06-11 05:00:00+00:00,3.6488,2026-06-11 05:00:00+00:00,98.948,2026-06-11 05:00:00+00:00,96.868,2026-06-11 05:00:00+00:00,27,27,-0.0383517963321,2026-06-11 22:00:00+00:00,0.0145518129727,-0.0118999916797,131.733439455,111.720779051,121.315137073
2026-06-08,3.5268,2026-06-18 05:00:00+00:00,3.4592,2026-06-18 05:00:00+00:00,93.764,2026-06-18 05:00:00+00:00,92.156,2026-06-18 05:00:00+00:00,27,27,-0.017862772409,2026-06-18 22:00:00+00:00,-0.0495150110656,-0.0336888917373,129.401207089,106.323645651,117.29624073
2026-06-15,3.19625,2026-06-25 05:00:00+00:00,3.13,2026-06-25 05:00:00+00:00,81,2026-06-25 05:00:00+00:00,81.3625,2026-06-25 05:00:00+00:00,27,27,-0.014986485651,2026-06-25 22:00:00+00:00,-0.0992085202591,-0.057097502955,127.476396852,96.2817879422,110.786530812
2026-06-22,3.1886,2026-07-02 05:00:00+00:00,3.1706,2026-07-02 05:00:00+00:00,73.634,2026-07-02 05:00:00+00:00,73.59,2026-07-02 05:00:00+00:00,27,27,-0.0659836140744,2026-07-02 22:00:00+00:00,0.0052457706214,-0.0303689217265,119.336544985,96.7881871826,107.472637698
2026-06-29,3.25275,2026-07-09 05:00:00+00:00,3.25575,2026-07-09 05:00:00+00:00,69.7,2026-07-09 05:00:00+00:00,70.475,2026-07-09 05:00:00+00:00,27,27,-0.0180369879063,2026-07-09 22:00:00+00:00,0.0232103314245,0.00258667175912,117.203369033,99.0609468064,107.750993988
2026-07-06,3.5098,2026-07-16 05:00:00+00:00,3.4388,2026-07-16 05:00:00+00:00,73.328,2026-07-16 05:00:00+00:00,72.258,2026-07-16 05:00:00+00:00,27,27,-4.01356585314e-05,2026-07-16 22:00:00+00:00,0.0653790864242,0.0326694753828,117.198665093,105.753865605,111.329294785
2026-07-13,4.0118,2026-07-23 05:00:00+00:00,3.9308,2026-07-23 05:00:00+00:00,82.926,2026-07-23 05:00:00+00:00,80.766,2026-07-23 05:00:00+00:00,27,27,0.0536399806813,2026-07-23 22:00:00+00:00,0.1337006784,0.0936703295404,123.656859526,120.882022567,122.26156912
2026-07-20,4.197,2026-07-30 05:00:00+00:00,4.186,2026-07-30 05:00:00+00:00,96.118,2026-07-30 05:00:00+00:00,88.58,2026-07-30 05:00:00+00:00,27,27,0.0703752806757,2026-07-30 22:00:00+00:00,0.0540163112303,0.062195795953,132.672773697,127.591194649,130.107177717
2026-07-27,4.2172,2026-08-06 05:00:00+00:00,4.1992,2026-08-06 05:00:00+00:00,91.628,2026-08-06 05:00:00+00:00,84.51,2026-08-06 05:00:00+00:00,27,27,0.0628395643974,2026-08-06 22:00:00+00:00,0.00397491165067,0.0334072380241,141.27739708,128.099367678,134.527117092
2026-08-03,3.8698,2026-08-13 05:00:00+00:00,3.8138,2026-08-13 05:00:00+00:00,87.858,2026-08-13 05:00:00+00:00,78.944,2026-08-13 05:00:00+00:00,27,27,0.0295663328868,2026-08-13 22:00:00+00:00,-0.0911182690693,-0.0307759680912,145.516814823,116.943159868,130.44997562
2026-08-10,4.3038,2026-08-20 05:00:00+00:00,4.2198,2026-08-20 05:00:00+00:00,92.514,2026-08-20 05:00:00+00:00,84.052,2026-08-20 05:00:00+00:00,27,27,-0.0156465795167,2026-08-20 22:00:00+00:00,0.1037285967,0.0440410085917,143.257694253,129.724970825,136.32351304
2026-08-17,4.529,2026-08-27 05:00:00+00:00,4.4676,2026-08-27 05:00:00+00:00,94.202,2026-08-27 05:00:00+00:00,87.352,2026-08-27 05:00:00+00:00,27,27,0.0183269010554,2026-08-27 22:00:00+00:00,0.0540332146602,0.0361800578578,145.907369849,136.927257138,141.346014976
2026-08-24,4.2618,2026-09-03 05:00:00+00:00,4.2742,2026-09-03 05:00:00+00:00,89.73,2026-09-03 05:00:00+00:00,84.616,2026-09-03 05:00:00+00:00,27,27,0.0214170627971,2026-09-03 22:00:00+00:00,-0.0525319798175,-0.0155574585102,149.065980498,129.919864726,139.164047159
2026-08-31,4.6044,2026-09-11 05:00:00+00:00,4.6122,2026-09-11 05:00:00+00:00,99.0925,2026-09-11 05:00:00+00:00,91.18,2026-09-11 05:00:00+00:00,27,27,-0.00624938977691,2026-09-10 22:00:00+00:00,0.0767143890181,0.0352324996206,148.137313906,140.278849561,144.154541974
2026-09-07,4.928,2026-09-17 05:00:00+00:00,4.8815,2026-09-17 05:00:00+00:00,111.828,2026-09-17 05:00:00+00:00,99.0775,2026-09-17 05:00:00+00:00,27,27,0.0328614685642,2026-09-17 22:00:00+00:00,0.0623342206275,0.0475978445959,153.08619195,149.301304933,151.181904424
2026-09-14,5.223,2026-09-24 05:00:00+00:00,5.1278,2026-09-24 05:00:00+00:00,124.146,2026-09-24 05:00:00+00:00,103.542,2026-09-24 05:00:00+00:00,27,27,0.0289807459093,2026-09-24 22:00:00+00:00,0.0536814454185,0.0413310956639,157.587656832,157.535036936,157.561344688
